Ano;Mes;Fonte;Indicador;Unidade_Federacao;Valor;Arquivo_Origem
2023;4.0;SIH;Internações;11 Rondônia;10840,0;sih_cnv_niuf085834187_72_164_185.csv
2023;4.0;SIH;Internações;12 Acre;5009,0;sih_cnv_niuf085834187_72_164_185.csv
2023;4.0;SIH;Internações;13 Amazonas;17087,0;sih_cnv_niuf085834187_72_164_185.csv
2023;4.0;SIH;Internações;14 Roraima;4492,0;sih_cnv_niuf085834187_72_164_185.csv
2023;4.0;SIH;Internações;15 Pará;43939,0;sih_cnv_niuf085834187_72_164_185.csv
2023;4.0;SIH;Internações;16 Amapá;5284,0;sih_cnv_niuf085834187_72_164_185.csv
2023;4.0;SIH;Internações;17 Tocantins;8513,0;sih_cnv_niuf085834187_72_164_185.csv
2023;4.0;SIH;Internações;21 Maranhão;37758,0;sih_cnv_niuf085834187_72_164_185.csv
2023;4.0;SIH;Internações;22 Piauí;17848,0;sih_cnv_niuf085834187_72_164_185.csv
2023;4.0;SIH;Internações;23 Ceará;45894,0;sih_cnv_niuf085834187_72_164_185.csv
2023;4.0;SIH;Internações;24 Rio Grande do Norte;16205,0;sih_cnv_niuf085834187_72_164_185.csv
2023;4.0;SIH;Internações;25 Paraíba;18877,0;sih_cnv_niuf085834187_72_164_185.csv
2023;4.0;SIH;Internações;26 Pernambuco;48435,0;sih_cnv_niuf085834187_72_164_185.csv
2023;4.0;SIH;Internações;27 Alagoas;11835,0;sih_cnv_niuf085834187_72_164_185.csv
2023;4.0;SIH;Internações;28 Sergipe;8935,0;sih_cnv_niuf085834187_72_164_185.csv
2023;4.0;SIH;Internações;29 Bahia;73167,0;sih_cnv_niuf085834187_72_164_185.csv
2023;4.0;SIH;Internações;31 Minas Gerais;115862,0;sih_cnv_niuf085834187_72_164_185.csv
2023;4.0;SIH;Internações;32 Espírito Santo;22657,0;sih_cnv_niuf085834187_72_164_185.csv
2023;4.0;SIH;Internações;33 Rio de Janeiro;69161,0;sih_cnv_niuf085834187_72_164_185.csv
2023;4.0;SIH;Internações;35 São Paulo;213512,0;sih_cnv_niuf085834187_72_164_185.csv
2023;4.0;SIH;Internações;41 Paraná;75308,0;sih_cnv_niuf085834187_72_164_185.csv
2023;4.0;SIH;Internações;42 Santa Catarina;47170,0;sih_cnv_niuf085834187_72_164_185.csv
2023;4.0;SIH;Internações;43 Rio Grande do Sul;65312,0;sih_cnv_niuf085834187_72_164_185.csv
2023;4.0;SIH;Internações;50 Mato Grosso do Sul;18398,0;sih_cnv_niuf085834187_72_164_185.csv
2023;4.0;SIH;Internações;51 Mato Grosso;18562,0;sih_cnv_niuf085834187_72_164_185.csv
2023;4.0;SIH;Internações;52 Goiás;35146,0;sih_cnv_niuf085834187_72_164_185.csv
2023;4.0;SIH;Internações;53 Distrito Federal;18776,0;sih_cnv_niuf085834187_72_164_185.csv
2023;4.0;SIH;Valor total;11 Rondônia;10477383,11;sih_cnv_niuf085838187_109_40_194.csv
2023;4.0;SIH;Valor total;12 Acre;4701138,32;sih_cnv_niuf085838187_109_40_194.csv
2023;4.0;SIH;Valor total;13 Amazonas;19551460,68;sih_cnv_niuf085838187_109_40_194.csv
2023;4.0;SIH;Valor total;14 Roraima;4456289,66;sih_cnv_niuf085838187_109_40_194.csv
2023;4.0;SIH;Valor total;15 Pará;47830684,19;sih_cnv_niuf085838187_109_40_194.csv
2023;4.0;SIH;Valor total;16 Amapá;4087811,85;sih_cnv_niuf085838187_109_40_194.csv
2023;4.0;SIH;Valor total;17 Tocantins;10016555,55;sih_cnv_niuf085838187_109_40_194.csv
2023;4.0;SIH;Valor total;21 Maranhão;36141693,82;sih_cnv_niuf085838187_109_40_194.csv
2023;4.0;SIH;Valor total;22 Piauí;20132369,89;sih_cnv_niuf085838187_109_40_194.csv
2023;4.0;SIH;Valor total;23 Ceará;63864065,97;sih_cnv_niuf085838187_109_40_194.csv
2023;4.0;SIH;Valor total;24 Rio Grande do Norte;27155476,09;sih_cnv_niuf085838187_109_40_194.csv
2023;4.0;SIH;Valor total;25 Paraíba;26369220,19;sih_cnv_niuf085838187_109_40_194.csv
2023;4.0;SIH;Valor total;26 Pernambuco;75819612,36;sih_cnv_niuf085838187_109_40_194.csv
2023;4.0;SIH;Valor total;27 Alagoas;16188189,62;sih_cnv_niuf085838187_109_40_194.csv
2023;4.0;SIH;Valor total;28 Sergipe;13520882,34;sih_cnv_niuf085838187_109_40_194.csv
2023;4.0;SIH;Valor total;29 Bahia;90379260,25;sih_cnv_niuf085838187_109_40_194.csv
2023;4.0;SIH;Valor total;31 Minas Gerais;197305698,06;sih_cnv_niuf085838187_109_40_194.csv
2023;4.0;SIH;Valor total;32 Espírito Santo;37444079,83;sih_cnv_niuf085838187_109_40_194.csv
2023;4.0;SIH;Valor total;33 Rio de Janeiro;108878009,24;sih_cnv_niuf085838187_109_40_194.csv
2023;4.0;SIH;Valor total;35 São Paulo;354700412,29;sih_cnv_niuf085838187_109_40_194.csv
2023;4.0;SIH;Valor total;41 Paraná;142068797,99;sih_cnv_niuf085838187_109_40_194.csv
2023;4.0;SIH;Valor total;42 Santa Catarina;81970922,94;sih_cnv_niuf085838187_109_40_194.csv
2023;4.0;SIH;Valor total;43 Rio Grande do Sul;106960121,59;sih_cnv_niuf085838187_109_40_194.csv
2023;4.0;SIH;Valor total;50 Mato Grosso do Sul;26832383,3;sih_cnv_niuf085838187_109_40_194.csv
2023;4.0;SIH;Valor total;51 Mato Grosso;21432704,88;sih_cnv_niuf085838187_109_40_194.csv
2023;4.0;SIH;Valor total;52 Goiás;46245902,31;sih_cnv_niuf085838187_109_40_194.csv
2023;4.0;SIH;Valor total;53 Distrito Federal;27771530,46;sih_cnv_niuf085838187_109_40_194.csv
2023;4.0;SIH;Dias permanência;11 Rondônia;50078,0;sih_cnv_niuf085843187_109_40_194.csv
2023;4.0;SIH;Dias permanência;12 Acre;23151,0;sih_cnv_niuf085843187_109_40_194.csv
2023;4.0;SIH;Dias permanência;13 Amazonas;82121,0;sih_cnv_niuf085843187_109_40_194.csv
2023;4.0;SIH;Dias permanência;14 Roraima;28794,0;sih_cnv_niuf085843187_109_40_194.csv
2023;4.0;SIH;Dias permanência;15 Pará;188419,0;sih_cnv_niuf085843187_109_40_194.csv
2023;4.0;SIH;Dias permanência;16 Amapá;20707,0;sih_cnv_niuf085843187_109_40_194.csv
2023;4.0;SIH;Dias permanência;17 Tocantins;46168,0;sih_cnv_niuf085843187_109_40_194.csv
2023;4.0;SIH;Dias permanência;21 Maranhão;188958,0;sih_cnv_niuf085843187_109_40_194.csv
2023;4.0;SIH;Dias permanência;22 Piauí;91357,0;sih_cnv_niuf085843187_109_40_194.csv
2023;4.0;SIH;Dias permanência;23 Ceará;272699,0;sih_cnv_niuf085843187_109_40_194.csv
2023;4.0;SIH;Dias permanência;24 Rio Grande do Norte;82482,0;sih_cnv_niuf085843187_109_40_194.csv
2023;4.0;SIH;Dias permanência;25 Paraíba;103176,0;sih_cnv_niuf085843187_109_40_194.csv
2023;4.0;SIH;Dias permanência;26 Pernambuco;257921,0;sih_cnv_niuf085843187_109_40_194.csv
2023;4.0;SIH;Dias permanência;27 Alagoas;69021,0;sih_cnv_niuf085843187_109_40_194.csv
2023;4.0;SIH;Dias permanência;28 Sergipe;49396,0;sih_cnv_niuf085843187_109_40_194.csv
2023;4.0;SIH;Dias permanência;29 Bahia;347600,0;sih_cnv_niuf085843187_109_40_194.csv
2023;4.0;SIH;Dias permanência;31 Minas Gerais;567670,0;sih_cnv_niuf085843187_109_40_194.csv
2023;4.0;SIH;Dias permanência;32 Espírito Santo;116409,0;sih_cnv_niuf085843187_109_40_194.csv
2023;4.0;SIH;Dias permanência;33 Rio de Janeiro;444051,0;sih_cnv_niuf085843187_109_40_194.csv
2023;4.0;SIH;Dias permanência;35 São Paulo;1143544,0;sih_cnv_niuf085843187_109_40_194.csv
2023;4.0;SIH;Dias permanência;41 Paraná;327181,0;sih_cnv_niuf085843187_109_40_194.csv
2023;4.0;SIH;Dias permanência;42 Santa Catarina;206319,0;sih_cnv_niuf085843187_109_40_194.csv
2023;4.0;SIH;Dias permanência;43 Rio Grande do Sul;387372,0;sih_cnv_niuf085843187_109_40_194.csv
2023;4.0;SIH;Dias permanência;50 Mato Grosso do Sul;84376,0;sih_cnv_niuf085843187_109_40_194.csv
2023;4.0;SIH;Dias permanência;51 Mato Grosso;81942,0;sih_cnv_niuf085843187_109_40_194.csv
2023;4.0;SIH;Dias permanência;52 Goiás;161929,0;sih_cnv_niuf085843187_109_40_194.csv
2023;4.0;SIH;Dias permanência;53 Distrito Federal;108084,0;sih_cnv_niuf085843187_109_40_194.csv
2023;4.0;SIH;Média permanência;11 Rondônia;4,6;sih_cnv_niuf085849187_72_164_185.csv
2023;4.0;SIH;Média permanência;12 Acre;4,6;sih_cnv_niuf085849187_72_164_185.csv
2023;4.0;SIH;Média permanência;13 Amazonas;4,8;sih_cnv_niuf085849187_72_164_185.csv
2023;4.0;SIH;Média permanência;14 Roraima;6,4;sih_cnv_niuf085849187_72_164_185.csv
2023;4.0;SIH;Média permanência;15 Pará;4,3;sih_cnv_niuf085849187_72_164_185.csv
2023;4.0;SIH;Média permanência;16 Amapá;3,9;sih_cnv_niuf085849187_72_164_185.csv
2023;4.0;SIH;Média permanência;17 Tocantins;5,4;sih_cnv_niuf085849187_72_164_185.csv
2023;4.0;SIH;Média permanência;21 Maranhão;5,0;sih_cnv_niuf085849187_72_164_185.csv
2023;4.0;SIH;Média permanência;22 Piauí;5,1;sih_cnv_niuf085849187_72_164_185.csv
2023;4.0;SIH;Média permanência;23 Ceará;5,9;sih_cnv_niuf085849187_72_164_185.csv
2023;4.0;SIH;Média permanência;24 Rio Grande do Norte;5,1;sih_cnv_niuf085849187_72_164_185.csv
2023;4.0;SIH;Média permanência;25 Paraíba;5,5;sih_cnv_niuf085849187_72_164_185.csv
2023;4.0;SIH;Média permanência;26 Pernambuco;5,3;sih_cnv_niuf085849187_72_164_185.csv
2023;4.0;SIH;Média permanência;27 Alagoas;5,8;sih_cnv_niuf085849187_72_164_185.csv
2023;4.0;SIH;Média permanência;28 Sergipe;5,5;sih_cnv_niuf085849187_72_164_185.csv
2023;4.0;SIH;Média permanência;29 Bahia;4,8;sih_cnv_niuf085849187_72_164_185.csv
2023;4.0;SIH;Média permanência;31 Minas Gerais;4,9;sih_cnv_niuf085849187_72_164_185.csv
2023;4.0;SIH;Média permanência;32 Espírito Santo;5,1;sih_cnv_niuf085849187_72_164_185.csv
2023;4.0;SIH;Média permanência;33 Rio de Janeiro;6,4;sih_cnv_niuf085849187_72_164_185.csv
2023;4.0;SIH;Média permanência;35 São Paulo;5,4;sih_cnv_niuf085849187_72_164_185.csv
2023;4.0;SIH;Média permanência;41 Paraná;4,3;sih_cnv_niuf085849187_72_164_185.csv
2023;4.0;SIH;Média permanência;42 Santa Catarina;4,4;sih_cnv_niuf085849187_72_164_185.csv
2023;4.0;SIH;Média permanência;43 Rio Grande do Sul;5,9;sih_cnv_niuf085849187_72_164_185.csv
2023;4.0;SIH;Média permanência;50 Mato Grosso do Sul;4,6;sih_cnv_niuf085849187_72_164_185.csv
2023;4.0;SIH;Média permanência;51 Mato Grosso;4,4;sih_cnv_niuf085849187_72_164_185.csv
2023;4.0;SIH;Média permanência;52 Goiás;4,6;sih_cnv_niuf085849187_72_164_185.csv
2023;4.0;SIH;Média permanência;53 Distrito Federal;5,8;sih_cnv_niuf085849187_72_164_185.csv
2023;8.0;SIH;Internações;11 Rondônia;11360,0;sih_cnv_niuf090248201_63_116_66.csv
2023;8.0;SIH;Internações;12 Acre;5048,0;sih_cnv_niuf090248201_63_116_66.csv
2023;8.0;SIH;Internações;13 Amazonas;20991,0;sih_cnv_niuf090248201_63_116_66.csv
2023;8.0;SIH;Internações;14 Roraima;4655,0;sih_cnv_niuf090248201_63_116_66.csv
2023;8.0;SIH;Internações;15 Pará;45387,0;sih_cnv_niuf090248201_63_116_66.csv
2023;8.0;SIH;Internações;16 Amapá;4011,0;sih_cnv_niuf090248201_63_116_66.csv
2023;8.0;SIH;Internações;17 Tocantins;8145,0;sih_cnv_niuf090248201_63_116_66.csv
2023;8.0;SIH;Internações;21 Maranhão;40408,0;sih_cnv_niuf090248201_63_116_66.csv
2023;8.0;SIH;Internações;22 Piauí;19133,0;sih_cnv_niuf090248201_63_116_66.csv
2023;8.0;SIH;Internações;23 Ceará;46783,0;sih_cnv_niuf090248201_63_116_66.csv
2023;8.0;SIH;Internações;24 Rio Grande do Norte;18478,0;sih_cnv_niuf090248201_63_116_66.csv
2023;8.0;SIH;Internações;25 Paraíba;20797,0;sih_cnv_niuf090248201_63_116_66.csv
2023;8.0;SIH;Internações;26 Pernambuco;55199,0;sih_cnv_niuf090248201_63_116_66.csv
2023;8.0;SIH;Internações;27 Alagoas;14579,0;sih_cnv_niuf090248201_63_116_66.csv
2023;8.0;SIH;Internações;28 Sergipe;10048,0;sih_cnv_niuf090248201_63_116_66.csv
2023;8.0;SIH;Internações;29 Bahia;79881,0;sih_cnv_niuf090248201_63_116_66.csv
2023;8.0;SIH;Internações;31 Minas Gerais;125224,0;sih_cnv_niuf090248201_63_116_66.csv
2023;8.0;SIH;Internações;32 Espírito Santo;25010,0;sih_cnv_niuf090248201_63_116_66.csv
2023;8.0;SIH;Internações;33 Rio de Janeiro;76549,0;sih_cnv_niuf090248201_63_116_66.csv
2023;8.0;SIH;Internações;35 São Paulo;232854,0;sih_cnv_niuf090248201_63_116_66.csv
2023;8.0;SIH;Internações;41 Paraná;82589,0;sih_cnv_niuf090248201_63_116_66.csv
2023;8.0;SIH;Internações;42 Santa Catarina;50583,0;sih_cnv_niuf090248201_63_116_66.csv
2023;8.0;SIH;Internações;43 Rio Grande do Sul;70516,0;sih_cnv_niuf090248201_63_116_66.csv
2023;8.0;SIH;Internações;50 Mato Grosso do Sul;18056,0;sih_cnv_niuf090248201_63_116_66.csv
2023;8.0;SIH;Internações;51 Mato Grosso;19351,0;sih_cnv_niuf090248201_63_116_66.csv
2023;8.0;SIH;Internações;52 Goiás;36999,0;sih_cnv_niuf090248201_63_116_66.csv
2023;8.0;SIH;Internações;53 Distrito Federal;22032,0;sih_cnv_niuf090248201_63_116_66.csv
2023;8.0;SIH;Valor total;11 Rondônia;13060538,09;sih_cnv_niuf090303187_51_16_18.csv
2023;8.0;SIH;Valor total;12 Acre;4561281,78;sih_cnv_niuf090303187_51_16_18.csv
2023;8.0;SIH;Valor total;13 Amazonas;25028779,35;sih_cnv_niuf090303187_51_16_18.csv
2023;8.0;SIH;Valor total;14 Roraima;4766375,31;sih_cnv_niuf090303187_51_16_18.csv
2023;8.0;SIH;Valor total;15 Pará;50157395,14;sih_cnv_niuf090303187_51_16_18.csv
2023;8.0;SIH;Valor total;16 Amapá;3503666,51;sih_cnv_niuf090303187_51_16_18.csv
2023;8.0;SIH;Valor total;17 Tocantins;9633088,42;sih_cnv_niuf090303187_51_16_18.csv
2023;8.0;SIH;Valor total;21 Maranhão;39617062,53;sih_cnv_niuf090303187_51_16_18.csv
2023;8.0;SIH;Valor total;22 Piauí;22561338,38;sih_cnv_niuf090303187_51_16_18.csv
2023;8.0;SIH;Valor total;23 Ceará;63978316,1;sih_cnv_niuf090303187_51_16_18.csv
2023;8.0;SIH;Valor total;24 Rio Grande do Norte;32473961,14;sih_cnv_niuf090303187_51_16_18.csv
2023;8.0;SIH;Valor total;25 Paraíba;28924227,66;sih_cnv_niuf090303187_51_16_18.csv
2023;8.0;SIH;Valor total;26 Pernambuco;91312093,96;sih_cnv_niuf090303187_51_16_18.csv
2023;8.0;SIH;Valor total;27 Alagoas;21019436,09;sih_cnv_niuf090303187_51_16_18.csv
2023;8.0;SIH;Valor total;28 Sergipe;15943535,13;sih_cnv_niuf090303187_51_16_18.csv
2023;8.0;SIH;Valor total;29 Bahia;106074009,68;sih_cnv_niuf090303187_51_16_18.csv
2023;8.0;SIH;Valor total;31 Minas Gerais;224412959,08;sih_cnv_niuf090303187_51_16_18.csv
2023;8.0;SIH;Valor total;32 Espírito Santo;43004236,52;sih_cnv_niuf090303187_51_16_18.csv
2023;8.0;SIH;Valor total;33 Rio de Janeiro;125396755,19;sih_cnv_niuf090303187_51_16_18.csv
2023;8.0;SIH;Valor total;35 São Paulo;405401983,28;sih_cnv_niuf090303187_51_16_18.csv
2023;8.0;SIH;Valor total;41 Paraná;156755891,34;sih_cnv_niuf090303187_51_16_18.csv
2023;8.0;SIH;Valor total;42 Santa Catarina;92610928,13;sih_cnv_niuf090303187_51_16_18.csv
2023;8.0;SIH;Valor total;43 Rio Grande do Sul;120027121,08;sih_cnv_niuf090303187_51_16_18.csv
2023;8.0;SIH;Valor total;50 Mato Grosso do Sul;27768462,56;sih_cnv_niuf090303187_51_16_18.csv
2023;8.0;SIH;Valor total;51 Mato Grosso;22608901,38;sih_cnv_niuf090303187_51_16_18.csv
2023;8.0;SIH;Valor total;52 Goiás;51127084,86;sih_cnv_niuf090303187_51_16_18.csv
2023;8.0;SIH;Valor total;53 Distrito Federal;30961244,28;sih_cnv_niuf090303187_51_16_18.csv
2023;8.0;SIH;Dias permanência;11 Rondônia;56035,0;sih_cnv_niuf090315187_109_40_194.csv
2023;8.0;SIH;Dias permanência;12 Acre;23219,0;sih_cnv_niuf090315187_109_40_194.csv
2023;8.0;SIH;Dias permanência;13 Amazonas;104373,0;sih_cnv_niuf090315187_109_40_194.csv
2023;8.0;SIH;Dias permanência;14 Roraima;30747,0;sih_cnv_niuf090315187_109_40_194.csv
2023;8.0;SIH;Dias permanência;15 Pará;193793,0;sih_cnv_niuf090315187_109_40_194.csv
2023;8.0;SIH;Dias permanência;16 Amapá;21842,0;sih_cnv_niuf090315187_109_40_194.csv
2023;8.0;SIH;Dias permanência;17 Tocantins;38538,0;sih_cnv_niuf090315187_109_40_194.csv
2023;8.0;SIH;Dias permanência;21 Maranhão;201827,0;sih_cnv_niuf090315187_109_40_194.csv
2023;8.0;SIH;Dias permanência;22 Piauí;97440,0;sih_cnv_niuf090315187_109_40_194.csv
2023;8.0;SIH;Dias permanência;23 Ceará;269583,0;sih_cnv_niuf090315187_109_40_194.csv
2023;8.0;SIH;Dias permanência;24 Rio Grande do Norte;91036,0;sih_cnv_niuf090315187_109_40_194.csv
2023;8.0;SIH;Dias permanência;25 Paraíba;111998,0;sih_cnv_niuf090315187_109_40_194.csv
2023;8.0;SIH;Dias permanência;26 Pernambuco;291344,0;sih_cnv_niuf090315187_109_40_194.csv
2023;8.0;SIH;Dias permanência;27 Alagoas;83722,0;sih_cnv_niuf090315187_109_40_194.csv
2023;8.0;SIH;Dias permanência;28 Sergipe;53986,0;sih_cnv_niuf090315187_109_40_194.csv
2023;8.0;SIH;Dias permanência;29 Bahia;372135,0;sih_cnv_niuf090315187_109_40_194.csv
2023;8.0;SIH;Dias permanência;31 Minas Gerais;614913,0;sih_cnv_niuf090315187_109_40_194.csv
2023;8.0;SIH;Dias permanência;32 Espírito Santo;125592,0;sih_cnv_niuf090315187_109_40_194.csv
2023;8.0;SIH;Dias permanência;33 Rio de Janeiro;474671,0;sih_cnv_niuf090315187_109_40_194.csv
2023;8.0;SIH;Dias permanência;35 São Paulo;1242395,0;sih_cnv_niuf090315187_109_40_194.csv
2023;8.0;SIH;Dias permanência;41 Paraná;352841,0;sih_cnv_niuf090315187_109_40_194.csv
2023;8.0;SIH;Dias permanência;42 Santa Catarina;219264,0;sih_cnv_niuf090315187_109_40_194.csv
2023;8.0;SIH;Dias permanência;43 Rio Grande do Sul;426902,0;sih_cnv_niuf090315187_109_40_194.csv
2023;8.0;SIH;Dias permanência;50 Mato Grosso do Sul;82036,0;sih_cnv_niuf090315187_109_40_194.csv
2023;8.0;SIH;Dias permanência;51 Mato Grosso;82207,0;sih_cnv_niuf090315187_109_40_194.csv
2023;8.0;SIH;Dias permanência;52 Goiás;169841,0;sih_cnv_niuf090315187_109_40_194.csv
2023;8.0;SIH;Dias permanência;53 Distrito Federal;127019,0;sih_cnv_niuf090315187_109_40_194.csv
2023;8.0;SIH;Média permanência;11 Rondônia;4,9;sih_cnv_niuf090322187_72_164_185.csv
2023;8.0;SIH;Média permanência;12 Acre;4,6;sih_cnv_niuf090322187_72_164_185.csv
2023;8.0;SIH;Média permanência;13 Amazonas;5,0;sih_cnv_niuf090322187_72_164_185.csv
2023;8.0;SIH;Média permanência;14 Roraima;6,6;sih_cnv_niuf090322187_72_164_185.csv
2023;8.0;SIH;Média permanência;15 Pará;4,3;sih_cnv_niuf090322187_72_164_185.csv
2023;8.0;SIH;Média permanência;16 Amapá;5,4;sih_cnv_niuf090322187_72_164_185.csv
2023;8.0;SIH;Média permanência;17 Tocantins;4,7;sih_cnv_niuf090322187_72_164_185.csv
2023;8.0;SIH;Média permanência;21 Maranhão;5,0;sih_cnv_niuf090322187_72_164_185.csv
2023;8.0;SIH;Média permanência;22 Piauí;5,1;sih_cnv_niuf090322187_72_164_185.csv
2023;8.0;SIH;Média permanência;23 Ceará;5,8;sih_cnv_niuf090322187_72_164_185.csv
2023;8.0;SIH;Média permanência;24 Rio Grande do Norte;4,9;sih_cnv_niuf090322187_72_164_185.csv
2023;8.0;SIH;Média permanência;25 Paraíba;5,4;sih_cnv_niuf090322187_72_164_185.csv
2023;8.0;SIH;Média permanência;26 Pernambuco;5,3;sih_cnv_niuf090322187_72_164_185.csv
2023;8.0;SIH;Média permanência;27 Alagoas;5,7;sih_cnv_niuf090322187_72_164_185.csv
2023;8.0;SIH;Média permanência;28 Sergipe;5,4;sih_cnv_niuf090322187_72_164_185.csv
2023;8.0;SIH;Média permanência;29 Bahia;4,7;sih_cnv_niuf090322187_72_164_185.csv
2023;8.0;SIH;Média permanência;31 Minas Gerais;4,9;sih_cnv_niuf090322187_72_164_185.csv
2023;8.0;SIH;Média permanência;32 Espírito Santo;5,0;sih_cnv_niuf090322187_72_164_185.csv
2023;8.0;SIH;Média permanência;33 Rio de Janeiro;6,2;sih_cnv_niuf090322187_72_164_185.csv
2023;8.0;SIH;Média permanência;35 São Paulo;5,3;sih_cnv_niuf090322187_72_164_185.csv
2023;8.0;SIH;Média permanência;41 Paraná;4,3;sih_cnv_niuf090322187_72_164_185.csv
2023;8.0;SIH;Média permanência;42 Santa Catarina;4,3;sih_cnv_niuf090322187_72_164_185.csv
2023;8.0;SIH;Média permanência;43 Rio Grande do Sul;6,1;sih_cnv_niuf090322187_72_164_185.csv
2023;8.0;SIH;Média permanência;50 Mato Grosso do Sul;4,5;sih_cnv_niuf090322187_72_164_185.csv
2023;8.0;SIH;Média permanência;51 Mato Grosso;4,2;sih_cnv_niuf090322187_72_164_185.csv
2023;8.0;SIH;Média permanência;52 Goiás;4,6;sih_cnv_niuf090322187_72_164_185.csv
2023;8.0;SIH;Média permanência;53 Distrito Federal;5,8;sih_cnv_niuf090322187_72_164_185.csv
2023;12.0;SIH;Internações;11 Rondônia;9369,0;sih_cnv_niuf090741187_109_40_194.csv
2023;12.0;SIH;Internações;12 Acre;4031,0;sih_cnv_niuf090741187_109_40_194.csv
2023;12.0;SIH;Internações;13 Amazonas;13959,0;sih_cnv_niuf090741187_109_40_194.csv
2023;12.0;SIH;Internações;14 Roraima;3534,0;sih_cnv_niuf090741187_109_40_194.csv
2023;12.0;SIH;Internações;15 Pará;43920,0;sih_cnv_niuf090741187_109_40_194.csv
2023;12.0;SIH;Internações;16 Amapá;3957,0;sih_cnv_niuf090741187_109_40_194.csv
2023;12.0;SIH;Internações;17 Tocantins;8601,0;sih_cnv_niuf090741187_109_40_194.csv
2023;12.0;SIH;Internações;21 Maranhão;39303,0;sih_cnv_niuf090741187_109_40_194.csv
2023;12.0;SIH;Internações;22 Piauí;17695,0;sih_cnv_niuf090741187_109_40_194.csv
2023;12.0;SIH;Internações;23 Ceará;44149,0;sih_cnv_niuf090741187_109_40_194.csv
2023;12.0;SIH;Internações;24 Rio Grande do Norte;17195,0;sih_cnv_niuf090741187_109_40_194.csv
2023;12.0;SIH;Internações;25 Paraíba;18233,0;sih_cnv_niuf090741187_109_40_194.csv
2023;12.0;SIH;Internações;26 Pernambuco;51525,0;sih_cnv_niuf090741187_109_40_194.csv
2023;12.0;SIH;Internações;27 Alagoas;13770,0;sih_cnv_niuf090741187_109_40_194.csv
2023;12.0;SIH;Internações;28 Sergipe;9770,0;sih_cnv_niuf090741187_109_40_194.csv
2023;12.0;SIH;Internações;29 Bahia;71244,0;sih_cnv_niuf090741187_109_40_194.csv
2023;12.0;SIH;Internações;31 Minas Gerais;118936,0;sih_cnv_niuf090741187_109_40_194.csv
2023;12.0;SIH;Internações;32 Espírito Santo;23588,0;sih_cnv_niuf090741187_109_40_194.csv
2023;12.0;SIH;Internações;33 Rio de Janeiro;74066,0;sih_cnv_niuf090741187_109_40_194.csv
2023;12.0;SIH;Internações;35 São Paulo;212775,0;sih_cnv_niuf090741187_109_40_194.csv
2023;12.0;SIH;Internações;41 Paraná;76526,0;sih_cnv_niuf090741187_109_40_194.csv
2023;12.0;SIH;Internações;42 Santa Catarina;45845,0;sih_cnv_niuf090741187_109_40_194.csv
2023;12.0;SIH;Internações;43 Rio Grande do Sul;65793,0;sih_cnv_niuf090741187_109_40_194.csv
2023;12.0;SIH;Internações;50 Mato Grosso do Sul;17236,0;sih_cnv_niuf090741187_109_40_194.csv
2023;12.0;SIH;Internações;51 Mato Grosso;17643,0;sih_cnv_niuf090741187_109_40_194.csv
2023;12.0;SIH;Internações;52 Goiás;34384,0;sih_cnv_niuf090741187_109_40_194.csv
2023;12.0;SIH;Internações;53 Distrito Federal;18870,0;sih_cnv_niuf090741187_109_40_194.csv
2023;12.0;SIH;Valor total;11 Rondônia;10285428,64;sih_cnv_niuf090748201_63_116_66.csv
2023;12.0;SIH;Valor total;12 Acre;3503827,09;sih_cnv_niuf090748201_63_116_66.csv
2023;12.0;SIH;Valor total;13 Amazonas;14969368,81;sih_cnv_niuf090748201_63_116_66.csv
2023;12.0;SIH;Valor total;14 Roraima;2944423,63;sih_cnv_niuf090748201_63_116_66.csv
2023;12.0;SIH;Valor total;15 Pará;56140900,16;sih_cnv_niuf090748201_63_116_66.csv
2023;12.0;SIH;Valor total;16 Amapá;4021077,83;sih_cnv_niuf090748201_63_116_66.csv
2023;12.0;SIH;Valor total;17 Tocantins;10083750,34;sih_cnv_niuf090748201_63_116_66.csv
2023;12.0;SIH;Valor total;21 Maranhão;42193707,59;sih_cnv_niuf090748201_63_116_66.csv
2023;12.0;SIH;Valor total;22 Piauí;21718829,69;sih_cnv_niuf090748201_63_116_66.csv
2023;12.0;SIH;Valor total;23 Ceará;63808605,0;sih_cnv_niuf090748201_63_116_66.csv
2023;12.0;SIH;Valor total;24 Rio Grande do Norte;29211980,15;sih_cnv_niuf090748201_63_116_66.csv
2023;12.0;SIH;Valor total;25 Paraíba;35819800,87;sih_cnv_niuf090748201_63_116_66.csv
2023;12.0;SIH;Valor total;26 Pernambuco;85620608,6;sih_cnv_niuf090748201_63_116_66.csv
2023;12.0;SIH;Valor total;27 Alagoas;20499132,76;sih_cnv_niuf090748201_63_116_66.csv
2023;12.0;SIH;Valor total;28 Sergipe;15601529,83;sih_cnv_niuf090748201_63_116_66.csv
2023;12.0;SIH;Valor total;29 Bahia;96606453,35;sih_cnv_niuf090748201_63_116_66.csv
2023;12.0;SIH;Valor total;31 Minas Gerais;219830062,26;sih_cnv_niuf090748201_63_116_66.csv
2023;12.0;SIH;Valor total;32 Espírito Santo;42013386,98;sih_cnv_niuf090748201_63_116_66.csv
2023;12.0;SIH;Valor total;33 Rio de Janeiro;133383311,24;sih_cnv_niuf090748201_63_116_66.csv
2023;12.0;SIH;Valor total;35 São Paulo;385291650,01;sih_cnv_niuf090748201_63_116_66.csv
2023;12.0;SIH;Valor total;41 Paraná;155530445,71;sih_cnv_niuf090748201_63_116_66.csv
2023;12.0;SIH;Valor total;42 Santa Catarina;92647175,05;sih_cnv_niuf090748201_63_116_66.csv
2023;12.0;SIH;Valor total;43 Rio Grande do Sul;114632478,21;sih_cnv_niuf090748201_63_116_66.csv
2023;12.0;SIH;Valor total;50 Mato Grosso do Sul;27007266,84;sih_cnv_niuf090748201_63_116_66.csv
2023;12.0;SIH;Valor total;51 Mato Grosso;21005338,76;sih_cnv_niuf090748201_63_116_66.csv
2023;12.0;SIH;Valor total;52 Goiás;51534947,34;sih_cnv_niuf090748201_63_116_66.csv
2023;12.0;SIH;Valor total;53 Distrito Federal;29465293,81;sih_cnv_niuf090748201_63_116_66.csv
2023;12.0;SIH;Dias permanência;11 Rondônia;47312,0;sih_cnv_niuf090754201_63_116_66.csv
2023;12.0;SIH;Dias permanência;12 Acre;18233,0;sih_cnv_niuf090754201_63_116_66.csv
2023;12.0;SIH;Dias permanência;13 Amazonas;67502,0;sih_cnv_niuf090754201_63_116_66.csv
2023;12.0;SIH;Dias permanência;14 Roraima;23460,0;sih_cnv_niuf090754201_63_116_66.csv
2023;12.0;SIH;Dias permanência;15 Pará;190534,0;sih_cnv_niuf090754201_63_116_66.csv
2023;12.0;SIH;Dias permanência;16 Amapá;22664,0;sih_cnv_niuf090754201_63_116_66.csv
2023;12.0;SIH;Dias permanência;17 Tocantins;44124,0;sih_cnv_niuf090754201_63_116_66.csv
2023;12.0;SIH;Dias permanência;21 Maranhão;198561,0;sih_cnv_niuf090754201_63_116_66.csv
2023;12.0;SIH;Dias permanência;22 Piauí;94595,0;sih_cnv_niuf090754201_63_116_66.csv
2023;12.0;SIH;Dias permanência;23 Ceará;249580,0;sih_cnv_niuf090754201_63_116_66.csv
2023;12.0;SIH;Dias permanência;24 Rio Grande do Norte;81636,0;sih_cnv_niuf090754201_63_116_66.csv
2023;12.0;SIH;Dias permanência;25 Paraíba;101743,0;sih_cnv_niuf090754201_63_116_66.csv
2023;12.0;SIH;Dias permanência;26 Pernambuco;271670,0;sih_cnv_niuf090754201_63_116_66.csv
2023;12.0;SIH;Dias permanência;27 Alagoas;81799,0;sih_cnv_niuf090754201_63_116_66.csv
2023;12.0;SIH;Dias permanência;28 Sergipe;50427,0;sih_cnv_niuf090754201_63_116_66.csv
2023;12.0;SIH;Dias permanência;29 Bahia;337381,0;sih_cnv_niuf090754201_63_116_66.csv
2023;12.0;SIH;Dias permanência;31 Minas Gerais;583105,0;sih_cnv_niuf090754201_63_116_66.csv
2023;12.0;SIH;Dias permanência;32 Espírito Santo;118305,0;sih_cnv_niuf090754201_63_116_66.csv
2023;12.0;SIH;Dias permanência;33 Rio de Janeiro;464456,0;sih_cnv_niuf090754201_63_116_66.csv
2023;12.0;SIH;Dias permanência;35 São Paulo;1153126,0;sih_cnv_niuf090754201_63_116_66.csv
2023;12.0;SIH;Dias permanência;41 Paraná;332272,0;sih_cnv_niuf090754201_63_116_66.csv
2023;12.0;SIH;Dias permanência;42 Santa Catarina;199975,0;sih_cnv_niuf090754201_63_116_66.csv
2023;12.0;SIH;Dias permanência;43 Rio Grande do Sul;386343,0;sih_cnv_niuf090754201_63_116_66.csv
2023;12.0;SIH;Dias permanência;50 Mato Grosso do Sul;76416,0;sih_cnv_niuf090754201_63_116_66.csv
2023;12.0;SIH;Dias permanência;51 Mato Grosso;77920,0;sih_cnv_niuf090754201_63_116_66.csv
2023;12.0;SIH;Dias permanência;52 Goiás;160472,0;sih_cnv_niuf090754201_63_116_66.csv
2023;12.0;SIH;Dias permanência;53 Distrito Federal;110539,0;sih_cnv_niuf090754201_63_116_66.csv
2023;12.0;SIH;Média permanência;11 Rondônia;5,0;sih_cnv_niuf090759201_63_116_66.csv
2023;12.0;SIH;Média permanência;12 Acre;4,5;sih_cnv_niuf090759201_63_116_66.csv
2023;12.0;SIH;Média permanência;13 Amazonas;4,8;sih_cnv_niuf090759201_63_116_66.csv
2023;12.0;SIH;Média permanência;14 Roraima;6,6;sih_cnv_niuf090759201_63_116_66.csv
2023;12.0;SIH;Média permanência;15 Pará;4,3;sih_cnv_niuf090759201_63_116_66.csv
2023;12.0;SIH;Média permanência;16 Amapá;5,7;sih_cnv_niuf090759201_63_116_66.csv
2023;12.0;SIH;Média permanência;17 Tocantins;5,1;sih_cnv_niuf090759201_63_116_66.csv
2023;12.0;SIH;Média permanência;21 Maranhão;5,1;sih_cnv_niuf090759201_63_116_66.csv
2023;12.0;SIH;Média permanência;22 Piauí;5,3;sih_cnv_niuf090759201_63_116_66.csv
2023;12.0;SIH;Média permanência;23 Ceará;5,7;sih_cnv_niuf090759201_63_116_66.csv
2023;12.0;SIH;Média permanência;24 Rio Grande do Norte;4,7;sih_cnv_niuf090759201_63_116_66.csv
2023;12.0;SIH;Média permanência;25 Paraíba;5,6;sih_cnv_niuf090759201_63_116_66.csv
2023;12.0;SIH;Média permanência;26 Pernambuco;5,3;sih_cnv_niuf090759201_63_116_66.csv
2023;12.0;SIH;Média permanência;27 Alagoas;5,9;sih_cnv_niuf090759201_63_116_66.csv
2023;12.0;SIH;Média permanência;28 Sergipe;5,2;sih_cnv_niuf090759201_63_116_66.csv
2023;12.0;SIH;Média permanência;29 Bahia;4,7;sih_cnv_niuf090759201_63_116_66.csv
2023;12.0;SIH;Média permanência;31 Minas Gerais;4,9;sih_cnv_niuf090759201_63_116_66.csv
2023;12.0;SIH;Média permanência;32 Espírito Santo;5,0;sih_cnv_niuf090759201_63_116_66.csv
2023;12.0;SIH;Média permanência;33 Rio de Janeiro;6,3;sih_cnv_niuf090759201_63_116_66.csv
2023;12.0;SIH;Média permanência;35 São Paulo;5,4;sih_cnv_niuf090759201_63_116_66.csv
2023;12.0;SIH;Média permanência;41 Paraná;4,3;sih_cnv_niuf090759201_63_116_66.csv
2023;12.0;SIH;Média permanência;42 Santa Catarina;4,4;sih_cnv_niuf090759201_63_116_66.csv
2023;12.0;SIH;Média permanência;43 Rio Grande do Sul;5,9;sih_cnv_niuf090759201_63_116_66.csv
2023;12.0;SIH;Média permanência;50 Mato Grosso do Sul;4,4;sih_cnv_niuf090759201_63_116_66.csv
2023;12.0;SIH;Média permanência;51 Mato Grosso;4,4;sih_cnv_niuf090759201_63_116_66.csv
2023;12.0;SIH;Média permanência;52 Goiás;4,7;sih_cnv_niuf090759201_63_116_66.csv
2023;12.0;SIH;Média permanência;53 Distrito Federal;5,9;sih_cnv_niuf090759201_63_116_66.csv
2023;2.0;SIH;Internações;11 Rondônia;9505,0;sih_cnv_niuf085635187_109_40_194.csv
2023;2.0;SIH;Internações;12 Acre;4834,0;sih_cnv_niuf085635187_109_40_194.csv
2023;2.0;SIH;Internações;13 Amazonas;15441,0;sih_cnv_niuf085635187_109_40_194.csv
2023;2.0;SIH;Internações;14 Roraima;3936,0;sih_cnv_niuf085635187_109_40_194.csv
2023;2.0;SIH;Internações;15 Pará;41810,0;sih_cnv_niuf085635187_109_40_194.csv
2023;2.0;SIH;Internações;16 Amapá;3494,0;sih_cnv_niuf085635187_109_40_194.csv
2023;2.0;SIH;Internações;17 Tocantins;7506,0;sih_cnv_niuf085635187_109_40_194.csv
2023;2.0;SIH;Internações;21 Maranhão;38213,0;sih_cnv_niuf085635187_109_40_194.csv
2023;2.0;SIH;Internações;22 Piauí;17432,0;sih_cnv_niuf085635187_109_40_194.csv
2023;2.0;SIH;Internações;23 Ceará;42432,0;sih_cnv_niuf085635187_109_40_194.csv
2023;2.0;SIH;Internações;24 Rio Grande do Norte;14357,0;sih_cnv_niuf085635187_109_40_194.csv
2023;2.0;SIH;Internações;25 Paraíba;17644,0;sih_cnv_niuf085635187_109_40_194.csv
2023;2.0;SIH;Internações;26 Pernambuco;45286,0;sih_cnv_niuf085635187_109_40_194.csv
2023;2.0;SIH;Internações;27 Alagoas;11281,0;sih_cnv_niuf085635187_109_40_194.csv
2023;2.0;SIH;Internações;28 Sergipe;8414,0;sih_cnv_niuf085635187_109_40_194.csv
2023;2.0;SIH;Internações;29 Bahia;66407,0;sih_cnv_niuf085635187_109_40_194.csv
2023;2.0;SIH;Internações;31 Minas Gerais;106555,0;sih_cnv_niuf085635187_109_40_194.csv
2023;2.0;SIH;Internações;32 Espírito Santo;22097,0;sih_cnv_niuf085635187_109_40_194.csv
2023;2.0;SIH;Internações;33 Rio de Janeiro;63330,0;sih_cnv_niuf085635187_109_40_194.csv
2023;2.0;SIH;Internações;35 São Paulo;197764,0;sih_cnv_niuf085635187_109_40_194.csv
2023;2.0;SIH;Internações;41 Paraná;72346,0;sih_cnv_niuf085635187_109_40_194.csv
2023;2.0;SIH;Internações;42 Santa Catarina;47235,0;sih_cnv_niuf085635187_109_40_194.csv
2023;2.0;SIH;Internações;43 Rio Grande do Sul;59691,0;sih_cnv_niuf085635187_109_40_194.csv
2023;2.0;SIH;Internações;50 Mato Grosso do Sul;16369,0;sih_cnv_niuf085635187_109_40_194.csv
2023;2.0;SIH;Internações;51 Mato Grosso;17390,0;sih_cnv_niuf085635187_109_40_194.csv
2023;2.0;SIH;Internações;52 Goiás;32156,0;sih_cnv_niuf085635187_109_40_194.csv
2023;2.0;SIH;Internações;53 Distrito Federal;17710,0;sih_cnv_niuf085635187_109_40_194.csv
2023;2.0;SIH;Valor total;11 Rondônia;8637106,9;sih_cnv_niuf085640187_72_164_185.csv
2023;2.0;SIH;Valor total;12 Acre;4261938,15;sih_cnv_niuf085640187_72_164_185.csv
2023;2.0;SIH;Valor total;13 Amazonas;16606238,1;sih_cnv_niuf085640187_72_164_185.csv
2023;2.0;SIH;Valor total;14 Roraima;3887376,46;sih_cnv_niuf085640187_72_164_185.csv
2023;2.0;SIH;Valor total;15 Pará;46373528,44;sih_cnv_niuf085640187_72_164_185.csv
2023;2.0;SIH;Valor total;16 Amapá;2961230,08;sih_cnv_niuf085640187_72_164_185.csv
2023;2.0;SIH;Valor total;17 Tocantins;8549076,12;sih_cnv_niuf085640187_72_164_185.csv
2023;2.0;SIH;Valor total;21 Maranhão;36849374,36;sih_cnv_niuf085640187_72_164_185.csv
2023;2.0;SIH;Valor total;22 Piauí;19366405,11;sih_cnv_niuf085640187_72_164_185.csv
2023;2.0;SIH;Valor total;23 Ceará;58288959,81;sih_cnv_niuf085640187_72_164_185.csv
2023;2.0;SIH;Valor total;24 Rio Grande do Norte;24853410,79;sih_cnv_niuf085640187_72_164_185.csv
2023;2.0;SIH;Valor total;25 Paraíba;24582277,1;sih_cnv_niuf085640187_72_164_185.csv
2023;2.0;SIH;Valor total;26 Pernambuco;71057570,0;sih_cnv_niuf085640187_72_164_185.csv
2023;2.0;SIH;Valor total;27 Alagoas;15795651,26;sih_cnv_niuf085640187_72_164_185.csv
2023;2.0;SIH;Valor total;28 Sergipe;12484271,63;sih_cnv_niuf085640187_72_164_185.csv
2023;2.0;SIH;Valor total;29 Bahia;84982362,34;sih_cnv_niuf085640187_72_164_185.csv
2023;2.0;SIH;Valor total;31 Minas Gerais;179422312,13;sih_cnv_niuf085640187_72_164_185.csv
2023;2.0;SIH;Valor total;32 Espírito Santo;33286119,69;sih_cnv_niuf085640187_72_164_185.csv
2023;2.0;SIH;Valor total;33 Rio de Janeiro;99082453,46;sih_cnv_niuf085640187_72_164_185.csv
2023;2.0;SIH;Valor total;35 São Paulo;335628561,97;sih_cnv_niuf085640187_72_164_185.csv
2023;2.0;SIH;Valor total;41 Paraná;136828666,0;sih_cnv_niuf085640187_72_164_185.csv
2023;2.0;SIH;Valor total;42 Santa Catarina;80721807,34;sih_cnv_niuf085640187_72_164_185.csv
2023;2.0;SIH;Valor total;43 Rio Grande do Sul;99589870,33;sih_cnv_niuf085640187_72_164_185.csv
2023;2.0;SIH;Valor total;50 Mato Grosso do Sul;24508900,44;sih_cnv_niuf085640187_72_164_185.csv
2023;2.0;SIH;Valor total;51 Mato Grosso;20214897,32;sih_cnv_niuf085640187_72_164_185.csv
2023;2.0;SIH;Valor total;52 Goiás;43517545,02;sih_cnv_niuf085640187_72_164_185.csv
2023;2.0;SIH;Valor total;53 Distrito Federal;24346232,16;sih_cnv_niuf085640187_72_164_185.csv
2023;2.0;SIH;Dias permanência;11 Rondônia;37793,0;sih_cnv_niuf085646201_63_116_66.csv
2023;2.0;SIH;Dias permanência;12 Acre;20786,0;sih_cnv_niuf085646201_63_116_66.csv
2023;2.0;SIH;Dias permanência;13 Amazonas;75332,0;sih_cnv_niuf085646201_63_116_66.csv
2023;2.0;SIH;Dias permanência;14 Roraima;25489,0;sih_cnv_niuf085646201_63_116_66.csv
2023;2.0;SIH;Dias permanência;15 Pará;179071,0;sih_cnv_niuf085646201_63_116_66.csv
2023;2.0;SIH;Dias permanência;16 Amapá;19755,0;sih_cnv_niuf085646201_63_116_66.csv
2023;2.0;SIH;Dias permanência;17 Tocantins;37961,0;sih_cnv_niuf085646201_63_116_66.csv
2023;2.0;SIH;Dias permanência;21 Maranhão;187747,0;sih_cnv_niuf085646201_63_116_66.csv
2023;2.0;SIH;Dias permanência;22 Piauí;89965,0;sih_cnv_niuf085646201_63_116_66.csv
2023;2.0;SIH;Dias permanência;23 Ceará;251108,0;sih_cnv_niuf085646201_63_116_66.csv
2023;2.0;SIH;Dias permanência;24 Rio Grande do Norte;73706,0;sih_cnv_niuf085646201_63_116_66.csv
2023;2.0;SIH;Dias permanência;25 Paraíba;103254,0;sih_cnv_niuf085646201_63_116_66.csv
2023;2.0;SIH;Dias permanência;26 Pernambuco;243861,0;sih_cnv_niuf085646201_63_116_66.csv
2023;2.0;SIH;Dias permanência;27 Alagoas;66787,0;sih_cnv_niuf085646201_63_116_66.csv
2023;2.0;SIH;Dias permanência;28 Sergipe;45811,0;sih_cnv_niuf085646201_63_116_66.csv
2023;2.0;SIH;Dias permanência;29 Bahia;312602,0;sih_cnv_niuf085646201_63_116_66.csv
2023;2.0;SIH;Dias permanência;31 Minas Gerais;527365,0;sih_cnv_niuf085646201_63_116_66.csv
2023;2.0;SIH;Dias permanência;32 Espírito Santo;107075,0;sih_cnv_niuf085646201_63_116_66.csv
2023;2.0;SIH;Dias permanência;33 Rio de Janeiro;409257,0;sih_cnv_niuf085646201_63_116_66.csv
2023;2.0;SIH;Dias permanência;35 São Paulo;1080566,0;sih_cnv_niuf085646201_63_116_66.csv
2023;2.0;SIH;Dias permanência;41 Paraná;321977,0;sih_cnv_niuf085646201_63_116_66.csv
2023;2.0;SIH;Dias permanência;42 Santa Catarina;207971,0;sih_cnv_niuf085646201_63_116_66.csv
2023;2.0;SIH;Dias permanência;43 Rio Grande do Sul;346482,0;sih_cnv_niuf085646201_63_116_66.csv
2023;2.0;SIH;Dias permanência;50 Mato Grosso do Sul;73745,0;sih_cnv_niuf085646201_63_116_66.csv
2023;2.0;SIH;Dias permanência;51 Mato Grosso;75555,0;sih_cnv_niuf085646201_63_116_66.csv
2023;2.0;SIH;Dias permanência;52 Goiás;150144,0;sih_cnv_niuf085646201_63_116_66.csv
2023;2.0;SIH;Dias permanência;53 Distrito Federal;102424,0;sih_cnv_niuf085646201_63_116_66.csv
2023;2.0;SIH;Média permanência;11 Rondônia;4,0;sih_cnv_niuf085651187_51_16_18.csv
2023;2.0;SIH;Média permanência;12 Acre;4,3;sih_cnv_niuf085651187_51_16_18.csv
2023;2.0;SIH;Média permanência;13 Amazonas;4,9;sih_cnv_niuf085651187_51_16_18.csv
2023;2.0;SIH;Média permanência;14 Roraima;6,5;sih_cnv_niuf085651187_51_16_18.csv
2023;2.0;SIH;Média permanência;15 Pará;4,3;sih_cnv_niuf085651187_51_16_18.csv
2023;2.0;SIH;Média permanência;16 Amapá;5,7;sih_cnv_niuf085651187_51_16_18.csv
2023;2.0;SIH;Média permanência;17 Tocantins;5,1;sih_cnv_niuf085651187_51_16_18.csv
2023;2.0;SIH;Média permanência;21 Maranhão;4,9;sih_cnv_niuf085651187_51_16_18.csv
2023;2.0;SIH;Média permanência;22 Piauí;5,2;sih_cnv_niuf085651187_51_16_18.csv
2023;2.0;SIH;Média permanência;23 Ceará;5,9;sih_cnv_niuf085651187_51_16_18.csv
2023;2.0;SIH;Média permanência;24 Rio Grande do Norte;5,1;sih_cnv_niuf085651187_51_16_18.csv
2023;2.0;SIH;Média permanência;25 Paraíba;5,9;sih_cnv_niuf085651187_51_16_18.csv
2023;2.0;SIH;Média permanência;26 Pernambuco;5,4;sih_cnv_niuf085651187_51_16_18.csv
2023;2.0;SIH;Média permanência;27 Alagoas;5,9;sih_cnv_niuf085651187_51_16_18.csv
2023;2.0;SIH;Média permanência;28 Sergipe;5,4;sih_cnv_niuf085651187_51_16_18.csv
2023;2.0;SIH;Média permanência;29 Bahia;4,7;sih_cnv_niuf085651187_51_16_18.csv
2023;2.0;SIH;Média permanência;31 Minas Gerais;4,9;sih_cnv_niuf085651187_51_16_18.csv
2023;2.0;SIH;Média permanência;32 Espírito Santo;4,8;sih_cnv_niuf085651187_51_16_18.csv
2023;2.0;SIH;Média permanência;33 Rio de Janeiro;6,5;sih_cnv_niuf085651187_51_16_18.csv
2023;2.0;SIH;Média permanência;35 São Paulo;5,5;sih_cnv_niuf085651187_51_16_18.csv
2023;2.0;SIH;Média permanência;41 Paraná;4,5;sih_cnv_niuf085651187_51_16_18.csv
2023;2.0;SIH;Média permanência;42 Santa Catarina;4,4;sih_cnv_niuf085651187_51_16_18.csv
2023;2.0;SIH;Média permanência;43 Rio Grande do Sul;5,8;sih_cnv_niuf085651187_51_16_18.csv
2023;2.0;SIH;Média permanência;50 Mato Grosso do Sul;4,5;sih_cnv_niuf085651187_51_16_18.csv
2023;2.0;SIH;Média permanência;51 Mato Grosso;4,3;sih_cnv_niuf085651187_51_16_18.csv
2023;2.0;SIH;Média permanência;52 Goiás;4,7;sih_cnv_niuf085651187_51_16_18.csv
2023;2.0;SIH;Média permanência;53 Distrito Federal;5,8;sih_cnv_niuf085651187_51_16_18.csv
2023;1.0;SIH;Internações;11 Rondônia;9644,0;sih_cnv_niuf085531187_51_16_18.csv
2023;1.0;SIH;Internações;12 Acre;4164,0;sih_cnv_niuf085531187_51_16_18.csv
2023;1.0;SIH;Internações;13 Amazonas;18155,0;sih_cnv_niuf085531187_51_16_18.csv
2023;1.0;SIH;Internações;14 Roraima;4734,0;sih_cnv_niuf085531187_51_16_18.csv
2023;1.0;SIH;Internações;15 Pará;42528,0;sih_cnv_niuf085531187_51_16_18.csv
2023;1.0;SIH;Internações;16 Amapá;3773,0;sih_cnv_niuf085531187_51_16_18.csv
2023;1.0;SIH;Internações;17 Tocantins;7795,0;sih_cnv_niuf085531187_51_16_18.csv
2023;1.0;SIH;Internações;21 Maranhão;40866,0;sih_cnv_niuf085531187_51_16_18.csv
2023;1.0;SIH;Internações;22 Piauí;17759,0;sih_cnv_niuf085531187_51_16_18.csv
2023;1.0;SIH;Internações;23 Ceará;44228,0;sih_cnv_niuf085531187_51_16_18.csv
2023;1.0;SIH;Internações;24 Rio Grande do Norte;15483,0;sih_cnv_niuf085531187_51_16_18.csv
2023;1.0;SIH;Internações;25 Paraíba;16546,0;sih_cnv_niuf085531187_51_16_18.csv
2023;1.0;SIH;Internações;26 Pernambuco;47820,0;sih_cnv_niuf085531187_51_16_18.csv
2023;1.0;SIH;Internações;27 Alagoas;14022,0;sih_cnv_niuf085531187_51_16_18.csv
2023;1.0;SIH;Internações;28 Sergipe;9613,0;sih_cnv_niuf085531187_51_16_18.csv
2023;1.0;SIH;Internações;29 Bahia;70005,0;sih_cnv_niuf085531187_51_16_18.csv
2023;1.0;SIH;Internações;31 Minas Gerais;111069,0;sih_cnv_niuf085531187_51_16_18.csv
2023;1.0;SIH;Internações;32 Espírito Santo;23476,0;sih_cnv_niuf085531187_51_16_18.csv
2023;1.0;SIH;Internações;33 Rio de Janeiro;66466,0;sih_cnv_niuf085531187_51_16_18.csv
2023;1.0;SIH;Internações;35 São Paulo;205498,0;sih_cnv_niuf085531187_51_16_18.csv
2023;1.0;SIH;Internações;41 Paraná;73384,0;sih_cnv_niuf085531187_51_16_18.csv
2023;1.0;SIH;Internações;42 Santa Catarina;44417,0;sih_cnv_niuf085531187_51_16_18.csv
2023;1.0;SIH;Internações;43 Rio Grande do Sul;64513,0;sih_cnv_niuf085531187_51_16_18.csv
2023;1.0;SIH;Internações;50 Mato Grosso do Sul;16307,0;sih_cnv_niuf085531187_51_16_18.csv
2023;1.0;SIH;Internações;51 Mato Grosso;16560,0;sih_cnv_niuf085531187_51_16_18.csv
2023;1.0;SIH;Internações;52 Goiás;33838,0;sih_cnv_niuf085531187_51_16_18.csv
2023;1.0;SIH;Internações;53 Distrito Federal;18313,0;sih_cnv_niuf085531187_51_16_18.csv
2023;1.0;SIH;Valor total;11 Rondônia;10263792,58;sih_cnv_niuf085537187_72_164_185.csv
2023;1.0;SIH;Valor total;12 Acre;3492410,89;sih_cnv_niuf085537187_72_164_185.csv
2023;1.0;SIH;Valor total;13 Amazonas;20597021,6;sih_cnv_niuf085537187_72_164_185.csv
2023;1.0;SIH;Valor total;14 Roraima;4486756,39;sih_cnv_niuf085537187_72_164_185.csv
2023;1.0;SIH;Valor total;15 Pará;46259552,3;sih_cnv_niuf085537187_72_164_185.csv
2023;1.0;SIH;Valor total;16 Amapá;3416814,67;sih_cnv_niuf085537187_72_164_185.csv
2023;1.0;SIH;Valor total;17 Tocantins;8967053,57;sih_cnv_niuf085537187_72_164_185.csv
2023;1.0;SIH;Valor total;21 Maranhão;39783421,29;sih_cnv_niuf085537187_72_164_185.csv
2023;1.0;SIH;Valor total;22 Piauí;22038805,71;sih_cnv_niuf085537187_72_164_185.csv
2023;1.0;SIH;Valor total;23 Ceará;61623857,38;sih_cnv_niuf085537187_72_164_185.csv
2023;1.0;SIH;Valor total;24 Rio Grande do Norte;25389465,66;sih_cnv_niuf085537187_72_164_185.csv
2023;1.0;SIH;Valor total;25 Paraíba;23368051,01;sih_cnv_niuf085537187_72_164_185.csv
2023;1.0;SIH;Valor total;26 Pernambuco;76854391,09;sih_cnv_niuf085537187_72_164_185.csv
2023;1.0;SIH;Valor total;27 Alagoas;18433267,97;sih_cnv_niuf085537187_72_164_185.csv
2023;1.0;SIH;Valor total;28 Sergipe;14009892,06;sih_cnv_niuf085537187_72_164_185.csv
2023;1.0;SIH;Valor total;29 Bahia;90289004,25;sih_cnv_niuf085537187_72_164_185.csv
2023;1.0;SIH;Valor total;31 Minas Gerais;194613652,97;sih_cnv_niuf085537187_72_164_185.csv
2023;1.0;SIH;Valor total;32 Espírito Santo;39343631,4;sih_cnv_niuf085537187_72_164_185.csv
2023;1.0;SIH;Valor total;33 Rio de Janeiro;107582770,64;sih_cnv_niuf085537187_72_164_185.csv
2023;1.0;SIH;Valor total;35 São Paulo;356621847,2;sih_cnv_niuf085537187_72_164_185.csv
2023;1.0;SIH;Valor total;41 Paraná;138757528,55;sih_cnv_niuf085537187_72_164_185.csv
2023;1.0;SIH;Valor total;42 Santa Catarina;80380827,11;sih_cnv_niuf085537187_72_164_185.csv
2023;1.0;SIH;Valor total;43 Rio Grande do Sul;111659793,92;sih_cnv_niuf085537187_72_164_185.csv
2023;1.0;SIH;Valor total;50 Mato Grosso do Sul;25183752,55;sih_cnv_niuf085537187_72_164_185.csv
2023;1.0;SIH;Valor total;51 Mato Grosso;18165188,61;sih_cnv_niuf085537187_72_164_185.csv
2023;1.0;SIH;Valor total;52 Goiás;45829294,97;sih_cnv_niuf085537187_72_164_185.csv
2023;1.0;SIH;Valor total;53 Distrito Federal;25416870,43;sih_cnv_niuf085537187_72_164_185.csv
2023;1.0;SIH;Dias permanência;11 Rondônia;46568,0;sih_cnv_niuf085542201_63_116_66.csv
2023;1.0;SIH;Dias permanência;12 Acre;17664,0;sih_cnv_niuf085542201_63_116_66.csv
2023;1.0;SIH;Dias permanência;13 Amazonas;90821,0;sih_cnv_niuf085542201_63_116_66.csv
2023;1.0;SIH;Dias permanência;14 Roraima;30839,0;sih_cnv_niuf085542201_63_116_66.csv
2023;1.0;SIH;Dias permanência;15 Pará;185747,0;sih_cnv_niuf085542201_63_116_66.csv
2023;1.0;SIH;Dias permanência;16 Amapá;20767,0;sih_cnv_niuf085542201_63_116_66.csv
2023;1.0;SIH;Dias permanência;17 Tocantins;40878,0;sih_cnv_niuf085542201_63_116_66.csv
2023;1.0;SIH;Dias permanência;21 Maranhão;201668,0;sih_cnv_niuf085542201_63_116_66.csv
2023;1.0;SIH;Dias permanência;22 Piauí;94971,0;sih_cnv_niuf085542201_63_116_66.csv
2023;1.0;SIH;Dias permanência;23 Ceará;267212,0;sih_cnv_niuf085542201_63_116_66.csv
2023;1.0;SIH;Dias permanência;24 Rio Grande do Norte;84640,0;sih_cnv_niuf085542201_63_116_66.csv
2023;1.0;SIH;Dias permanência;25 Paraíba;94954,0;sih_cnv_niuf085542201_63_116_66.csv
2023;1.0;SIH;Dias permanência;26 Pernambuco;262952,0;sih_cnv_niuf085542201_63_116_66.csv
2023;1.0;SIH;Dias permanência;27 Alagoas;81076,0;sih_cnv_niuf085542201_63_116_66.csv
2023;1.0;SIH;Dias permanência;28 Sergipe;51747,0;sih_cnv_niuf085542201_63_116_66.csv
2023;1.0;SIH;Dias permanência;29 Bahia;341943,0;sih_cnv_niuf085542201_63_116_66.csv
2023;1.0;SIH;Dias permanência;31 Minas Gerais;554228,0;sih_cnv_niuf085542201_63_116_66.csv
2023;1.0;SIH;Dias permanência;32 Espírito Santo;121068,0;sih_cnv_niuf085542201_63_116_66.csv
2023;1.0;SIH;Dias permanência;33 Rio de Janeiro;445854,0;sih_cnv_niuf085542201_63_116_66.csv
2023;1.0;SIH;Dias permanência;35 São Paulo;1142009,0;sih_cnv_niuf085542201_63_116_66.csv
2023;1.0;SIH;Dias permanência;41 Paraná;326418,0;sih_cnv_niuf085542201_63_116_66.csv
2023;1.0;SIH;Dias permanência;42 Santa Catarina;199349,0;sih_cnv_niuf085542201_63_116_66.csv
2023;1.0;SIH;Dias permanência;43 Rio Grande do Sul;385297,0;sih_cnv_niuf085542201_63_116_66.csv
2023;1.0;SIH;Dias permanência;50 Mato Grosso do Sul;73611,0;sih_cnv_niuf085542201_63_116_66.csv
2023;1.0;SIH;Dias permanência;51 Mato Grosso;69722,0;sih_cnv_niuf085542201_63_116_66.csv
2023;1.0;SIH;Dias permanência;52 Goiás;157728,0;sih_cnv_niuf085542201_63_116_66.csv
2023;1.0;SIH;Dias permanência;53 Distrito Federal;103977,0;sih_cnv_niuf085542201_63_116_66.csv
2023;1.0;SIH;Média permanência;11 Rondônia;4,8;sih_cnv_niuf085548187_109_40_194.csv
2023;1.0;SIH;Média permanência;12 Acre;4,2;sih_cnv_niuf085548187_109_40_194.csv
2023;1.0;SIH;Média permanência;13 Amazonas;5,0;sih_cnv_niuf085548187_109_40_194.csv
2023;1.0;SIH;Média permanência;14 Roraima;6,5;sih_cnv_niuf085548187_109_40_194.csv
2023;1.0;SIH;Média permanência;15 Pará;4,4;sih_cnv_niuf085548187_109_40_194.csv
2023;1.0;SIH;Média permanência;16 Amapá;5,5;sih_cnv_niuf085548187_109_40_194.csv
2023;1.0;SIH;Média permanência;17 Tocantins;5,2;sih_cnv_niuf085548187_109_40_194.csv
2023;1.0;SIH;Média permanência;21 Maranhão;4,9;sih_cnv_niuf085548187_109_40_194.csv
2023;1.0;SIH;Média permanência;22 Piauí;5,3;sih_cnv_niuf085548187_109_40_194.csv
2023;1.0;SIH;Média permanência;23 Ceará;6,0;sih_cnv_niuf085548187_109_40_194.csv
2023;1.0;SIH;Média permanência;24 Rio Grande do Norte;5,5;sih_cnv_niuf085548187_109_40_194.csv
2023;1.0;SIH;Média permanência;25 Paraíba;5,7;sih_cnv_niuf085548187_109_40_194.csv
2023;1.0;SIH;Média permanência;26 Pernambuco;5,5;sih_cnv_niuf085548187_109_40_194.csv
2023;1.0;SIH;Média permanência;27 Alagoas;5,8;sih_cnv_niuf085548187_109_40_194.csv
2023;1.0;SIH;Média permanência;28 Sergipe;5,4;sih_cnv_niuf085548187_109_40_194.csv
2023;1.0;SIH;Média permanência;29 Bahia;4,9;sih_cnv_niuf085548187_109_40_194.csv
2023;1.0;SIH;Média permanência;31 Minas Gerais;5,0;sih_cnv_niuf085548187_109_40_194.csv
2023;1.0;SIH;Média permanência;32 Espírito Santo;5,2;sih_cnv_niuf085548187_109_40_194.csv
2023;1.0;SIH;Média permanência;33 Rio de Janeiro;6,7;sih_cnv_niuf085548187_109_40_194.csv
2023;1.0;SIH;Média permanência;35 São Paulo;5,6;sih_cnv_niuf085548187_109_40_194.csv
2023;1.0;SIH;Média permanência;41 Paraná;4,4;sih_cnv_niuf085548187_109_40_194.csv
2023;1.0;SIH;Média permanência;42 Santa Catarina;4,5;sih_cnv_niuf085548187_109_40_194.csv
2023;1.0;SIH;Média permanência;43 Rio Grande do Sul;6,0;sih_cnv_niuf085548187_109_40_194.csv
2023;1.0;SIH;Média permanência;50 Mato Grosso do Sul;4,5;sih_cnv_niuf085548187_109_40_194.csv
2023;1.0;SIH;Média permanência;51 Mato Grosso;4,2;sih_cnv_niuf085548187_109_40_194.csv
2023;1.0;SIH;Média permanência;52 Goiás;4,7;sih_cnv_niuf085548187_109_40_194.csv
2023;1.0;SIH;Média permanência;53 Distrito Federal;5,7;sih_cnv_niuf085548187_109_40_194.csv
2023;7.0;SIH;Internações;11 Rondônia;11348,0;sih_cnv_niuf090129187_72_164_185.csv
2023;7.0;SIH;Internações;12 Acre;5788,0;sih_cnv_niuf090129187_72_164_185.csv
2023;7.0;SIH;Internações;13 Amazonas;22502,0;sih_cnv_niuf090129187_72_164_185.csv
2023;7.0;SIH;Internações;14 Roraima;4201,0;sih_cnv_niuf090129187_72_164_185.csv
2023;7.0;SIH;Internações;15 Pará;45784,0;sih_cnv_niuf090129187_72_164_185.csv
2023;7.0;SIH;Internações;16 Amapá;7883,0;sih_cnv_niuf090129187_72_164_185.csv
2023;7.0;SIH;Internações;17 Tocantins;7760,0;sih_cnv_niuf090129187_72_164_185.csv
2023;7.0;SIH;Internações;21 Maranhão;41270,0;sih_cnv_niuf090129187_72_164_185.csv
2023;7.0;SIH;Internações;22 Piauí;18884,0;sih_cnv_niuf090129187_72_164_185.csv
2023;7.0;SIH;Internações;23 Ceará;46830,0;sih_cnv_niuf090129187_72_164_185.csv
2023;7.0;SIH;Internações;24 Rio Grande do Norte;17708,0;sih_cnv_niuf090129187_72_164_185.csv
2023;7.0;SIH;Internações;25 Paraíba;20062,0;sih_cnv_niuf090129187_72_164_185.csv
2023;7.0;SIH;Internações;26 Pernambuco;52911,0;sih_cnv_niuf090129187_72_164_185.csv
2023;7.0;SIH;Internações;27 Alagoas;14419,0;sih_cnv_niuf090129187_72_164_185.csv
2023;7.0;SIH;Internações;28 Sergipe;10082,0;sih_cnv_niuf090129187_72_164_185.csv
2023;7.0;SIH;Internações;29 Bahia;80058,0;sih_cnv_niuf090129187_72_164_185.csv
2023;7.0;SIH;Internações;31 Minas Gerais;122268,0;sih_cnv_niuf090129187_72_164_185.csv
2023;7.0;SIH;Internações;32 Espírito Santo;24323,0;sih_cnv_niuf090129187_72_164_185.csv
2023;7.0;SIH;Internações;33 Rio de Janeiro;74568,0;sih_cnv_niuf090129187_72_164_185.csv
2023;7.0;SIH;Internações;35 São Paulo;222556,0;sih_cnv_niuf090129187_72_164_185.csv
2023;7.0;SIH;Internações;41 Paraná;77623,0;sih_cnv_niuf090129187_72_164_185.csv
2023;7.0;SIH;Internações;42 Santa Catarina;49034,0;sih_cnv_niuf090129187_72_164_185.csv
2023;7.0;SIH;Internações;43 Rio Grande do Sul;68951,0;sih_cnv_niuf090129187_72_164_185.csv
2023;7.0;SIH;Internações;50 Mato Grosso do Sul;17278,0;sih_cnv_niuf090129187_72_164_185.csv
2023;7.0;SIH;Internações;51 Mato Grosso;19643,0;sih_cnv_niuf090129187_72_164_185.csv
2023;7.0;SIH;Internações;52 Goiás;36701,0;sih_cnv_niuf090129187_72_164_185.csv
2023;7.0;SIH;Internações;53 Distrito Federal;18712,0;sih_cnv_niuf090129187_72_164_185.csv
2023;7.0;SIH;Valor total;11 Rondônia;12444679,49;sih_cnv_niuf090133187_109_40_194.csv
2023;7.0;SIH;Valor total;12 Acre;5692793,93;sih_cnv_niuf090133187_109_40_194.csv
2023;7.0;SIH;Valor total;13 Amazonas;24809424,63;sih_cnv_niuf090133187_109_40_194.csv
2023;7.0;SIH;Valor total;14 Roraima;4040988,99;sih_cnv_niuf090133187_109_40_194.csv
2023;7.0;SIH;Valor total;15 Pará;54114992,86;sih_cnv_niuf090133187_109_40_194.csv
2023;7.0;SIH;Valor total;16 Amapá;5812495,72;sih_cnv_niuf090133187_109_40_194.csv
2023;7.0;SIH;Valor total;17 Tocantins;8917570,89;sih_cnv_niuf090133187_109_40_194.csv
2023;7.0;SIH;Valor total;21 Maranhão;41504822,27;sih_cnv_niuf090133187_109_40_194.csv
2023;7.0;SIH;Valor total;22 Piauí;23012661,22;sih_cnv_niuf090133187_109_40_194.csv
2023;7.0;SIH;Valor total;23 Ceará;64065951,75;sih_cnv_niuf090133187_109_40_194.csv
2023;7.0;SIH;Valor total;24 Rio Grande do Norte;29583184,09;sih_cnv_niuf090133187_109_40_194.csv
2023;7.0;SIH;Valor total;25 Paraíba;30193789,51;sih_cnv_niuf090133187_109_40_194.csv
2023;7.0;SIH;Valor total;26 Pernambuco;83642878,93;sih_cnv_niuf090133187_109_40_194.csv
2023;7.0;SIH;Valor total;27 Alagoas;20094469,78;sih_cnv_niuf090133187_109_40_194.csv
2023;7.0;SIH;Valor total;28 Sergipe;15156013,2;sih_cnv_niuf090133187_109_40_194.csv
2023;7.0;SIH;Valor total;29 Bahia;108655139,8;sih_cnv_niuf090133187_109_40_194.csv
2023;7.0;SIH;Valor total;31 Minas Gerais;218542988,75;sih_cnv_niuf090133187_109_40_194.csv
2023;7.0;SIH;Valor total;32 Espírito Santo;39918705,51;sih_cnv_niuf090133187_109_40_194.csv
2023;7.0;SIH;Valor total;33 Rio de Janeiro;125087470,92;sih_cnv_niuf090133187_109_40_194.csv
2023;7.0;SIH;Valor total;35 São Paulo;385855927,78;sih_cnv_niuf090133187_109_40_194.csv
2023;7.0;SIH;Valor total;41 Paraná;149769437,37;sih_cnv_niuf090133187_109_40_194.csv
2023;7.0;SIH;Valor total;42 Santa Catarina;87535632,27;sih_cnv_niuf090133187_109_40_194.csv
2023;7.0;SIH;Valor total;43 Rio Grande do Sul;116985178,63;sih_cnv_niuf090133187_109_40_194.csv
2023;7.0;SIH;Valor total;50 Mato Grosso do Sul;26569066,08;sih_cnv_niuf090133187_109_40_194.csv
2023;7.0;SIH;Valor total;51 Mato Grosso;24130933,81;sih_cnv_niuf090133187_109_40_194.csv
2023;7.0;SIH;Valor total;52 Goiás;53694836,1;sih_cnv_niuf090133187_109_40_194.csv
2023;7.0;SIH;Valor total;53 Distrito Federal;29034177,33;sih_cnv_niuf090133187_109_40_194.csv
2023;7.0;SIH;Dias permanência;11 Rondônia;55054,0;sih_cnv_niuf090138187_72_164_185.csv
2023;7.0;SIH;Dias permanência;12 Acre;26163,0;sih_cnv_niuf090138187_72_164_185.csv
2023;7.0;SIH;Dias permanência;13 Amazonas;112959,0;sih_cnv_niuf090138187_72_164_185.csv
2023;7.0;SIH;Dias permanência;14 Roraima;28633,0;sih_cnv_niuf090138187_72_164_185.csv
2023;7.0;SIH;Dias permanência;15 Pará;199097,0;sih_cnv_niuf090138187_72_164_185.csv
2023;7.0;SIH;Dias permanência;16 Amapá;21647,0;sih_cnv_niuf090138187_72_164_185.csv
2023;7.0;SIH;Dias permanência;17 Tocantins;38625,0;sih_cnv_niuf090138187_72_164_185.csv
2023;7.0;SIH;Dias permanência;21 Maranhão;211069,0;sih_cnv_niuf090138187_72_164_185.csv
2023;7.0;SIH;Dias permanência;22 Piauí;100692,0;sih_cnv_niuf090138187_72_164_185.csv
2023;7.0;SIH;Dias permanência;23 Ceará;278625,0;sih_cnv_niuf090138187_72_164_185.csv
2023;7.0;SIH;Dias permanência;24 Rio Grande do Norte;85558,0;sih_cnv_niuf090138187_72_164_185.csv
2023;7.0;SIH;Dias permanência;25 Paraíba;108762,0;sih_cnv_niuf090138187_72_164_185.csv
2023;7.0;SIH;Dias permanência;26 Pernambuco;284858,0;sih_cnv_niuf090138187_72_164_185.csv
2023;7.0;SIH;Dias permanência;27 Alagoas;81912,0;sih_cnv_niuf090138187_72_164_185.csv
2023;7.0;SIH;Dias permanência;28 Sergipe;56260,0;sih_cnv_niuf090138187_72_164_185.csv
2023;7.0;SIH;Dias permanência;29 Bahia;376947,0;sih_cnv_niuf090138187_72_164_185.csv
2023;7.0;SIH;Dias permanência;31 Minas Gerais;607434,0;sih_cnv_niuf090138187_72_164_185.csv
2023;7.0;SIH;Dias permanência;32 Espírito Santo;118776,0;sih_cnv_niuf090138187_72_164_185.csv
2023;7.0;SIH;Dias permanência;33 Rio de Janeiro;465994,0;sih_cnv_niuf090138187_72_164_185.csv
2023;7.0;SIH;Dias permanência;35 São Paulo;1219556,0;sih_cnv_niuf090138187_72_164_185.csv
2023;7.0;SIH;Dias permanência;41 Paraná;342186,0;sih_cnv_niuf090138187_72_164_185.csv
2023;7.0;SIH;Dias permanência;42 Santa Catarina;215347,0;sih_cnv_niuf090138187_72_164_185.csv
2023;7.0;SIH;Dias permanência;43 Rio Grande do Sul;424454,0;sih_cnv_niuf090138187_72_164_185.csv
2023;7.0;SIH;Dias permanência;50 Mato Grosso do Sul;79757,0;sih_cnv_niuf090138187_72_164_185.csv
2023;7.0;SIH;Dias permanência;51 Mato Grosso;84204,0;sih_cnv_niuf090138187_72_164_185.csv
2023;7.0;SIH;Dias permanência;52 Goiás;185321,0;sih_cnv_niuf090138187_72_164_185.csv
2023;7.0;SIH;Dias permanência;53 Distrito Federal;109478,0;sih_cnv_niuf090138187_72_164_185.csv
2023;7.0;SIH;Média permanência;11 Rondônia;4,9;sih_cnv_niuf090147187_72_164_185.csv
2023;7.0;SIH;Média permanência;12 Acre;4,5;sih_cnv_niuf090147187_72_164_185.csv
2023;7.0;SIH;Média permanência;13 Amazonas;5,0;sih_cnv_niuf090147187_72_164_185.csv
2023;7.0;SIH;Média permanência;14 Roraima;6,8;sih_cnv_niuf090147187_72_164_185.csv
2023;7.0;SIH;Média permanência;15 Pará;4,3;sih_cnv_niuf090147187_72_164_185.csv
2023;7.0;SIH;Média permanência;16 Amapá;2,7;sih_cnv_niuf090147187_72_164_185.csv
2023;7.0;SIH;Média permanência;17 Tocantins;5,0;sih_cnv_niuf090147187_72_164_185.csv
2023;7.0;SIH;Média permanência;21 Maranhão;5,1;sih_cnv_niuf090147187_72_164_185.csv
2023;7.0;SIH;Média permanência;22 Piauí;5,3;sih_cnv_niuf090147187_72_164_185.csv
2023;7.0;SIH;Média permanência;23 Ceará;5,9;sih_cnv_niuf090147187_72_164_185.csv
2023;7.0;SIH;Média permanência;24 Rio Grande do Norte;4,8;sih_cnv_niuf090147187_72_164_185.csv
2023;7.0;SIH;Média permanência;25 Paraíba;5,4;sih_cnv_niuf090147187_72_164_185.csv
2023;7.0;SIH;Média permanência;26 Pernambuco;5,4;sih_cnv_niuf090147187_72_164_185.csv
2023;7.0;SIH;Média permanência;27 Alagoas;5,7;sih_cnv_niuf090147187_72_164_185.csv
2023;7.0;SIH;Média permanência;28 Sergipe;5,6;sih_cnv_niuf090147187_72_164_185.csv
2023;7.0;SIH;Média permanência;29 Bahia;4,7;sih_cnv_niuf090147187_72_164_185.csv
2023;7.0;SIH;Média permanência;31 Minas Gerais;5,0;sih_cnv_niuf090147187_72_164_185.csv
2023;7.0;SIH;Média permanência;32 Espírito Santo;4,9;sih_cnv_niuf090147187_72_164_185.csv
2023;7.0;SIH;Média permanência;33 Rio de Janeiro;6,2;sih_cnv_niuf090147187_72_164_185.csv
2023;7.0;SIH;Média permanência;35 São Paulo;5,5;sih_cnv_niuf090147187_72_164_185.csv
2023;7.0;SIH;Média permanência;41 Paraná;4,4;sih_cnv_niuf090147187_72_164_185.csv
2023;7.0;SIH;Média permanência;42 Santa Catarina;4,4;sih_cnv_niuf090147187_72_164_185.csv
2023;7.0;SIH;Média permanência;43 Rio Grande do Sul;6,2;sih_cnv_niuf090147187_72_164_185.csv
2023;7.0;SIH;Média permanência;50 Mato Grosso do Sul;4,6;sih_cnv_niuf090147187_72_164_185.csv
2023;7.0;SIH;Média permanência;51 Mato Grosso;4,3;sih_cnv_niuf090147187_72_164_185.csv
2023;7.0;SIH;Média permanência;52 Goiás;5,0;sih_cnv_niuf090147187_72_164_185.csv
2023;7.0;SIH;Média permanência;53 Distrito Federal;5,9;sih_cnv_niuf090147187_72_164_185.csv
2023;6.0;SIH;Internações;11 Rondônia;10776,0;sih_cnv_niuf090039187_51_16_18.csv
2023;6.0;SIH;Internações;12 Acre;5589,0;sih_cnv_niuf090039187_51_16_18.csv
2023;6.0;SIH;Internações;13 Amazonas;19630,0;sih_cnv_niuf090039187_51_16_18.csv
2023;6.0;SIH;Internações;14 Roraima;3915,0;sih_cnv_niuf090039187_51_16_18.csv
2023;6.0;SIH;Internações;15 Pará;43083,0;sih_cnv_niuf090039187_51_16_18.csv
2023;6.0;SIH;Internações;16 Amapá;3802,0;sih_cnv_niuf090039187_51_16_18.csv
2023;6.0;SIH;Internações;17 Tocantins;8151,0;sih_cnv_niuf090039187_51_16_18.csv
2023;6.0;SIH;Internações;21 Maranhão;40017,0;sih_cnv_niuf090039187_51_16_18.csv
2023;6.0;SIH;Internações;22 Piauí;19346,0;sih_cnv_niuf090039187_51_16_18.csv
2023;6.0;SIH;Internações;23 Ceará;48347,0;sih_cnv_niuf090039187_51_16_18.csv
2023;6.0;SIH;Internações;24 Rio Grande do Norte;18690,0;sih_cnv_niuf090039187_51_16_18.csv
2023;6.0;SIH;Internações;25 Paraíba;17873,0;sih_cnv_niuf090039187_51_16_18.csv
2023;6.0;SIH;Internações;26 Pernambuco;51392,0;sih_cnv_niuf090039187_51_16_18.csv
2023;6.0;SIH;Internações;27 Alagoas;13591,0;sih_cnv_niuf090039187_51_16_18.csv
2023;6.0;SIH;Internações;28 Sergipe;8995,0;sih_cnv_niuf090039187_51_16_18.csv
2023;6.0;SIH;Internações;29 Bahia;75221,0;sih_cnv_niuf090039187_51_16_18.csv
2023;6.0;SIH;Internações;31 Minas Gerais;121964,0;sih_cnv_niuf090039187_51_16_18.csv
2023;6.0;SIH;Internações;32 Espírito Santo;25278,0;sih_cnv_niuf090039187_51_16_18.csv
2023;6.0;SIH;Internações;33 Rio de Janeiro;74359,0;sih_cnv_niuf090039187_51_16_18.csv
2023;6.0;SIH;Internações;35 São Paulo;227459,0;sih_cnv_niuf090039187_51_16_18.csv
2023;6.0;SIH;Internações;41 Paraná;77149,0;sih_cnv_niuf090039187_51_16_18.csv
2023;6.0;SIH;Internações;42 Santa Catarina;49055,0;sih_cnv_niuf090039187_51_16_18.csv
2023;6.0;SIH;Internações;43 Rio Grande do Sul;67223,0;sih_cnv_niuf090039187_51_16_18.csv
2023;6.0;SIH;Internações;50 Mato Grosso do Sul;17471,0;sih_cnv_niuf090039187_51_16_18.csv
2023;6.0;SIH;Internações;51 Mato Grosso;20467,0;sih_cnv_niuf090039187_51_16_18.csv
2023;6.0;SIH;Internações;52 Goiás;32775,0;sih_cnv_niuf090039187_51_16_18.csv
2023;6.0;SIH;Internações;53 Distrito Federal;19739,0;sih_cnv_niuf090039187_51_16_18.csv
2023;6.0;SIH;Valor total;11 Rondônia;11277230,28;sih_cnv_niuf090044187_51_16_18.csv
2023;6.0;SIH;Valor total;12 Acre;5124730,29;sih_cnv_niuf090044187_51_16_18.csv
2023;6.0;SIH;Valor total;13 Amazonas;22198453,04;sih_cnv_niuf090044187_51_16_18.csv
2023;6.0;SIH;Valor total;14 Roraima;3817361,58;sih_cnv_niuf090044187_51_16_18.csv
2023;6.0;SIH;Valor total;15 Pará;45951158,29;sih_cnv_niuf090044187_51_16_18.csv
2023;6.0;SIH;Valor total;16 Amapá;3497928,26;sih_cnv_niuf090044187_51_16_18.csv
2023;6.0;SIH;Valor total;17 Tocantins;9213748,9;sih_cnv_niuf090044187_51_16_18.csv
2023;6.0;SIH;Valor total;21 Maranhão;38584912,07;sih_cnv_niuf090044187_51_16_18.csv
2023;6.0;SIH;Valor total;22 Piauí;22927380,71;sih_cnv_niuf090044187_51_16_18.csv
2023;6.0;SIH;Valor total;23 Ceará;63421142,25;sih_cnv_niuf090044187_51_16_18.csv
2023;6.0;SIH;Valor total;24 Rio Grande do Norte;32835830,01;sih_cnv_niuf090044187_51_16_18.csv
2023;6.0;SIH;Valor total;25 Paraíba;23341525,19;sih_cnv_niuf090044187_51_16_18.csv
2023;6.0;SIH;Valor total;26 Pernambuco;83415737,37;sih_cnv_niuf090044187_51_16_18.csv
2023;6.0;SIH;Valor total;27 Alagoas;19103850,72;sih_cnv_niuf090044187_51_16_18.csv
2023;6.0;SIH;Valor total;28 Sergipe;14598630,35;sih_cnv_niuf090044187_51_16_18.csv
2023;6.0;SIH;Valor total;29 Bahia;99178341,35;sih_cnv_niuf090044187_51_16_18.csv
2023;6.0;SIH;Valor total;31 Minas Gerais;215483712,07;sih_cnv_niuf090044187_51_16_18.csv
2023;6.0;SIH;Valor total;32 Espírito Santo;42348234,59;sih_cnv_niuf090044187_51_16_18.csv
2023;6.0;SIH;Valor total;33 Rio de Janeiro;118895118,5;sih_cnv_niuf090044187_51_16_18.csv
2023;6.0;SIH;Valor total;35 São Paulo;388515809,25;sih_cnv_niuf090044187_51_16_18.csv
2023;6.0;SIH;Valor total;41 Paraná;146441919,22;sih_cnv_niuf090044187_51_16_18.csv
2023;6.0;SIH;Valor total;42 Santa Catarina;87833018,53;sih_cnv_niuf090044187_51_16_18.csv
2023;6.0;SIH;Valor total;43 Rio Grande do Sul;113809028,3;sih_cnv_niuf090044187_51_16_18.csv
2023;6.0;SIH;Valor total;50 Mato Grosso do Sul;26354221,47;sih_cnv_niuf090044187_51_16_18.csv
2023;6.0;SIH;Valor total;51 Mato Grosso;24728541,29;sih_cnv_niuf090044187_51_16_18.csv
2023;6.0;SIH;Valor total;52 Goiás;44691938,24;sih_cnv_niuf090044187_51_16_18.csv
2023;6.0;SIH;Valor total;53 Distrito Federal;28258576,0;sih_cnv_niuf090044187_51_16_18.csv
2023;6.0;SIH;Dias permanência;11 Rondônia;52366,0;sih_cnv_niuf090050187_72_164_185.csv
2023;6.0;SIH;Dias permanência;12 Acre;25536,0;sih_cnv_niuf090050187_72_164_185.csv
2023;6.0;SIH;Dias permanência;13 Amazonas;96384,0;sih_cnv_niuf090050187_72_164_185.csv
2023;6.0;SIH;Dias permanência;14 Roraima;23106,0;sih_cnv_niuf090050187_72_164_185.csv
2023;6.0;SIH;Dias permanência;15 Pará;177139,0;sih_cnv_niuf090050187_72_164_185.csv
2023;6.0;SIH;Dias permanência;16 Amapá;20644,0;sih_cnv_niuf090050187_72_164_185.csv
2023;6.0;SIH;Dias permanência;17 Tocantins;41982,0;sih_cnv_niuf090050187_72_164_185.csv
2023;6.0;SIH;Dias permanência;21 Maranhão;193278,0;sih_cnv_niuf090050187_72_164_185.csv
2023;6.0;SIH;Dias permanência;22 Piauí;101181,0;sih_cnv_niuf090050187_72_164_185.csv
2023;6.0;SIH;Dias permanência;23 Ceará;282014,0;sih_cnv_niuf090050187_72_164_185.csv
2023;6.0;SIH;Dias permanência;24 Rio Grande do Norte;88081,0;sih_cnv_niuf090050187_72_164_185.csv
2023;6.0;SIH;Dias permanência;25 Paraíba;98733,0;sih_cnv_niuf090050187_72_164_185.csv
2023;6.0;SIH;Dias permanência;26 Pernambuco;279730,0;sih_cnv_niuf090050187_72_164_185.csv
2023;6.0;SIH;Dias permanência;27 Alagoas;78723,0;sih_cnv_niuf090050187_72_164_185.csv
2023;6.0;SIH;Dias permanência;28 Sergipe;49419,0;sih_cnv_niuf090050187_72_164_185.csv
2023;6.0;SIH;Dias permanência;29 Bahia;349970,0;sih_cnv_niuf090050187_72_164_185.csv
2023;6.0;SIH;Dias permanência;31 Minas Gerais;609247,0;sih_cnv_niuf090050187_72_164_185.csv
2023;6.0;SIH;Dias permanência;32 Espírito Santo;124815,0;sih_cnv_niuf090050187_72_164_185.csv
2023;6.0;SIH;Dias permanência;33 Rio de Janeiro;462220,0;sih_cnv_niuf090050187_72_164_185.csv
2023;6.0;SIH;Dias permanência;35 São Paulo;1230766,0;sih_cnv_niuf090050187_72_164_185.csv
2023;6.0;SIH;Dias permanência;41 Paraná;333180,0;sih_cnv_niuf090050187_72_164_185.csv
2023;6.0;SIH;Dias permanência;42 Santa Catarina;215534,0;sih_cnv_niuf090050187_72_164_185.csv
2023;6.0;SIH;Dias permanência;43 Rio Grande do Sul;405093,0;sih_cnv_niuf090050187_72_164_185.csv
2023;6.0;SIH;Dias permanência;50 Mato Grosso do Sul;78024,0;sih_cnv_niuf090050187_72_164_185.csv
2023;6.0;SIH;Dias permanência;51 Mato Grosso;86855,0;sih_cnv_niuf090050187_72_164_185.csv
2023;6.0;SIH;Dias permanência;52 Goiás;148419,0;sih_cnv_niuf090050187_72_164_185.csv
2023;6.0;SIH;Dias permanência;53 Distrito Federal;115421,0;sih_cnv_niuf090050187_72_164_185.csv
2023;6.0;SIH;Média permanência;11 Rondônia;4,9;sih_cnv_niuf090056187_109_40_194.csv
2023;6.0;SIH;Média permanência;12 Acre;4,6;sih_cnv_niuf090056187_109_40_194.csv
2023;6.0;SIH;Média permanência;13 Amazonas;4,9;sih_cnv_niuf090056187_109_40_194.csv
2023;6.0;SIH;Média permanência;14 Roraima;5,9;sih_cnv_niuf090056187_109_40_194.csv
2023;6.0;SIH;Média permanência;15 Pará;4,1;sih_cnv_niuf090056187_109_40_194.csv
2023;6.0;SIH;Média permanência;16 Amapá;5,4;sih_cnv_niuf090056187_109_40_194.csv
2023;6.0;SIH;Média permanência;17 Tocantins;5,2;sih_cnv_niuf090056187_109_40_194.csv
2023;6.0;SIH;Média permanência;21 Maranhão;4,8;sih_cnv_niuf090056187_109_40_194.csv
2023;6.0;SIH;Média permanência;22 Piauí;5,2;sih_cnv_niuf090056187_109_40_194.csv
2023;6.0;SIH;Média permanência;23 Ceará;5,8;sih_cnv_niuf090056187_109_40_194.csv
2023;6.0;SIH;Média permanência;24 Rio Grande do Norte;4,7;sih_cnv_niuf090056187_109_40_194.csv
2023;6.0;SIH;Média permanência;25 Paraíba;5,5;sih_cnv_niuf090056187_109_40_194.csv
2023;6.0;SIH;Média permanência;26 Pernambuco;5,4;sih_cnv_niuf090056187_109_40_194.csv
2023;6.0;SIH;Média permanência;27 Alagoas;5,8;sih_cnv_niuf090056187_109_40_194.csv
2023;6.0;SIH;Média permanência;28 Sergipe;5,5;sih_cnv_niuf090056187_109_40_194.csv
2023;6.0;SIH;Média permanência;29 Bahia;4,7;sih_cnv_niuf090056187_109_40_194.csv
2023;6.0;SIH;Média permanência;31 Minas Gerais;5,0;sih_cnv_niuf090056187_109_40_194.csv
2023;6.0;SIH;Média permanência;32 Espírito Santo;4,9;sih_cnv_niuf090056187_109_40_194.csv
2023;6.0;SIH;Média permanência;33 Rio de Janeiro;6,2;sih_cnv_niuf090056187_109_40_194.csv
2023;6.0;SIH;Média permanência;35 São Paulo;5,4;sih_cnv_niuf090056187_109_40_194.csv
2023;6.0;SIH;Média permanência;41 Paraná;4,3;sih_cnv_niuf090056187_109_40_194.csv
2023;6.0;SIH;Média permanência;42 Santa Catarina;4,4;sih_cnv_niuf090056187_109_40_194.csv
2023;6.0;SIH;Média permanência;43 Rio Grande do Sul;6,0;sih_cnv_niuf090056187_109_40_194.csv
2023;6.0;SIH;Média permanência;50 Mato Grosso do Sul;4,5;sih_cnv_niuf090056187_109_40_194.csv
2023;6.0;SIH;Média permanência;51 Mato Grosso;4,2;sih_cnv_niuf090056187_109_40_194.csv
2023;6.0;SIH;Média permanência;52 Goiás;4,5;sih_cnv_niuf090056187_109_40_194.csv
2023;6.0;SIH;Média permanência;53 Distrito Federal;5,8;sih_cnv_niuf090056187_109_40_194.csv
2023;5.0;SIH;Internações;11 Rondônia;11799,0;sih_cnv_niuf085930201_63_116_66.csv
2023;5.0;SIH;Internações;12 Acre;5582,0;sih_cnv_niuf085930201_63_116_66.csv
2023;5.0;SIH;Internações;13 Amazonas;19063,0;sih_cnv_niuf085930201_63_116_66.csv
2023;5.0;SIH;Internações;14 Roraima;4054,0;sih_cnv_niuf085930201_63_116_66.csv
2023;5.0;SIH;Internações;15 Pará;44075,0;sih_cnv_niuf085930201_63_116_66.csv
2023;5.0;SIH;Internações;16 Amapá;8830,0;sih_cnv_niuf085930201_63_116_66.csv
2023;5.0;SIH;Internações;17 Tocantins;9593,0;sih_cnv_niuf085930201_63_116_66.csv
2023;5.0;SIH;Internações;21 Maranhão;40488,0;sih_cnv_niuf085930201_63_116_66.csv
2023;5.0;SIH;Internações;22 Piauí;19301,0;sih_cnv_niuf085930201_63_116_66.csv
2023;5.0;SIH;Internações;23 Ceará;48071,0;sih_cnv_niuf085930201_63_116_66.csv
2023;5.0;SIH;Internações;24 Rio Grande do Norte;17281,0;sih_cnv_niuf085930201_63_116_66.csv
2023;5.0;SIH;Internações;25 Paraíba;19285,0;sih_cnv_niuf085930201_63_116_66.csv
2023;5.0;SIH;Internações;26 Pernambuco;52332,0;sih_cnv_niuf085930201_63_116_66.csv
2023;5.0;SIH;Internações;27 Alagoas;12771,0;sih_cnv_niuf085930201_63_116_66.csv
2023;5.0;SIH;Internações;28 Sergipe;10053,0;sih_cnv_niuf085930201_63_116_66.csv
2023;5.0;SIH;Internações;29 Bahia;77794,0;sih_cnv_niuf085930201_63_116_66.csv
2023;5.0;SIH;Internações;31 Minas Gerais;121909,0;sih_cnv_niuf085930201_63_116_66.csv
2023;5.0;SIH;Internações;32 Espírito Santo;24015,0;sih_cnv_niuf085930201_63_116_66.csv
2023;5.0;SIH;Internações;33 Rio de Janeiro;77071,0;sih_cnv_niuf085930201_63_116_66.csv
2023;5.0;SIH;Internações;35 São Paulo;224655,0;sih_cnv_niuf085930201_63_116_66.csv
2023;5.0;SIH;Internações;41 Paraná;78024,0;sih_cnv_niuf085930201_63_116_66.csv
2023;5.0;SIH;Internações;42 Santa Catarina;51208,0;sih_cnv_niuf085930201_63_116_66.csv
2023;5.0;SIH;Internações;43 Rio Grande do Sul;68669,0;sih_cnv_niuf085930201_63_116_66.csv
2023;5.0;SIH;Internações;50 Mato Grosso do Sul;17678,0;sih_cnv_niuf085930201_63_116_66.csv
2023;5.0;SIH;Internações;51 Mato Grosso;19753,0;sih_cnv_niuf085930201_63_116_66.csv
2023;5.0;SIH;Internações;52 Goiás;35599,0;sih_cnv_niuf085930201_63_116_66.csv
2023;5.0;SIH;Internações;53 Distrito Federal;20417,0;sih_cnv_niuf085930201_63_116_66.csv
2023;5.0;SIH;Valor total;11 Rondônia;13764763,75;sih_cnv_niuf085936187_109_40_194.csv
2023;5.0;SIH;Valor total;12 Acre;4845006,75;sih_cnv_niuf085936187_109_40_194.csv
2023;5.0;SIH;Valor total;13 Amazonas;21710028,09;sih_cnv_niuf085936187_109_40_194.csv
2023;5.0;SIH;Valor total;14 Roraima;4435042,77;sih_cnv_niuf085936187_109_40_194.csv
2023;5.0;SIH;Valor total;15 Pará;46925688,76;sih_cnv_niuf085936187_109_40_194.csv
2023;5.0;SIH;Valor total;16 Amapá;6327228,14;sih_cnv_niuf085936187_109_40_194.csv
2023;5.0;SIH;Valor total;17 Tocantins;11471603,73;sih_cnv_niuf085936187_109_40_194.csv
2023;5.0;SIH;Valor total;21 Maranhão;38338055,36;sih_cnv_niuf085936187_109_40_194.csv
2023;5.0;SIH;Valor total;22 Piauí;22614251,89;sih_cnv_niuf085936187_109_40_194.csv
2023;5.0;SIH;Valor total;23 Ceará;65268012,63;sih_cnv_niuf085936187_109_40_194.csv
2023;5.0;SIH;Valor total;24 Rio Grande do Norte;27827309,5;sih_cnv_niuf085936187_109_40_194.csv
2023;5.0;SIH;Valor total;25 Paraíba;25067402,85;sih_cnv_niuf085936187_109_40_194.csv
2023;5.0;SIH;Valor total;26 Pernambuco;81709323,83;sih_cnv_niuf085936187_109_40_194.csv
2023;5.0;SIH;Valor total;27 Alagoas;18392270,57;sih_cnv_niuf085936187_109_40_194.csv
2023;5.0;SIH;Valor total;28 Sergipe;15753639,47;sih_cnv_niuf085936187_109_40_194.csv
2023;5.0;SIH;Valor total;29 Bahia;99794180,76;sih_cnv_niuf085936187_109_40_194.csv
2023;5.0;SIH;Valor total;31 Minas Gerais;210653117,45;sih_cnv_niuf085936187_109_40_194.csv
2023;5.0;SIH;Valor total;32 Espírito Santo;39755863,01;sih_cnv_niuf085936187_109_40_194.csv
2023;5.0;SIH;Valor total;33 Rio de Janeiro;118848501,04;sih_cnv_niuf085936187_109_40_194.csv
2023;5.0;SIH;Valor total;35 São Paulo;365756093,55;sih_cnv_niuf085936187_109_40_194.csv
2023;5.0;SIH;Valor total;41 Paraná;151663502,33;sih_cnv_niuf085936187_109_40_194.csv
2023;5.0;SIH;Valor total;42 Santa Catarina;86601553,55;sih_cnv_niuf085936187_109_40_194.csv
2023;5.0;SIH;Valor total;43 Rio Grande do Sul;112385822,04;sih_cnv_niuf085936187_109_40_194.csv
2023;5.0;SIH;Valor total;50 Mato Grosso do Sul;26973943,11;sih_cnv_niuf085936187_109_40_194.csv
2023;5.0;SIH;Valor total;51 Mato Grosso;23431985,13;sih_cnv_niuf085936187_109_40_194.csv
2023;5.0;SIH;Valor total;52 Goiás;50236532,05;sih_cnv_niuf085936187_109_40_194.csv
2023;5.0;SIH;Valor total;53 Distrito Federal;27495227,73;sih_cnv_niuf085936187_109_40_194.csv
2023;5.0;SIH;Dias permanência;11 Rondônia;59749,0;sih_cnv_niuf085959187_51_16_18.csv
2023;5.0;SIH;Dias permanência;12 Acre;26396,0;sih_cnv_niuf085959187_51_16_18.csv
2023;5.0;SIH;Dias permanência;13 Amazonas;95603,0;sih_cnv_niuf085959187_51_16_18.csv
2023;5.0;SIH;Dias permanência;14 Roraima;27066,0;sih_cnv_niuf085959187_51_16_18.csv
2023;5.0;SIH;Dias permanência;15 Pará;182751,0;sih_cnv_niuf085959187_51_16_18.csv
2023;5.0;SIH;Dias permanência;16 Amapá;23420,0;sih_cnv_niuf085959187_51_16_18.csv
2023;5.0;SIH;Dias permanência;17 Tocantins;57084,0;sih_cnv_niuf085959187_51_16_18.csv
2023;5.0;SIH;Dias permanência;21 Maranhão;200158,0;sih_cnv_niuf085959187_51_16_18.csv
2023;5.0;SIH;Dias permanência;22 Piauí;100419,0;sih_cnv_niuf085959187_51_16_18.csv
2023;5.0;SIH;Dias permanência;23 Ceará;286564,0;sih_cnv_niuf085959187_51_16_18.csv
2023;5.0;SIH;Dias permanência;24 Rio Grande do Norte;82034,0;sih_cnv_niuf085959187_51_16_18.csv
2023;5.0;SIH;Dias permanência;25 Paraíba;105501,0;sih_cnv_niuf085959187_51_16_18.csv
2023;5.0;SIH;Dias permanência;26 Pernambuco;286272,0;sih_cnv_niuf085959187_51_16_18.csv
2023;5.0;SIH;Dias permanência;27 Alagoas;76078,0;sih_cnv_niuf085959187_51_16_18.csv
2023;5.0;SIH;Dias permanência;28 Sergipe;54990,0;sih_cnv_niuf085959187_51_16_18.csv
2023;5.0;SIH;Dias permanência;29 Bahia;359960,0;sih_cnv_niuf085959187_51_16_18.csv
2023;5.0;SIH;Dias permanência;31 Minas Gerais;603716,0;sih_cnv_niuf085959187_51_16_18.csv
2023;5.0;SIH;Dias permanência;32 Espírito Santo;121569,0;sih_cnv_niuf085959187_51_16_18.csv
2023;5.0;SIH;Dias permanência;33 Rio de Janeiro;481332,0;sih_cnv_niuf085959187_51_16_18.csv
2023;5.0;SIH;Dias permanência;35 São Paulo;1192636,0;sih_cnv_niuf085959187_51_16_18.csv
2023;5.0;SIH;Dias permanência;41 Paraná;344911,0;sih_cnv_niuf085959187_51_16_18.csv
2023;5.0;SIH;Dias permanência;42 Santa Catarina;223791,0;sih_cnv_niuf085959187_51_16_18.csv
2023;5.0;SIH;Dias permanência;43 Rio Grande do Sul;402580,0;sih_cnv_niuf085959187_51_16_18.csv
2023;5.0;SIH;Dias permanência;50 Mato Grosso do Sul;80285,0;sih_cnv_niuf085959187_51_16_18.csv
2023;5.0;SIH;Dias permanência;51 Mato Grosso;87146,0;sih_cnv_niuf085959187_51_16_18.csv
2023;5.0;SIH;Dias permanência;52 Goiás;170449,0;sih_cnv_niuf085959187_51_16_18.csv
2023;5.0;SIH;Dias permanência;53 Distrito Federal;113284,0;sih_cnv_niuf085959187_51_16_18.csv
2023;5.0;SIH;Média permanência;11 Rondônia;5,1;sih_cnv_niuf090004201_63_116_66.csv
2023;5.0;SIH;Média permanência;12 Acre;4,7;sih_cnv_niuf090004201_63_116_66.csv
2023;5.0;SIH;Média permanência;13 Amazonas;5,0;sih_cnv_niuf090004201_63_116_66.csv
2023;5.0;SIH;Média permanência;14 Roraima;6,7;sih_cnv_niuf090004201_63_116_66.csv
2023;5.0;SIH;Média permanência;15 Pará;4,1;sih_cnv_niuf090004201_63_116_66.csv
2023;5.0;SIH;Média permanência;16 Amapá;2,7;sih_cnv_niuf090004201_63_116_66.csv
2023;5.0;SIH;Média permanência;17 Tocantins;6,0;sih_cnv_niuf090004201_63_116_66.csv
2023;5.0;SIH;Média permanência;21 Maranhão;4,9;sih_cnv_niuf090004201_63_116_66.csv
2023;5.0;SIH;Média permanência;22 Piauí;5,2;sih_cnv_niuf090004201_63_116_66.csv
2023;5.0;SIH;Média permanência;23 Ceará;6,0;sih_cnv_niuf090004201_63_116_66.csv
2023;5.0;SIH;Média permanência;24 Rio Grande do Norte;4,7;sih_cnv_niuf090004201_63_116_66.csv
2023;5.0;SIH;Média permanência;25 Paraíba;5,5;sih_cnv_niuf090004201_63_116_66.csv
2023;5.0;SIH;Média permanência;26 Pernambuco;5,5;sih_cnv_niuf090004201_63_116_66.csv
2023;5.0;SIH;Média permanência;27 Alagoas;6,0;sih_cnv_niuf090004201_63_116_66.csv
2023;5.0;SIH;Média permanência;28 Sergipe;5,5;sih_cnv_niuf090004201_63_116_66.csv
2023;5.0;SIH;Média permanência;29 Bahia;4,6;sih_cnv_niuf090004201_63_116_66.csv
2023;5.0;SIH;Média permanência;31 Minas Gerais;5,0;sih_cnv_niuf090004201_63_116_66.csv
2023;5.0;SIH;Média permanência;32 Espírito Santo;5,1;sih_cnv_niuf090004201_63_116_66.csv
2023;5.0;SIH;Média permanência;33 Rio de Janeiro;6,2;sih_cnv_niuf090004201_63_116_66.csv
2023;5.0;SIH;Média permanência;35 São Paulo;5,3;sih_cnv_niuf090004201_63_116_66.csv
2023;5.0;SIH;Média permanência;41 Paraná;4,4;sih_cnv_niuf090004201_63_116_66.csv
2023;5.0;SIH;Média permanência;42 Santa Catarina;4,4;sih_cnv_niuf090004201_63_116_66.csv
2023;5.0;SIH;Média permanência;43 Rio Grande do Sul;5,9;sih_cnv_niuf090004201_63_116_66.csv
2023;5.0;SIH;Média permanência;50 Mato Grosso do Sul;4,5;sih_cnv_niuf090004201_63_116_66.csv
2023;5.0;SIH;Média permanência;51 Mato Grosso;4,4;sih_cnv_niuf090004201_63_116_66.csv
2023;5.0;SIH;Média permanência;52 Goiás;4,8;sih_cnv_niuf090004201_63_116_66.csv
2023;5.0;SIH;Média permanência;53 Distrito Federal;5,5;sih_cnv_niuf090004201_63_116_66.csv
2023;3.0;SIH;Internações;11 Rondônia;10976,0;sih_cnv_niuf085729187_109_40_194.csv
2023;3.0;SIH;Internações;12 Acre;5266,0;sih_cnv_niuf085729187_109_40_194.csv
2023;3.0;SIH;Internações;13 Amazonas;18782,0;sih_cnv_niuf085729187_109_40_194.csv
2023;3.0;SIH;Internações;14 Roraima;4495,0;sih_cnv_niuf085729187_109_40_194.csv
2023;3.0;SIH;Internações;15 Pará;43481,0;sih_cnv_niuf085729187_109_40_194.csv
2023;3.0;SIH;Internações;16 Amapá;5499,0;sih_cnv_niuf085729187_109_40_194.csv
2023;3.0;SIH;Internações;17 Tocantins;7689,0;sih_cnv_niuf085729187_109_40_194.csv
2023;3.0;SIH;Internações;21 Maranhão;40445,0;sih_cnv_niuf085729187_109_40_194.csv
2023;3.0;SIH;Internações;22 Piauí;19193,0;sih_cnv_niuf085729187_109_40_194.csv
2023;3.0;SIH;Internações;23 Ceará;46348,0;sih_cnv_niuf085729187_109_40_194.csv
2023;3.0;SIH;Internações;24 Rio Grande do Norte;16855,0;sih_cnv_niuf085729187_109_40_194.csv
2023;3.0;SIH;Internações;25 Paraíba;19028,0;sih_cnv_niuf085729187_109_40_194.csv
2023;3.0;SIH;Internações;26 Pernambuco;52842,0;sih_cnv_niuf085729187_109_40_194.csv
2023;3.0;SIH;Internações;27 Alagoas;12916,0;sih_cnv_niuf085729187_109_40_194.csv
2023;3.0;SIH;Internações;28 Sergipe;9737,0;sih_cnv_niuf085729187_109_40_194.csv
2023;3.0;SIH;Internações;29 Bahia;72905,0;sih_cnv_niuf085729187_109_40_194.csv
2023;3.0;SIH;Internações;31 Minas Gerais;122235,0;sih_cnv_niuf085729187_109_40_194.csv
2023;3.0;SIH;Internações;32 Espírito Santo;23839,0;sih_cnv_niuf085729187_109_40_194.csv
2023;3.0;SIH;Internações;33 Rio de Janeiro;73595,0;sih_cnv_niuf085729187_109_40_194.csv
2023;3.0;SIH;Internações;35 São Paulo;228850,0;sih_cnv_niuf085729187_109_40_194.csv
2023;3.0;SIH;Internações;41 Paraná;77413,0;sih_cnv_niuf085729187_109_40_194.csv
2023;3.0;SIH;Internações;42 Santa Catarina;48225,0;sih_cnv_niuf085729187_109_40_194.csv
2023;3.0;SIH;Internações;43 Rio Grande do Sul;66052,0;sih_cnv_niuf085729187_109_40_194.csv
2023;3.0;SIH;Internações;50 Mato Grosso do Sul;18135,0;sih_cnv_niuf085729187_109_40_194.csv
2023;3.0;SIH;Internações;51 Mato Grosso;19288,0;sih_cnv_niuf085729187_109_40_194.csv
2023;3.0;SIH;Internações;52 Goiás;34635,0;sih_cnv_niuf085729187_109_40_194.csv
2023;3.0;SIH;Internações;53 Distrito Federal;21460,0;sih_cnv_niuf085729187_109_40_194.csv
2023;3.0;SIH;Valor total;11 Rondônia;11221375,96;sih_cnv_niuf085734201_63_116_66.csv
2023;3.0;SIH;Valor total;12 Acre;4927482,49;sih_cnv_niuf085734201_63_116_66.csv
2023;3.0;SIH;Valor total;13 Amazonas;21640609,7;sih_cnv_niuf085734201_63_116_66.csv
2023;3.0;SIH;Valor total;14 Roraima;4597297,19;sih_cnv_niuf085734201_63_116_66.csv
2023;3.0;SIH;Valor total;15 Pará;47376878,7;sih_cnv_niuf085734201_63_116_66.csv
2023;3.0;SIH;Valor total;16 Amapá;4181125,31;sih_cnv_niuf085734201_63_116_66.csv
2023;3.0;SIH;Valor total;17 Tocantins;8650443,54;sih_cnv_niuf085734201_63_116_66.csv
2023;3.0;SIH;Valor total;21 Maranhão;38008297,3;sih_cnv_niuf085734201_63_116_66.csv
2023;3.0;SIH;Valor total;22 Piauí;22747749,86;sih_cnv_niuf085734201_63_116_66.csv
2023;3.0;SIH;Valor total;23 Ceará;61739907,83;sih_cnv_niuf085734201_63_116_66.csv
2023;3.0;SIH;Valor total;24 Rio Grande do Norte;26807380,87;sih_cnv_niuf085734201_63_116_66.csv
2023;3.0;SIH;Valor total;25 Paraíba;26255375,82;sih_cnv_niuf085734201_63_116_66.csv
2023;3.0;SIH;Valor total;26 Pernambuco;81990372,67;sih_cnv_niuf085734201_63_116_66.csv
2023;3.0;SIH;Valor total;27 Alagoas;17973173,37;sih_cnv_niuf085734201_63_116_66.csv
2023;3.0;SIH;Valor total;28 Sergipe;14719276,89;sih_cnv_niuf085734201_63_116_66.csv
2023;3.0;SIH;Valor total;29 Bahia;91973900,05;sih_cnv_niuf085734201_63_116_66.csv
2023;3.0;SIH;Valor total;31 Minas Gerais;211802156,72;sih_cnv_niuf085734201_63_116_66.csv
2023;3.0;SIH;Valor total;32 Espírito Santo;40192708,12;sih_cnv_niuf085734201_63_116_66.csv
2023;3.0;SIH;Valor total;33 Rio de Janeiro;113917288,15;sih_cnv_niuf085734201_63_116_66.csv
2023;3.0;SIH;Valor total;35 São Paulo;378308035,52;sih_cnv_niuf085734201_63_116_66.csv
2023;3.0;SIH;Valor total;41 Paraná;148657427,97;sih_cnv_niuf085734201_63_116_66.csv
2023;3.0;SIH;Valor total;42 Santa Catarina;82616930,11;sih_cnv_niuf085734201_63_116_66.csv
2023;3.0;SIH;Valor total;43 Rio Grande do Sul;111407033,88;sih_cnv_niuf085734201_63_116_66.csv
2023;3.0;SIH;Valor total;50 Mato Grosso do Sul;27007248,29;sih_cnv_niuf085734201_63_116_66.csv
2023;3.0;SIH;Valor total;51 Mato Grosso;22427132,95;sih_cnv_niuf085734201_63_116_66.csv
2023;3.0;SIH;Valor total;52 Goiás;47727999,16;sih_cnv_niuf085734201_63_116_66.csv
2023;3.0;SIH;Valor total;53 Distrito Federal;31525131,65;sih_cnv_niuf085734201_63_116_66.csv
2023;3.0;SIH;Dias permanência;11 Rondônia;48907,0;sih_cnv_niuf085740187_109_40_194.csv
2023;3.0;SIH;Dias permanência;12 Acre;23639,0;sih_cnv_niuf085740187_109_40_194.csv
2023;3.0;SIH;Dias permanência;13 Amazonas;91342,0;sih_cnv_niuf085740187_109_40_194.csv
2023;3.0;SIH;Dias permanência;14 Roraima;30830,0;sih_cnv_niuf085740187_109_40_194.csv
2023;3.0;SIH;Dias permanência;15 Pará;186377,0;sih_cnv_niuf085740187_109_40_194.csv
2023;3.0;SIH;Dias permanência;16 Amapá;19699,0;sih_cnv_niuf085740187_109_40_194.csv
2023;3.0;SIH;Dias permanência;17 Tocantins;38345,0;sih_cnv_niuf085740187_109_40_194.csv
2023;3.0;SIH;Dias permanência;21 Maranhão;196640,0;sih_cnv_niuf085740187_109_40_194.csv
2023;3.0;SIH;Dias permanência;22 Piauí;101575,0;sih_cnv_niuf085740187_109_40_194.csv
2023;3.0;SIH;Dias permanência;23 Ceará;268240,0;sih_cnv_niuf085740187_109_40_194.csv
2023;3.0;SIH;Dias permanência;24 Rio Grande do Norte;84578,0;sih_cnv_niuf085740187_109_40_194.csv
2023;3.0;SIH;Dias permanência;25 Paraíba;105723,0;sih_cnv_niuf085740187_109_40_194.csv
2023;3.0;SIH;Dias permanência;26 Pernambuco;286189,0;sih_cnv_niuf085740187_109_40_194.csv
2023;3.0;SIH;Dias permanência;27 Alagoas;76053,0;sih_cnv_niuf085740187_109_40_194.csv
2023;3.0;SIH;Dias permanência;28 Sergipe;50192,0;sih_cnv_niuf085740187_109_40_194.csv
2023;3.0;SIH;Dias permanência;29 Bahia;339476,0;sih_cnv_niuf085740187_109_40_194.csv
2023;3.0;SIH;Dias permanência;31 Minas Gerais;598274,0;sih_cnv_niuf085740187_109_40_194.csv
2023;3.0;SIH;Dias permanência;32 Espírito Santo;120065,0;sih_cnv_niuf085740187_109_40_194.csv
2023;3.0;SIH;Dias permanência;33 Rio de Janeiro;459672,0;sih_cnv_niuf085740187_109_40_194.csv
2023;3.0;SIH;Dias permanência;35 São Paulo;1216335,0;sih_cnv_niuf085740187_109_40_194.csv
2023;3.0;SIH;Dias permanência;41 Paraná;336110,0;sih_cnv_niuf085740187_109_40_194.csv
2023;3.0;SIH;Dias permanência;42 Santa Catarina;217794,0;sih_cnv_niuf085740187_109_40_194.csv
2023;3.0;SIH;Dias permanência;43 Rio Grande do Sul;391382,0;sih_cnv_niuf085740187_109_40_194.csv
2023;3.0;SIH;Dias permanência;50 Mato Grosso do Sul;80695,0;sih_cnv_niuf085740187_109_40_194.csv
2023;3.0;SIH;Dias permanência;51 Mato Grosso;82727,0;sih_cnv_niuf085740187_109_40_194.csv
2023;3.0;SIH;Dias permanência;52 Goiás;169234,0;sih_cnv_niuf085740187_109_40_194.csv
2023;3.0;SIH;Dias permanência;53 Distrito Federal;124033,0;sih_cnv_niuf085740187_109_40_194.csv
2023;3.0;SIH;Média permanência;11 Rondônia;4,5;sih_cnv_niuf085744187_51_16_18.csv
2023;3.0;SIH;Média permanência;12 Acre;4,5;sih_cnv_niuf085744187_51_16_18.csv
2023;3.0;SIH;Média permanência;13 Amazonas;4,9;sih_cnv_niuf085744187_51_16_18.csv
2023;3.0;SIH;Média permanência;14 Roraima;6,9;sih_cnv_niuf085744187_51_16_18.csv
2023;3.0;SIH;Média permanência;15 Pará;4,3;sih_cnv_niuf085744187_51_16_18.csv
2023;3.0;SIH;Média permanência;16 Amapá;3,6;sih_cnv_niuf085744187_51_16_18.csv
2023;3.0;SIH;Média permanência;17 Tocantins;5,0;sih_cnv_niuf085744187_51_16_18.csv
2023;3.0;SIH;Média permanência;21 Maranhão;4,9;sih_cnv_niuf085744187_51_16_18.csv
2023;3.0;SIH;Média permanência;22 Piauí;5,3;sih_cnv_niuf085744187_51_16_18.csv
2023;3.0;SIH;Média permanência;23 Ceará;5,8;sih_cnv_niuf085744187_51_16_18.csv
2023;3.0;SIH;Média permanência;24 Rio Grande do Norte;5,0;sih_cnv_niuf085744187_51_16_18.csv
2023;3.0;SIH;Média permanência;25 Paraíba;5,6;sih_cnv_niuf085744187_51_16_18.csv
2023;3.0;SIH;Média permanência;26 Pernambuco;5,4;sih_cnv_niuf085744187_51_16_18.csv
2023;3.0;SIH;Média permanência;27 Alagoas;5,9;sih_cnv_niuf085744187_51_16_18.csv
2023;3.0;SIH;Média permanência;28 Sergipe;5,2;sih_cnv_niuf085744187_51_16_18.csv
2023;3.0;SIH;Média permanência;29 Bahia;4,7;sih_cnv_niuf085744187_51_16_18.csv
2023;3.0;SIH;Média permanência;31 Minas Gerais;4,9;sih_cnv_niuf085744187_51_16_18.csv
2023;3.0;SIH;Média permanência;32 Espírito Santo;5,0;sih_cnv_niuf085744187_51_16_18.csv
2023;3.0;SIH;Média permanência;33 Rio de Janeiro;6,2;sih_cnv_niuf085744187_51_16_18.csv
2023;3.0;SIH;Média permanência;35 São Paulo;5,3;sih_cnv_niuf085744187_51_16_18.csv
2023;3.0;SIH;Média permanência;41 Paraná;4,3;sih_cnv_niuf085744187_51_16_18.csv
2023;3.0;SIH;Média permanência;42 Santa Catarina;4,5;sih_cnv_niuf085744187_51_16_18.csv
2023;3.0;SIH;Média permanência;43 Rio Grande do Sul;5,9;sih_cnv_niuf085744187_51_16_18.csv
2023;3.0;SIH;Média permanência;50 Mato Grosso do Sul;4,4;sih_cnv_niuf085744187_51_16_18.csv
2023;3.0;SIH;Média permanência;51 Mato Grosso;4,3;sih_cnv_niuf085744187_51_16_18.csv
2023;3.0;SIH;Média permanência;52 Goiás;4,9;sih_cnv_niuf085744187_51_16_18.csv
2023;3.0;SIH;Média permanência;53 Distrito Federal;5,8;sih_cnv_niuf085744187_51_16_18.csv
2023;11.0;SIH;Internações;11 Rondônia;11311,0;sih_cnv_niuf090649187_51_16_18.csv
2023;11.0;SIH;Internações;12 Acre;5507,0;sih_cnv_niuf090649187_51_16_18.csv
2023;11.0;SIH;Internações;13 Amazonas;17116,0;sih_cnv_niuf090649187_51_16_18.csv
2023;11.0;SIH;Internações;14 Roraima;3632,0;sih_cnv_niuf090649187_51_16_18.csv
2023;11.0;SIH;Internações;15 Pará;43480,0;sih_cnv_niuf090649187_51_16_18.csv
2023;11.0;SIH;Internações;16 Amapá;3447,0;sih_cnv_niuf090649187_51_16_18.csv
2023;11.0;SIH;Internações;17 Tocantins;7263,0;sih_cnv_niuf090649187_51_16_18.csv
2023;11.0;SIH;Internações;21 Maranhão;41314,0;sih_cnv_niuf090649187_51_16_18.csv
2023;11.0;SIH;Internações;22 Piauí;18593,0;sih_cnv_niuf090649187_51_16_18.csv
2023;11.0;SIH;Internações;23 Ceará;46991,0;sih_cnv_niuf090649187_51_16_18.csv
2023;11.0;SIH;Internações;24 Rio Grande do Norte;16642,0;sih_cnv_niuf090649187_51_16_18.csv
2023;11.0;SIH;Internações;25 Paraíba;18773,0;sih_cnv_niuf090649187_51_16_18.csv
2023;11.0;SIH;Internações;26 Pernambuco;51970,0;sih_cnv_niuf090649187_51_16_18.csv
2023;11.0;SIH;Internações;27 Alagoas;13797,0;sih_cnv_niuf090649187_51_16_18.csv
2023;11.0;SIH;Internações;28 Sergipe;9767,0;sih_cnv_niuf090649187_51_16_18.csv
2023;11.0;SIH;Internações;29 Bahia;74547,0;sih_cnv_niuf090649187_51_16_18.csv
2023;11.0;SIH;Internações;31 Minas Gerais;122386,0;sih_cnv_niuf090649187_51_16_18.csv
2023;11.0;SIH;Internações;32 Espírito Santo;23881,0;sih_cnv_niuf090649187_51_16_18.csv
2023;11.0;SIH;Internações;33 Rio de Janeiro;73813,0;sih_cnv_niuf090649187_51_16_18.csv
2023;11.0;SIH;Internações;35 São Paulo;213472,0;sih_cnv_niuf090649187_51_16_18.csv
2023;11.0;SIH;Internações;41 Paraná;78618,0;sih_cnv_niuf090649187_51_16_18.csv
2023;11.0;SIH;Internações;42 Santa Catarina;49309,0;sih_cnv_niuf090649187_51_16_18.csv
2023;11.0;SIH;Internações;43 Rio Grande do Sul;67640,0;sih_cnv_niuf090649187_51_16_18.csv
2023;11.0;SIH;Internações;50 Mato Grosso do Sul;17426,0;sih_cnv_niuf090649187_51_16_18.csv
2023;11.0;SIH;Internações;51 Mato Grosso;18302,0;sih_cnv_niuf090649187_51_16_18.csv
2023;11.0;SIH;Internações;52 Goiás;33473,0;sih_cnv_niuf090649187_51_16_18.csv
2023;11.0;SIH;Internações;53 Distrito Federal;19394,0;sih_cnv_niuf090649187_51_16_18.csv
2023;11.0;SIH;Valor total;11 Rondônia;11563523,69;sih_cnv_niuf090653187_51_16_18.csv
2023;11.0;SIH;Valor total;12 Acre;5712687,05;sih_cnv_niuf090653187_51_16_18.csv
2023;11.0;SIH;Valor total;13 Amazonas;18998160,66;sih_cnv_niuf090653187_51_16_18.csv
2023;11.0;SIH;Valor total;14 Roraima;3795465,55;sih_cnv_niuf090653187_51_16_18.csv
2023;11.0;SIH;Valor total;15 Pará;55893962,12;sih_cnv_niuf090653187_51_16_18.csv
2023;11.0;SIH;Valor total;16 Amapá;3159223,35;sih_cnv_niuf090653187_51_16_18.csv
2023;11.0;SIH;Valor total;17 Tocantins;8625420,22;sih_cnv_niuf090653187_51_16_18.csv
2023;11.0;SIH;Valor total;21 Maranhão;43797720,53;sih_cnv_niuf090653187_51_16_18.csv
2023;11.0;SIH;Valor total;22 Piauí;23220140,98;sih_cnv_niuf090653187_51_16_18.csv
2023;11.0;SIH;Valor total;23 Ceará;67067447,84;sih_cnv_niuf090653187_51_16_18.csv
2023;11.0;SIH;Valor total;24 Rio Grande do Norte;28144656,48;sih_cnv_niuf090653187_51_16_18.csv
2023;11.0;SIH;Valor total;25 Paraíba;31101372,22;sih_cnv_niuf090653187_51_16_18.csv
2023;11.0;SIH;Valor total;26 Pernambuco;86445975,54;sih_cnv_niuf090653187_51_16_18.csv
2023;11.0;SIH;Valor total;27 Alagoas;20453722,41;sih_cnv_niuf090653187_51_16_18.csv
2023;11.0;SIH;Valor total;28 Sergipe;16618062,13;sih_cnv_niuf090653187_51_16_18.csv
2023;11.0;SIH;Valor total;29 Bahia;98709126,96;sih_cnv_niuf090653187_51_16_18.csv
2023;11.0;SIH;Valor total;31 Minas Gerais;220140168,43;sih_cnv_niuf090653187_51_16_18.csv
2023;11.0;SIH;Valor total;32 Espírito Santo;41162200,95;sih_cnv_niuf090653187_51_16_18.csv
2023;11.0;SIH;Valor total;33 Rio de Janeiro;133042405,97;sih_cnv_niuf090653187_51_16_18.csv
2023;11.0;SIH;Valor total;35 São Paulo;373419177,71;sih_cnv_niuf090653187_51_16_18.csv
2023;11.0;SIH;Valor total;41 Paraná;155408486,65;sih_cnv_niuf090653187_51_16_18.csv
2023;11.0;SIH;Valor total;42 Santa Catarina;91183911,6;sih_cnv_niuf090653187_51_16_18.csv
2023;11.0;SIH;Valor total;43 Rio Grande do Sul;114961512,78;sih_cnv_niuf090653187_51_16_18.csv
2023;11.0;SIH;Valor total;50 Mato Grosso do Sul;27575792,21;sih_cnv_niuf090653187_51_16_18.csv
2023;11.0;SIH;Valor total;51 Mato Grosso;22926179,61;sih_cnv_niuf090653187_51_16_18.csv
2023;11.0;SIH;Valor total;52 Goiás;48308101,45;sih_cnv_niuf090653187_51_16_18.csv
2023;11.0;SIH;Valor total;53 Distrito Federal;30810835,09;sih_cnv_niuf090653187_51_16_18.csv
2023;11.0;SIH;Dias permanência;11 Rondônia;54528,0;sih_cnv_niuf090700187_51_16_18.csv
2023;11.0;SIH;Dias permanência;12 Acre;27051,0;sih_cnv_niuf090700187_51_16_18.csv
2023;11.0;SIH;Dias permanência;13 Amazonas;81813,0;sih_cnv_niuf090700187_51_16_18.csv
2023;11.0;SIH;Dias permanência;14 Roraima;25871,0;sih_cnv_niuf090700187_51_16_18.csv
2023;11.0;SIH;Dias permanência;15 Pará;184422,0;sih_cnv_niuf090700187_51_16_18.csv
2023;11.0;SIH;Dias permanência;16 Amapá;19119,0;sih_cnv_niuf090700187_51_16_18.csv
2023;11.0;SIH;Dias permanência;17 Tocantins;34009,0;sih_cnv_niuf090700187_51_16_18.csv
2023;11.0;SIH;Dias permanência;21 Maranhão;211404,0;sih_cnv_niuf090700187_51_16_18.csv
2023;11.0;SIH;Dias permanência;22 Piauí;98650,0;sih_cnv_niuf090700187_51_16_18.csv
2023;11.0;SIH;Dias permanência;23 Ceará;274982,0;sih_cnv_niuf090700187_51_16_18.csv
2023;11.0;SIH;Dias permanência;24 Rio Grande do Norte;82257,0;sih_cnv_niuf090700187_51_16_18.csv
2023;11.0;SIH;Dias permanência;25 Paraíba;100897,0;sih_cnv_niuf090700187_51_16_18.csv
2023;11.0;SIH;Dias permanência;26 Pernambuco;276455,0;sih_cnv_niuf090700187_51_16_18.csv
2023;11.0;SIH;Dias permanência;27 Alagoas;79385,0;sih_cnv_niuf090700187_51_16_18.csv
2023;11.0;SIH;Dias permanência;28 Sergipe;54351,0;sih_cnv_niuf090700187_51_16_18.csv
2023;11.0;SIH;Dias permanência;29 Bahia;347737,0;sih_cnv_niuf090700187_51_16_18.csv
2023;11.0;SIH;Dias permanência;31 Minas Gerais;588753,0;sih_cnv_niuf090700187_51_16_18.csv
2023;11.0;SIH;Dias permanência;32 Espírito Santo;121014,0;sih_cnv_niuf090700187_51_16_18.csv
2023;11.0;SIH;Dias permanência;33 Rio de Janeiro;465697,0;sih_cnv_niuf090700187_51_16_18.csv
2023;11.0;SIH;Dias permanência;35 São Paulo;1142144,0;sih_cnv_niuf090700187_51_16_18.csv
2023;11.0;SIH;Dias permanência;41 Paraná;333588,0;sih_cnv_niuf090700187_51_16_18.csv
2023;11.0;SIH;Dias permanência;42 Santa Catarina;208995,0;sih_cnv_niuf090700187_51_16_18.csv
2023;11.0;SIH;Dias permanência;43 Rio Grande do Sul;404601,0;sih_cnv_niuf090700187_51_16_18.csv
2023;11.0;SIH;Dias permanência;50 Mato Grosso do Sul;77752,0;sih_cnv_niuf090700187_51_16_18.csv
2023;11.0;SIH;Dias permanência;51 Mato Grosso;82908,0;sih_cnv_niuf090700187_51_16_18.csv
2023;11.0;SIH;Dias permanência;52 Goiás;155852,0;sih_cnv_niuf090700187_51_16_18.csv
2023;11.0;SIH;Dias permanência;53 Distrito Federal;112253,0;sih_cnv_niuf090700187_51_16_18.csv
2023;11.0;SIH;Média permanência;11 Rondônia;4,8;sih_cnv_niuf090705187_109_40_194.csv
2023;11.0;SIH;Média permanência;12 Acre;4,9;sih_cnv_niuf090705187_109_40_194.csv
2023;11.0;SIH;Média permanência;13 Amazonas;4,8;sih_cnv_niuf090705187_109_40_194.csv
2023;11.0;SIH;Média permanência;14 Roraima;7,1;sih_cnv_niuf090705187_109_40_194.csv
2023;11.0;SIH;Média permanência;15 Pará;4,2;sih_cnv_niuf090705187_109_40_194.csv
2023;11.0;SIH;Média permanência;16 Amapá;5,5;sih_cnv_niuf090705187_109_40_194.csv
2023;11.0;SIH;Média permanência;17 Tocantins;4,7;sih_cnv_niuf090705187_109_40_194.csv
2023;11.0;SIH;Média permanência;21 Maranhão;5,1;sih_cnv_niuf090705187_109_40_194.csv
2023;11.0;SIH;Média permanência;22 Piauí;5,3;sih_cnv_niuf090705187_109_40_194.csv
2023;11.0;SIH;Média permanência;23 Ceará;5,9;sih_cnv_niuf090705187_109_40_194.csv
2023;11.0;SIH;Média permanência;24 Rio Grande do Norte;4,9;sih_cnv_niuf090705187_109_40_194.csv
2023;11.0;SIH;Média permanência;25 Paraíba;5,4;sih_cnv_niuf090705187_109_40_194.csv
2023;11.0;SIH;Média permanência;26 Pernambuco;5,3;sih_cnv_niuf090705187_109_40_194.csv
2023;11.0;SIH;Média permanência;27 Alagoas;5,8;sih_cnv_niuf090705187_109_40_194.csv
2023;11.0;SIH;Média permanência;28 Sergipe;5,6;sih_cnv_niuf090705187_109_40_194.csv
2023;11.0;SIH;Média permanência;29 Bahia;4,7;sih_cnv_niuf090705187_109_40_194.csv
2023;11.0;SIH;Média permanência;31 Minas Gerais;4,8;sih_cnv_niuf090705187_109_40_194.csv
2023;11.0;SIH;Média permanência;32 Espírito Santo;5,1;sih_cnv_niuf090705187_109_40_194.csv
2023;11.0;SIH;Média permanência;33 Rio de Janeiro;6,3;sih_cnv_niuf090705187_109_40_194.csv
2023;11.0;SIH;Média permanência;35 São Paulo;5,4;sih_cnv_niuf090705187_109_40_194.csv
2023;11.0;SIH;Média permanência;41 Paraná;4,2;sih_cnv_niuf090705187_109_40_194.csv
2023;11.0;SIH;Média permanência;42 Santa Catarina;4,2;sih_cnv_niuf090705187_109_40_194.csv
2023;11.0;SIH;Média permanência;43 Rio Grande do Sul;6,0;sih_cnv_niuf090705187_109_40_194.csv
2023;11.0;SIH;Média permanência;50 Mato Grosso do Sul;4,5;sih_cnv_niuf090705187_109_40_194.csv
2023;11.0;SIH;Média permanência;51 Mato Grosso;4,5;sih_cnv_niuf090705187_109_40_194.csv
2023;11.0;SIH;Média permanência;52 Goiás;4,7;sih_cnv_niuf090705187_109_40_194.csv
2023;11.0;SIH;Média permanência;53 Distrito Federal;5,8;sih_cnv_niuf090705187_109_40_194.csv
2023;10.0;SIH;Internações;11 Rondônia;10863,0;sih_cnv_niuf090514187_51_16_18.csv
2023;10.0;SIH;Internações;12 Acre;4191,0;sih_cnv_niuf090514187_51_16_18.csv
2023;10.0;SIH;Internações;13 Amazonas;16347,0;sih_cnv_niuf090514187_51_16_18.csv
2023;10.0;SIH;Internações;14 Roraima;2171,0;sih_cnv_niuf090514187_51_16_18.csv
2023;10.0;SIH;Internações;15 Pará;44366,0;sih_cnv_niuf090514187_51_16_18.csv
2023;10.0;SIH;Internações;16 Amapá;3339,0;sih_cnv_niuf090514187_51_16_18.csv
2023;10.0;SIH;Internações;17 Tocantins;8211,0;sih_cnv_niuf090514187_51_16_18.csv
2023;10.0;SIH;Internações;21 Maranhão;39727,0;sih_cnv_niuf090514187_51_16_18.csv
2023;10.0;SIH;Internações;22 Piauí;19050,0;sih_cnv_niuf090514187_51_16_18.csv
2023;10.0;SIH;Internações;23 Ceará;46884,0;sih_cnv_niuf090514187_51_16_18.csv
2023;10.0;SIH;Internações;24 Rio Grande do Norte;18174,0;sih_cnv_niuf090514187_51_16_18.csv
2023;10.0;SIH;Internações;25 Paraíba;19756,0;sih_cnv_niuf090514187_51_16_18.csv
2023;10.0;SIH;Internações;26 Pernambuco;54987,0;sih_cnv_niuf090514187_51_16_18.csv
2023;10.0;SIH;Internações;27 Alagoas;14644,0;sih_cnv_niuf090514187_51_16_18.csv
2023;10.0;SIH;Internações;28 Sergipe;10227,0;sih_cnv_niuf090514187_51_16_18.csv
2023;10.0;SIH;Internações;29 Bahia;77952,0;sih_cnv_niuf090514187_51_16_18.csv
2023;10.0;SIH;Internações;31 Minas Gerais;120526,0;sih_cnv_niuf090514187_51_16_18.csv
2023;10.0;SIH;Internações;32 Espírito Santo;25017,0;sih_cnv_niuf090514187_51_16_18.csv
2023;10.0;SIH;Internações;33 Rio de Janeiro;78676,0;sih_cnv_niuf090514187_51_16_18.csv
2023;10.0;SIH;Internações;35 São Paulo;219768,0;sih_cnv_niuf090514187_51_16_18.csv
2023;10.0;SIH;Internações;41 Paraná;78594,0;sih_cnv_niuf090514187_51_16_18.csv
2023;10.0;SIH;Internações;42 Santa Catarina;49216,0;sih_cnv_niuf090514187_51_16_18.csv
2023;10.0;SIH;Internações;43 Rio Grande do Sul;68306,0;sih_cnv_niuf090514187_51_16_18.csv
2023;10.0;SIH;Internações;50 Mato Grosso do Sul;17147,0;sih_cnv_niuf090514187_51_16_18.csv
2023;10.0;SIH;Internações;51 Mato Grosso;18876,0;sih_cnv_niuf090514187_51_16_18.csv
2023;10.0;SIH;Internações;52 Goiás;33639,0;sih_cnv_niuf090514187_51_16_18.csv
2023;10.0;SIH;Internações;53 Distrito Federal;19917,0;sih_cnv_niuf090514187_51_16_18.csv
2023;10.0;SIH;Valor total;11 Rondônia;12090863,69;sih_cnv_niuf090520187_72_164_185.csv
2023;10.0;SIH;Valor total;12 Acre;4150926,64;sih_cnv_niuf090520187_72_164_185.csv
2023;10.0;SIH;Valor total;13 Amazonas;19797764,15;sih_cnv_niuf090520187_72_164_185.csv
2023;10.0;SIH;Valor total;14 Roraima;2443674,72;sih_cnv_niuf090520187_72_164_185.csv
2023;10.0;SIH;Valor total;15 Pará;50894073,84;sih_cnv_niuf090520187_72_164_185.csv
2023;10.0;SIH;Valor total;16 Amapá;3361503,59;sih_cnv_niuf090520187_72_164_185.csv
2023;10.0;SIH;Valor total;17 Tocantins;9155601,68;sih_cnv_niuf090520187_72_164_185.csv
2023;10.0;SIH;Valor total;21 Maranhão;40207688,97;sih_cnv_niuf090520187_72_164_185.csv
2023;10.0;SIH;Valor total;22 Piauí;22561682,28;sih_cnv_niuf090520187_72_164_185.csv
2023;10.0;SIH;Valor total;23 Ceará;66981083,9;sih_cnv_niuf090520187_72_164_185.csv
2023;10.0;SIH;Valor total;24 Rio Grande do Norte;30185422,63;sih_cnv_niuf090520187_72_164_185.csv
2023;10.0;SIH;Valor total;25 Paraíba;30215839,57;sih_cnv_niuf090520187_72_164_185.csv
2023;10.0;SIH;Valor total;26 Pernambuco;91687772,0;sih_cnv_niuf090520187_72_164_185.csv
2023;10.0;SIH;Valor total;27 Alagoas;21308280,41;sih_cnv_niuf090520187_72_164_185.csv
2023;10.0;SIH;Valor total;28 Sergipe;15530697,1;sih_cnv_niuf090520187_72_164_185.csv
2023;10.0;SIH;Valor total;29 Bahia;105534432,68;sih_cnv_niuf090520187_72_164_185.csv
2023;10.0;SIH;Valor total;31 Minas Gerais;217593878,03;sih_cnv_niuf090520187_72_164_185.csv
2023;10.0;SIH;Valor total;32 Espírito Santo;44918417,8;sih_cnv_niuf090520187_72_164_185.csv
2023;10.0;SIH;Valor total;33 Rio de Janeiro;137662503,11;sih_cnv_niuf090520187_72_164_185.csv
2023;10.0;SIH;Valor total;35 São Paulo;388403751,62;sih_cnv_niuf090520187_72_164_185.csv
2023;10.0;SIH;Valor total;41 Paraná;153868888,36;sih_cnv_niuf090520187_72_164_185.csv
2023;10.0;SIH;Valor total;42 Santa Catarina;90773229,1;sih_cnv_niuf090520187_72_164_185.csv
2023;10.0;SIH;Valor total;43 Rio Grande do Sul;122327620,35;sih_cnv_niuf090520187_72_164_185.csv
2023;10.0;SIH;Valor total;50 Mato Grosso do Sul;26868302,1;sih_cnv_niuf090520187_72_164_185.csv
2023;10.0;SIH;Valor total;51 Mato Grosso;22623239,98;sih_cnv_niuf090520187_72_164_185.csv
2023;10.0;SIH;Valor total;52 Goiás;50907320,73;sih_cnv_niuf090520187_72_164_185.csv
2023;10.0;SIH;Valor total;53 Distrito Federal;29140137,92;sih_cnv_niuf090520187_72_164_185.csv
2023;10.0;SIH;Dias permanência;11 Rondônia;54565,0;sih_cnv_niuf090527187_109_40_194.csv
2023;10.0;SIH;Dias permanência;12 Acre;19623,0;sih_cnv_niuf090527187_109_40_194.csv
2023;10.0;SIH;Dias permanência;13 Amazonas;80049,0;sih_cnv_niuf090527187_109_40_194.csv
2023;10.0;SIH;Dias permanência;14 Roraima;15835,0;sih_cnv_niuf090527187_109_40_194.csv
2023;10.0;SIH;Dias permanência;15 Pará;185790,0;sih_cnv_niuf090527187_109_40_194.csv
2023;10.0;SIH;Dias permanência;16 Amapá;20336,0;sih_cnv_niuf090527187_109_40_194.csv
2023;10.0;SIH;Dias permanência;17 Tocantins;38869,0;sih_cnv_niuf090527187_109_40_194.csv
2023;10.0;SIH;Dias permanência;21 Maranhão;198751,0;sih_cnv_niuf090527187_109_40_194.csv
2023;10.0;SIH;Dias permanência;22 Piauí;95315,0;sih_cnv_niuf090527187_109_40_194.csv
2023;10.0;SIH;Dias permanência;23 Ceará;268922,0;sih_cnv_niuf090527187_109_40_194.csv
2023;10.0;SIH;Dias permanência;24 Rio Grande do Norte;88398,0;sih_cnv_niuf090527187_109_40_194.csv
2023;10.0;SIH;Dias permanência;25 Paraíba;104801,0;sih_cnv_niuf090527187_109_40_194.csv
2023;10.0;SIH;Dias permanência;26 Pernambuco;294195,0;sih_cnv_niuf090527187_109_40_194.csv
2023;10.0;SIH;Dias permanência;27 Alagoas;82624,0;sih_cnv_niuf090527187_109_40_194.csv
2023;10.0;SIH;Dias permanência;28 Sergipe;52093,0;sih_cnv_niuf090527187_109_40_194.csv
2023;10.0;SIH;Dias permanência;29 Bahia;361144,0;sih_cnv_niuf090527187_109_40_194.csv
2023;10.0;SIH;Dias permanência;31 Minas Gerais;589298,0;sih_cnv_niuf090527187_109_40_194.csv
2023;10.0;SIH;Dias permanência;32 Espírito Santo;129164,0;sih_cnv_niuf090527187_109_40_194.csv
2023;10.0;SIH;Dias permanência;33 Rio de Janeiro;474192,0;sih_cnv_niuf090527187_109_40_194.csv
2023;10.0;SIH;Dias permanência;35 São Paulo;1188794,0;sih_cnv_niuf090527187_109_40_194.csv
2023;10.0;SIH;Dias permanência;41 Paraná;339101,0;sih_cnv_niuf090527187_109_40_194.csv
2023;10.0;SIH;Dias permanência;42 Santa Catarina;212165,0;sih_cnv_niuf090527187_109_40_194.csv
2023;10.0;SIH;Dias permanência;43 Rio Grande do Sul;422154,0;sih_cnv_niuf090527187_109_40_194.csv
2023;10.0;SIH;Dias permanência;50 Mato Grosso do Sul;76709,0;sih_cnv_niuf090527187_109_40_194.csv
2023;10.0;SIH;Dias permanência;51 Mato Grosso;81853,0;sih_cnv_niuf090527187_109_40_194.csv
2023;10.0;SIH;Dias permanência;52 Goiás;159333,0;sih_cnv_niuf090527187_109_40_194.csv
2023;10.0;SIH;Dias permanência;53 Distrito Federal;114239,0;sih_cnv_niuf090527187_109_40_194.csv
2023;10.0;SIH;Média permanência;11 Rondônia;5,0;sih_cnv_niuf090535187_72_164_185.csv
2023;10.0;SIH;Média permanência;12 Acre;4,7;sih_cnv_niuf090535187_72_164_185.csv
2023;10.0;SIH;Média permanência;13 Amazonas;4,9;sih_cnv_niuf090535187_72_164_185.csv
2023;10.0;SIH;Média permanência;14 Roraima;7,3;sih_cnv_niuf090535187_72_164_185.csv
2023;10.0;SIH;Média permanência;15 Pará;4,2;sih_cnv_niuf090535187_72_164_185.csv
2023;10.0;SIH;Média permanência;16 Amapá;6,1;sih_cnv_niuf090535187_72_164_185.csv
2023;10.0;SIH;Média permanência;17 Tocantins;4,7;sih_cnv_niuf090535187_72_164_185.csv
2023;10.0;SIH;Média permanência;21 Maranhão;5,0;sih_cnv_niuf090535187_72_164_185.csv
2023;10.0;SIH;Média permanência;22 Piauí;5,0;sih_cnv_niuf090535187_72_164_185.csv
2023;10.0;SIH;Média permanência;23 Ceará;5,7;sih_cnv_niuf090535187_72_164_185.csv
2023;10.0;SIH;Média permanência;24 Rio Grande do Norte;4,9;sih_cnv_niuf090535187_72_164_185.csv
2023;10.0;SIH;Média permanência;25 Paraíba;5,3;sih_cnv_niuf090535187_72_164_185.csv
2023;10.0;SIH;Média permanência;26 Pernambuco;5,4;sih_cnv_niuf090535187_72_164_185.csv
2023;10.0;SIH;Média permanência;27 Alagoas;5,6;sih_cnv_niuf090535187_72_164_185.csv
2023;10.0;SIH;Média permanência;28 Sergipe;5,1;sih_cnv_niuf090535187_72_164_185.csv
2023;10.0;SIH;Média permanência;29 Bahia;4,6;sih_cnv_niuf090535187_72_164_185.csv
2023;10.0;SIH;Média permanência;31 Minas Gerais;4,9;sih_cnv_niuf090535187_72_164_185.csv
2023;10.0;SIH;Média permanência;32 Espírito Santo;5,2;sih_cnv_niuf090535187_72_164_185.csv
2023;10.0;SIH;Média permanência;33 Rio de Janeiro;6,0;sih_cnv_niuf090535187_72_164_185.csv
2023;10.0;SIH;Média permanência;35 São Paulo;5,4;sih_cnv_niuf090535187_72_164_185.csv
2023;10.0;SIH;Média permanência;41 Paraná;4,3;sih_cnv_niuf090535187_72_164_185.csv
2023;10.0;SIH;Média permanência;42 Santa Catarina;4,3;sih_cnv_niuf090535187_72_164_185.csv
2023;10.0;SIH;Média permanência;43 Rio Grande do Sul;6,2;sih_cnv_niuf090535187_72_164_185.csv
2023;10.0;SIH;Média permanência;50 Mato Grosso do Sul;4,5;sih_cnv_niuf090535187_72_164_185.csv
2023;10.0;SIH;Média permanência;51 Mato Grosso;4,3;sih_cnv_niuf090535187_72_164_185.csv
2023;10.0;SIH;Média permanência;52 Goiás;4,7;sih_cnv_niuf090535187_72_164_185.csv
2023;10.0;SIH;Média permanência;53 Distrito Federal;5,7;sih_cnv_niuf090535187_72_164_185.csv
2023;9.0;SIH;Internações;11 Rondônia;11194,0;sih_cnv_niuf090343187_72_164_185.csv
2023;9.0;SIH;Internações;12 Acre;4771,0;sih_cnv_niuf090343187_72_164_185.csv
2023;9.0;SIH;Internações;13 Amazonas;15551,0;sih_cnv_niuf090343187_72_164_185.csv
2023;9.0;SIH;Internações;14 Roraima;1535,0;sih_cnv_niuf090343187_72_164_185.csv
2023;9.0;SIH;Internações;15 Pará;45018,0;sih_cnv_niuf090343187_72_164_185.csv
2023;9.0;SIH;Internações;16 Amapá;3531,0;sih_cnv_niuf090343187_72_164_185.csv
2023;9.0;SIH;Internações;17 Tocantins;8289,0;sih_cnv_niuf090343187_72_164_185.csv
2023;9.0;SIH;Internações;21 Maranhão;39871,0;sih_cnv_niuf090343187_72_164_185.csv
2023;9.0;SIH;Internações;22 Piauí;19942,0;sih_cnv_niuf090343187_72_164_185.csv
2023;9.0;SIH;Internações;23 Ceará;46738,0;sih_cnv_niuf090343187_72_164_185.csv
2023;9.0;SIH;Internações;24 Rio Grande do Norte;18014,0;sih_cnv_niuf090343187_72_164_185.csv
2023;9.0;SIH;Internações;25 Paraíba;19893,0;sih_cnv_niuf090343187_72_164_185.csv
2023;9.0;SIH;Internações;26 Pernambuco;49432,0;sih_cnv_niuf090343187_72_164_185.csv
2023;9.0;SIH;Internações;27 Alagoas;14695,0;sih_cnv_niuf090343187_72_164_185.csv
2023;9.0;SIH;Internações;28 Sergipe;10101,0;sih_cnv_niuf090343187_72_164_185.csv
2023;9.0;SIH;Internações;29 Bahia;74772,0;sih_cnv_niuf090343187_72_164_185.csv
2023;9.0;SIH;Internações;31 Minas Gerais;121955,0;sih_cnv_niuf090343187_72_164_185.csv
2023;9.0;SIH;Internações;32 Espírito Santo;24927,0;sih_cnv_niuf090343187_72_164_185.csv
2023;9.0;SIH;Internações;33 Rio de Janeiro;75826,0;sih_cnv_niuf090343187_72_164_185.csv
2023;9.0;SIH;Internações;35 São Paulo;219042,0;sih_cnv_niuf090343187_72_164_185.csv
2023;9.0;SIH;Internações;41 Paraná;80166,0;sih_cnv_niuf090343187_72_164_185.csv
2023;9.0;SIH;Internações;42 Santa Catarina;50611,0;sih_cnv_niuf090343187_72_164_185.csv
2023;9.0;SIH;Internações;43 Rio Grande do Sul;67032,0;sih_cnv_niuf090343187_72_164_185.csv
2023;9.0;SIH;Internações;50 Mato Grosso do Sul;17861,0;sih_cnv_niuf090343187_72_164_185.csv
2023;9.0;SIH;Internações;51 Mato Grosso;18980,0;sih_cnv_niuf090343187_72_164_185.csv
2023;9.0;SIH;Internações;52 Goiás;35598,0;sih_cnv_niuf090343187_72_164_185.csv
2023;9.0;SIH;Internações;53 Distrito Federal;21003,0;sih_cnv_niuf090343187_72_164_185.csv
2023;9.0;SIH;Valor total;11 Rondônia;11282365,63;sih_cnv_niuf090349187_72_164_185.csv
2023;9.0;SIH;Valor total;12 Acre;4019181,11;sih_cnv_niuf090349187_72_164_185.csv
2023;9.0;SIH;Valor total;13 Amazonas;17602429,09;sih_cnv_niuf090349187_72_164_185.csv
2023;9.0;SIH;Valor total;14 Roraima;1679849,33;sih_cnv_niuf090349187_72_164_185.csv
2023;9.0;SIH;Valor total;15 Pará;51309289,37;sih_cnv_niuf090349187_72_164_185.csv
2023;9.0;SIH;Valor total;16 Amapá;3218091,37;sih_cnv_niuf090349187_72_164_185.csv
2023;9.0;SIH;Valor total;17 Tocantins;9424205,68;sih_cnv_niuf090349187_72_164_185.csv
2023;9.0;SIH;Valor total;21 Maranhão;41758040,46;sih_cnv_niuf090349187_72_164_185.csv
2023;9.0;SIH;Valor total;22 Piauí;24604607,4;sih_cnv_niuf090349187_72_164_185.csv
2023;9.0;SIH;Valor total;23 Ceará;64110952,2;sih_cnv_niuf090349187_72_164_185.csv
2023;9.0;SIH;Valor total;24 Rio Grande do Norte;29358824,4;sih_cnv_niuf090349187_72_164_185.csv
2023;9.0;SIH;Valor total;25 Paraíba;28755341,92;sih_cnv_niuf090349187_72_164_185.csv
2023;9.0;SIH;Valor total;26 Pernambuco;82548619,72;sih_cnv_niuf090349187_72_164_185.csv
2023;9.0;SIH;Valor total;27 Alagoas;21029742,89;sih_cnv_niuf090349187_72_164_185.csv
2023;9.0;SIH;Valor total;28 Sergipe;15148715,45;sih_cnv_niuf090349187_72_164_185.csv
2023;9.0;SIH;Valor total;29 Bahia;100183543,36;sih_cnv_niuf090349187_72_164_185.csv
2023;9.0;SIH;Valor total;31 Minas Gerais;215486706,97;sih_cnv_niuf090349187_72_164_185.csv
2023;9.0;SIH;Valor total;32 Espírito Santo;40132960,17;sih_cnv_niuf090349187_72_164_185.csv
2023;9.0;SIH;Valor total;33 Rio de Janeiro;128040375,58;sih_cnv_niuf090349187_72_164_185.csv
2023;9.0;SIH;Valor total;35 São Paulo;379851938,89;sih_cnv_niuf090349187_72_164_185.csv
2023;9.0;SIH;Valor total;41 Paraná;154099945,81;sih_cnv_niuf090349187_72_164_185.csv
2023;9.0;SIH;Valor total;42 Santa Catarina;89581734,43;sih_cnv_niuf090349187_72_164_185.csv
2023;9.0;SIH;Valor total;43 Rio Grande do Sul;116546657,8;sih_cnv_niuf090349187_72_164_185.csv
2023;9.0;SIH;Valor total;50 Mato Grosso do Sul;28200723,03;sih_cnv_niuf090349187_72_164_185.csv
2023;9.0;SIH;Valor total;51 Mato Grosso;23377773,31;sih_cnv_niuf090349187_72_164_185.csv
2023;9.0;SIH;Valor total;52 Goiás;50069018,7;sih_cnv_niuf090349187_72_164_185.csv
2023;9.0;SIH;Valor total;53 Distrito Federal;31609763,57;sih_cnv_niuf090349187_72_164_185.csv
2023;9.0;SIH;Dias permanência;11 Rondônia;53755,0;sih_cnv_niuf090354187_72_164_185.csv
2023;9.0;SIH;Dias permanência;12 Acre;21831,0;sih_cnv_niuf090354187_72_164_185.csv
2023;9.0;SIH;Dias permanência;13 Amazonas;72253,0;sih_cnv_niuf090354187_72_164_185.csv
2023;9.0;SIH;Dias permanência;14 Roraima;12186,0;sih_cnv_niuf090354187_72_164_185.csv
2023;9.0;SIH;Dias permanência;15 Pará;187707,0;sih_cnv_niuf090354187_72_164_185.csv
2023;9.0;SIH;Dias permanência;16 Amapá;20784,0;sih_cnv_niuf090354187_72_164_185.csv
2023;9.0;SIH;Dias permanência;17 Tocantins;40362,0;sih_cnv_niuf090354187_72_164_185.csv
2023;9.0;SIH;Dias permanência;21 Maranhão;205892,0;sih_cnv_niuf090354187_72_164_185.csv
2023;9.0;SIH;Dias permanência;22 Piauí;104700,0;sih_cnv_niuf090354187_72_164_185.csv
2023;9.0;SIH;Dias permanência;23 Ceará;275262,0;sih_cnv_niuf090354187_72_164_185.csv
2023;9.0;SIH;Dias permanência;24 Rio Grande do Norte;82665,0;sih_cnv_niuf090354187_72_164_185.csv
2023;9.0;SIH;Dias permanência;25 Paraíba;103042,0;sih_cnv_niuf090354187_72_164_185.csv
2023;9.0;SIH;Dias permanência;26 Pernambuco;250489,0;sih_cnv_niuf090354187_72_164_185.csv
2023;9.0;SIH;Dias permanência;27 Alagoas;83694,0;sih_cnv_niuf090354187_72_164_185.csv
2023;9.0;SIH;Dias permanência;28 Sergipe;54345,0;sih_cnv_niuf090354187_72_164_185.csv
2023;9.0;SIH;Dias permanência;29 Bahia;356867,0;sih_cnv_niuf090354187_72_164_185.csv
2023;9.0;SIH;Dias permanência;31 Minas Gerais;590427,0;sih_cnv_niuf090354187_72_164_185.csv
2023;9.0;SIH;Dias permanência;32 Espírito Santo;122432,0;sih_cnv_niuf090354187_72_164_185.csv
2023;9.0;SIH;Dias permanência;33 Rio de Janeiro;473235,0;sih_cnv_niuf090354187_72_164_185.csv
2023;9.0;SIH;Dias permanência;35 São Paulo;1157492,0;sih_cnv_niuf090354187_72_164_185.csv
2023;9.0;SIH;Dias permanência;41 Paraná;342632,0;sih_cnv_niuf090354187_72_164_185.csv
2023;9.0;SIH;Dias permanência;42 Santa Catarina;214928,0;sih_cnv_niuf090354187_72_164_185.csv
2023;9.0;SIH;Dias permanência;43 Rio Grande do Sul;402733,0;sih_cnv_niuf090354187_72_164_185.csv
2023;9.0;SIH;Dias permanência;50 Mato Grosso do Sul;81242,0;sih_cnv_niuf090354187_72_164_185.csv
2023;9.0;SIH;Dias permanência;51 Mato Grosso;84210,0;sih_cnv_niuf090354187_72_164_185.csv
2023;9.0;SIH;Dias permanência;52 Goiás;167722,0;sih_cnv_niuf090354187_72_164_185.csv
2023;9.0;SIH;Dias permanência;53 Distrito Federal;120550,0;sih_cnv_niuf090354187_72_164_185.csv
2023;9.0;SIH;Média permanência;11 Rondônia;4,8;sih_cnv_niuf090403187_109_40_194.csv
2023;9.0;SIH;Média permanência;12 Acre;4,6;sih_cnv_niuf090403187_109_40_194.csv
2023;9.0;SIH;Média permanência;13 Amazonas;4,6;sih_cnv_niuf090403187_109_40_194.csv
2023;9.0;SIH;Média permanência;14 Roraima;7,9;sih_cnv_niuf090403187_109_40_194.csv
2023;9.0;SIH;Média permanência;15 Pará;4,2;sih_cnv_niuf090403187_109_40_194.csv
2023;9.0;SIH;Média permanência;16 Amapá;5,9;sih_cnv_niuf090403187_109_40_194.csv
2023;9.0;SIH;Média permanência;17 Tocantins;4,9;sih_cnv_niuf090403187_109_40_194.csv
2023;9.0;SIH;Média permanência;21 Maranhão;5,2;sih_cnv_niuf090403187_109_40_194.csv
2023;9.0;SIH;Média permanência;22 Piauí;5,3;sih_cnv_niuf090403187_109_40_194.csv
2023;9.0;SIH;Média permanência;23 Ceará;5,9;sih_cnv_niuf090403187_109_40_194.csv
2023;9.0;SIH;Média permanência;24 Rio Grande do Norte;4,6;sih_cnv_niuf090403187_109_40_194.csv
2023;9.0;SIH;Média permanência;25 Paraíba;5,2;sih_cnv_niuf090403187_109_40_194.csv
2023;9.0;SIH;Média permanência;26 Pernambuco;5,1;sih_cnv_niuf090403187_109_40_194.csv
2023;9.0;SIH;Média permanência;27 Alagoas;5,7;sih_cnv_niuf090403187_109_40_194.csv
2023;9.0;SIH;Média permanência;28 Sergipe;5,4;sih_cnv_niuf090403187_109_40_194.csv
2023;9.0;SIH;Média permanência;29 Bahia;4,8;sih_cnv_niuf090403187_109_40_194.csv
2023;9.0;SIH;Média permanência;31 Minas Gerais;4,8;sih_cnv_niuf090403187_109_40_194.csv
2023;9.0;SIH;Média permanência;32 Espírito Santo;4,9;sih_cnv_niuf090403187_109_40_194.csv
2023;9.0;SIH;Média permanência;33 Rio de Janeiro;6,2;sih_cnv_niuf090403187_109_40_194.csv
2023;9.0;SIH;Média permanência;35 São Paulo;5,3;sih_cnv_niuf090403187_109_40_194.csv
2023;9.0;SIH;Média permanência;41 Paraná;4,3;sih_cnv_niuf090403187_109_40_194.csv
2023;9.0;SIH;Média permanência;42 Santa Catarina;4,2;sih_cnv_niuf090403187_109_40_194.csv
2023;9.0;SIH;Média permanência;43 Rio Grande do Sul;6,0;sih_cnv_niuf090403187_109_40_194.csv
2023;9.0;SIH;Média permanência;50 Mato Grosso do Sul;4,5;sih_cnv_niuf090403187_109_40_194.csv
2023;9.0;SIH;Média permanência;51 Mato Grosso;4,4;sih_cnv_niuf090403187_109_40_194.csv
2023;9.0;SIH;Média permanência;52 Goiás;4,7;sih_cnv_niuf090403187_109_40_194.csv
2023;9.0;SIH;Média permanência;53 Distrito Federal;5,7;sih_cnv_niuf090403187_109_40_194.csv
2024;4.0;SIH;Internações;11 Rondônia;11349,0;sih_cnv_niuf082809187_72_164_185.csv
2024;4.0;SIH;Internações;12 Acre;5214,0;sih_cnv_niuf082809187_72_164_185.csv
2024;4.0;SIH;Internações;13 Amazonas;19406,0;sih_cnv_niuf082809187_72_164_185.csv
2024;4.0;SIH;Internações;14 Roraima;3041,0;sih_cnv_niuf082809187_72_164_185.csv
2024;4.0;SIH;Internações;15 Pará;47449,0;sih_cnv_niuf082809187_72_164_185.csv
2024;4.0;SIH;Internações;16 Amapá;4427,0;sih_cnv_niuf082809187_72_164_185.csv
2024;4.0;SIH;Internações;17 Tocantins;9250,0;sih_cnv_niuf082809187_72_164_185.csv
2024;4.0;SIH;Internações;21 Maranhão;42203,0;sih_cnv_niuf082809187_72_164_185.csv
2024;4.0;SIH;Internações;22 Piauí;19688,0;sih_cnv_niuf082809187_72_164_185.csv
2024;4.0;SIH;Internações;23 Ceará;52277,0;sih_cnv_niuf082809187_72_164_185.csv
2024;4.0;SIH;Internações;24 Rio Grande do Norte;17621,0;sih_cnv_niuf082809187_72_164_185.csv
2024;4.0;SIH;Internações;25 Paraíba;22535,0;sih_cnv_niuf082809187_72_164_185.csv
2024;4.0;SIH;Internações;26 Pernambuco;58304,0;sih_cnv_niuf082809187_72_164_185.csv
2024;4.0;SIH;Internações;27 Alagoas;14583,0;sih_cnv_niuf082809187_72_164_185.csv
2024;4.0;SIH;Internações;28 Sergipe;10729,0;sih_cnv_niuf082809187_72_164_185.csv
2024;4.0;SIH;Internações;29 Bahia;84206,0;sih_cnv_niuf082809187_72_164_185.csv
2024;4.0;SIH;Internações;31 Minas Gerais;138541,0;sih_cnv_niuf082809187_72_164_185.csv
2024;4.0;SIH;Internações;32 Espírito Santo;26934,0;sih_cnv_niuf082809187_72_164_185.csv
2024;4.0;SIH;Internações;33 Rio de Janeiro;76055,0;sih_cnv_niuf082809187_72_164_185.csv
2024;4.0;SIH;Internações;35 São Paulo;240294,0;sih_cnv_niuf082809187_72_164_185.csv
2024;4.0;SIH;Internações;41 Paraná;84375,0;sih_cnv_niuf082809187_72_164_185.csv
2024;4.0;SIH;Internações;42 Santa Catarina;54529,0;sih_cnv_niuf082809187_72_164_185.csv
2024;4.0;SIH;Internações;43 Rio Grande do Sul;69066,0;sih_cnv_niuf082809187_72_164_185.csv
2024;4.0;SIH;Internações;50 Mato Grosso do Sul;18307,0;sih_cnv_niuf082809187_72_164_185.csv
2024;4.0;SIH;Internações;51 Mato Grosso;21256,0;sih_cnv_niuf082809187_72_164_185.csv
2024;4.0;SIH;Internações;52 Goiás;39707,0;sih_cnv_niuf082809187_72_164_185.csv
2024;4.0;SIH;Internações;53 Distrito Federal;22276,0;sih_cnv_niuf082809187_72_164_185.csv
2024;4.0;SIH;Valor total;11 Rondônia;11659719,69;sih_cnv_niuf082814201_63_116_66.csv
2024;4.0;SIH;Valor total;12 Acre;5560094,15;sih_cnv_niuf082814201_63_116_66.csv
2024;4.0;SIH;Valor total;13 Amazonas;23629526,98;sih_cnv_niuf082814201_63_116_66.csv
2024;4.0;SIH;Valor total;14 Roraima;2733348,91;sih_cnv_niuf082814201_63_116_66.csv
2024;4.0;SIH;Valor total;15 Pará;54729671,79;sih_cnv_niuf082814201_63_116_66.csv
2024;4.0;SIH;Valor total;16 Amapá;3880761,58;sih_cnv_niuf082814201_63_116_66.csv
2024;4.0;SIH;Valor total;17 Tocantins;10722707,84;sih_cnv_niuf082814201_63_116_66.csv
2024;4.0;SIH;Valor total;21 Maranhão;44316118,11;sih_cnv_niuf082814201_63_116_66.csv
2024;4.0;SIH;Valor total;22 Piauí;24619949,12;sih_cnv_niuf082814201_63_116_66.csv
2024;4.0;SIH;Valor total;23 Ceará;73442724,81;sih_cnv_niuf082814201_63_116_66.csv
2024;4.0;SIH;Valor total;24 Rio Grande do Norte;30375906,94;sih_cnv_niuf082814201_63_116_66.csv
2024;4.0;SIH;Valor total;25 Paraíba;43987411,18;sih_cnv_niuf082814201_63_116_66.csv
2024;4.0;SIH;Valor total;26 Pernambuco;94385766,78;sih_cnv_niuf082814201_63_116_66.csv
2024;4.0;SIH;Valor total;27 Alagoas;20987403,44;sih_cnv_niuf082814201_63_116_66.csv
2024;4.0;SIH;Valor total;28 Sergipe;19527356,47;sih_cnv_niuf082814201_63_116_66.csv
2024;4.0;SIH;Valor total;29 Bahia;103541565,0;sih_cnv_niuf082814201_63_116_66.csv
2024;4.0;SIH;Valor total;31 Minas Gerais;243349024,03;sih_cnv_niuf082814201_63_116_66.csv
2024;4.0;SIH;Valor total;32 Espírito Santo;45651837,24;sih_cnv_niuf082814201_63_116_66.csv
2024;4.0;SIH;Valor total;33 Rio de Janeiro;129686313,95;sih_cnv_niuf082814201_63_116_66.csv
2024;4.0;SIH;Valor total;35 São Paulo;422515565,76;sih_cnv_niuf082814201_63_116_66.csv
2024;4.0;SIH;Valor total;41 Paraná;163384840,57;sih_cnv_niuf082814201_63_116_66.csv
2024;4.0;SIH;Valor total;42 Santa Catarina;121564463,96;sih_cnv_niuf082814201_63_116_66.csv
2024;4.0;SIH;Valor total;43 Rio Grande do Sul;123267880,41;sih_cnv_niuf082814201_63_116_66.csv
2024;4.0;SIH;Valor total;50 Mato Grosso do Sul;27159526,89;sih_cnv_niuf082814201_63_116_66.csv
2024;4.0;SIH;Valor total;51 Mato Grosso;26289650,31;sih_cnv_niuf082814201_63_116_66.csv
2024;4.0;SIH;Valor total;52 Goiás;56252450,68;sih_cnv_niuf082814201_63_116_66.csv
2024;4.0;SIH;Valor total;53 Distrito Federal;34009043,94;sih_cnv_niuf082814201_63_116_66.csv
2024;4.0;SIH;Dias permanência;11 Rondônia;54175,0;sih_cnv_niuf082823187_72_164_185.csv
2024;4.0;SIH;Dias permanência;12 Acre;25915,0;sih_cnv_niuf082823187_72_164_185.csv
2024;4.0;SIH;Dias permanência;13 Amazonas;98912,0;sih_cnv_niuf082823187_72_164_185.csv
2024;4.0;SIH;Dias permanência;14 Roraima;19840,0;sih_cnv_niuf082823187_72_164_185.csv
2024;4.0;SIH;Dias permanência;15 Pará;194621,0;sih_cnv_niuf082823187_72_164_185.csv
2024;4.0;SIH;Dias permanência;16 Amapá;20281,0;sih_cnv_niuf082823187_72_164_185.csv
2024;4.0;SIH;Dias permanência;17 Tocantins;49236,0;sih_cnv_niuf082823187_72_164_185.csv
2024;4.0;SIH;Dias permanência;21 Maranhão;210056,0;sih_cnv_niuf082823187_72_164_185.csv
2024;4.0;SIH;Dias permanência;22 Piauí;103644,0;sih_cnv_niuf082823187_72_164_185.csv
2024;4.0;SIH;Dias permanência;23 Ceará;300074,0;sih_cnv_niuf082823187_72_164_185.csv
2024;4.0;SIH;Dias permanência;24 Rio Grande do Norte;80853,0;sih_cnv_niuf082823187_72_164_185.csv
2024;4.0;SIH;Dias permanência;25 Paraíba;117559,0;sih_cnv_niuf082823187_72_164_185.csv
2024;4.0;SIH;Dias permanência;26 Pernambuco;299622,0;sih_cnv_niuf082823187_72_164_185.csv
2024;4.0;SIH;Dias permanência;27 Alagoas;83759,0;sih_cnv_niuf082823187_72_164_185.csv
2024;4.0;SIH;Dias permanência;28 Sergipe;55177,0;sih_cnv_niuf082823187_72_164_185.csv
2024;4.0;SIH;Dias permanência;29 Bahia;385199,0;sih_cnv_niuf082823187_72_164_185.csv
2024;4.0;SIH;Dias permanência;31 Minas Gerais;661385,0;sih_cnv_niuf082823187_72_164_185.csv
2024;4.0;SIH;Dias permanência;32 Espírito Santo;132070,0;sih_cnv_niuf082823187_72_164_185.csv
2024;4.0;SIH;Dias permanência;33 Rio de Janeiro;456000,0;sih_cnv_niuf082823187_72_164_185.csv
2024;4.0;SIH;Dias permanência;35 São Paulo;1232421,0;sih_cnv_niuf082823187_72_164_185.csv
2024;4.0;SIH;Dias permanência;41 Paraná;351582,0;sih_cnv_niuf082823187_72_164_185.csv
2024;4.0;SIH;Dias permanência;42 Santa Catarina;227000,0;sih_cnv_niuf082823187_72_164_185.csv
2024;4.0;SIH;Dias permanência;43 Rio Grande do Sul;397015,0;sih_cnv_niuf082823187_72_164_185.csv
2024;4.0;SIH;Dias permanência;50 Mato Grosso do Sul;81231,0;sih_cnv_niuf082823187_72_164_185.csv
2024;4.0;SIH;Dias permanência;51 Mato Grosso;93195,0;sih_cnv_niuf082823187_72_164_185.csv
2024;4.0;SIH;Dias permanência;52 Goiás;174573,0;sih_cnv_niuf082823187_72_164_185.csv
2024;4.0;SIH;Dias permanência;53 Distrito Federal;129528,0;sih_cnv_niuf082823187_72_164_185.csv
2024;4.0;SIH;Média permanência;11 Rondônia;4,8;sih_cnv_niuf082828187_109_40_194.csv
2024;4.0;SIH;Média permanência;12 Acre;5,0;sih_cnv_niuf082828187_109_40_194.csv
2024;4.0;SIH;Média permanência;13 Amazonas;5,1;sih_cnv_niuf082828187_109_40_194.csv
2024;4.0;SIH;Média permanência;14 Roraima;6,5;sih_cnv_niuf082828187_109_40_194.csv
2024;4.0;SIH;Média permanência;15 Pará;4,1;sih_cnv_niuf082828187_109_40_194.csv
2024;4.0;SIH;Média permanência;16 Amapá;4,6;sih_cnv_niuf082828187_109_40_194.csv
2024;4.0;SIH;Média permanência;17 Tocantins;5,3;sih_cnv_niuf082828187_109_40_194.csv
2024;4.0;SIH;Média permanência;21 Maranhão;5,0;sih_cnv_niuf082828187_109_40_194.csv
2024;4.0;SIH;Média permanência;22 Piauí;5,3;sih_cnv_niuf082828187_109_40_194.csv
2024;4.0;SIH;Média permanência;23 Ceará;5,7;sih_cnv_niuf082828187_109_40_194.csv
2024;4.0;SIH;Média permanência;24 Rio Grande do Norte;4,6;sih_cnv_niuf082828187_109_40_194.csv
2024;4.0;SIH;Média permanência;25 Paraíba;5,2;sih_cnv_niuf082828187_109_40_194.csv
2024;4.0;SIH;Média permanência;26 Pernambuco;5,1;sih_cnv_niuf082828187_109_40_194.csv
2024;4.0;SIH;Média permanência;27 Alagoas;5,7;sih_cnv_niuf082828187_109_40_194.csv
2024;4.0;SIH;Média permanência;28 Sergipe;5,1;sih_cnv_niuf082828187_109_40_194.csv
2024;4.0;SIH;Média permanência;29 Bahia;4,6;sih_cnv_niuf082828187_109_40_194.csv
2024;4.0;SIH;Média permanência;31 Minas Gerais;4,8;sih_cnv_niuf082828187_109_40_194.csv
2024;4.0;SIH;Média permanência;32 Espírito Santo;4,9;sih_cnv_niuf082828187_109_40_194.csv
2024;4.0;SIH;Média permanência;33 Rio de Janeiro;6,0;sih_cnv_niuf082828187_109_40_194.csv
2024;4.0;SIH;Média permanência;35 São Paulo;5,1;sih_cnv_niuf082828187_109_40_194.csv
2024;4.0;SIH;Média permanência;41 Paraná;4,2;sih_cnv_niuf082828187_109_40_194.csv
2024;4.0;SIH;Média permanência;42 Santa Catarina;4,2;sih_cnv_niuf082828187_109_40_194.csv
2024;4.0;SIH;Média permanência;43 Rio Grande do Sul;5,7;sih_cnv_niuf082828187_109_40_194.csv
2024;4.0;SIH;Média permanência;50 Mato Grosso do Sul;4,4;sih_cnv_niuf082828187_109_40_194.csv
2024;4.0;SIH;Média permanência;51 Mato Grosso;4,4;sih_cnv_niuf082828187_109_40_194.csv
2024;4.0;SIH;Média permanência;52 Goiás;4,4;sih_cnv_niuf082828187_109_40_194.csv
2024;4.0;SIH;Média permanência;53 Distrito Federal;5,8;sih_cnv_niuf082828187_109_40_194.csv
2024;8.0;SIH;Internações;11 Rondônia;11769,0;sih_cnv_niuf081912187_51_16_18.csv
2024;8.0;SIH;Internações;12 Acre;4712,0;sih_cnv_niuf081912187_51_16_18.csv
2024;8.0;SIH;Internações;13 Amazonas;18733,0;sih_cnv_niuf081912187_51_16_18.csv
2024;8.0;SIH;Internações;14 Roraima;3127,0;sih_cnv_niuf081912187_51_16_18.csv
2024;8.0;SIH;Internações;15 Pará;46227,0;sih_cnv_niuf081912187_51_16_18.csv
2024;8.0;SIH;Internações;16 Amapá;4838,0;sih_cnv_niuf081912187_51_16_18.csv
2024;8.0;SIH;Internações;17 Tocantins;9486,0;sih_cnv_niuf081912187_51_16_18.csv
2024;8.0;SIH;Internações;21 Maranhão;42449,0;sih_cnv_niuf081912187_51_16_18.csv
2024;8.0;SIH;Internações;22 Piauí;18769,0;sih_cnv_niuf081912187_51_16_18.csv
2024;8.0;SIH;Internações;23 Ceará;50892,0;sih_cnv_niuf081912187_51_16_18.csv
2024;8.0;SIH;Internações;24 Rio Grande do Norte;19716,0;sih_cnv_niuf081912187_51_16_18.csv
2024;8.0;SIH;Internações;25 Paraíba;22831,0;sih_cnv_niuf081912187_51_16_18.csv
2024;8.0;SIH;Internações;26 Pernambuco;59057,0;sih_cnv_niuf081912187_51_16_18.csv
2024;8.0;SIH;Internações;27 Alagoas;14945,0;sih_cnv_niuf081912187_51_16_18.csv
2024;8.0;SIH;Internações;28 Sergipe;10165,0;sih_cnv_niuf081912187_51_16_18.csv
2024;8.0;SIH;Internações;29 Bahia;83321,0;sih_cnv_niuf081912187_51_16_18.csv
2024;8.0;SIH;Internações;31 Minas Gerais;133534,0;sih_cnv_niuf081912187_51_16_18.csv
2024;8.0;SIH;Internações;32 Espírito Santo;25594,0;sih_cnv_niuf081912187_51_16_18.csv
2024;8.0;SIH;Internações;33 Rio de Janeiro;77195,0;sih_cnv_niuf081912187_51_16_18.csv
2024;8.0;SIH;Internações;35 São Paulo;241581,0;sih_cnv_niuf081912187_51_16_18.csv
2024;8.0;SIH;Internações;41 Paraná;90130,0;sih_cnv_niuf081912187_51_16_18.csv
2024;8.0;SIH;Internações;42 Santa Catarina;56867,0;sih_cnv_niuf081912187_51_16_18.csv
2024;8.0;SIH;Internações;43 Rio Grande do Sul;73075,0;sih_cnv_niuf081912187_51_16_18.csv
2024;8.0;SIH;Internações;50 Mato Grosso do Sul;18610,0;sih_cnv_niuf081912187_51_16_18.csv
2024;8.0;SIH;Internações;51 Mato Grosso;22034,0;sih_cnv_niuf081912187_51_16_18.csv
2024;8.0;SIH;Internações;52 Goiás;37275,0;sih_cnv_niuf081912187_51_16_18.csv
2024;8.0;SIH;Internações;53 Distrito Federal;21134,0;sih_cnv_niuf081912187_51_16_18.csv
2024;8.0;SIH;Valor total;11 Rondônia;14994017,06;sih_cnv_niuf081918187_72_164_185.csv
2024;8.0;SIH;Valor total;12 Acre;4843306,5;sih_cnv_niuf081918187_72_164_185.csv
2024;8.0;SIH;Valor total;13 Amazonas;21603635,35;sih_cnv_niuf081918187_72_164_185.csv
2024;8.0;SIH;Valor total;14 Roraima;3952188,8;sih_cnv_niuf081918187_72_164_185.csv
2024;8.0;SIH;Valor total;15 Pará;54983801,25;sih_cnv_niuf081918187_72_164_185.csv
2024;8.0;SIH;Valor total;16 Amapá;4217468,8;sih_cnv_niuf081918187_72_164_185.csv
2024;8.0;SIH;Valor total;17 Tocantins;10281450,58;sih_cnv_niuf081918187_72_164_185.csv
2024;8.0;SIH;Valor total;21 Maranhão;45865336,91;sih_cnv_niuf081918187_72_164_185.csv
2024;8.0;SIH;Valor total;22 Piauí;23889164,12;sih_cnv_niuf081918187_72_164_185.csv
2024;8.0;SIH;Valor total;23 Ceará;76134044,56;sih_cnv_niuf081918187_72_164_185.csv
2024;8.0;SIH;Valor total;24 Rio Grande do Norte;35178786,08;sih_cnv_niuf081918187_72_164_185.csv
2024;8.0;SIH;Valor total;25 Paraíba;53144212,56;sih_cnv_niuf081918187_72_164_185.csv
2024;8.0;SIH;Valor total;26 Pernambuco;100929838,59;sih_cnv_niuf081918187_72_164_185.csv
2024;8.0;SIH;Valor total;27 Alagoas;23876057,39;sih_cnv_niuf081918187_72_164_185.csv
2024;8.0;SIH;Valor total;28 Sergipe;15949671,87;sih_cnv_niuf081918187_72_164_185.csv
2024;8.0;SIH;Valor total;29 Bahia;116906088,78;sih_cnv_niuf081918187_72_164_185.csv
2024;8.0;SIH;Valor total;31 Minas Gerais;255513153,36;sih_cnv_niuf081918187_72_164_185.csv
2024;8.0;SIH;Valor total;32 Espírito Santo;45655513,78;sih_cnv_niuf081918187_72_164_185.csv
2024;8.0;SIH;Valor total;33 Rio de Janeiro;148002268,28;sih_cnv_niuf081918187_72_164_185.csv
2024;8.0;SIH;Valor total;35 São Paulo;451544570,32;sih_cnv_niuf081918187_72_164_185.csv
2024;8.0;SIH;Valor total;41 Paraná;177631526,87;sih_cnv_niuf081918187_72_164_185.csv
2024;8.0;SIH;Valor total;42 Santa Catarina;134391627,9;sih_cnv_niuf081918187_72_164_185.csv
2024;8.0;SIH;Valor total;43 Rio Grande do Sul;134404228,1;sih_cnv_niuf081918187_72_164_185.csv
2024;8.0;SIH;Valor total;50 Mato Grosso do Sul;30264804,01;sih_cnv_niuf081918187_72_164_185.csv
2024;8.0;SIH;Valor total;51 Mato Grosso;28285624,01;sih_cnv_niuf081918187_72_164_185.csv
2024;8.0;SIH;Valor total;52 Goiás;57936326,72;sih_cnv_niuf081918187_72_164_185.csv
2024;8.0;SIH;Valor total;53 Distrito Federal;36394666,82;sih_cnv_niuf081918187_72_164_185.csv
2024;8.0;SIH;Dias permanência;11 Rondônia;58975,0;sih_cnv_niuf081925187_72_164_185.csv
2024;8.0;SIH;Dias permanência;12 Acre;22605,0;sih_cnv_niuf081925187_72_164_185.csv
2024;8.0;SIH;Dias permanência;13 Amazonas;89037,0;sih_cnv_niuf081925187_72_164_185.csv
2024;8.0;SIH;Dias permanência;14 Roraima;21119,0;sih_cnv_niuf081925187_72_164_185.csv
2024;8.0;SIH;Dias permanência;15 Pará;193517,0;sih_cnv_niuf081925187_72_164_185.csv
2024;8.0;SIH;Dias permanência;16 Amapá;23283,0;sih_cnv_niuf081925187_72_164_185.csv
2024;8.0;SIH;Dias permanência;17 Tocantins;46239,0;sih_cnv_niuf081925187_72_164_185.csv
2024;8.0;SIH;Dias permanência;21 Maranhão;211854,0;sih_cnv_niuf081925187_72_164_185.csv
2024;8.0;SIH;Dias permanência;22 Piauí;95880,0;sih_cnv_niuf081925187_72_164_185.csv
2024;8.0;SIH;Dias permanência;23 Ceará;292479,0;sih_cnv_niuf081925187_72_164_185.csv
2024;8.0;SIH;Dias permanência;24 Rio Grande do Norte;92352,0;sih_cnv_niuf081925187_72_164_185.csv
2024;8.0;SIH;Dias permanência;25 Paraíba;116179,0;sih_cnv_niuf081925187_72_164_185.csv
2024;8.0;SIH;Dias permanência;26 Pernambuco;292494,0;sih_cnv_niuf081925187_72_164_185.csv
2024;8.0;SIH;Dias permanência;27 Alagoas;85925,0;sih_cnv_niuf081925187_72_164_185.csv
2024;8.0;SIH;Dias permanência;28 Sergipe;54899,0;sih_cnv_niuf081925187_72_164_185.csv
2024;8.0;SIH;Dias permanência;29 Bahia;382827,0;sih_cnv_niuf081925187_72_164_185.csv
2024;8.0;SIH;Dias permanência;31 Minas Gerais;638042,0;sih_cnv_niuf081925187_72_164_185.csv
2024;8.0;SIH;Dias permanência;32 Espírito Santo;126340,0;sih_cnv_niuf081925187_72_164_185.csv
2024;8.0;SIH;Dias permanência;33 Rio de Janeiro;462875,0;sih_cnv_niuf081925187_72_164_185.csv
2024;8.0;SIH;Dias permanência;35 São Paulo;1244705,0;sih_cnv_niuf081925187_72_164_185.csv
2024;8.0;SIH;Dias permanência;41 Paraná;378068,0;sih_cnv_niuf081925187_72_164_185.csv
2024;8.0;SIH;Dias permanência;42 Santa Catarina;235843,0;sih_cnv_niuf081925187_72_164_185.csv
2024;8.0;SIH;Dias permanência;43 Rio Grande do Sul;431059,0;sih_cnv_niuf081925187_72_164_185.csv
2024;8.0;SIH;Dias permanência;50 Mato Grosso do Sul;83969,0;sih_cnv_niuf081925187_72_164_185.csv
2024;8.0;SIH;Dias permanência;51 Mato Grosso;96528,0;sih_cnv_niuf081925187_72_164_185.csv
2024;8.0;SIH;Dias permanência;52 Goiás;172591,0;sih_cnv_niuf081925187_72_164_185.csv
2024;8.0;SIH;Dias permanência;53 Distrito Federal;120697,0;sih_cnv_niuf081925187_72_164_185.csv
2024;8.0;SIH;Média permanência;11 Rondônia;5,0;sih_cnv_niuf081931187_51_16_18.csv
2024;8.0;SIH;Média permanência;12 Acre;4,8;sih_cnv_niuf081931187_51_16_18.csv
2024;8.0;SIH;Média permanência;13 Amazonas;4,8;sih_cnv_niuf081931187_51_16_18.csv
2024;8.0;SIH;Média permanência;14 Roraima;6,8;sih_cnv_niuf081931187_51_16_18.csv
2024;8.0;SIH;Média permanência;15 Pará;4,2;sih_cnv_niuf081931187_51_16_18.csv
2024;8.0;SIH;Média permanência;16 Amapá;4,8;sih_cnv_niuf081931187_51_16_18.csv
2024;8.0;SIH;Média permanência;17 Tocantins;4,9;sih_cnv_niuf081931187_51_16_18.csv
2024;8.0;SIH;Média permanência;21 Maranhão;5,0;sih_cnv_niuf081931187_51_16_18.csv
2024;8.0;SIH;Média permanência;22 Piauí;5,1;sih_cnv_niuf081931187_51_16_18.csv
2024;8.0;SIH;Média permanência;23 Ceará;5,7;sih_cnv_niuf081931187_51_16_18.csv
2024;8.0;SIH;Média permanência;24 Rio Grande do Norte;4,7;sih_cnv_niuf081931187_51_16_18.csv
2024;8.0;SIH;Média permanência;25 Paraíba;5,1;sih_cnv_niuf081931187_51_16_18.csv
2024;8.0;SIH;Média permanência;26 Pernambuco;5,0;sih_cnv_niuf081931187_51_16_18.csv
2024;8.0;SIH;Média permanência;27 Alagoas;5,7;sih_cnv_niuf081931187_51_16_18.csv
2024;8.0;SIH;Média permanência;28 Sergipe;5,4;sih_cnv_niuf081931187_51_16_18.csv
2024;8.0;SIH;Média permanência;29 Bahia;4,6;sih_cnv_niuf081931187_51_16_18.csv
2024;8.0;SIH;Média permanência;31 Minas Gerais;4,8;sih_cnv_niuf081931187_51_16_18.csv
2024;8.0;SIH;Média permanência;32 Espírito Santo;4,9;sih_cnv_niuf081931187_51_16_18.csv
2024;8.0;SIH;Média permanência;33 Rio de Janeiro;6,0;sih_cnv_niuf081931187_51_16_18.csv
2024;8.0;SIH;Média permanência;35 São Paulo;5,2;sih_cnv_niuf081931187_51_16_18.csv
2024;8.0;SIH;Média permanência;41 Paraná;4,2;sih_cnv_niuf081931187_51_16_18.csv
2024;8.0;SIH;Média permanência;42 Santa Catarina;4,1;sih_cnv_niuf081931187_51_16_18.csv
2024;8.0;SIH;Média permanência;43 Rio Grande do Sul;5,9;sih_cnv_niuf081931187_51_16_18.csv
2024;8.0;SIH;Média permanência;50 Mato Grosso do Sul;4,5;sih_cnv_niuf081931187_51_16_18.csv
2024;8.0;SIH;Média permanência;51 Mato Grosso;4,4;sih_cnv_niuf081931187_51_16_18.csv
2024;8.0;SIH;Média permanência;52 Goiás;4,6;sih_cnv_niuf081931187_51_16_18.csv
2024;8.0;SIH;Média permanência;53 Distrito Federal;5,7;sih_cnv_niuf081931187_51_16_18.csv
2024;12.0;SIH;Internações;11 Rondônia;9817,0;sih_cnv_niuf080845187_72_164_185.csv
2024;12.0;SIH;Internações;12 Acre;3828,0;sih_cnv_niuf080845187_72_164_185.csv
2024;12.0;SIH;Internações;13 Amazonas;17037,0;sih_cnv_niuf080845187_72_164_185.csv
2024;12.0;SIH;Internações;14 Roraima;2584,0;sih_cnv_niuf080845187_72_164_185.csv
2024;12.0;SIH;Internações;15 Pará;44746,0;sih_cnv_niuf080845187_72_164_185.csv
2024;12.0;SIH;Internações;16 Amapá;4299,0;sih_cnv_niuf080845187_72_164_185.csv
2024;12.0;SIH;Internações;17 Tocantins;8414,0;sih_cnv_niuf080845187_72_164_185.csv
2024;12.0;SIH;Internações;21 Maranhão;36887,0;sih_cnv_niuf080845187_72_164_185.csv
2024;12.0;SIH;Internações;22 Piauí;17703,0;sih_cnv_niuf080845187_72_164_185.csv
2024;12.0;SIH;Internações;23 Ceará;44083,0;sih_cnv_niuf080845187_72_164_185.csv
2024;12.0;SIH;Internações;24 Rio Grande do Norte;15153,0;sih_cnv_niuf080845187_72_164_185.csv
2024;12.0;SIH;Internações;25 Paraíba;19791,0;sih_cnv_niuf080845187_72_164_185.csv
2024;12.0;SIH;Internações;26 Pernambuco;53651,0;sih_cnv_niuf080845187_72_164_185.csv
2024;12.0;SIH;Internações;27 Alagoas;13303,0;sih_cnv_niuf080845187_72_164_185.csv
2024;12.0;SIH;Internações;28 Sergipe;8958,0;sih_cnv_niuf080845187_72_164_185.csv
2024;12.0;SIH;Internações;29 Bahia;73000,0;sih_cnv_niuf080845187_72_164_185.csv
2024;12.0;SIH;Internações;31 Minas Gerais;122477,0;sih_cnv_niuf080845187_72_164_185.csv
2024;12.0;SIH;Internações;32 Espírito Santo;25469,0;sih_cnv_niuf080845187_72_164_185.csv
2024;12.0;SIH;Internações;33 Rio de Janeiro;68587,0;sih_cnv_niuf080845187_72_164_185.csv
2024;12.0;SIH;Internações;35 São Paulo;221327,0;sih_cnv_niuf080845187_72_164_185.csv
2024;12.0;SIH;Internações;41 Paraná;78630,0;sih_cnv_niuf080845187_72_164_185.csv
2024;12.0;SIH;Internações;42 Santa Catarina;52700,0;sih_cnv_niuf080845187_72_164_185.csv
2024;12.0;SIH;Internações;43 Rio Grande do Sul;66840,0;sih_cnv_niuf080845187_72_164_185.csv
2024;12.0;SIH;Internações;50 Mato Grosso do Sul;17630,0;sih_cnv_niuf080845187_72_164_185.csv
2024;12.0;SIH;Internações;51 Mato Grosso;19224,0;sih_cnv_niuf080845187_72_164_185.csv
2024;12.0;SIH;Internações;52 Goiás;35635,0;sih_cnv_niuf080845187_72_164_185.csv
2024;12.0;SIH;Internações;53 Distrito Federal;18478,0;sih_cnv_niuf080845187_72_164_185.csv
2024;12.0;SIH;Valor total;11 Rondônia;12426978,06;sih_cnv_niuf080852201_63_116_66.csv
2024;12.0;SIH;Valor total;12 Acre;4235482,58;sih_cnv_niuf080852201_63_116_66.csv
2024;12.0;SIH;Valor total;13 Amazonas;19009018,8;sih_cnv_niuf080852201_63_116_66.csv
2024;12.0;SIH;Valor total;14 Roraima;3100772,45;sih_cnv_niuf080852201_63_116_66.csv
2024;12.0;SIH;Valor total;15 Pará;58488566,39;sih_cnv_niuf080852201_63_116_66.csv
2024;12.0;SIH;Valor total;16 Amapá;3528948,61;sih_cnv_niuf080852201_63_116_66.csv
2024;12.0;SIH;Valor total;17 Tocantins;9252039,89;sih_cnv_niuf080852201_63_116_66.csv
2024;12.0;SIH;Valor total;21 Maranhão;40933363,14;sih_cnv_niuf080852201_63_116_66.csv
2024;12.0;SIH;Valor total;22 Piauí;21867819,97;sih_cnv_niuf080852201_63_116_66.csv
2024;12.0;SIH;Valor total;23 Ceará;68809214,91;sih_cnv_niuf080852201_63_116_66.csv
2024;12.0;SIH;Valor total;24 Rio Grande do Norte;28871929,42;sih_cnv_niuf080852201_63_116_66.csv
2024;12.0;SIH;Valor total;25 Paraíba;45001221,19;sih_cnv_niuf080852201_63_116_66.csv
2024;12.0;SIH;Valor total;26 Pernambuco;92755532,1;sih_cnv_niuf080852201_63_116_66.csv
2024;12.0;SIH;Valor total;27 Alagoas;21156544,11;sih_cnv_niuf080852201_63_116_66.csv
2024;12.0;SIH;Valor total;28 Sergipe;15901240,07;sih_cnv_niuf080852201_63_116_66.csv
2024;12.0;SIH;Valor total;29 Bahia;97774136,11;sih_cnv_niuf080852201_63_116_66.csv
2024;12.0;SIH;Valor total;31 Minas Gerais;242524398,66;sih_cnv_niuf080852201_63_116_66.csv
2024;12.0;SIH;Valor total;32 Espírito Santo;43225879,14;sih_cnv_niuf080852201_63_116_66.csv
2024;12.0;SIH;Valor total;33 Rio de Janeiro;135085009,52;sih_cnv_niuf080852201_63_116_66.csv
2024;12.0;SIH;Valor total;35 São Paulo;409046065,13;sih_cnv_niuf080852201_63_116_66.csv
2024;12.0;SIH;Valor total;41 Paraná;160320299,7;sih_cnv_niuf080852201_63_116_66.csv
2024;12.0;SIH;Valor total;42 Santa Catarina;127441450,36;sih_cnv_niuf080852201_63_116_66.csv
2024;12.0;SIH;Valor total;43 Rio Grande do Sul;123571142,83;sih_cnv_niuf080852201_63_116_66.csv
2024;12.0;SIH;Valor total;50 Mato Grosso do Sul;27263843,78;sih_cnv_niuf080852201_63_116_66.csv
2024;12.0;SIH;Valor total;51 Mato Grosso;25979933,25;sih_cnv_niuf080852201_63_116_66.csv
2024;12.0;SIH;Valor total;52 Goiás;54796204,17;sih_cnv_niuf080852201_63_116_66.csv
2024;12.0;SIH;Valor total;53 Distrito Federal;31355484,53;sih_cnv_niuf080852201_63_116_66.csv
2024;12.0;SIH;Dias permanência;11 Rondônia;45738,0;sih_cnv_niuf080902187_109_40_194.csv
2024;12.0;SIH;Dias permanência;12 Acre;18365,0;sih_cnv_niuf080902187_109_40_194.csv
2024;12.0;SIH;Dias permanência;13 Amazonas;83088,0;sih_cnv_niuf080902187_109_40_194.csv
2024;12.0;SIH;Dias permanência;14 Roraima;20520,0;sih_cnv_niuf080902187_109_40_194.csv
2024;12.0;SIH;Dias permanência;15 Pará;191284,0;sih_cnv_niuf080902187_109_40_194.csv
2024;12.0;SIH;Dias permanência;16 Amapá;21111,0;sih_cnv_niuf080902187_109_40_194.csv
2024;12.0;SIH;Dias permanência;17 Tocantins;43666,0;sih_cnv_niuf080902187_109_40_194.csv
2024;12.0;SIH;Dias permanência;21 Maranhão;200411,0;sih_cnv_niuf080902187_109_40_194.csv
2024;12.0;SIH;Dias permanência;22 Piauí;91605,0;sih_cnv_niuf080902187_109_40_194.csv
2024;12.0;SIH;Dias permanência;23 Ceará;264117,0;sih_cnv_niuf080902187_109_40_194.csv
2024;12.0;SIH;Dias permanência;24 Rio Grande do Norte;78088,0;sih_cnv_niuf080902187_109_40_194.csv
2024;12.0;SIH;Dias permanência;25 Paraíba;112424,0;sih_cnv_niuf080902187_109_40_194.csv
2024;12.0;SIH;Dias permanência;26 Pernambuco;274334,0;sih_cnv_niuf080902187_109_40_194.csv
2024;12.0;SIH;Dias permanência;27 Alagoas;80109,0;sih_cnv_niuf080902187_109_40_194.csv
2024;12.0;SIH;Dias permanência;28 Sergipe;48012,0;sih_cnv_niuf080902187_109_40_194.csv
2024;12.0;SIH;Dias permanência;29 Bahia;341180,0;sih_cnv_niuf080902187_109_40_194.csv
2024;12.0;SIH;Dias permanência;31 Minas Gerais;600646,0;sih_cnv_niuf080902187_109_40_194.csv
2024;12.0;SIH;Dias permanência;32 Espírito Santo;121224,0;sih_cnv_niuf080902187_109_40_194.csv
2024;12.0;SIH;Dias permanência;33 Rio de Janeiro;416516,0;sih_cnv_niuf080902187_109_40_194.csv
2024;12.0;SIH;Dias permanência;35 São Paulo;1180698,0;sih_cnv_niuf080902187_109_40_194.csv
2024;12.0;SIH;Dias permanência;41 Paraná;339784,0;sih_cnv_niuf080902187_109_40_194.csv
2024;12.0;SIH;Dias permanência;42 Santa Catarina;219955,0;sih_cnv_niuf080902187_109_40_194.csv
2024;12.0;SIH;Dias permanência;43 Rio Grande do Sul;395665,0;sih_cnv_niuf080902187_109_40_194.csv
2024;12.0;SIH;Dias permanência;50 Mato Grosso do Sul;75920,0;sih_cnv_niuf080902187_109_40_194.csv
2024;12.0;SIH;Dias permanência;51 Mato Grosso;88963,0;sih_cnv_niuf080902187_109_40_194.csv
2024;12.0;SIH;Dias permanência;52 Goiás;168257,0;sih_cnv_niuf080902187_109_40_194.csv
2024;12.0;SIH;Dias permanência;53 Distrito Federal;114164,0;sih_cnv_niuf080902187_109_40_194.csv
2024;12.0;SIH;Média permanência;11 Rondônia;4,7;sih_cnv_niuf080914187_109_40_194.csv
2024;12.0;SIH;Média permanência;12 Acre;4,8;sih_cnv_niuf080914187_109_40_194.csv
2024;12.0;SIH;Média permanência;13 Amazonas;4,9;sih_cnv_niuf080914187_109_40_194.csv
2024;12.0;SIH;Média permanência;14 Roraima;7,9;sih_cnv_niuf080914187_109_40_194.csv
2024;12.0;SIH;Média permanência;15 Pará;4,3;sih_cnv_niuf080914187_109_40_194.csv
2024;12.0;SIH;Média permanência;16 Amapá;4,9;sih_cnv_niuf080914187_109_40_194.csv
2024;12.0;SIH;Média permanência;17 Tocantins;5,2;sih_cnv_niuf080914187_109_40_194.csv
2024;12.0;SIH;Média permanência;21 Maranhão;5,4;sih_cnv_niuf080914187_109_40_194.csv
2024;12.0;SIH;Média permanência;22 Piauí;5,2;sih_cnv_niuf080914187_109_40_194.csv
2024;12.0;SIH;Média permanência;23 Ceará;6,0;sih_cnv_niuf080914187_109_40_194.csv
2024;12.0;SIH;Média permanência;24 Rio Grande do Norte;5,2;sih_cnv_niuf080914187_109_40_194.csv
2024;12.0;SIH;Média permanência;25 Paraíba;5,7;sih_cnv_niuf080914187_109_40_194.csv
2024;12.0;SIH;Média permanência;26 Pernambuco;5,1;sih_cnv_niuf080914187_109_40_194.csv
2024;12.0;SIH;Média permanência;27 Alagoas;6,0;sih_cnv_niuf080914187_109_40_194.csv
2024;12.0;SIH;Média permanência;28 Sergipe;5,4;sih_cnv_niuf080914187_109_40_194.csv
2024;12.0;SIH;Média permanência;29 Bahia;4,7;sih_cnv_niuf080914187_109_40_194.csv
2024;12.0;SIH;Média permanência;31 Minas Gerais;4,9;sih_cnv_niuf080914187_109_40_194.csv
2024;12.0;SIH;Média permanência;32 Espírito Santo;4,8;sih_cnv_niuf080914187_109_40_194.csv
2024;12.0;SIH;Média permanência;33 Rio de Janeiro;6,1;sih_cnv_niuf080914187_109_40_194.csv
2024;12.0;SIH;Média permanência;35 São Paulo;5,3;sih_cnv_niuf080914187_109_40_194.csv
2024;12.0;SIH;Média permanência;41 Paraná;4,3;sih_cnv_niuf080914187_109_40_194.csv
2024;12.0;SIH;Média permanência;42 Santa Catarina;4,2;sih_cnv_niuf080914187_109_40_194.csv
2024;12.0;SIH;Média permanência;43 Rio Grande do Sul;5,9;sih_cnv_niuf080914187_109_40_194.csv
2024;12.0;SIH;Média permanência;50 Mato Grosso do Sul;4,3;sih_cnv_niuf080914187_109_40_194.csv
2024;12.0;SIH;Média permanência;51 Mato Grosso;4,6;sih_cnv_niuf080914187_109_40_194.csv
2024;12.0;SIH;Média permanência;52 Goiás;4,7;sih_cnv_niuf080914187_109_40_194.csv
2024;12.0;SIH;Média permanência;53 Distrito Federal;6,2;sih_cnv_niuf080914187_109_40_194.csv
2024;2.0;SIH;Internações;11 Rondônia;10648,0;sih_cnv_niuf083312201_63_116_66.csv
2024;2.0;SIH;Internações;12 Acre;4316,0;sih_cnv_niuf083312201_63_116_66.csv
2024;2.0;SIH;Internações;13 Amazonas;18532,0;sih_cnv_niuf083312201_63_116_66.csv
2024;2.0;SIH;Internações;14 Roraima;3413,0;sih_cnv_niuf083312201_63_116_66.csv
2024;2.0;SIH;Internações;15 Pará;43327,0;sih_cnv_niuf083312201_63_116_66.csv
2024;2.0;SIH;Internações;16 Amapá;4538,0;sih_cnv_niuf083312201_63_116_66.csv
2024;2.0;SIH;Internações;17 Tocantins;8409,0;sih_cnv_niuf083312201_63_116_66.csv
2024;2.0;SIH;Internações;21 Maranhão;38683,0;sih_cnv_niuf083312201_63_116_66.csv
2024;2.0;SIH;Internações;22 Piauí;16852,0;sih_cnv_niuf083312201_63_116_66.csv
2024;2.0;SIH;Internações;23 Ceará;44308,0;sih_cnv_niuf083312201_63_116_66.csv
2024;2.0;SIH;Internações;24 Rio Grande do Norte;17065,0;sih_cnv_niuf083312201_63_116_66.csv
2024;2.0;SIH;Internações;25 Paraíba;20211,0;sih_cnv_niuf083312201_63_116_66.csv
2024;2.0;SIH;Internações;26 Pernambuco;49027,0;sih_cnv_niuf083312201_63_116_66.csv
2024;2.0;SIH;Internações;27 Alagoas;12780,0;sih_cnv_niuf083312201_63_116_66.csv
2024;2.0;SIH;Internações;28 Sergipe;9567,0;sih_cnv_niuf083312201_63_116_66.csv
2024;2.0;SIH;Internações;29 Bahia;72462,0;sih_cnv_niuf083312201_63_116_66.csv
2024;2.0;SIH;Internações;31 Minas Gerais;121782,0;sih_cnv_niuf083312201_63_116_66.csv
2024;2.0;SIH;Internações;32 Espírito Santo;22656,0;sih_cnv_niuf083312201_63_116_66.csv
2024;2.0;SIH;Internações;33 Rio de Janeiro;68807,0;sih_cnv_niuf083312201_63_116_66.csv
2024;2.0;SIH;Internações;35 São Paulo;216659,0;sih_cnv_niuf083312201_63_116_66.csv
2024;2.0;SIH;Internações;41 Paraná;79487,0;sih_cnv_niuf083312201_63_116_66.csv
2024;2.0;SIH;Internações;42 Santa Catarina;48108,0;sih_cnv_niuf083312201_63_116_66.csv
2024;2.0;SIH;Internações;43 Rio Grande do Sul;62798,0;sih_cnv_niuf083312201_63_116_66.csv
2024;2.0;SIH;Internações;50 Mato Grosso do Sul;15836,0;sih_cnv_niuf083312201_63_116_66.csv
2024;2.0;SIH;Internações;51 Mato Grosso;18536,0;sih_cnv_niuf083312201_63_116_66.csv
2024;2.0;SIH;Internações;52 Goiás;33691,0;sih_cnv_niuf083312201_63_116_66.csv
2024;2.0;SIH;Internações;53 Distrito Federal;20428,0;sih_cnv_niuf083312201_63_116_66.csv
2024;2.0;SIH;Valor total;11 Rondônia;11404441,8;sih_cnv_niuf083317187_72_164_185.csv
2024;2.0;SIH;Valor total;12 Acre;4092197,71;sih_cnv_niuf083317187_72_164_185.csv
2024;2.0;SIH;Valor total;13 Amazonas;21157623,47;sih_cnv_niuf083317187_72_164_185.csv
2024;2.0;SIH;Valor total;14 Roraima;3160891,68;sih_cnv_niuf083317187_72_164_185.csv
2024;2.0;SIH;Valor total;15 Pará;50671661,28;sih_cnv_niuf083317187_72_164_185.csv
2024;2.0;SIH;Valor total;16 Amapá;4339815,79;sih_cnv_niuf083317187_72_164_185.csv
2024;2.0;SIH;Valor total;17 Tocantins;9460630,33;sih_cnv_niuf083317187_72_164_185.csv
2024;2.0;SIH;Valor total;21 Maranhão;40508747,07;sih_cnv_niuf083317187_72_164_185.csv
2024;2.0;SIH;Valor total;22 Piauí;21187447,64;sih_cnv_niuf083317187_72_164_185.csv
2024;2.0;SIH;Valor total;23 Ceará;62019047,33;sih_cnv_niuf083317187_72_164_185.csv
2024;2.0;SIH;Valor total;24 Rio Grande do Norte;31944152,98;sih_cnv_niuf083317187_72_164_185.csv
2024;2.0;SIH;Valor total;25 Paraíba;36114631,05;sih_cnv_niuf083317187_72_164_185.csv
2024;2.0;SIH;Valor total;26 Pernambuco;82647814,68;sih_cnv_niuf083317187_72_164_185.csv
2024;2.0;SIH;Valor total;27 Alagoas;19051127,78;sih_cnv_niuf083317187_72_164_185.csv
2024;2.0;SIH;Valor total;28 Sergipe;14248480,16;sih_cnv_niuf083317187_72_164_185.csv
2024;2.0;SIH;Valor total;29 Bahia;97523745,49;sih_cnv_niuf083317187_72_164_185.csv
2024;2.0;SIH;Valor total;31 Minas Gerais;219069361,31;sih_cnv_niuf083317187_72_164_185.csv
2024;2.0;SIH;Valor total;32 Espírito Santo;38570603,36;sih_cnv_niuf083317187_72_164_185.csv
2024;2.0;SIH;Valor total;33 Rio de Janeiro;116249805,91;sih_cnv_niuf083317187_72_164_185.csv
2024;2.0;SIH;Valor total;35 São Paulo;395395499,37;sih_cnv_niuf083317187_72_164_185.csv
2024;2.0;SIH;Valor total;41 Paraná;158699270,72;sih_cnv_niuf083317187_72_164_185.csv
2024;2.0;SIH;Valor total;42 Santa Catarina;102893513,24;sih_cnv_niuf083317187_72_164_185.csv
2024;2.0;SIH;Valor total;43 Rio Grande do Sul;112463283,61;sih_cnv_niuf083317187_72_164_185.csv
2024;2.0;SIH;Valor total;50 Mato Grosso do Sul;24494345,02;sih_cnv_niuf083317187_72_164_185.csv
2024;2.0;SIH;Valor total;51 Mato Grosso;22920330,26;sih_cnv_niuf083317187_72_164_185.csv
2024;2.0;SIH;Valor total;52 Goiás;47577314,51;sih_cnv_niuf083317187_72_164_185.csv
2024;2.0;SIH;Valor total;53 Distrito Federal;29496708,95;sih_cnv_niuf083317187_72_164_185.csv
2024;2.0;SIH;Dias permanência;11 Rondônia;53058,0;sih_cnv_niuf083323201_63_116_66.csv
2024;2.0;SIH;Dias permanência;12 Acre;22050,0;sih_cnv_niuf083323201_63_116_66.csv
2024;2.0;SIH;Dias permanência;13 Amazonas;93901,0;sih_cnv_niuf083323201_63_116_66.csv
2024;2.0;SIH;Dias permanência;14 Roraima;23442,0;sih_cnv_niuf083323201_63_116_66.csv
2024;2.0;SIH;Dias permanência;15 Pará;179540,0;sih_cnv_niuf083323201_63_116_66.csv
2024;2.0;SIH;Dias permanência;16 Amapá;22994,0;sih_cnv_niuf083323201_63_116_66.csv
2024;2.0;SIH;Dias permanência;17 Tocantins;42537,0;sih_cnv_niuf083323201_63_116_66.csv
2024;2.0;SIH;Dias permanência;21 Maranhão;194116,0;sih_cnv_niuf083323201_63_116_66.csv
2024;2.0;SIH;Dias permanência;22 Piauí;89720,0;sih_cnv_niuf083323201_63_116_66.csv
2024;2.0;SIH;Dias permanência;23 Ceará;254447,0;sih_cnv_niuf083323201_63_116_66.csv
2024;2.0;SIH;Dias permanência;24 Rio Grande do Norte;81196,0;sih_cnv_niuf083323201_63_116_66.csv
2024;2.0;SIH;Dias permanência;25 Paraíba;111145,0;sih_cnv_niuf083323201_63_116_66.csv
2024;2.0;SIH;Dias permanência;26 Pernambuco;256771,0;sih_cnv_niuf083323201_63_116_66.csv
2024;2.0;SIH;Dias permanência;27 Alagoas;76892,0;sih_cnv_niuf083323201_63_116_66.csv
2024;2.0;SIH;Dias permanência;28 Sergipe;54874,0;sih_cnv_niuf083323201_63_116_66.csv
2024;2.0;SIH;Dias permanência;29 Bahia;345404,0;sih_cnv_niuf083323201_63_116_66.csv
2024;2.0;SIH;Dias permanência;31 Minas Gerais;590898,0;sih_cnv_niuf083323201_63_116_66.csv
2024;2.0;SIH;Dias permanência;32 Espírito Santo;111386,0;sih_cnv_niuf083323201_63_116_66.csv
2024;2.0;SIH;Dias permanência;33 Rio de Janeiro;423280,0;sih_cnv_niuf083323201_63_116_66.csv
2024;2.0;SIH;Dias permanência;35 São Paulo;1144509,0;sih_cnv_niuf083323201_63_116_66.csv
2024;2.0;SIH;Dias permanência;41 Paraná;338614,0;sih_cnv_niuf083323201_63_116_66.csv
2024;2.0;SIH;Dias permanência;42 Santa Catarina;204089,0;sih_cnv_niuf083323201_63_116_66.csv
2024;2.0;SIH;Dias permanência;43 Rio Grande do Sul;374849,0;sih_cnv_niuf083323201_63_116_66.csv
2024;2.0;SIH;Dias permanência;50 Mato Grosso do Sul;69913,0;sih_cnv_niuf083323201_63_116_66.csv
2024;2.0;SIH;Dias permanência;51 Mato Grosso;80239,0;sih_cnv_niuf083323201_63_116_66.csv
2024;2.0;SIH;Dias permanência;52 Goiás;156240,0;sih_cnv_niuf083323201_63_116_66.csv
2024;2.0;SIH;Dias permanência;53 Distrito Federal;111578,0;sih_cnv_niuf083323201_63_116_66.csv
2024;2.0;SIH;Média permanência;11 Rondônia;5,0;sih_cnv_niuf083331187_109_40_194.csv
2024;2.0;SIH;Média permanência;12 Acre;5,1;sih_cnv_niuf083331187_109_40_194.csv
2024;2.0;SIH;Média permanência;13 Amazonas;5,1;sih_cnv_niuf083331187_109_40_194.csv
2024;2.0;SIH;Média permanência;14 Roraima;6,9;sih_cnv_niuf083331187_109_40_194.csv
2024;2.0;SIH;Média permanência;15 Pará;4,1;sih_cnv_niuf083331187_109_40_194.csv
2024;2.0;SIH;Média permanência;16 Amapá;5,1;sih_cnv_niuf083331187_109_40_194.csv
2024;2.0;SIH;Média permanência;17 Tocantins;5,1;sih_cnv_niuf083331187_109_40_194.csv
2024;2.0;SIH;Média permanência;21 Maranhão;5,0;sih_cnv_niuf083331187_109_40_194.csv
2024;2.0;SIH;Média permanência;22 Piauí;5,3;sih_cnv_niuf083331187_109_40_194.csv
2024;2.0;SIH;Média permanência;23 Ceará;5,7;sih_cnv_niuf083331187_109_40_194.csv
2024;2.0;SIH;Média permanência;24 Rio Grande do Norte;4,8;sih_cnv_niuf083331187_109_40_194.csv
2024;2.0;SIH;Média permanência;25 Paraíba;5,5;sih_cnv_niuf083331187_109_40_194.csv
2024;2.0;SIH;Média permanência;26 Pernambuco;5,2;sih_cnv_niuf083331187_109_40_194.csv
2024;2.0;SIH;Média permanência;27 Alagoas;6,0;sih_cnv_niuf083331187_109_40_194.csv
2024;2.0;SIH;Média permanência;28 Sergipe;5,7;sih_cnv_niuf083331187_109_40_194.csv
2024;2.0;SIH;Média permanência;29 Bahia;4,8;sih_cnv_niuf083331187_109_40_194.csv
2024;2.0;SIH;Média permanência;31 Minas Gerais;4,9;sih_cnv_niuf083331187_109_40_194.csv
2024;2.0;SIH;Média permanência;32 Espírito Santo;4,9;sih_cnv_niuf083331187_109_40_194.csv
2024;2.0;SIH;Média permanência;33 Rio de Janeiro;6,2;sih_cnv_niuf083331187_109_40_194.csv
2024;2.0;SIH;Média permanência;35 São Paulo;5,3;sih_cnv_niuf083331187_109_40_194.csv
2024;2.0;SIH;Média permanência;41 Paraná;4,3;sih_cnv_niuf083331187_109_40_194.csv
2024;2.0;SIH;Média permanência;42 Santa Catarina;4,2;sih_cnv_niuf083331187_109_40_194.csv
2024;2.0;SIH;Média permanência;43 Rio Grande do Sul;6,0;sih_cnv_niuf083331187_109_40_194.csv
2024;2.0;SIH;Média permanência;50 Mato Grosso do Sul;4,4;sih_cnv_niuf083331187_109_40_194.csv
2024;2.0;SIH;Média permanência;51 Mato Grosso;4,3;sih_cnv_niuf083331187_109_40_194.csv
2024;2.0;SIH;Média permanência;52 Goiás;4,6;sih_cnv_niuf083331187_109_40_194.csv
2024;2.0;SIH;Média permanência;53 Distrito Federal;5,5;sih_cnv_niuf083331187_109_40_194.csv
2024;1.0;SIH;Internações;11 Rondônia;11003,0;sih_cnv_niuf083359201_63_116_66.csv
2024;1.0;SIH;Internações;12 Acre;4315,0;sih_cnv_niuf083359201_63_116_66.csv
2024;1.0;SIH;Internações;13 Amazonas;15990,0;sih_cnv_niuf083359201_63_116_66.csv
2024;1.0;SIH;Internações;14 Roraima;3714,0;sih_cnv_niuf083359201_63_116_66.csv
2024;1.0;SIH;Internações;15 Pará;42908,0;sih_cnv_niuf083359201_63_116_66.csv
2024;1.0;SIH;Internações;16 Amapá;4790,0;sih_cnv_niuf083359201_63_116_66.csv
2024;1.0;SIH;Internações;17 Tocantins;7962,0;sih_cnv_niuf083359201_63_116_66.csv
2024;1.0;SIH;Internações;21 Maranhão;40376,0;sih_cnv_niuf083359201_63_116_66.csv
2024;1.0;SIH;Internações;22 Piauí;17541,0;sih_cnv_niuf083359201_63_116_66.csv
2024;1.0;SIH;Internações;23 Ceará;46025,0;sih_cnv_niuf083359201_63_116_66.csv
2024;1.0;SIH;Internações;24 Rio Grande do Norte;17394,0;sih_cnv_niuf083359201_63_116_66.csv
2024;1.0;SIH;Internações;25 Paraíba;18787,0;sih_cnv_niuf083359201_63_116_66.csv
2024;1.0;SIH;Internações;26 Pernambuco;49886,0;sih_cnv_niuf083359201_63_116_66.csv
2024;1.0;SIH;Internações;27 Alagoas;13322,0;sih_cnv_niuf083359201_63_116_66.csv
2024;1.0;SIH;Internações;28 Sergipe;9767,0;sih_cnv_niuf083359201_63_116_66.csv
2024;1.0;SIH;Internações;29 Bahia;72554,0;sih_cnv_niuf083359201_63_116_66.csv
2024;1.0;SIH;Internações;31 Minas Gerais;121561,0;sih_cnv_niuf083359201_63_116_66.csv
2024;1.0;SIH;Internações;32 Espírito Santo;22769,0;sih_cnv_niuf083359201_63_116_66.csv
2024;1.0;SIH;Internações;33 Rio de Janeiro;72383,0;sih_cnv_niuf083359201_63_116_66.csv
2024;1.0;SIH;Internações;35 São Paulo;218459,0;sih_cnv_niuf083359201_63_116_66.csv
2024;1.0;SIH;Internações;41 Paraná;79725,0;sih_cnv_niuf083359201_63_116_66.csv
2024;1.0;SIH;Internações;42 Santa Catarina;48696,0;sih_cnv_niuf083359201_63_116_66.csv
2024;1.0;SIH;Internações;43 Rio Grande do Sul;67802,0;sih_cnv_niuf083359201_63_116_66.csv
2024;1.0;SIH;Internações;50 Mato Grosso do Sul;17666,0;sih_cnv_niuf083359201_63_116_66.csv
2024;1.0;SIH;Internações;51 Mato Grosso;19130,0;sih_cnv_niuf083359201_63_116_66.csv
2024;1.0;SIH;Internações;52 Goiás;33730,0;sih_cnv_niuf083359201_63_116_66.csv
2024;1.0;SIH;Internações;53 Distrito Federal;19869,0;sih_cnv_niuf083359201_63_116_66.csv
2024;1.0;SIH;Valor total;11 Rondônia;12839587,97;sih_cnv_niuf083405187_109_40_194.csv
2024;1.0;SIH;Valor total;12 Acre;4308072,76;sih_cnv_niuf083405187_109_40_194.csv
2024;1.0;SIH;Valor total;13 Amazonas;16651212,15;sih_cnv_niuf083405187_109_40_194.csv
2024;1.0;SIH;Valor total;14 Roraima;2983752,53;sih_cnv_niuf083405187_109_40_194.csv
2024;1.0;SIH;Valor total;15 Pará;48849139,6;sih_cnv_niuf083405187_109_40_194.csv
2024;1.0;SIH;Valor total;16 Amapá;3961035,17;sih_cnv_niuf083405187_109_40_194.csv
2024;1.0;SIH;Valor total;17 Tocantins;9161511,18;sih_cnv_niuf083405187_109_40_194.csv
2024;1.0;SIH;Valor total;21 Maranhão;42316847,44;sih_cnv_niuf083405187_109_40_194.csv
2024;1.0;SIH;Valor total;22 Piauí;21747464,68;sih_cnv_niuf083405187_109_40_194.csv
2024;1.0;SIH;Valor total;23 Ceará;65766401,81;sih_cnv_niuf083405187_109_40_194.csv
2024;1.0;SIH;Valor total;24 Rio Grande do Norte;29016601,72;sih_cnv_niuf083405187_109_40_194.csv
2024;1.0;SIH;Valor total;25 Paraíba;33722225,96;sih_cnv_niuf083405187_109_40_194.csv
2024;1.0;SIH;Valor total;26 Pernambuco;86075204,93;sih_cnv_niuf083405187_109_40_194.csv
2024;1.0;SIH;Valor total;27 Alagoas;20597493,77;sih_cnv_niuf083405187_109_40_194.csv
2024;1.0;SIH;Valor total;28 Sergipe;16163472,75;sih_cnv_niuf083405187_109_40_194.csv
2024;1.0;SIH;Valor total;29 Bahia;97516895,62;sih_cnv_niuf083405187_109_40_194.csv
2024;1.0;SIH;Valor total;31 Minas Gerais;220402529,42;sih_cnv_niuf083405187_109_40_194.csv
2024;1.0;SIH;Valor total;32 Espírito Santo;40755270,31;sih_cnv_niuf083405187_109_40_194.csv
2024;1.0;SIH;Valor total;33 Rio de Janeiro;125440636,13;sih_cnv_niuf083405187_109_40_194.csv
2024;1.0;SIH;Valor total;35 São Paulo;391925728,28;sih_cnv_niuf083405187_109_40_194.csv
2024;1.0;SIH;Valor total;41 Paraná;155980281,29;sih_cnv_niuf083405187_109_40_194.csv
2024;1.0;SIH;Valor total;42 Santa Catarina;103098240,04;sih_cnv_niuf083405187_109_40_194.csv
2024;1.0;SIH;Valor total;43 Rio Grande do Sul;122249263,6;sih_cnv_niuf083405187_109_40_194.csv
2024;1.0;SIH;Valor total;50 Mato Grosso do Sul;28375600,41;sih_cnv_niuf083405187_109_40_194.csv
2024;1.0;SIH;Valor total;51 Mato Grosso;23659491,0;sih_cnv_niuf083405187_109_40_194.csv
2024;1.0;SIH;Valor total;52 Goiás;51682573,53;sih_cnv_niuf083405187_109_40_194.csv
2024;1.0;SIH;Valor total;53 Distrito Federal;31877436,51;sih_cnv_niuf083405187_109_40_194.csv
2024;1.0;SIH;Dias permanência;11 Rondônia;55477,0;sih_cnv_niuf083410201_63_116_66.csv
2024;1.0;SIH;Dias permanência;12 Acre;20144,0;sih_cnv_niuf083410201_63_116_66.csv
2024;1.0;SIH;Dias permanência;13 Amazonas;73545,0;sih_cnv_niuf083410201_63_116_66.csv
2024;1.0;SIH;Dias permanência;14 Roraima;24628,0;sih_cnv_niuf083410201_63_116_66.csv
2024;1.0;SIH;Dias permanência;15 Pará;179539,0;sih_cnv_niuf083410201_63_116_66.csv
2024;1.0;SIH;Dias permanência;16 Amapá;22089,0;sih_cnv_niuf083410201_63_116_66.csv
2024;1.0;SIH;Dias permanência;17 Tocantins;39503,0;sih_cnv_niuf083410201_63_116_66.csv
2024;1.0;SIH;Dias permanência;21 Maranhão;203612,0;sih_cnv_niuf083410201_63_116_66.csv
2024;1.0;SIH;Dias permanência;22 Piauí;94341,0;sih_cnv_niuf083410201_63_116_66.csv
2024;1.0;SIH;Dias permanência;23 Ceará;270205,0;sih_cnv_niuf083410201_63_116_66.csv
2024;1.0;SIH;Dias permanência;24 Rio Grande do Norte;81287,0;sih_cnv_niuf083410201_63_116_66.csv
2024;1.0;SIH;Dias permanência;25 Paraíba;106983,0;sih_cnv_niuf083410201_63_116_66.csv
2024;1.0;SIH;Dias permanência;26 Pernambuco;268208,0;sih_cnv_niuf083410201_63_116_66.csv
2024;1.0;SIH;Dias permanência;27 Alagoas;79376,0;sih_cnv_niuf083410201_63_116_66.csv
2024;1.0;SIH;Dias permanência;28 Sergipe;52790,0;sih_cnv_niuf083410201_63_116_66.csv
2024;1.0;SIH;Dias permanência;29 Bahia;339412,0;sih_cnv_niuf083410201_63_116_66.csv
2024;1.0;SIH;Dias permanência;31 Minas Gerais;597534,0;sih_cnv_niuf083410201_63_116_66.csv
2024;1.0;SIH;Dias permanência;32 Espírito Santo;114408,0;sih_cnv_niuf083410201_63_116_66.csv
2024;1.0;SIH;Dias permanência;33 Rio de Janeiro;447401,0;sih_cnv_niuf083410201_63_116_66.csv
2024;1.0;SIH;Dias permanência;35 São Paulo;1147547,0;sih_cnv_niuf083410201_63_116_66.csv
2024;1.0;SIH;Dias permanência;41 Paraná;340907,0;sih_cnv_niuf083410201_63_116_66.csv
2024;1.0;SIH;Dias permanência;42 Santa Catarina;218470,0;sih_cnv_niuf083410201_63_116_66.csv
2024;1.0;SIH;Dias permanência;43 Rio Grande do Sul;404240,0;sih_cnv_niuf083410201_63_116_66.csv
2024;1.0;SIH;Dias permanência;50 Mato Grosso do Sul;80544,0;sih_cnv_niuf083410201_63_116_66.csv
2024;1.0;SIH;Dias permanência;51 Mato Grosso;86267,0;sih_cnv_niuf083410201_63_116_66.csv
2024;1.0;SIH;Dias permanência;52 Goiás;162891,0;sih_cnv_niuf083410201_63_116_66.csv
2024;1.0;SIH;Dias permanência;53 Distrito Federal;116859,0;sih_cnv_niuf083410201_63_116_66.csv
2024;1.0;SIH;Média permanência;11 Rondônia;5,0;sih_cnv_niuf083415187_109_40_194.csv
2024;1.0;SIH;Média permanência;12 Acre;4,7;sih_cnv_niuf083415187_109_40_194.csv
2024;1.0;SIH;Média permanência;13 Amazonas;4,6;sih_cnv_niuf083415187_109_40_194.csv
2024;1.0;SIH;Média permanência;14 Roraima;6,6;sih_cnv_niuf083415187_109_40_194.csv
2024;1.0;SIH;Média permanência;15 Pará;4,2;sih_cnv_niuf083415187_109_40_194.csv
2024;1.0;SIH;Média permanência;16 Amapá;4,6;sih_cnv_niuf083415187_109_40_194.csv
2024;1.0;SIH;Média permanência;17 Tocantins;5,0;sih_cnv_niuf083415187_109_40_194.csv
2024;1.0;SIH;Média permanência;21 Maranhão;5,0;sih_cnv_niuf083415187_109_40_194.csv
2024;1.0;SIH;Média permanência;22 Piauí;5,4;sih_cnv_niuf083415187_109_40_194.csv
2024;1.0;SIH;Média permanência;23 Ceará;5,9;sih_cnv_niuf083415187_109_40_194.csv
2024;1.0;SIH;Média permanência;24 Rio Grande do Norte;4,7;sih_cnv_niuf083415187_109_40_194.csv
2024;1.0;SIH;Média permanência;25 Paraíba;5,7;sih_cnv_niuf083415187_109_40_194.csv
2024;1.0;SIH;Média permanência;26 Pernambuco;5,4;sih_cnv_niuf083415187_109_40_194.csv
2024;1.0;SIH;Média permanência;27 Alagoas;6,0;sih_cnv_niuf083415187_109_40_194.csv
2024;1.0;SIH;Média permanência;28 Sergipe;5,4;sih_cnv_niuf083415187_109_40_194.csv
2024;1.0;SIH;Média permanência;29 Bahia;4,7;sih_cnv_niuf083415187_109_40_194.csv
2024;1.0;SIH;Média permanência;31 Minas Gerais;4,9;sih_cnv_niuf083415187_109_40_194.csv
2024;1.0;SIH;Média permanência;32 Espírito Santo;5,0;sih_cnv_niuf083415187_109_40_194.csv
2024;1.0;SIH;Média permanência;33 Rio de Janeiro;6,2;sih_cnv_niuf083415187_109_40_194.csv
2024;1.0;SIH;Média permanência;35 São Paulo;5,3;sih_cnv_niuf083415187_109_40_194.csv
2024;1.0;SIH;Média permanência;41 Paraná;4,3;sih_cnv_niuf083415187_109_40_194.csv
2024;1.0;SIH;Média permanência;42 Santa Catarina;4,5;sih_cnv_niuf083415187_109_40_194.csv
2024;1.0;SIH;Média permanência;43 Rio Grande do Sul;6,0;sih_cnv_niuf083415187_109_40_194.csv
2024;1.0;SIH;Média permanência;50 Mato Grosso do Sul;4,6;sih_cnv_niuf083415187_109_40_194.csv
2024;1.0;SIH;Média permanência;51 Mato Grosso;4,5;sih_cnv_niuf083415187_109_40_194.csv
2024;1.0;SIH;Média permanência;52 Goiás;4,8;sih_cnv_niuf083415187_109_40_194.csv
2024;1.0;SIH;Média permanência;53 Distrito Federal;5,9;sih_cnv_niuf083415187_109_40_194.csv
2024;7.0;SIH;Internações;11 Rondônia;12124,0;sih_cnv_niuf082046187_51_16_18.csv
2024;7.0;SIH;Internações;12 Acre;5830,0;sih_cnv_niuf082046187_51_16_18.csv
2024;7.0;SIH;Internações;13 Amazonas;19286,0;sih_cnv_niuf082046187_51_16_18.csv
2024;7.0;SIH;Internações;14 Roraima;2637,0;sih_cnv_niuf082046187_51_16_18.csv
2024;7.0;SIH;Internações;15 Pará;46082,0;sih_cnv_niuf082046187_51_16_18.csv
2024;7.0;SIH;Internações;16 Amapá;4936,0;sih_cnv_niuf082046187_51_16_18.csv
2024;7.0;SIH;Internações;17 Tocantins;8840,0;sih_cnv_niuf082046187_51_16_18.csv
2024;7.0;SIH;Internações;21 Maranhão;42727,0;sih_cnv_niuf082046187_51_16_18.csv
2024;7.0;SIH;Internações;22 Piauí;18404,0;sih_cnv_niuf082046187_51_16_18.csv
2024;7.0;SIH;Internações;23 Ceará;51172,0;sih_cnv_niuf082046187_51_16_18.csv
2024;7.0;SIH;Internações;24 Rio Grande do Norte;19238,0;sih_cnv_niuf082046187_51_16_18.csv
2024;7.0;SIH;Internações;25 Paraíba;22827,0;sih_cnv_niuf082046187_51_16_18.csv
2024;7.0;SIH;Internações;26 Pernambuco;58551,0;sih_cnv_niuf082046187_51_16_18.csv
2024;7.0;SIH;Internações;27 Alagoas;14931,0;sih_cnv_niuf082046187_51_16_18.csv
2024;7.0;SIH;Internações;28 Sergipe;10830,0;sih_cnv_niuf082046187_51_16_18.csv
2024;7.0;SIH;Internações;29 Bahia;82719,0;sih_cnv_niuf082046187_51_16_18.csv
2024;7.0;SIH;Internações;31 Minas Gerais;131718,0;sih_cnv_niuf082046187_51_16_18.csv
2024;7.0;SIH;Internações;32 Espírito Santo;26996,0;sih_cnv_niuf082046187_51_16_18.csv
2024;7.0;SIH;Internações;33 Rio de Janeiro;78075,0;sih_cnv_niuf082046187_51_16_18.csv
2024;7.0;SIH;Internações;35 São Paulo;236920,0;sih_cnv_niuf082046187_51_16_18.csv
2024;7.0;SIH;Internações;41 Paraná;87223,0;sih_cnv_niuf082046187_51_16_18.csv
2024;7.0;SIH;Internações;42 Santa Catarina;56834,0;sih_cnv_niuf082046187_51_16_18.csv
2024;7.0;SIH;Internações;43 Rio Grande do Sul;70085,0;sih_cnv_niuf082046187_51_16_18.csv
2024;7.0;SIH;Internações;50 Mato Grosso do Sul;17866,0;sih_cnv_niuf082046187_51_16_18.csv
2024;7.0;SIH;Internações;51 Mato Grosso;22189,0;sih_cnv_niuf082046187_51_16_18.csv
2024;7.0;SIH;Internações;52 Goiás;38329,0;sih_cnv_niuf082046187_51_16_18.csv
2024;7.0;SIH;Internações;53 Distrito Federal;21467,0;sih_cnv_niuf082046187_51_16_18.csv
2024;7.0;SIH;Valor total;11 Rondônia;15187598,84;sih_cnv_niuf082057187_51_16_18.csv
2024;7.0;SIH;Valor total;12 Acre;6335660,47;sih_cnv_niuf082057187_51_16_18.csv
2024;7.0;SIH;Valor total;13 Amazonas;22667087,05;sih_cnv_niuf082057187_51_16_18.csv
2024;7.0;SIH;Valor total;14 Roraima;3266052,83;sih_cnv_niuf082057187_51_16_18.csv
2024;7.0;SIH;Valor total;15 Pará;54615596,88;sih_cnv_niuf082057187_51_16_18.csv
2024;7.0;SIH;Valor total;16 Amapá;4225767,0;sih_cnv_niuf082057187_51_16_18.csv
2024;7.0;SIH;Valor total;17 Tocantins;9916547,54;sih_cnv_niuf082057187_51_16_18.csv
2024;7.0;SIH;Valor total;21 Maranhão;44957376,43;sih_cnv_niuf082057187_51_16_18.csv
2024;7.0;SIH;Valor total;22 Piauí;23618178,25;sih_cnv_niuf082057187_51_16_18.csv
2024;7.0;SIH;Valor total;23 Ceará;73288719,25;sih_cnv_niuf082057187_51_16_18.csv
2024;7.0;SIH;Valor total;24 Rio Grande do Norte;34352345,37;sih_cnv_niuf082057187_51_16_18.csv
2024;7.0;SIH;Valor total;25 Paraíba;50781165,07;sih_cnv_niuf082057187_51_16_18.csv
2024;7.0;SIH;Valor total;26 Pernambuco;98822069,7;sih_cnv_niuf082057187_51_16_18.csv
2024;7.0;SIH;Valor total;27 Alagoas;24520220,11;sih_cnv_niuf082057187_51_16_18.csv
2024;7.0;SIH;Valor total;28 Sergipe;16997433,82;sih_cnv_niuf082057187_51_16_18.csv
2024;7.0;SIH;Valor total;29 Bahia;110479342,71;sih_cnv_niuf082057187_51_16_18.csv
2024;7.0;SIH;Valor total;31 Minas Gerais;249318866,56;sih_cnv_niuf082057187_51_16_18.csv
2024;7.0;SIH;Valor total;32 Espírito Santo;48264144,55;sih_cnv_niuf082057187_51_16_18.csv
2024;7.0;SIH;Valor total;33 Rio de Janeiro;146592874,98;sih_cnv_niuf082057187_51_16_18.csv
2024;7.0;SIH;Valor total;35 São Paulo;435433471,84;sih_cnv_niuf082057187_51_16_18.csv
2024;7.0;SIH;Valor total;41 Paraná;171263695,06;sih_cnv_niuf082057187_51_16_18.csv
2024;7.0;SIH;Valor total;42 Santa Catarina;138887923,6;sih_cnv_niuf082057187_51_16_18.csv
2024;7.0;SIH;Valor total;43 Rio Grande do Sul;127449225,27;sih_cnv_niuf082057187_51_16_18.csv
2024;7.0;SIH;Valor total;50 Mato Grosso do Sul;28317760,89;sih_cnv_niuf082057187_51_16_18.csv
2024;7.0;SIH;Valor total;51 Mato Grosso;29135796,77;sih_cnv_niuf082057187_51_16_18.csv
2024;7.0;SIH;Valor total;52 Goiás;59847054,4;sih_cnv_niuf082057187_51_16_18.csv
2024;7.0;SIH;Valor total;53 Distrito Federal;34665189,86;sih_cnv_niuf082057187_51_16_18.csv
2024;7.0;SIH;Dias permanência;11 Rondônia;64508,0;sih_cnv_niuf082120187_72_164_185.csv
2024;7.0;SIH;Dias permanência;12 Acre;29690,0;sih_cnv_niuf082120187_72_164_185.csv
2024;7.0;SIH;Dias permanência;13 Amazonas;93785,0;sih_cnv_niuf082120187_72_164_185.csv
2024;7.0;SIH;Dias permanência;14 Roraima;19290,0;sih_cnv_niuf082120187_72_164_185.csv
2024;7.0;SIH;Dias permanência;15 Pará;194040,0;sih_cnv_niuf082120187_72_164_185.csv
2024;7.0;SIH;Dias permanência;16 Amapá;24656,0;sih_cnv_niuf082120187_72_164_185.csv
2024;7.0;SIH;Dias permanência;17 Tocantins;43432,0;sih_cnv_niuf082120187_72_164_185.csv
2024;7.0;SIH;Dias permanência;21 Maranhão;213091,0;sih_cnv_niuf082120187_72_164_185.csv
2024;7.0;SIH;Dias permanência;22 Piauí;97370,0;sih_cnv_niuf082120187_72_164_185.csv
2024;7.0;SIH;Dias permanência;23 Ceará;284893,0;sih_cnv_niuf082120187_72_164_185.csv
2024;7.0;SIH;Dias permanência;24 Rio Grande do Norte;88440,0;sih_cnv_niuf082120187_72_164_185.csv
2024;7.0;SIH;Dias permanência;25 Paraíba;116271,0;sih_cnv_niuf082120187_72_164_185.csv
2024;7.0;SIH;Dias permanência;26 Pernambuco;296650,0;sih_cnv_niuf082120187_72_164_185.csv
2024;7.0;SIH;Dias permanência;27 Alagoas;87890,0;sih_cnv_niuf082120187_72_164_185.csv
2024;7.0;SIH;Dias permanência;28 Sergipe;58316,0;sih_cnv_niuf082120187_72_164_185.csv
2024;7.0;SIH;Dias permanência;29 Bahia;389990,0;sih_cnv_niuf082120187_72_164_185.csv
2024;7.0;SIH;Dias permanência;31 Minas Gerais;638720,0;sih_cnv_niuf082120187_72_164_185.csv
2024;7.0;SIH;Dias permanência;32 Espírito Santo;130323,0;sih_cnv_niuf082120187_72_164_185.csv
2024;7.0;SIH;Dias permanência;33 Rio de Janeiro;470810,0;sih_cnv_niuf082120187_72_164_185.csv
2024;7.0;SIH;Dias permanência;35 São Paulo;1256530,0;sih_cnv_niuf082120187_72_164_185.csv
2024;7.0;SIH;Dias permanência;41 Paraná;366568,0;sih_cnv_niuf082120187_72_164_185.csv
2024;7.0;SIH;Dias permanência;42 Santa Catarina;239377,0;sih_cnv_niuf082120187_72_164_185.csv
2024;7.0;SIH;Dias permanência;43 Rio Grande do Sul;416287,0;sih_cnv_niuf082120187_72_164_185.csv
2024;7.0;SIH;Dias permanência;50 Mato Grosso do Sul;83624,0;sih_cnv_niuf082120187_72_164_185.csv
2024;7.0;SIH;Dias permanência;51 Mato Grosso;98506,0;sih_cnv_niuf082120187_72_164_185.csv
2024;7.0;SIH;Dias permanência;52 Goiás;178012,0;sih_cnv_niuf082120187_72_164_185.csv
2024;7.0;SIH;Dias permanência;53 Distrito Federal;118689,0;sih_cnv_niuf082120187_72_164_185.csv
2024;7.0;SIH;Média permanência;11 Rondônia;5,3;sih_cnv_niuf082124187_51_16_18.csv
2024;7.0;SIH;Média permanência;12 Acre;5,1;sih_cnv_niuf082124187_51_16_18.csv
2024;7.0;SIH;Média permanência;13 Amazonas;4,9;sih_cnv_niuf082124187_51_16_18.csv
2024;7.0;SIH;Média permanência;14 Roraima;7,3;sih_cnv_niuf082124187_51_16_18.csv
2024;7.0;SIH;Média permanência;15 Pará;4,2;sih_cnv_niuf082124187_51_16_18.csv
2024;7.0;SIH;Média permanência;16 Amapá;5,0;sih_cnv_niuf082124187_51_16_18.csv
2024;7.0;SIH;Média permanência;17 Tocantins;4,9;sih_cnv_niuf082124187_51_16_18.csv
2024;7.0;SIH;Média permanência;21 Maranhão;5,0;sih_cnv_niuf082124187_51_16_18.csv
2024;7.0;SIH;Média permanência;22 Piauí;5,3;sih_cnv_niuf082124187_51_16_18.csv
2024;7.0;SIH;Média permanência;23 Ceará;5,6;sih_cnv_niuf082124187_51_16_18.csv
2024;7.0;SIH;Média permanência;24 Rio Grande do Norte;4,6;sih_cnv_niuf082124187_51_16_18.csv
2024;7.0;SIH;Média permanência;25 Paraíba;5,1;sih_cnv_niuf082124187_51_16_18.csv
2024;7.0;SIH;Média permanência;26 Pernambuco;5,1;sih_cnv_niuf082124187_51_16_18.csv
2024;7.0;SIH;Média permanência;27 Alagoas;5,9;sih_cnv_niuf082124187_51_16_18.csv
2024;7.0;SIH;Média permanência;28 Sergipe;5,4;sih_cnv_niuf082124187_51_16_18.csv
2024;7.0;SIH;Média permanência;29 Bahia;4,7;sih_cnv_niuf082124187_51_16_18.csv
2024;7.0;SIH;Média permanência;31 Minas Gerais;4,8;sih_cnv_niuf082124187_51_16_18.csv
2024;7.0;SIH;Média permanência;32 Espírito Santo;4,8;sih_cnv_niuf082124187_51_16_18.csv
2024;7.0;SIH;Média permanência;33 Rio de Janeiro;6,0;sih_cnv_niuf082124187_51_16_18.csv
2024;7.0;SIH;Média permanência;35 São Paulo;5,3;sih_cnv_niuf082124187_51_16_18.csv
2024;7.0;SIH;Média permanência;41 Paraná;4,2;sih_cnv_niuf082124187_51_16_18.csv
2024;7.0;SIH;Média permanência;42 Santa Catarina;4,2;sih_cnv_niuf082124187_51_16_18.csv
2024;7.0;SIH;Média permanência;43 Rio Grande do Sul;5,9;sih_cnv_niuf082124187_51_16_18.csv
2024;7.0;SIH;Média permanência;50 Mato Grosso do Sul;4,7;sih_cnv_niuf082124187_51_16_18.csv
2024;7.0;SIH;Média permanência;51 Mato Grosso;4,4;sih_cnv_niuf082124187_51_16_18.csv
2024;7.0;SIH;Média permanência;52 Goiás;4,6;sih_cnv_niuf082124187_51_16_18.csv
2024;7.0;SIH;Média permanência;53 Distrito Federal;5,5;sih_cnv_niuf082124187_51_16_18.csv
2024;6.0;SIH;Internações;11 Rondônia;11640,0;sih_cnv_niuf082404187_109_40_194.csv
2024;6.0;SIH;Internações;12 Acre;4674,0;sih_cnv_niuf082404187_109_40_194.csv
2024;6.0;SIH;Internações;13 Amazonas;18921,0;sih_cnv_niuf082404187_109_40_194.csv
2024;6.0;SIH;Internações;14 Roraima;2996,0;sih_cnv_niuf082404187_109_40_194.csv
2024;6.0;SIH;Internações;15 Pará;46571,0;sih_cnv_niuf082404187_109_40_194.csv
2024;6.0;SIH;Internações;16 Amapá;4651,0;sih_cnv_niuf082404187_109_40_194.csv
2024;6.0;SIH;Internações;17 Tocantins;8976,0;sih_cnv_niuf082404187_109_40_194.csv
2024;6.0;SIH;Internações;21 Maranhão;42097,0;sih_cnv_niuf082404187_109_40_194.csv
2024;6.0;SIH;Internações;22 Piauí;17764,0;sih_cnv_niuf082404187_109_40_194.csv
2024;6.0;SIH;Internações;23 Ceará;50383,0;sih_cnv_niuf082404187_109_40_194.csv
2024;6.0;SIH;Internações;24 Rio Grande do Norte;18657,0;sih_cnv_niuf082404187_109_40_194.csv
2024;6.0;SIH;Internações;25 Paraíba;21758,0;sih_cnv_niuf082404187_109_40_194.csv
2024;6.0;SIH;Internações;26 Pernambuco;55616,0;sih_cnv_niuf082404187_109_40_194.csv
2024;6.0;SIH;Internações;27 Alagoas;14915,0;sih_cnv_niuf082404187_109_40_194.csv
2024;6.0;SIH;Internações;28 Sergipe;9890,0;sih_cnv_niuf082404187_109_40_194.csv
2024;6.0;SIH;Internações;29 Bahia;74783,0;sih_cnv_niuf082404187_109_40_194.csv
2024;6.0;SIH;Internações;31 Minas Gerais;127971,0;sih_cnv_niuf082404187_109_40_194.csv
2024;6.0;SIH;Internações;32 Espírito Santo;25857,0;sih_cnv_niuf082404187_109_40_194.csv
2024;6.0;SIH;Internações;33 Rio de Janeiro;76616,0;sih_cnv_niuf082404187_109_40_194.csv
2024;6.0;SIH;Internações;35 São Paulo;236013,0;sih_cnv_niuf082404187_109_40_194.csv
2024;6.0;SIH;Internações;41 Paraná;86241,0;sih_cnv_niuf082404187_109_40_194.csv
2024;6.0;SIH;Internações;42 Santa Catarina;54217,0;sih_cnv_niuf082404187_109_40_194.csv
2024;6.0;SIH;Internações;43 Rio Grande do Sul;69535,0;sih_cnv_niuf082404187_109_40_194.csv
2024;6.0;SIH;Internações;50 Mato Grosso do Sul;18115,0;sih_cnv_niuf082404187_109_40_194.csv
2024;6.0;SIH;Internações;51 Mato Grosso;20924,0;sih_cnv_niuf082404187_109_40_194.csv
2024;6.0;SIH;Internações;52 Goiás;37452,0;sih_cnv_niuf082404187_109_40_194.csv
2024;6.0;SIH;Internações;53 Distrito Federal;20712,0;sih_cnv_niuf082404187_109_40_194.csv
2024;6.0;SIH;Valor total;11 Rondônia;14852281,06;sih_cnv_niuf082408187_109_40_194.csv
2024;6.0;SIH;Valor total;12 Acre;4476661,21;sih_cnv_niuf082408187_109_40_194.csv
2024;6.0;SIH;Valor total;13 Amazonas;23016102,25;sih_cnv_niuf082408187_109_40_194.csv
2024;6.0;SIH;Valor total;14 Roraima;3372578,21;sih_cnv_niuf082408187_109_40_194.csv
2024;6.0;SIH;Valor total;15 Pará;53709592,89;sih_cnv_niuf082408187_109_40_194.csv
2024;6.0;SIH;Valor total;16 Amapá;4114364,41;sih_cnv_niuf082408187_109_40_194.csv
2024;6.0;SIH;Valor total;17 Tocantins;10839318,83;sih_cnv_niuf082408187_109_40_194.csv
2024;6.0;SIH;Valor total;21 Maranhão;44953551,85;sih_cnv_niuf082408187_109_40_194.csv
2024;6.0;SIH;Valor total;22 Piauí;22693593,83;sih_cnv_niuf082408187_109_40_194.csv
2024;6.0;SIH;Valor total;23 Ceará;71243017,16;sih_cnv_niuf082408187_109_40_194.csv
2024;6.0;SIH;Valor total;24 Rio Grande do Norte;34204014,27;sih_cnv_niuf082408187_109_40_194.csv
2024;6.0;SIH;Valor total;25 Paraíba;49573074,97;sih_cnv_niuf082408187_109_40_194.csv
2024;6.0;SIH;Valor total;26 Pernambuco;95204127,03;sih_cnv_niuf082408187_109_40_194.csv
2024;6.0;SIH;Valor total;27 Alagoas;23890497,69;sih_cnv_niuf082408187_109_40_194.csv
2024;6.0;SIH;Valor total;28 Sergipe;17534334,36;sih_cnv_niuf082408187_109_40_194.csv
2024;6.0;SIH;Valor total;29 Bahia;95850580,64;sih_cnv_niuf082408187_109_40_194.csv
2024;6.0;SIH;Valor total;31 Minas Gerais;230961656,11;sih_cnv_niuf082408187_109_40_194.csv
2024;6.0;SIH;Valor total;32 Espírito Santo;44348269,55;sih_cnv_niuf082408187_109_40_194.csv
2024;6.0;SIH;Valor total;33 Rio de Janeiro;134578414,34;sih_cnv_niuf082408187_109_40_194.csv
2024;6.0;SIH;Valor total;35 São Paulo;428693133,58;sih_cnv_niuf082408187_109_40_194.csv
2024;6.0;SIH;Valor total;41 Paraná;169082233,49;sih_cnv_niuf082408187_109_40_194.csv
2024;6.0;SIH;Valor total;42 Santa Catarina;129225243,74;sih_cnv_niuf082408187_109_40_194.csv
2024;6.0;SIH;Valor total;43 Rio Grande do Sul;124944966,87;sih_cnv_niuf082408187_109_40_194.csv
2024;6.0;SIH;Valor total;50 Mato Grosso do Sul;26697029,27;sih_cnv_niuf082408187_109_40_194.csv
2024;6.0;SIH;Valor total;51 Mato Grosso;27047915,42;sih_cnv_niuf082408187_109_40_194.csv
2024;6.0;SIH;Valor total;52 Goiás;53068443,94;sih_cnv_niuf082408187_109_40_194.csv
2024;6.0;SIH;Valor total;53 Distrito Federal;32136215,6;sih_cnv_niuf082408187_109_40_194.csv
2024;6.0;SIH;Dias permanência;11 Rondônia;58763,0;sih_cnv_niuf082415187_109_40_194.csv
2024;6.0;SIH;Dias permanência;12 Acre;20523,0;sih_cnv_niuf082415187_109_40_194.csv
2024;6.0;SIH;Dias permanência;13 Amazonas;92941,0;sih_cnv_niuf082415187_109_40_194.csv
2024;6.0;SIH;Dias permanência;14 Roraima;20464,0;sih_cnv_niuf082415187_109_40_194.csv
2024;6.0;SIH;Dias permanência;15 Pará;192396,0;sih_cnv_niuf082415187_109_40_194.csv
2024;6.0;SIH;Dias permanência;16 Amapá;22583,0;sih_cnv_niuf082415187_109_40_194.csv
2024;6.0;SIH;Dias permanência;17 Tocantins;47559,0;sih_cnv_niuf082415187_109_40_194.csv
2024;6.0;SIH;Dias permanência;21 Maranhão;211631,0;sih_cnv_niuf082415187_109_40_194.csv
2024;6.0;SIH;Dias permanência;22 Piauí;96107,0;sih_cnv_niuf082415187_109_40_194.csv
2024;6.0;SIH;Dias permanência;23 Ceará;285114,0;sih_cnv_niuf082415187_109_40_194.csv
2024;6.0;SIH;Dias permanência;24 Rio Grande do Norte;86438,0;sih_cnv_niuf082415187_109_40_194.csv
2024;6.0;SIH;Dias permanência;25 Paraíba;114330,0;sih_cnv_niuf082415187_109_40_194.csv
2024;6.0;SIH;Dias permanência;26 Pernambuco;282158,0;sih_cnv_niuf082415187_109_40_194.csv
2024;6.0;SIH;Dias permanência;27 Alagoas;85391,0;sih_cnv_niuf082415187_109_40_194.csv
2024;6.0;SIH;Dias permanência;28 Sergipe;51761,0;sih_cnv_niuf082415187_109_40_194.csv
2024;6.0;SIH;Dias permanência;29 Bahia;345428,0;sih_cnv_niuf082415187_109_40_194.csv
2024;6.0;SIH;Dias permanência;31 Minas Gerais;613538,0;sih_cnv_niuf082415187_109_40_194.csv
2024;6.0;SIH;Dias permanência;32 Espírito Santo;127658,0;sih_cnv_niuf082415187_109_40_194.csv
2024;6.0;SIH;Dias permanência;33 Rio de Janeiro;450137,0;sih_cnv_niuf082415187_109_40_194.csv
2024;6.0;SIH;Dias permanência;35 São Paulo;1225201,0;sih_cnv_niuf082415187_109_40_194.csv
2024;6.0;SIH;Dias permanência;41 Paraná;363772,0;sih_cnv_niuf082415187_109_40_194.csv
2024;6.0;SIH;Dias permanência;42 Santa Catarina;232267,0;sih_cnv_niuf082415187_109_40_194.csv
2024;6.0;SIH;Dias permanência;43 Rio Grande do Sul;412819,0;sih_cnv_niuf082415187_109_40_194.csv
2024;6.0;SIH;Dias permanência;50 Mato Grosso do Sul;82110,0;sih_cnv_niuf082415187_109_40_194.csv
2024;6.0;SIH;Dias permanência;51 Mato Grosso;91581,0;sih_cnv_niuf082415187_109_40_194.csv
2024;6.0;SIH;Dias permanência;52 Goiás;165504,0;sih_cnv_niuf082415187_109_40_194.csv
2024;6.0;SIH;Dias permanência;53 Distrito Federal;115735,0;sih_cnv_niuf082415187_109_40_194.csv
2024;6.0;SIH;Média permanência;11 Rondônia;5,0;sih_cnv_niuf082420187_72_164_185.csv
2024;6.0;SIH;Média permanência;12 Acre;4,4;sih_cnv_niuf082420187_72_164_185.csv
2024;6.0;SIH;Média permanência;13 Amazonas;4,9;sih_cnv_niuf082420187_72_164_185.csv
2024;6.0;SIH;Média permanência;14 Roraima;6,8;sih_cnv_niuf082420187_72_164_185.csv
2024;6.0;SIH;Média permanência;15 Pará;4,1;sih_cnv_niuf082420187_72_164_185.csv
2024;6.0;SIH;Média permanência;16 Amapá;4,9;sih_cnv_niuf082420187_72_164_185.csv
2024;6.0;SIH;Média permanência;17 Tocantins;5,3;sih_cnv_niuf082420187_72_164_185.csv
2024;6.0;SIH;Média permanência;21 Maranhão;5,0;sih_cnv_niuf082420187_72_164_185.csv
2024;6.0;SIH;Média permanência;22 Piauí;5,4;sih_cnv_niuf082420187_72_164_185.csv
2024;6.0;SIH;Média permanência;23 Ceará;5,7;sih_cnv_niuf082420187_72_164_185.csv
2024;6.0;SIH;Média permanência;24 Rio Grande do Norte;4,6;sih_cnv_niuf082420187_72_164_185.csv
2024;6.0;SIH;Média permanência;25 Paraíba;5,3;sih_cnv_niuf082420187_72_164_185.csv
2024;6.0;SIH;Média permanência;26 Pernambuco;5,1;sih_cnv_niuf082420187_72_164_185.csv
2024;6.0;SIH;Média permanência;27 Alagoas;5,7;sih_cnv_niuf082420187_72_164_185.csv
2024;6.0;SIH;Média permanência;28 Sergipe;5,2;sih_cnv_niuf082420187_72_164_185.csv
2024;6.0;SIH;Média permanência;29 Bahia;4,6;sih_cnv_niuf082420187_72_164_185.csv
2024;6.0;SIH;Média permanência;31 Minas Gerais;4,8;sih_cnv_niuf082420187_72_164_185.csv
2024;6.0;SIH;Média permanência;32 Espírito Santo;4,9;sih_cnv_niuf082420187_72_164_185.csv
2024;6.0;SIH;Média permanência;33 Rio de Janeiro;5,9;sih_cnv_niuf082420187_72_164_185.csv
2024;6.0;SIH;Média permanência;35 São Paulo;5,2;sih_cnv_niuf082420187_72_164_185.csv
2024;6.0;SIH;Média permanência;41 Paraná;4,2;sih_cnv_niuf082420187_72_164_185.csv
2024;6.0;SIH;Média permanência;42 Santa Catarina;4,3;sih_cnv_niuf082420187_72_164_185.csv
2024;6.0;SIH;Média permanência;43 Rio Grande do Sul;5,9;sih_cnv_niuf082420187_72_164_185.csv
2024;6.0;SIH;Média permanência;50 Mato Grosso do Sul;4,5;sih_cnv_niuf082420187_72_164_185.csv
2024;6.0;SIH;Média permanência;51 Mato Grosso;4,4;sih_cnv_niuf082420187_72_164_185.csv
2024;6.0;SIH;Média permanência;52 Goiás;4,4;sih_cnv_niuf082420187_72_164_185.csv
2024;6.0;SIH;Média permanência;53 Distrito Federal;5,6;sih_cnv_niuf082420187_72_164_185.csv
2024;5.0;SIH;Internações;11 Rondônia;12105,0;sih_cnv_niuf082648187_109_40_194.csv
2024;5.0;SIH;Internações;12 Acre;5130,0;sih_cnv_niuf082648187_109_40_194.csv
2024;5.0;SIH;Internações;13 Amazonas;20217,0;sih_cnv_niuf082648187_109_40_194.csv
2024;5.0;SIH;Internações;14 Roraima;2805,0;sih_cnv_niuf082648187_109_40_194.csv
2024;5.0;SIH;Internações;15 Pará;47430,0;sih_cnv_niuf082648187_109_40_194.csv
2024;5.0;SIH;Internações;16 Amapá;4700,0;sih_cnv_niuf082648187_109_40_194.csv
2024;5.0;SIH;Internações;17 Tocantins;9091,0;sih_cnv_niuf082648187_109_40_194.csv
2024;5.0;SIH;Internações;21 Maranhão;43278,0;sih_cnv_niuf082648187_109_40_194.csv
2024;5.0;SIH;Internações;22 Piauí;18850,0;sih_cnv_niuf082648187_109_40_194.csv
2024;5.0;SIH;Internações;23 Ceará;50983,0;sih_cnv_niuf082648187_109_40_194.csv
2024;5.0;SIH;Internações;24 Rio Grande do Norte;17847,0;sih_cnv_niuf082648187_109_40_194.csv
2024;5.0;SIH;Internações;25 Paraíba;21770,0;sih_cnv_niuf082648187_109_40_194.csv
2024;5.0;SIH;Internações;26 Pernambuco;59184,0;sih_cnv_niuf082648187_109_40_194.csv
2024;5.0;SIH;Internações;27 Alagoas;14723,0;sih_cnv_niuf082648187_109_40_194.csv
2024;5.0;SIH;Internações;28 Sergipe;10019,0;sih_cnv_niuf082648187_109_40_194.csv
2024;5.0;SIH;Internações;29 Bahia;81427,0;sih_cnv_niuf082648187_109_40_194.csv
2024;5.0;SIH;Internações;31 Minas Gerais;133131,0;sih_cnv_niuf082648187_109_40_194.csv
2024;5.0;SIH;Internações;32 Espírito Santo;25894,0;sih_cnv_niuf082648187_109_40_194.csv
2024;5.0;SIH;Internações;33 Rio de Janeiro;78856,0;sih_cnv_niuf082648187_109_40_194.csv
2024;5.0;SIH;Internações;35 São Paulo;241861,0;sih_cnv_niuf082648187_109_40_194.csv
2024;5.0;SIH;Internações;41 Paraná;88251,0;sih_cnv_niuf082648187_109_40_194.csv
2024;5.0;SIH;Internações;42 Santa Catarina;55874,0;sih_cnv_niuf082648187_109_40_194.csv
2024;5.0;SIH;Internações;43 Rio Grande do Sul;65265,0;sih_cnv_niuf082648187_109_40_194.csv
2024;5.0;SIH;Internações;50 Mato Grosso do Sul;17560,0;sih_cnv_niuf082648187_109_40_194.csv
2024;5.0;SIH;Internações;51 Mato Grosso;21352,0;sih_cnv_niuf082648187_109_40_194.csv
2024;5.0;SIH;Internações;52 Goiás;39209,0;sih_cnv_niuf082648187_109_40_194.csv
2024;5.0;SIH;Internações;53 Distrito Federal;21633,0;sih_cnv_niuf082648187_109_40_194.csv
2024;5.0;SIH;Valor total;11 Rondônia;13264782,01;sih_cnv_niuf082653201_63_116_66.csv
2024;5.0;SIH;Valor total;12 Acre;4374108,09;sih_cnv_niuf082653201_63_116_66.csv
2024;5.0;SIH;Valor total;13 Amazonas;23545582,45;sih_cnv_niuf082653201_63_116_66.csv
2024;5.0;SIH;Valor total;14 Roraima;3156689,17;sih_cnv_niuf082653201_63_116_66.csv
2024;5.0;SIH;Valor total;15 Pará;54412343,57;sih_cnv_niuf082653201_63_116_66.csv
2024;5.0;SIH;Valor total;16 Amapá;4271287,44;sih_cnv_niuf082653201_63_116_66.csv
2024;5.0;SIH;Valor total;17 Tocantins;10189768,43;sih_cnv_niuf082653201_63_116_66.csv
2024;5.0;SIH;Valor total;21 Maranhão;44891047,32;sih_cnv_niuf082653201_63_116_66.csv
2024;5.0;SIH;Valor total;22 Piauí;23671812,37;sih_cnv_niuf082653201_63_116_66.csv
2024;5.0;SIH;Valor total;23 Ceará;73592664,89;sih_cnv_niuf082653201_63_116_66.csv
2024;5.0;SIH;Valor total;24 Rio Grande do Norte;31499164,36;sih_cnv_niuf082653201_63_116_66.csv
2024;5.0;SIH;Valor total;25 Paraíba;42039297,8;sih_cnv_niuf082653201_63_116_66.csv
2024;5.0;SIH;Valor total;26 Pernambuco;97698087,16;sih_cnv_niuf082653201_63_116_66.csv
2024;5.0;SIH;Valor total;27 Alagoas;21704830,53;sih_cnv_niuf082653201_63_116_66.csv
2024;5.0;SIH;Valor total;28 Sergipe;14930126,96;sih_cnv_niuf082653201_63_116_66.csv
2024;5.0;SIH;Valor total;29 Bahia;104561275,35;sih_cnv_niuf082653201_63_116_66.csv
2024;5.0;SIH;Valor total;31 Minas Gerais;238249599,81;sih_cnv_niuf082653201_63_116_66.csv
2024;5.0;SIH;Valor total;32 Espírito Santo;43808868,42;sih_cnv_niuf082653201_63_116_66.csv
2024;5.0;SIH;Valor total;33 Rio de Janeiro;133696587,52;sih_cnv_niuf082653201_63_116_66.csv
2024;5.0;SIH;Valor total;35 São Paulo;437488632,41;sih_cnv_niuf082653201_63_116_66.csv
2024;5.0;SIH;Valor total;41 Paraná;175292962,05;sih_cnv_niuf082653201_63_116_66.csv
2024;5.0;SIH;Valor total;42 Santa Catarina;128900249,58;sih_cnv_niuf082653201_63_116_66.csv
2024;5.0;SIH;Valor total;43 Rio Grande do Sul;116053399,22;sih_cnv_niuf082653201_63_116_66.csv
2024;5.0;SIH;Valor total;50 Mato Grosso do Sul;25404324,56;sih_cnv_niuf082653201_63_116_66.csv
2024;5.0;SIH;Valor total;51 Mato Grosso;27151006,79;sih_cnv_niuf082653201_63_116_66.csv
2024;5.0;SIH;Valor total;52 Goiás;55836945,42;sih_cnv_niuf082653201_63_116_66.csv
2024;5.0;SIH;Valor total;53 Distrito Federal;34254083,75;sih_cnv_niuf082653201_63_116_66.csv
2024;5.0;SIH;Dias permanência;11 Rondônia;57623,0;sih_cnv_niuf082709201_63_116_66.csv
2024;5.0;SIH;Dias permanência;12 Acre;23085,0;sih_cnv_niuf082709201_63_116_66.csv
2024;5.0;SIH;Dias permanência;13 Amazonas;100299,0;sih_cnv_niuf082709201_63_116_66.csv
2024;5.0;SIH;Dias permanência;14 Roraima;19873,0;sih_cnv_niuf082709201_63_116_66.csv
2024;5.0;SIH;Dias permanência;15 Pará;197458,0;sih_cnv_niuf082709201_63_116_66.csv
2024;5.0;SIH;Dias permanência;16 Amapá;22592,0;sih_cnv_niuf082709201_63_116_66.csv
2024;5.0;SIH;Dias permanência;17 Tocantins;44296,0;sih_cnv_niuf082709201_63_116_66.csv
2024;5.0;SIH;Dias permanência;21 Maranhão;214596,0;sih_cnv_niuf082709201_63_116_66.csv
2024;5.0;SIH;Dias permanência;22 Piauí;102346,0;sih_cnv_niuf082709201_63_116_66.csv
2024;5.0;SIH;Dias permanência;23 Ceará;294057,0;sih_cnv_niuf082709201_63_116_66.csv
2024;5.0;SIH;Dias permanência;24 Rio Grande do Norte;82269,0;sih_cnv_niuf082709201_63_116_66.csv
2024;5.0;SIH;Dias permanência;25 Paraíba;113356,0;sih_cnv_niuf082709201_63_116_66.csv
2024;5.0;SIH;Dias permanência;26 Pernambuco;300578,0;sih_cnv_niuf082709201_63_116_66.csv
2024;5.0;SIH;Dias permanência;27 Alagoas;82797,0;sih_cnv_niuf082709201_63_116_66.csv
2024;5.0;SIH;Dias permanência;28 Sergipe;51333,0;sih_cnv_niuf082709201_63_116_66.csv
2024;5.0;SIH;Dias permanência;29 Bahia;375345,0;sih_cnv_niuf082709201_63_116_66.csv
2024;5.0;SIH;Dias permanência;31 Minas Gerais;629791,0;sih_cnv_niuf082709201_63_116_66.csv
2024;5.0;SIH;Dias permanência;32 Espírito Santo;125571,0;sih_cnv_niuf082709201_63_116_66.csv
2024;5.0;SIH;Dias permanência;33 Rio de Janeiro;460885,0;sih_cnv_niuf082709201_63_116_66.csv
2024;5.0;SIH;Dias permanência;35 São Paulo;1248996,0;sih_cnv_niuf082709201_63_116_66.csv
2024;5.0;SIH;Dias permanência;41 Paraná;374698,0;sih_cnv_niuf082709201_63_116_66.csv
2024;5.0;SIH;Dias permanência;42 Santa Catarina;230774,0;sih_cnv_niuf082709201_63_116_66.csv
2024;5.0;SIH;Dias permanência;43 Rio Grande do Sul;400511,0;sih_cnv_niuf082709201_63_116_66.csv
2024;5.0;SIH;Dias permanência;50 Mato Grosso do Sul;81192,0;sih_cnv_niuf082709201_63_116_66.csv
2024;5.0;SIH;Dias permanência;51 Mato Grosso;92671,0;sih_cnv_niuf082709201_63_116_66.csv
2024;5.0;SIH;Dias permanência;52 Goiás;177638,0;sih_cnv_niuf082709201_63_116_66.csv
2024;5.0;SIH;Dias permanência;53 Distrito Federal;121614,0;sih_cnv_niuf082709201_63_116_66.csv
2024;5.0;SIH;Média permanência;11 Rondônia;4,8;sih_cnv_niuf082713187_72_164_185.csv
2024;5.0;SIH;Média permanência;12 Acre;4,5;sih_cnv_niuf082713187_72_164_185.csv
2024;5.0;SIH;Média permanência;13 Amazonas;5,0;sih_cnv_niuf082713187_72_164_185.csv
2024;5.0;SIH;Média permanência;14 Roraima;7,1;sih_cnv_niuf082713187_72_164_185.csv
2024;5.0;SIH;Média permanência;15 Pará;4,2;sih_cnv_niuf082713187_72_164_185.csv
2024;5.0;SIH;Média permanência;16 Amapá;4,8;sih_cnv_niuf082713187_72_164_185.csv
2024;5.0;SIH;Média permanência;17 Tocantins;4,9;sih_cnv_niuf082713187_72_164_185.csv
2024;5.0;SIH;Média permanência;21 Maranhão;5,0;sih_cnv_niuf082713187_72_164_185.csv
2024;5.0;SIH;Média permanência;22 Piauí;5,4;sih_cnv_niuf082713187_72_164_185.csv
2024;5.0;SIH;Média permanência;23 Ceará;5,8;sih_cnv_niuf082713187_72_164_185.csv
2024;5.0;SIH;Média permanência;24 Rio Grande do Norte;4,6;sih_cnv_niuf082713187_72_164_185.csv
2024;5.0;SIH;Média permanência;25 Paraíba;5,2;sih_cnv_niuf082713187_72_164_185.csv
2024;5.0;SIH;Média permanência;26 Pernambuco;5,1;sih_cnv_niuf082713187_72_164_185.csv
2024;5.0;SIH;Média permanência;27 Alagoas;5,6;sih_cnv_niuf082713187_72_164_185.csv
2024;5.0;SIH;Média permanência;28 Sergipe;5,1;sih_cnv_niuf082713187_72_164_185.csv
2024;5.0;SIH;Média permanência;29 Bahia;4,6;sih_cnv_niuf082713187_72_164_185.csv
2024;5.0;SIH;Média permanência;31 Minas Gerais;4,7;sih_cnv_niuf082713187_72_164_185.csv
2024;5.0;SIH;Média permanência;32 Espírito Santo;4,8;sih_cnv_niuf082713187_72_164_185.csv
2024;5.0;SIH;Média permanência;33 Rio de Janeiro;5,8;sih_cnv_niuf082713187_72_164_185.csv
2024;5.0;SIH;Média permanência;35 São Paulo;5,2;sih_cnv_niuf082713187_72_164_185.csv
2024;5.0;SIH;Média permanência;41 Paraná;4,2;sih_cnv_niuf082713187_72_164_185.csv
2024;5.0;SIH;Média permanência;42 Santa Catarina;4,1;sih_cnv_niuf082713187_72_164_185.csv
2024;5.0;SIH;Média permanência;43 Rio Grande do Sul;6,1;sih_cnv_niuf082713187_72_164_185.csv
2024;5.0;SIH;Média permanência;50 Mato Grosso do Sul;4,6;sih_cnv_niuf082713187_72_164_185.csv
2024;5.0;SIH;Média permanência;51 Mato Grosso;4,3;sih_cnv_niuf082713187_72_164_185.csv
2024;5.0;SIH;Média permanência;52 Goiás;4,5;sih_cnv_niuf082713187_72_164_185.csv
2024;5.0;SIH;Média permanência;53 Distrito Federal;5,6;sih_cnv_niuf082713187_72_164_185.csv
2024;3.0;SIH;Internações;11 Rondônia;11244,0;sih_cnv_niuf082851187_51_16_18.csv
2024;3.0;SIH;Internações;12 Acre;4517,0;sih_cnv_niuf082851187_51_16_18.csv
2024;3.0;SIH;Internações;13 Amazonas;19267,0;sih_cnv_niuf082851187_51_16_18.csv
2024;3.0;SIH;Internações;14 Roraima;3619,0;sih_cnv_niuf082851187_51_16_18.csv
2024;3.0;SIH;Internações;15 Pará;46481,0;sih_cnv_niuf082851187_51_16_18.csv
2024;3.0;SIH;Internações;16 Amapá;4645,0;sih_cnv_niuf082851187_51_16_18.csv
2024;3.0;SIH;Internações;17 Tocantins;8386,0;sih_cnv_niuf082851187_51_16_18.csv
2024;3.0;SIH;Internações;21 Maranhão;42478,0;sih_cnv_niuf082851187_51_16_18.csv
2024;3.0;SIH;Internações;22 Piauí;17775,0;sih_cnv_niuf082851187_51_16_18.csv
2024;3.0;SIH;Internações;23 Ceará;46822,0;sih_cnv_niuf082851187_51_16_18.csv
2024;3.0;SIH;Internações;24 Rio Grande do Norte;17780,0;sih_cnv_niuf082851187_51_16_18.csv
2024;3.0;SIH;Internações;25 Paraíba;23123,0;sih_cnv_niuf082851187_51_16_18.csv
2024;3.0;SIH;Internações;26 Pernambuco;54114,0;sih_cnv_niuf082851187_51_16_18.csv
2024;3.0;SIH;Internações;27 Alagoas;14296,0;sih_cnv_niuf082851187_51_16_18.csv
2024;3.0;SIH;Internações;28 Sergipe;9923,0;sih_cnv_niuf082851187_51_16_18.csv
2024;3.0;SIH;Internações;29 Bahia;78231,0;sih_cnv_niuf082851187_51_16_18.csv
2024;3.0;SIH;Internações;31 Minas Gerais;130650,0;sih_cnv_niuf082851187_51_16_18.csv
2024;3.0;SIH;Internações;32 Espírito Santo;25688,0;sih_cnv_niuf082851187_51_16_18.csv
2024;3.0;SIH;Internações;33 Rio de Janeiro;77409,0;sih_cnv_niuf082851187_51_16_18.csv
2024;3.0;SIH;Internações;35 São Paulo;237243,0;sih_cnv_niuf082851187_51_16_18.csv
2024;3.0;SIH;Internações;41 Paraná;83030,0;sih_cnv_niuf082851187_51_16_18.csv
2024;3.0;SIH;Internações;42 Santa Catarina;51848,0;sih_cnv_niuf082851187_51_16_18.csv
2024;3.0;SIH;Internações;43 Rio Grande do Sul;69058,0;sih_cnv_niuf082851187_51_16_18.csv
2024;3.0;SIH;Internações;50 Mato Grosso do Sul;17301,0;sih_cnv_niuf082851187_51_16_18.csv
2024;3.0;SIH;Internações;51 Mato Grosso;20029,0;sih_cnv_niuf082851187_51_16_18.csv
2024;3.0;SIH;Internações;52 Goiás;37913,0;sih_cnv_niuf082851187_51_16_18.csv
2024;3.0;SIH;Internações;53 Distrito Federal;21803,0;sih_cnv_niuf082851187_51_16_18.csv
2024;3.0;SIH;Valor total;11 Rondônia;12655633,08;sih_cnv_niuf082855201_63_116_66.csv
2024;3.0;SIH;Valor total;12 Acre;4819515,84;sih_cnv_niuf082855201_63_116_66.csv
2024;3.0;SIH;Valor total;13 Amazonas;23656827,67;sih_cnv_niuf082855201_63_116_66.csv
2024;3.0;SIH;Valor total;14 Roraima;3466938,14;sih_cnv_niuf082855201_63_116_66.csv
2024;3.0;SIH;Valor total;15 Pará;54284231,21;sih_cnv_niuf082855201_63_116_66.csv
2024;3.0;SIH;Valor total;16 Amapá;3580261,72;sih_cnv_niuf082855201_63_116_66.csv
2024;3.0;SIH;Valor total;17 Tocantins;9327218,25;sih_cnv_niuf082855201_63_116_66.csv
2024;3.0;SIH;Valor total;21 Maranhão;46671693,36;sih_cnv_niuf082855201_63_116_66.csv
2024;3.0;SIH;Valor total;22 Piauí;22390166,31;sih_cnv_niuf082855201_63_116_66.csv
2024;3.0;SIH;Valor total;23 Ceará;65861404,16;sih_cnv_niuf082855201_63_116_66.csv
2024;3.0;SIH;Valor total;24 Rio Grande do Norte;31724176,31;sih_cnv_niuf082855201_63_116_66.csv
2024;3.0;SIH;Valor total;25 Paraíba;42864042,34;sih_cnv_niuf082855201_63_116_66.csv
2024;3.0;SIH;Valor total;26 Pernambuco;88994281,49;sih_cnv_niuf082855201_63_116_66.csv
2024;3.0;SIH;Valor total;27 Alagoas;20326795,57;sih_cnv_niuf082855201_63_116_66.csv
2024;3.0;SIH;Valor total;28 Sergipe;15115661,12;sih_cnv_niuf082855201_63_116_66.csv
2024;3.0;SIH;Valor total;29 Bahia;103937179,85;sih_cnv_niuf082855201_63_116_66.csv
2024;3.0;SIH;Valor total;31 Minas Gerais;228587133,11;sih_cnv_niuf082855201_63_116_66.csv
2024;3.0;SIH;Valor total;32 Espírito Santo;42169234,82;sih_cnv_niuf082855201_63_116_66.csv
2024;3.0;SIH;Valor total;33 Rio de Janeiro;125573967,09;sih_cnv_niuf082855201_63_116_66.csv
2024;3.0;SIH;Valor total;35 São Paulo;430002607,78;sih_cnv_niuf082855201_63_116_66.csv
2024;3.0;SIH;Valor total;41 Paraná;168684287,69;sih_cnv_niuf082855201_63_116_66.csv
2024;3.0;SIH;Valor total;42 Santa Catarina;115153935,33;sih_cnv_niuf082855201_63_116_66.csv
2024;3.0;SIH;Valor total;43 Rio Grande do Sul;120363731,26;sih_cnv_niuf082855201_63_116_66.csv
2024;3.0;SIH;Valor total;50 Mato Grosso do Sul;25423335,19;sih_cnv_niuf082855201_63_116_66.csv
2024;3.0;SIH;Valor total;51 Mato Grosso;24795808,89;sih_cnv_niuf082855201_63_116_66.csv
2024;3.0;SIH;Valor total;52 Goiás;55439179,11;sih_cnv_niuf082855201_63_116_66.csv
2024;3.0;SIH;Valor total;53 Distrito Federal;32493030,84;sih_cnv_niuf082855201_63_116_66.csv
2024;3.0;SIH;Dias permanência;11 Rondônia;57009,0;sih_cnv_niuf082901187_72_164_185.csv
2024;3.0;SIH;Dias permanência;12 Acre;21708,0;sih_cnv_niuf082901187_72_164_185.csv
2024;3.0;SIH;Dias permanência;13 Amazonas;96333,0;sih_cnv_niuf082901187_72_164_185.csv
2024;3.0;SIH;Dias permanência;14 Roraima;23958,0;sih_cnv_niuf082901187_72_164_185.csv
2024;3.0;SIH;Dias permanência;15 Pará;192104,0;sih_cnv_niuf082901187_72_164_185.csv
2024;3.0;SIH;Dias permanência;16 Amapá;21028,0;sih_cnv_niuf082901187_72_164_185.csv
2024;3.0;SIH;Dias permanência;17 Tocantins;43184,0;sih_cnv_niuf082901187_72_164_185.csv
2024;3.0;SIH;Dias permanência;21 Maranhão;209859,0;sih_cnv_niuf082901187_72_164_185.csv
2024;3.0;SIH;Dias permanência;22 Piauí;94451,0;sih_cnv_niuf082901187_72_164_185.csv
2024;3.0;SIH;Dias permanência;23 Ceará;269331,0;sih_cnv_niuf082901187_72_164_185.csv
2024;3.0;SIH;Dias permanência;24 Rio Grande do Norte;84715,0;sih_cnv_niuf082901187_72_164_185.csv
2024;3.0;SIH;Dias permanência;25 Paraíba;121188,0;sih_cnv_niuf082901187_72_164_185.csv
2024;3.0;SIH;Dias permanência;26 Pernambuco;275695,0;sih_cnv_niuf082901187_72_164_185.csv
2024;3.0;SIH;Dias permanência;27 Alagoas;80006,0;sih_cnv_niuf082901187_72_164_185.csv
2024;3.0;SIH;Dias permanência;28 Sergipe;57388,0;sih_cnv_niuf082901187_72_164_185.csv
2024;3.0;SIH;Dias permanência;29 Bahia;368875,0;sih_cnv_niuf082901187_72_164_185.csv
2024;3.0;SIH;Dias permanência;31 Minas Gerais;612149,0;sih_cnv_niuf082901187_72_164_185.csv
2024;3.0;SIH;Dias permanência;32 Espírito Santo;127669,0;sih_cnv_niuf082901187_72_164_185.csv
2024;3.0;SIH;Dias permanência;33 Rio de Janeiro;457332,0;sih_cnv_niuf082901187_72_164_185.csv
2024;3.0;SIH;Dias permanência;35 São Paulo;1237383,0;sih_cnv_niuf082901187_72_164_185.csv
2024;3.0;SIH;Dias permanência;41 Paraná;352129,0;sih_cnv_niuf082901187_72_164_185.csv
2024;3.0;SIH;Dias permanência;42 Santa Catarina;214831,0;sih_cnv_niuf082901187_72_164_185.csv
2024;3.0;SIH;Dias permanência;43 Rio Grande do Sul;398590,0;sih_cnv_niuf082901187_72_164_185.csv
2024;3.0;SIH;Dias permanência;50 Mato Grosso do Sul;75129,0;sih_cnv_niuf082901187_72_164_185.csv
2024;3.0;SIH;Dias permanência;51 Mato Grosso;86999,0;sih_cnv_niuf082901187_72_164_185.csv
2024;3.0;SIH;Dias permanência;52 Goiás;171637,0;sih_cnv_niuf082901187_72_164_185.csv
2024;3.0;SIH;Dias permanência;53 Distrito Federal;115968,0;sih_cnv_niuf082901187_72_164_185.csv
2024;3.0;SIH;Média permanência;11 Rondônia;5,1;sih_cnv_niuf082911201_63_116_66.csv
2024;3.0;SIH;Média permanência;12 Acre;4,8;sih_cnv_niuf082911201_63_116_66.csv
2024;3.0;SIH;Média permanência;13 Amazonas;5,0;sih_cnv_niuf082911201_63_116_66.csv
2024;3.0;SIH;Média permanência;14 Roraima;6,6;sih_cnv_niuf082911201_63_116_66.csv
2024;3.0;SIH;Média permanência;15 Pará;4,1;sih_cnv_niuf082911201_63_116_66.csv
2024;3.0;SIH;Média permanência;16 Amapá;4,5;sih_cnv_niuf082911201_63_116_66.csv
2024;3.0;SIH;Média permanência;17 Tocantins;5,1;sih_cnv_niuf082911201_63_116_66.csv
2024;3.0;SIH;Média permanência;21 Maranhão;4,9;sih_cnv_niuf082911201_63_116_66.csv
2024;3.0;SIH;Média permanência;22 Piauí;5,3;sih_cnv_niuf082911201_63_116_66.csv
2024;3.0;SIH;Média permanência;23 Ceará;5,8;sih_cnv_niuf082911201_63_116_66.csv
2024;3.0;SIH;Média permanência;24 Rio Grande do Norte;4,8;sih_cnv_niuf082911201_63_116_66.csv
2024;3.0;SIH;Média permanência;25 Paraíba;5,2;sih_cnv_niuf082911201_63_116_66.csv
2024;3.0;SIH;Média permanência;26 Pernambuco;5,1;sih_cnv_niuf082911201_63_116_66.csv
2024;3.0;SIH;Média permanência;27 Alagoas;5,6;sih_cnv_niuf082911201_63_116_66.csv
2024;3.0;SIH;Média permanência;28 Sergipe;5,8;sih_cnv_niuf082911201_63_116_66.csv
2024;3.0;SIH;Média permanência;29 Bahia;4,7;sih_cnv_niuf082911201_63_116_66.csv
2024;3.0;SIH;Média permanência;31 Minas Gerais;4,7;sih_cnv_niuf082911201_63_116_66.csv
2024;3.0;SIH;Média permanência;32 Espírito Santo;5,0;sih_cnv_niuf082911201_63_116_66.csv
2024;3.0;SIH;Média permanência;33 Rio de Janeiro;5,9;sih_cnv_niuf082911201_63_116_66.csv
2024;3.0;SIH;Média permanência;35 São Paulo;5,2;sih_cnv_niuf082911201_63_116_66.csv
2024;3.0;SIH;Média permanência;41 Paraná;4,2;sih_cnv_niuf082911201_63_116_66.csv
2024;3.0;SIH;Média permanência;42 Santa Catarina;4,1;sih_cnv_niuf082911201_63_116_66.csv
2024;3.0;SIH;Média permanência;43 Rio Grande do Sul;5,8;sih_cnv_niuf082911201_63_116_66.csv
2024;3.0;SIH;Média permanência;50 Mato Grosso do Sul;4,3;sih_cnv_niuf082911201_63_116_66.csv
2024;3.0;SIH;Média permanência;51 Mato Grosso;4,3;sih_cnv_niuf082911201_63_116_66.csv
2024;3.0;SIH;Média permanência;52 Goiás;4,5;sih_cnv_niuf082911201_63_116_66.csv
2024;3.0;SIH;Média permanência;53 Distrito Federal;5,3;sih_cnv_niuf082911201_63_116_66.csv
2024;11.0;SIH;Internações;11 Rondônia;11281,0;sih_cnv_niuf081050187_109_40_194.csv
2024;11.0;SIH;Internações;12 Acre;5038,0;sih_cnv_niuf081050187_109_40_194.csv
2024;11.0;SIH;Internações;13 Amazonas;18531,0;sih_cnv_niuf081050187_109_40_194.csv
2024;11.0;SIH;Internações;14 Roraima;3349,0;sih_cnv_niuf081050187_109_40_194.csv
2024;11.0;SIH;Internações;15 Pará;45876,0;sih_cnv_niuf081050187_109_40_194.csv
2024;11.0;SIH;Internações;16 Amapá;5002,0;sih_cnv_niuf081050187_109_40_194.csv
2024;11.0;SIH;Internações;17 Tocantins;7636,0;sih_cnv_niuf081050187_109_40_194.csv
2024;11.0;SIH;Internações;21 Maranhão;40869,0;sih_cnv_niuf081050187_109_40_194.csv
2024;11.0;SIH;Internações;22 Piauí;17411,0;sih_cnv_niuf081050187_109_40_194.csv
2024;11.0;SIH;Internações;23 Ceará;46531,0;sih_cnv_niuf081050187_109_40_194.csv
2024;11.0;SIH;Internações;24 Rio Grande do Norte;17808,0;sih_cnv_niuf081050187_109_40_194.csv
2024;11.0;SIH;Internações;25 Paraíba;20360,0;sih_cnv_niuf081050187_109_40_194.csv
2024;11.0;SIH;Internações;26 Pernambuco;53268,0;sih_cnv_niuf081050187_109_40_194.csv
2024;11.0;SIH;Internações;27 Alagoas;13380,0;sih_cnv_niuf081050187_109_40_194.csv
2024;11.0;SIH;Internações;28 Sergipe;10023,0;sih_cnv_niuf081050187_109_40_194.csv
2024;11.0;SIH;Internações;29 Bahia;78964,0;sih_cnv_niuf081050187_109_40_194.csv
2024;11.0;SIH;Internações;31 Minas Gerais;126111,0;sih_cnv_niuf081050187_109_40_194.csv
2024;11.0;SIH;Internações;32 Espírito Santo;25234,0;sih_cnv_niuf081050187_109_40_194.csv
2024;11.0;SIH;Internações;33 Rio de Janeiro;70768,0;sih_cnv_niuf081050187_109_40_194.csv
2024;11.0;SIH;Internações;35 São Paulo;229851,0;sih_cnv_niuf081050187_109_40_194.csv
2024;11.0;SIH;Internações;41 Paraná;85261,0;sih_cnv_niuf081050187_109_40_194.csv
2024;11.0;SIH;Internações;42 Santa Catarina;53507,0;sih_cnv_niuf081050187_109_40_194.csv
2024;11.0;SIH;Internações;43 Rio Grande do Sul;68825,0;sih_cnv_niuf081050187_109_40_194.csv
2024;11.0;SIH;Internações;50 Mato Grosso do Sul;17042,0;sih_cnv_niuf081050187_109_40_194.csv
2024;11.0;SIH;Internações;51 Mato Grosso;19531,0;sih_cnv_niuf081050187_109_40_194.csv
2024;11.0;SIH;Internações;52 Goiás;34606,0;sih_cnv_niuf081050187_109_40_194.csv
2024;11.0;SIH;Internações;53 Distrito Federal;19646,0;sih_cnv_niuf081050187_109_40_194.csv
2024;11.0;SIH;Dias permanência;11 Rondônia;57015,0;sih_cnv_niuf081108187_109_40_194.csv
2024;11.0;SIH;Dias permanência;12 Acre;24564,0;sih_cnv_niuf081108187_109_40_194.csv
2024;11.0;SIH;Dias permanência;13 Amazonas;91371,0;sih_cnv_niuf081108187_109_40_194.csv
2024;11.0;SIH;Dias permanência;14 Roraima;24215,0;sih_cnv_niuf081108187_109_40_194.csv
2024;11.0;SIH;Dias permanência;15 Pará;193542,0;sih_cnv_niuf081108187_109_40_194.csv
2024;11.0;SIH;Dias permanência;16 Amapá;24407,0;sih_cnv_niuf081108187_109_40_194.csv
2024;11.0;SIH;Dias permanência;17 Tocantins;38979,0;sih_cnv_niuf081108187_109_40_194.csv
2024;11.0;SIH;Dias permanência;21 Maranhão;210940,0;sih_cnv_niuf081108187_109_40_194.csv
2024;11.0;SIH;Dias permanência;22 Piauí;89978,0;sih_cnv_niuf081108187_109_40_194.csv
2024;11.0;SIH;Dias permanência;23 Ceará;268936,0;sih_cnv_niuf081108187_109_40_194.csv
2024;11.0;SIH;Dias permanência;24 Rio Grande do Norte;85123,0;sih_cnv_niuf081108187_109_40_194.csv
2024;11.0;SIH;Dias permanência;25 Paraíba;106082,0;sih_cnv_niuf081108187_109_40_194.csv
2024;11.0;SIH;Dias permanência;26 Pernambuco;267519,0;sih_cnv_niuf081108187_109_40_194.csv
2024;11.0;SIH;Dias permanência;27 Alagoas;76360,0;sih_cnv_niuf081108187_109_40_194.csv
2024;11.0;SIH;Dias permanência;28 Sergipe;53798,0;sih_cnv_niuf081108187_109_40_194.csv
2024;11.0;SIH;Dias permanência;29 Bahia;364643,0;sih_cnv_niuf081108187_109_40_194.csv
2024;11.0;SIH;Dias permanência;31 Minas Gerais;589267,0;sih_cnv_niuf081108187_109_40_194.csv
2024;11.0;SIH;Dias permanência;32 Espírito Santo;116770,0;sih_cnv_niuf081108187_109_40_194.csv
2024;11.0;SIH;Dias permanência;33 Rio de Janeiro;427842,0;sih_cnv_niuf081108187_109_40_194.csv
2024;11.0;SIH;Dias permanência;35 São Paulo;1194283,0;sih_cnv_niuf081108187_109_40_194.csv
2024;11.0;SIH;Dias permanência;41 Paraná;353657,0;sih_cnv_niuf081108187_109_40_194.csv
2024;11.0;SIH;Dias permanência;42 Santa Catarina;208455,0;sih_cnv_niuf081108187_109_40_194.csv
2024;11.0;SIH;Dias permanência;43 Rio Grande do Sul;404229,0;sih_cnv_niuf081108187_109_40_194.csv
2024;11.0;SIH;Dias permanência;50 Mato Grosso do Sul;75228,0;sih_cnv_niuf081108187_109_40_194.csv
2024;11.0;SIH;Dias permanência;51 Mato Grosso;88134,0;sih_cnv_niuf081108187_109_40_194.csv
2024;11.0;SIH;Dias permanência;52 Goiás;159546,0;sih_cnv_niuf081108187_109_40_194.csv
2024;11.0;SIH;Dias permanência;53 Distrito Federal;113495,0;sih_cnv_niuf081108187_109_40_194.csv
2024;11.0;SIH;Média permanência;11 Rondônia;5,1;sih_cnv_niuf081113187_51_16_18.csv
2024;11.0;SIH;Média permanência;12 Acre;4,9;sih_cnv_niuf081113187_51_16_18.csv
2024;11.0;SIH;Média permanência;13 Amazonas;4,9;sih_cnv_niuf081113187_51_16_18.csv
2024;11.0;SIH;Média permanência;14 Roraima;7,2;sih_cnv_niuf081113187_51_16_18.csv
2024;11.0;SIH;Média permanência;15 Pará;4,2;sih_cnv_niuf081113187_51_16_18.csv
2024;11.0;SIH;Média permanência;16 Amapá;4,9;sih_cnv_niuf081113187_51_16_18.csv
2024;11.0;SIH;Média permanência;17 Tocantins;5,1;sih_cnv_niuf081113187_51_16_18.csv
2024;11.0;SIH;Média permanência;21 Maranhão;5,2;sih_cnv_niuf081113187_51_16_18.csv
2024;11.0;SIH;Média permanência;22 Piauí;5,2;sih_cnv_niuf081113187_51_16_18.csv
2024;11.0;SIH;Média permanência;23 Ceará;5,8;sih_cnv_niuf081113187_51_16_18.csv
2024;11.0;SIH;Média permanência;24 Rio Grande do Norte;4,8;sih_cnv_niuf081113187_51_16_18.csv
2024;11.0;SIH;Média permanência;25 Paraíba;5,2;sih_cnv_niuf081113187_51_16_18.csv
2024;11.0;SIH;Média permanência;26 Pernambuco;5,0;sih_cnv_niuf081113187_51_16_18.csv
2024;11.0;SIH;Média permanência;27 Alagoas;5,7;sih_cnv_niuf081113187_51_16_18.csv
2024;11.0;SIH;Média permanência;28 Sergipe;5,4;sih_cnv_niuf081113187_51_16_18.csv
2024;11.0;SIH;Média permanência;29 Bahia;4,6;sih_cnv_niuf081113187_51_16_18.csv
2024;11.0;SIH;Média permanência;31 Minas Gerais;4,7;sih_cnv_niuf081113187_51_16_18.csv
2024;11.0;SIH;Média permanência;32 Espírito Santo;4,6;sih_cnv_niuf081113187_51_16_18.csv
2024;11.0;SIH;Média permanência;33 Rio de Janeiro;6,0;sih_cnv_niuf081113187_51_16_18.csv
2024;11.0;SIH;Média permanência;35 São Paulo;5,2;sih_cnv_niuf081113187_51_16_18.csv
2024;11.0;SIH;Média permanência;41 Paraná;4,1;sih_cnv_niuf081113187_51_16_18.csv
2024;11.0;SIH;Média permanência;42 Santa Catarina;3,9;sih_cnv_niuf081113187_51_16_18.csv
2024;11.0;SIH;Média permanência;43 Rio Grande do Sul;5,9;sih_cnv_niuf081113187_51_16_18.csv
2024;11.0;SIH;Média permanência;50 Mato Grosso do Sul;4,4;sih_cnv_niuf081113187_51_16_18.csv
2024;11.0;SIH;Média permanência;51 Mato Grosso;4,5;sih_cnv_niuf081113187_51_16_18.csv
2024;11.0;SIH;Média permanência;52 Goiás;4,6;sih_cnv_niuf081113187_51_16_18.csv
2024;11.0;SIH;Média permanência;53 Distrito Federal;5,8;sih_cnv_niuf081113187_51_16_18.csv
2024;10.0;SIH;Internações;11 Rondônia;10537,0;sih_cnv_niuf081408187_109_40_194.csv
2024;10.0;SIH;Internações;12 Acre;4770,0;sih_cnv_niuf081408187_109_40_194.csv
2024;10.0;SIH;Internações;13 Amazonas;20117,0;sih_cnv_niuf081408187_109_40_194.csv
2024;10.0;SIH;Internações;14 Roraima;3220,0;sih_cnv_niuf081408187_109_40_194.csv
2024;10.0;SIH;Internações;15 Pará;47058,0;sih_cnv_niuf081408187_109_40_194.csv
2024;10.0;SIH;Internações;16 Amapá;5230,0;sih_cnv_niuf081408187_109_40_194.csv
2024;10.0;SIH;Internações;17 Tocantins;8975,0;sih_cnv_niuf081408187_109_40_194.csv
2024;10.0;SIH;Internações;21 Maranhão;41556,0;sih_cnv_niuf081408187_109_40_194.csv
2024;10.0;SIH;Internações;22 Piauí;18256,0;sih_cnv_niuf081408187_109_40_194.csv
2024;10.0;SIH;Internações;23 Ceará;49145,0;sih_cnv_niuf081408187_109_40_194.csv
2024;10.0;SIH;Internações;24 Rio Grande do Norte;18963,0;sih_cnv_niuf081408187_109_40_194.csv
2024;10.0;SIH;Internações;25 Paraíba;22096,0;sih_cnv_niuf081408187_109_40_194.csv
2024;10.0;SIH;Internações;26 Pernambuco;58101,0;sih_cnv_niuf081408187_109_40_194.csv
2024;10.0;SIH;Internações;27 Alagoas;14632,0;sih_cnv_niuf081408187_109_40_194.csv
2024;10.0;SIH;Internações;28 Sergipe;10319,0;sih_cnv_niuf081408187_109_40_194.csv
2024;10.0;SIH;Internações;29 Bahia;80243,0;sih_cnv_niuf081408187_109_40_194.csv
2024;10.0;SIH;Internações;31 Minas Gerais;132267,0;sih_cnv_niuf081408187_109_40_194.csv
2024;10.0;SIH;Internações;32 Espírito Santo;27622,0;sih_cnv_niuf081408187_109_40_194.csv
2024;10.0;SIH;Internações;33 Rio de Janeiro;74522,0;sih_cnv_niuf081408187_109_40_194.csv
2024;10.0;SIH;Internações;35 São Paulo;245615,0;sih_cnv_niuf081408187_109_40_194.csv
2024;10.0;SIH;Internações;41 Paraná;89548,0;sih_cnv_niuf081408187_109_40_194.csv
2024;10.0;SIH;Internações;42 Santa Catarina;58946,0;sih_cnv_niuf081408187_109_40_194.csv
2024;10.0;SIH;Internações;43 Rio Grande do Sul;74773,0;sih_cnv_niuf081408187_109_40_194.csv
2024;10.0;SIH;Internações;50 Mato Grosso do Sul;18397,0;sih_cnv_niuf081408187_109_40_194.csv
2024;10.0;SIH;Internações;51 Mato Grosso;20850,0;sih_cnv_niuf081408187_109_40_194.csv
2024;10.0;SIH;Internações;52 Goiás;37276,0;sih_cnv_niuf081408187_109_40_194.csv
2024;10.0;SIH;Internações;53 Distrito Federal;20246,0;sih_cnv_niuf081408187_109_40_194.csv
2024;10.0;SIH;Valor total;11 Rondônia;14581559,87;sih_cnv_niuf081412201_63_116_66.csv
2024;10.0;SIH;Valor total;12 Acre;5421023,45;sih_cnv_niuf081412201_63_116_66.csv
2024;10.0;SIH;Valor total;13 Amazonas;23629598,03;sih_cnv_niuf081412201_63_116_66.csv
2024;10.0;SIH;Valor total;14 Roraima;3605113,79;sih_cnv_niuf081412201_63_116_66.csv
2024;10.0;SIH;Valor total;15 Pará;58440357,42;sih_cnv_niuf081412201_63_116_66.csv
2024;10.0;SIH;Valor total;16 Amapá;4459227,31;sih_cnv_niuf081412201_63_116_66.csv
2024;10.0;SIH;Valor total;17 Tocantins;10037549,78;sih_cnv_niuf081412201_63_116_66.csv
2024;10.0;SIH;Valor total;21 Maranhão;46399056,18;sih_cnv_niuf081412201_63_116_66.csv
2024;10.0;SIH;Valor total;22 Piauí;22679863,02;sih_cnv_niuf081412201_63_116_66.csv
2024;10.0;SIH;Valor total;23 Ceará;75240523,44;sih_cnv_niuf081412201_63_116_66.csv
2024;10.0;SIH;Valor total;24 Rio Grande do Norte;35498466,24;sih_cnv_niuf081412201_63_116_66.csv
2024;10.0;SIH;Valor total;25 Paraíba;52062704,09;sih_cnv_niuf081412201_63_116_66.csv
2024;10.0;SIH;Valor total;26 Pernambuco;99568246,37;sih_cnv_niuf081412201_63_116_66.csv
2024;10.0;SIH;Valor total;27 Alagoas;23471775,01;sih_cnv_niuf081412201_63_116_66.csv
2024;10.0;SIH;Valor total;28 Sergipe;18866584,11;sih_cnv_niuf081412201_63_116_66.csv
2024;10.0;SIH;Valor total;29 Bahia;111629381,21;sih_cnv_niuf081412201_63_116_66.csv
2024;10.0;SIH;Valor total;31 Minas Gerais;261723899,28;sih_cnv_niuf081412201_63_116_66.csv
2024;10.0;SIH;Valor total;32 Espírito Santo;51692048,77;sih_cnv_niuf081412201_63_116_66.csv
2024;10.0;SIH;Valor total;33 Rio de Janeiro;143115966,73;sih_cnv_niuf081412201_63_116_66.csv
2024;10.0;SIH;Valor total;35 São Paulo;457942988,92;sih_cnv_niuf081412201_63_116_66.csv
2024;10.0;SIH;Valor total;41 Paraná;177822878,11;sih_cnv_niuf081412201_63_116_66.csv
2024;10.0;SIH;Valor total;42 Santa Catarina;139773133,33;sih_cnv_niuf081412201_63_116_66.csv
2024;10.0;SIH;Valor total;43 Rio Grande do Sul;134080448,27;sih_cnv_niuf081412201_63_116_66.csv
2024;10.0;SIH;Valor total;50 Mato Grosso do Sul;28494068,35;sih_cnv_niuf081412201_63_116_66.csv
2024;10.0;SIH;Valor total;51 Mato Grosso;29072217,93;sih_cnv_niuf081412201_63_116_66.csv
2024;10.0;SIH;Valor total;52 Goiás;53140273,98;sih_cnv_niuf081412201_63_116_66.csv
2024;10.0;SIH;Valor total;53 Distrito Federal;31362415,64;sih_cnv_niuf081412201_63_116_66.csv
2024;10.0;SIH;Dias permanência;11 Rondônia;52417,0;sih_cnv_niuf081420187_72_164_185.csv
2024;10.0;SIH;Dias permanência;12 Acre;23592,0;sih_cnv_niuf081420187_72_164_185.csv
2024;10.0;SIH;Dias permanência;13 Amazonas;98540,0;sih_cnv_niuf081420187_72_164_185.csv
2024;10.0;SIH;Dias permanência;14 Roraima;23132,0;sih_cnv_niuf081420187_72_164_185.csv
2024;10.0;SIH;Dias permanência;15 Pará;198234,0;sih_cnv_niuf081420187_72_164_185.csv
2024;10.0;SIH;Dias permanência;16 Amapá;26960,0;sih_cnv_niuf081420187_72_164_185.csv
2024;10.0;SIH;Dias permanência;17 Tocantins;43374,0;sih_cnv_niuf081420187_72_164_185.csv
2024;10.0;SIH;Dias permanência;21 Maranhão;214728,0;sih_cnv_niuf081420187_72_164_185.csv
2024;10.0;SIH;Dias permanência;22 Piauí;94914,0;sih_cnv_niuf081420187_72_164_185.csv
2024;10.0;SIH;Dias permanência;23 Ceará;276014,0;sih_cnv_niuf081420187_72_164_185.csv
2024;10.0;SIH;Dias permanência;24 Rio Grande do Norte;89539,0;sih_cnv_niuf081420187_72_164_185.csv
2024;10.0;SIH;Dias permanência;25 Paraíba;113870,0;sih_cnv_niuf081420187_72_164_185.csv
2024;10.0;SIH;Dias permanência;26 Pernambuco;284821,0;sih_cnv_niuf081420187_72_164_185.csv
2024;10.0;SIH;Dias permanência;27 Alagoas;86418,0;sih_cnv_niuf081420187_72_164_185.csv
2024;10.0;SIH;Dias permanência;28 Sergipe;61318,0;sih_cnv_niuf081420187_72_164_185.csv
2024;10.0;SIH;Dias permanência;29 Bahia;378610,0;sih_cnv_niuf081420187_72_164_185.csv
2024;10.0;SIH;Dias permanência;31 Minas Gerais;625218,0;sih_cnv_niuf081420187_72_164_185.csv
2024;10.0;SIH;Dias permanência;32 Espírito Santo;134692,0;sih_cnv_niuf081420187_72_164_185.csv
2024;10.0;SIH;Dias permanência;33 Rio de Janeiro;440628,0;sih_cnv_niuf081420187_72_164_185.csv
2024;10.0;SIH;Dias permanência;35 São Paulo;1242661,0;sih_cnv_niuf081420187_72_164_185.csv
2024;10.0;SIH;Dias permanência;41 Paraná;374762,0;sih_cnv_niuf081420187_72_164_185.csv
2024;10.0;SIH;Dias permanência;42 Santa Catarina;245189,0;sih_cnv_niuf081420187_72_164_185.csv
2024;10.0;SIH;Dias permanência;43 Rio Grande do Sul;443681,0;sih_cnv_niuf081420187_72_164_185.csv
2024;10.0;SIH;Dias permanência;50 Mato Grosso do Sul;83295,0;sih_cnv_niuf081420187_72_164_185.csv
2024;10.0;SIH;Dias permanência;51 Mato Grosso;95175,0;sih_cnv_niuf081420187_72_164_185.csv
2024;10.0;SIH;Dias permanência;52 Goiás;170138,0;sih_cnv_niuf081420187_72_164_185.csv
2024;10.0;SIH;Dias permanência;53 Distrito Federal;117849,0;sih_cnv_niuf081420187_72_164_185.csv
2024;10.0;SIH;Média permanência;11 Rondônia;5,0;sih_cnv_niuf081425187_51_16_18.csv
2024;10.0;SIH;Média permanência;12 Acre;4,9;sih_cnv_niuf081425187_51_16_18.csv
2024;10.0;SIH;Média permanência;13 Amazonas;4,9;sih_cnv_niuf081425187_51_16_18.csv
2024;10.0;SIH;Média permanência;14 Roraima;7,2;sih_cnv_niuf081425187_51_16_18.csv
2024;10.0;SIH;Média permanência;15 Pará;4,2;sih_cnv_niuf081425187_51_16_18.csv
2024;10.0;SIH;Média permanência;16 Amapá;5,2;sih_cnv_niuf081425187_51_16_18.csv
2024;10.0;SIH;Média permanência;17 Tocantins;4,8;sih_cnv_niuf081425187_51_16_18.csv
2024;10.0;SIH;Média permanência;21 Maranhão;5,2;sih_cnv_niuf081425187_51_16_18.csv
2024;10.0;SIH;Média permanência;22 Piauí;5,2;sih_cnv_niuf081425187_51_16_18.csv
2024;10.0;SIH;Média permanência;23 Ceará;5,6;sih_cnv_niuf081425187_51_16_18.csv
2024;10.0;SIH;Média permanência;24 Rio Grande do Norte;4,7;sih_cnv_niuf081425187_51_16_18.csv
2024;10.0;SIH;Média permanência;25 Paraíba;5,2;sih_cnv_niuf081425187_51_16_18.csv
2024;10.0;SIH;Média permanência;26 Pernambuco;4,9;sih_cnv_niuf081425187_51_16_18.csv
2024;10.0;SIH;Média permanência;27 Alagoas;5,9;sih_cnv_niuf081425187_51_16_18.csv
2024;10.0;SIH;Média permanência;28 Sergipe;5,9;sih_cnv_niuf081425187_51_16_18.csv
2024;10.0;SIH;Média permanência;29 Bahia;4,7;sih_cnv_niuf081425187_51_16_18.csv
2024;10.0;SIH;Média permanência;31 Minas Gerais;4,7;sih_cnv_niuf081425187_51_16_18.csv
2024;10.0;SIH;Média permanência;32 Espírito Santo;4,9;sih_cnv_niuf081425187_51_16_18.csv
2024;10.0;SIH;Média permanência;33 Rio de Janeiro;5,9;sih_cnv_niuf081425187_51_16_18.csv
2024;10.0;SIH;Média permanência;35 São Paulo;5,1;sih_cnv_niuf081425187_51_16_18.csv
2024;10.0;SIH;Média permanência;41 Paraná;4,2;sih_cnv_niuf081425187_51_16_18.csv
2024;10.0;SIH;Média permanência;42 Santa Catarina;4,2;sih_cnv_niuf081425187_51_16_18.csv
2024;10.0;SIH;Média permanência;43 Rio Grande do Sul;5,9;sih_cnv_niuf081425187_51_16_18.csv
2024;10.0;SIH;Média permanência;50 Mato Grosso do Sul;4,5;sih_cnv_niuf081425187_51_16_18.csv
2024;10.0;SIH;Média permanência;51 Mato Grosso;4,6;sih_cnv_niuf081425187_51_16_18.csv
2024;10.0;SIH;Média permanência;52 Goiás;4,6;sih_cnv_niuf081425187_51_16_18.csv
2024;10.0;SIH;Média permanência;53 Distrito Federal;5,8;sih_cnv_niuf081425187_51_16_18.csv
2024;9.0;SIH;Internações;11 Rondônia;11225,0;sih_cnv_niuf081736201_63_116_66.csv
2024;9.0;SIH;Internações;12 Acre;4896,0;sih_cnv_niuf081736201_63_116_66.csv
2024;9.0;SIH;Internações;13 Amazonas;19962,0;sih_cnv_niuf081736201_63_116_66.csv
2024;9.0;SIH;Internações;14 Roraima;2882,0;sih_cnv_niuf081736201_63_116_66.csv
2024;9.0;SIH;Internações;15 Pará;46894,0;sih_cnv_niuf081736201_63_116_66.csv
2024;9.0;SIH;Internações;16 Amapá;5188,0;sih_cnv_niuf081736201_63_116_66.csv
2024;9.0;SIH;Internações;17 Tocantins;9242,0;sih_cnv_niuf081736201_63_116_66.csv
2024;9.0;SIH;Internações;21 Maranhão;41988,0;sih_cnv_niuf081736201_63_116_66.csv
2024;9.0;SIH;Internações;22 Piauí;18718,0;sih_cnv_niuf081736201_63_116_66.csv
2024;9.0;SIH;Internações;23 Ceará;49714,0;sih_cnv_niuf081736201_63_116_66.csv
2024;9.0;SIH;Internações;24 Rio Grande do Norte;18749,0;sih_cnv_niuf081736201_63_116_66.csv
2024;9.0;SIH;Internações;25 Paraíba;22445,0;sih_cnv_niuf081736201_63_116_66.csv
2024;9.0;SIH;Internações;26 Pernambuco;57502,0;sih_cnv_niuf081736201_63_116_66.csv
2024;9.0;SIH;Internações;27 Alagoas;14393,0;sih_cnv_niuf081736201_63_116_66.csv
2024;9.0;SIH;Internações;28 Sergipe;9496,0;sih_cnv_niuf081736201_63_116_66.csv
2024;9.0;SIH;Internações;29 Bahia;80904,0;sih_cnv_niuf081736201_63_116_66.csv
2024;9.0;SIH;Internações;31 Minas Gerais;131357,0;sih_cnv_niuf081736201_63_116_66.csv
2024;9.0;SIH;Internações;32 Espírito Santo;26035,0;sih_cnv_niuf081736201_63_116_66.csv
2024;9.0;SIH;Internações;33 Rio de Janeiro;75639,0;sih_cnv_niuf081736201_63_116_66.csv
2024;9.0;SIH;Internações;35 São Paulo;235649,0;sih_cnv_niuf081736201_63_116_66.csv
2024;9.0;SIH;Internações;41 Paraná;89470,0;sih_cnv_niuf081736201_63_116_66.csv
2024;9.0;SIH;Internações;42 Santa Catarina;55979,0;sih_cnv_niuf081736201_63_116_66.csv
2024;9.0;SIH;Internações;43 Rio Grande do Sul;69982,0;sih_cnv_niuf081736201_63_116_66.csv
2024;9.0;SIH;Internações;50 Mato Grosso do Sul;18866,0;sih_cnv_niuf081736201_63_116_66.csv
2024;9.0;SIH;Internações;51 Mato Grosso;21678,0;sih_cnv_niuf081736201_63_116_66.csv
2024;9.0;SIH;Internações;52 Goiás;37306,0;sih_cnv_niuf081736201_63_116_66.csv
2024;9.0;SIH;Internações;53 Distrito Federal;19376,0;sih_cnv_niuf081736201_63_116_66.csv
2024;9.0;SIH;Valor total;11 Rondônia;15014462,82;sih_cnv_niuf081801187_72_164_185.csv
2024;9.0;SIH;Valor total;12 Acre;4913384,9;sih_cnv_niuf081801187_72_164_185.csv
2024;9.0;SIH;Valor total;13 Amazonas;24836299,68;sih_cnv_niuf081801187_72_164_185.csv
2024;9.0;SIH;Valor total;14 Roraima;3112355,82;sih_cnv_niuf081801187_72_164_185.csv
2024;9.0;SIH;Valor total;15 Pará;54709741,51;sih_cnv_niuf081801187_72_164_185.csv
2024;9.0;SIH;Valor total;16 Amapá;4571834,47;sih_cnv_niuf081801187_72_164_185.csv
2024;9.0;SIH;Valor total;17 Tocantins;10619792,12;sih_cnv_niuf081801187_72_164_185.csv
2024;9.0;SIH;Valor total;21 Maranhão;45976403,63;sih_cnv_niuf081801187_72_164_185.csv
2024;9.0;SIH;Valor total;22 Piauí;23611969,78;sih_cnv_niuf081801187_72_164_185.csv
2024;9.0;SIH;Valor total;23 Ceará;73740188,43;sih_cnv_niuf081801187_72_164_185.csv
2024;9.0;SIH;Valor total;24 Rio Grande do Norte;33817589,39;sih_cnv_niuf081801187_72_164_185.csv
2024;9.0;SIH;Valor total;25 Paraíba;56675118,54;sih_cnv_niuf081801187_72_164_185.csv
2024;9.0;SIH;Valor total;26 Pernambuco;97884758,82;sih_cnv_niuf081801187_72_164_185.csv
2024;9.0;SIH;Valor total;27 Alagoas;22184517,11;sih_cnv_niuf081801187_72_164_185.csv
2024;9.0;SIH;Valor total;28 Sergipe;15377726,86;sih_cnv_niuf081801187_72_164_185.csv
2024;9.0;SIH;Valor total;29 Bahia;112404661,65;sih_cnv_niuf081801187_72_164_185.csv
2024;9.0;SIH;Valor total;31 Minas Gerais;255495985,92;sih_cnv_niuf081801187_72_164_185.csv
2024;9.0;SIH;Valor total;32 Espírito Santo;46003058,84;sih_cnv_niuf081801187_72_164_185.csv
2024;9.0;SIH;Valor total;33 Rio de Janeiro;139173810,35;sih_cnv_niuf081801187_72_164_185.csv
2024;9.0;SIH;Valor total;35 São Paulo;439008272,27;sih_cnv_niuf081801187_72_164_185.csv
2024;9.0;SIH;Valor total;41 Paraná;177161735,35;sih_cnv_niuf081801187_72_164_185.csv
2024;9.0;SIH;Valor total;42 Santa Catarina;132672203,33;sih_cnv_niuf081801187_72_164_185.csv
2024;9.0;SIH;Valor total;43 Rio Grande do Sul;131250898,01;sih_cnv_niuf081801187_72_164_185.csv
2024;9.0;SIH;Valor total;50 Mato Grosso do Sul;30927532,36;sih_cnv_niuf081801187_72_164_185.csv
2024;9.0;SIH;Valor total;51 Mato Grosso;27922400,61;sih_cnv_niuf081801187_72_164_185.csv
2024;9.0;SIH;Valor total;52 Goiás;55293236,38;sih_cnv_niuf081801187_72_164_185.csv
2024;9.0;SIH;Valor total;53 Distrito Federal;31473481,6;sih_cnv_niuf081801187_72_164_185.csv
2024;9.0;SIH;Dias permanência;11 Rondônia;53875,0;sih_cnv_niuf081809187_109_40_194.csv
2024;9.0;SIH;Dias permanência;12 Acre;22798,0;sih_cnv_niuf081809187_109_40_194.csv
2024;9.0;SIH;Dias permanência;13 Amazonas;98368,0;sih_cnv_niuf081809187_109_40_194.csv
2024;9.0;SIH;Dias permanência;14 Roraima;19384,0;sih_cnv_niuf081809187_109_40_194.csv
2024;9.0;SIH;Dias permanência;15 Pará;194573,0;sih_cnv_niuf081809187_109_40_194.csv
2024;9.0;SIH;Dias permanência;16 Amapá;27202,0;sih_cnv_niuf081809187_109_40_194.csv
2024;9.0;SIH;Dias permanência;17 Tocantins;45524,0;sih_cnv_niuf081809187_109_40_194.csv
2024;9.0;SIH;Dias permanência;21 Maranhão;212419,0;sih_cnv_niuf081809187_109_40_194.csv
2024;9.0;SIH;Dias permanência;22 Piauí;97130,0;sih_cnv_niuf081809187_109_40_194.csv
2024;9.0;SIH;Dias permanência;23 Ceará;283666,0;sih_cnv_niuf081809187_109_40_194.csv
2024;9.0;SIH;Dias permanência;24 Rio Grande do Norte;82365,0;sih_cnv_niuf081809187_109_40_194.csv
2024;9.0;SIH;Dias permanência;25 Paraíba;115138,0;sih_cnv_niuf081809187_109_40_194.csv
2024;9.0;SIH;Dias permanência;26 Pernambuco;277050,0;sih_cnv_niuf081809187_109_40_194.csv
2024;9.0;SIH;Dias permanência;27 Alagoas;80388,0;sih_cnv_niuf081809187_109_40_194.csv
2024;9.0;SIH;Dias permanência;28 Sergipe;49301,0;sih_cnv_niuf081809187_109_40_194.csv
2024;9.0;SIH;Dias permanência;29 Bahia;367896,0;sih_cnv_niuf081809187_109_40_194.csv
2024;9.0;SIH;Dias permanência;31 Minas Gerais;617633,0;sih_cnv_niuf081809187_109_40_194.csv
2024;9.0;SIH;Dias permanência;32 Espírito Santo;126843,0;sih_cnv_niuf081809187_109_40_194.csv
2024;9.0;SIH;Dias permanência;33 Rio de Janeiro;449284,0;sih_cnv_niuf081809187_109_40_194.csv
2024;9.0;SIH;Dias permanência;35 São Paulo;1211989,0;sih_cnv_niuf081809187_109_40_194.csv
2024;9.0;SIH;Dias permanência;41 Paraná;374528,0;sih_cnv_niuf081809187_109_40_194.csv
2024;9.0;SIH;Dias permanência;42 Santa Catarina;233674,0;sih_cnv_niuf081809187_109_40_194.csv
2024;9.0;SIH;Dias permanência;43 Rio Grande do Sul;413465,0;sih_cnv_niuf081809187_109_40_194.csv
2024;9.0;SIH;Dias permanência;50 Mato Grosso do Sul;85992,0;sih_cnv_niuf081809187_109_40_194.csv
2024;9.0;SIH;Dias permanência;51 Mato Grosso;94569,0;sih_cnv_niuf081809187_109_40_194.csv
2024;9.0;SIH;Dias permanência;52 Goiás;171578,0;sih_cnv_niuf081809187_109_40_194.csv
2024;9.0;SIH;Dias permanência;53 Distrito Federal;109393,0;sih_cnv_niuf081809187_109_40_194.csv
2024;9.0;SIH;Média permanência;11 Rondônia;4,8;sih_cnv_niuf081815187_51_16_18.csv
2024;9.0;SIH;Média permanência;12 Acre;4,7;sih_cnv_niuf081815187_51_16_18.csv
2024;9.0;SIH;Média permanência;13 Amazonas;4,9;sih_cnv_niuf081815187_51_16_18.csv
2024;9.0;SIH;Média permanência;14 Roraima;6,7;sih_cnv_niuf081815187_51_16_18.csv
2024;9.0;SIH;Média permanência;15 Pará;4,1;sih_cnv_niuf081815187_51_16_18.csv
2024;9.0;SIH;Média permanência;16 Amapá;5,2;sih_cnv_niuf081815187_51_16_18.csv
2024;9.0;SIH;Média permanência;17 Tocantins;4,9;sih_cnv_niuf081815187_51_16_18.csv
2024;9.0;SIH;Média permanência;21 Maranhão;5,1;sih_cnv_niuf081815187_51_16_18.csv
2024;9.0;SIH;Média permanência;22 Piauí;5,2;sih_cnv_niuf081815187_51_16_18.csv
2024;9.0;SIH;Média permanência;23 Ceará;5,7;sih_cnv_niuf081815187_51_16_18.csv
2024;9.0;SIH;Média permanência;24 Rio Grande do Norte;4,4;sih_cnv_niuf081815187_51_16_18.csv
2024;9.0;SIH;Média permanência;25 Paraíba;5,1;sih_cnv_niuf081815187_51_16_18.csv
2024;9.0;SIH;Média permanência;26 Pernambuco;4,8;sih_cnv_niuf081815187_51_16_18.csv
2024;9.0;SIH;Média permanência;27 Alagoas;5,6;sih_cnv_niuf081815187_51_16_18.csv
2024;9.0;SIH;Média permanência;28 Sergipe;5,2;sih_cnv_niuf081815187_51_16_18.csv
2024;9.0;SIH;Média permanência;29 Bahia;4,5;sih_cnv_niuf081815187_51_16_18.csv
2024;9.0;SIH;Média permanência;31 Minas Gerais;4,7;sih_cnv_niuf081815187_51_16_18.csv
2024;9.0;SIH;Média permanência;32 Espírito Santo;4,9;sih_cnv_niuf081815187_51_16_18.csv
2024;9.0;SIH;Média permanência;33 Rio de Janeiro;5,9;sih_cnv_niuf081815187_51_16_18.csv
2024;9.0;SIH;Média permanência;35 São Paulo;5,1;sih_cnv_niuf081815187_51_16_18.csv
2024;9.0;SIH;Média permanência;41 Paraná;4,2;sih_cnv_niuf081815187_51_16_18.csv
2024;9.0;SIH;Média permanência;42 Santa Catarina;4,2;sih_cnv_niuf081815187_51_16_18.csv
2024;9.0;SIH;Média permanência;43 Rio Grande do Sul;5,9;sih_cnv_niuf081815187_51_16_18.csv
2024;9.0;SIH;Média permanência;50 Mato Grosso do Sul;4,6;sih_cnv_niuf081815187_51_16_18.csv
2024;9.0;SIH;Média permanência;51 Mato Grosso;4,4;sih_cnv_niuf081815187_51_16_18.csv
2024;9.0;SIH;Média permanência;52 Goiás;4,6;sih_cnv_niuf081815187_51_16_18.csv
2024;9.0;SIH;Média permanência;53 Distrito Federal;5,6;sih_cnv_niuf081815187_51_16_18.csv
2025;4.0;SIH;Média permanência;11 Rondônia;4,6;sih_cnv_qiuf163624187_34_144_54.csv
2025;4.0;SIH;Média permanência;12 Acre;4,6;sih_cnv_qiuf163624187_34_144_54.csv
2025;4.0;SIH;Média permanência;13 Amazonas;4,7;sih_cnv_qiuf163624187_34_144_54.csv
2025;4.0;SIH;Média permanência;14 Roraima;6,9;sih_cnv_qiuf163624187_34_144_54.csv
2025;4.0;SIH;Média permanência;15 Pará;4,2;sih_cnv_qiuf163624187_34_144_54.csv
2025;4.0;SIH;Média permanência;16 Amapá;4,5;sih_cnv_qiuf163624187_34_144_54.csv
2025;4.0;SIH;Média permanência;17 Tocantins;5,0;sih_cnv_qiuf163624187_34_144_54.csv
2025;4.0;SIH;Média permanência;21 Maranhão;4,9;sih_cnv_qiuf163624187_34_144_54.csv
2025;4.0;SIH;Média permanência;22 Piauí;5,1;sih_cnv_qiuf163624187_34_144_54.csv
2025;4.0;SIH;Média permanência;23 Ceará;5,7;sih_cnv_qiuf163624187_34_144_54.csv
2025;4.0;SIH;Média permanência;24 Rio Grande do Norte;4,5;sih_cnv_qiuf163624187_34_144_54.csv
2025;4.0;SIH;Média permanência;25 Paraíba;5,2;sih_cnv_qiuf163624187_34_144_54.csv
2025;4.0;SIH;Média permanência;26 Pernambuco;5,0;sih_cnv_qiuf163624187_34_144_54.csv
2025;4.0;SIH;Média permanência;27 Alagoas;5,8;sih_cnv_qiuf163624187_34_144_54.csv
2025;4.0;SIH;Média permanência;28 Sergipe;5,1;sih_cnv_qiuf163624187_34_144_54.csv
2025;4.0;SIH;Média permanência;29 Bahia;4,7;sih_cnv_qiuf163624187_34_144_54.csv
2025;4.0;SIH;Média permanência;31 Minas Gerais;4,7;sih_cnv_qiuf163624187_34_144_54.csv
2025;4.0;SIH;Média permanência;32 Espírito Santo;4,9;sih_cnv_qiuf163624187_34_144_54.csv
2025;4.0;SIH;Média permanência;33 Rio de Janeiro;6,1;sih_cnv_qiuf163624187_34_144_54.csv
2025;4.0;SIH;Média permanência;35 São Paulo;5,1;sih_cnv_qiuf163624187_34_144_54.csv
2025;4.0;SIH;Média permanência;41 Paraná;3,9;sih_cnv_qiuf163624187_34_144_54.csv
2025;4.0;SIH;Média permanência;42 Santa Catarina;4,0;sih_cnv_qiuf163624187_34_144_54.csv
2025;4.0;SIH;Média permanência;43 Rio Grande do Sul;5,9;sih_cnv_qiuf163624187_34_144_54.csv
2025;4.0;SIH;Média permanência;50 Mato Grosso do Sul;4,6;sih_cnv_qiuf163624187_34_144_54.csv
2025;4.0;SIH;Média permanência;51 Mato Grosso;4,6;sih_cnv_qiuf163624187_34_144_54.csv
2025;4.0;SIH;Média permanência;52 Goiás;4,4;sih_cnv_qiuf163624187_34_144_54.csv
2025;4.0;SIH;Média permanência;53 Distrito Federal;5,7;sih_cnv_qiuf163624187_34_144_54.csv
2025;4.0;SIH;Dias permanência;11 Rondônia;52847,0;sih_cnv_qiuf165920187_34_144_54.csv
2025;4.0;SIH;Dias permanência;12 Acre;26806,0;sih_cnv_qiuf165920187_34_144_54.csv
2025;4.0;SIH;Dias permanência;13 Amazonas;95973,0;sih_cnv_qiuf165920187_34_144_54.csv
2025;4.0;SIH;Dias permanência;14 Roraima;19871,0;sih_cnv_qiuf165920187_34_144_54.csv
2025;4.0;SIH;Dias permanência;15 Pará;195979,0;sih_cnv_qiuf165920187_34_144_54.csv
2025;4.0;SIH;Dias permanência;16 Amapá;23910,0;sih_cnv_qiuf165920187_34_144_54.csv
2025;4.0;SIH;Dias permanência;17 Tocantins;45481,0;sih_cnv_qiuf165920187_34_144_54.csv
2025;4.0;SIH;Dias permanência;21 Maranhão;208126,0;sih_cnv_qiuf165920187_34_144_54.csv
2025;4.0;SIH;Dias permanência;22 Piauí;88841,0;sih_cnv_qiuf165920187_34_144_54.csv
2025;4.0;SIH;Dias permanência;23 Ceará;279099,0;sih_cnv_qiuf165920187_34_144_54.csv
2025;4.0;SIH;Dias permanência;24 Rio Grande do Norte;84559,0;sih_cnv_qiuf165920187_34_144_54.csv
2025;4.0;SIH;Dias permanência;25 Paraíba;109266,0;sih_cnv_qiuf165920187_34_144_54.csv
2025;4.0;SIH;Dias permanência;26 Pernambuco;279841,0;sih_cnv_qiuf165920187_34_144_54.csv
2025;4.0;SIH;Dias permanência;27 Alagoas;80830,0;sih_cnv_qiuf165920187_34_144_54.csv
2025;4.0;SIH;Dias permanência;28 Sergipe;53527,0;sih_cnv_qiuf165920187_34_144_54.csv
2025;4.0;SIH;Dias permanência;29 Bahia;368523,0;sih_cnv_qiuf165920187_34_144_54.csv
2025;4.0;SIH;Dias permanência;31 Minas Gerais;607749,0;sih_cnv_qiuf165920187_34_144_54.csv
2025;4.0;SIH;Dias permanência;32 Espírito Santo;115284,0;sih_cnv_qiuf165920187_34_144_54.csv
2025;4.0;SIH;Dias permanência;33 Rio de Janeiro;442354,0;sih_cnv_qiuf165920187_34_144_54.csv
2025;4.0;SIH;Dias permanência;35 São Paulo;1216900,0;sih_cnv_qiuf165920187_34_144_54.csv
2025;4.0;SIH;Dias permanência;41 Paraná;353286,0;sih_cnv_qiuf165920187_34_144_54.csv
2025;4.0;SIH;Dias permanência;42 Santa Catarina;220334,0;sih_cnv_qiuf165920187_34_144_54.csv
2025;4.0;SIH;Dias permanência;43 Rio Grande do Sul;410953,0;sih_cnv_qiuf165920187_34_144_54.csv
2025;4.0;SIH;Dias permanência;50 Mato Grosso do Sul;85682,0;sih_cnv_qiuf165920187_34_144_54.csv
2025;4.0;SIH;Dias permanência;51 Mato Grosso;100312,0;sih_cnv_qiuf165920187_34_144_54.csv
2025;4.0;SIH;Dias permanência;52 Goiás;169148,0;sih_cnv_qiuf165920187_34_144_54.csv
2025;4.0;SIH;Dias permanência;53 Distrito Federal;116006,0;sih_cnv_qiuf165920187_34_144_54.csv
2025;4.0;SIH;Internações;11 Rondônia;11551,0;sih_cnv_qiuf170037187_34_144_54.csv
2025;4.0;SIH;Internações;12 Acre;5874,0;sih_cnv_qiuf170037187_34_144_54.csv
2025;4.0;SIH;Internações;13 Amazonas;20290,0;sih_cnv_qiuf170037187_34_144_54.csv
2025;4.0;SIH;Internações;14 Roraima;2895,0;sih_cnv_qiuf170037187_34_144_54.csv
2025;4.0;SIH;Internações;15 Pará;46662,0;sih_cnv_qiuf170037187_34_144_54.csv
2025;4.0;SIH;Internações;16 Amapá;5258,0;sih_cnv_qiuf170037187_34_144_54.csv
2025;4.0;SIH;Internações;17 Tocantins;9139,0;sih_cnv_qiuf170037187_34_144_54.csv
2025;4.0;SIH;Internações;21 Maranhão;42083,0;sih_cnv_qiuf170037187_34_144_54.csv
2025;4.0;SIH;Internações;22 Piauí;17558,0;sih_cnv_qiuf170037187_34_144_54.csv
2025;4.0;SIH;Internações;23 Ceará;49152,0;sih_cnv_qiuf170037187_34_144_54.csv
2025;4.0;SIH;Internações;24 Rio Grande do Norte;18598,0;sih_cnv_qiuf170037187_34_144_54.csv
2025;4.0;SIH;Internações;25 Paraíba;20840,0;sih_cnv_qiuf170037187_34_144_54.csv
2025;4.0;SIH;Internações;26 Pernambuco;56014,0;sih_cnv_qiuf170037187_34_144_54.csv
2025;4.0;SIH;Internações;27 Alagoas;14054,0;sih_cnv_qiuf170037187_34_144_54.csv
2025;4.0;SIH;Internações;28 Sergipe;10513,0;sih_cnv_qiuf170037187_34_144_54.csv
2025;4.0;SIH;Internações;29 Bahia;78307,0;sih_cnv_qiuf170037187_34_144_54.csv
2025;4.0;SIH;Internações;31 Minas Gerais;130295,0;sih_cnv_qiuf170037187_34_144_54.csv
2025;4.0;SIH;Internações;32 Espírito Santo;23691,0;sih_cnv_qiuf170037187_34_144_54.csv
2025;4.0;SIH;Internações;33 Rio de Janeiro;72538,0;sih_cnv_qiuf170037187_34_144_54.csv
2025;4.0;SIH;Internações;35 São Paulo;240437,0;sih_cnv_qiuf170037187_34_144_54.csv
2025;4.0;SIH;Internações;41 Paraná;89707,0;sih_cnv_qiuf170037187_34_144_54.csv
2025;4.0;SIH;Internações;42 Santa Catarina;55503,0;sih_cnv_qiuf170037187_34_144_54.csv
2025;4.0;SIH;Internações;43 Rio Grande do Sul;70071,0;sih_cnv_qiuf170037187_34_144_54.csv
2025;4.0;SIH;Internações;50 Mato Grosso do Sul;18639,0;sih_cnv_qiuf170037187_34_144_54.csv
2025;4.0;SIH;Internações;51 Mato Grosso;21747,0;sih_cnv_qiuf170037187_34_144_54.csv
2025;4.0;SIH;Internações;52 Goiás;38162,0;sih_cnv_qiuf170037187_34_144_54.csv
2025;4.0;SIH;Internações;53 Distrito Federal;20241,0;sih_cnv_qiuf170037187_34_144_54.csv
2025;4.0;SIH;Valor total;11 Rondônia;13658025,29;sih_cnv_qiuf170043187_34_144_54.csv
2025;4.0;SIH;Valor total;12 Acre;5918330,98;sih_cnv_qiuf170043187_34_144_54.csv
2025;4.0;SIH;Valor total;13 Amazonas;22683833,36;sih_cnv_qiuf170043187_34_144_54.csv
2025;4.0;SIH;Valor total;14 Roraima;3504020,66;sih_cnv_qiuf170043187_34_144_54.csv
2025;4.0;SIH;Valor total;15 Pará;53971193,44;sih_cnv_qiuf170043187_34_144_54.csv
2025;4.0;SIH;Valor total;16 Amapá;4337764,38;sih_cnv_qiuf170043187_34_144_54.csv
2025;4.0;SIH;Valor total;17 Tocantins;11864295,77;sih_cnv_qiuf170043187_34_144_54.csv
2025;4.0;SIH;Valor total;21 Maranhão;45843303,17;sih_cnv_qiuf170043187_34_144_54.csv
2025;4.0;SIH;Valor total;22 Piauí;21843276,62;sih_cnv_qiuf170043187_34_144_54.csv
2025;4.0;SIH;Valor total;23 Ceará;72742059,84;sih_cnv_qiuf170043187_34_144_54.csv
2025;4.0;SIH;Valor total;24 Rio Grande do Norte;33664402,33;sih_cnv_qiuf170043187_34_144_54.csv
2025;4.0;SIH;Valor total;25 Paraíba;41590219,33;sih_cnv_qiuf170043187_34_144_54.csv
2025;4.0;SIH;Valor total;26 Pernambuco;96678351,14;sih_cnv_qiuf170043187_34_144_54.csv
2025;4.0;SIH;Valor total;27 Alagoas;22002017,39;sih_cnv_qiuf170043187_34_144_54.csv
2025;4.0;SIH;Valor total;28 Sergipe;17078431,16;sih_cnv_qiuf170043187_34_144_54.csv
2025;4.0;SIH;Valor total;29 Bahia;110373541,25;sih_cnv_qiuf170043187_34_144_54.csv
2025;4.0;SIH;Valor total;31 Minas Gerais;253637466,8;sih_cnv_qiuf170043187_34_144_54.csv
2025;4.0;SIH;Valor total;32 Espírito Santo;42544304,44;sih_cnv_qiuf170043187_34_144_54.csv
2025;4.0;SIH;Valor total;33 Rio de Janeiro;131782713,97;sih_cnv_qiuf170043187_34_144_54.csv
2025;4.0;SIH;Valor total;35 São Paulo;444358232,1;sih_cnv_qiuf170043187_34_144_54.csv
2025;4.0;SIH;Valor total;41 Paraná;174403025,04;sih_cnv_qiuf170043187_34_144_54.csv
2025;4.0;SIH;Valor total;42 Santa Catarina;120294902,48;sih_cnv_qiuf170043187_34_144_54.csv
2025;4.0;SIH;Valor total;43 Rio Grande do Sul;134140304,2;sih_cnv_qiuf170043187_34_144_54.csv
2025;4.0;SIH;Valor total;50 Mato Grosso do Sul;27942484,03;sih_cnv_qiuf170043187_34_144_54.csv
2025;4.0;SIH;Valor total;51 Mato Grosso;28452069,58;sih_cnv_qiuf170043187_34_144_54.csv
2025;4.0;SIH;Valor total;52 Goiás;60866392,25;sih_cnv_qiuf170043187_34_144_54.csv
2025;4.0;SIH;Valor total;53 Distrito Federal;33408121,37;sih_cnv_qiuf170043187_34_144_54.csv
2025;8.0;SIH;Internações;11 Rondônia;12372,0;sih_cnv_qiuf182735187_34_144_54.csv
2025;8.0;SIH;Internações;12 Acre;5091,0;sih_cnv_qiuf182735187_34_144_54.csv
2025;8.0;SIH;Internações;13 Amazonas;24408,0;sih_cnv_qiuf182735187_34_144_54.csv
2025;8.0;SIH;Internações;14 Roraima;3193,0;sih_cnv_qiuf182735187_34_144_54.csv
2025;8.0;SIH;Internações;15 Pará;50660,0;sih_cnv_qiuf182735187_34_144_54.csv
2025;8.0;SIH;Internações;16 Amapá;4957,0;sih_cnv_qiuf182735187_34_144_54.csv
2025;8.0;SIH;Internações;17 Tocantins;9466,0;sih_cnv_qiuf182735187_34_144_54.csv
2025;8.0;SIH;Internações;21 Maranhão;42433,0;sih_cnv_qiuf182735187_34_144_54.csv
2025;8.0;SIH;Internações;22 Piauí;18838,0;sih_cnv_qiuf182735187_34_144_54.csv
2025;8.0;SIH;Internações;23 Ceará;49700,0;sih_cnv_qiuf182735187_34_144_54.csv
2025;8.0;SIH;Internações;24 Rio Grande do Norte;19300,0;sih_cnv_qiuf182735187_34_144_54.csv
2025;8.0;SIH;Internações;25 Paraíba;23004,0;sih_cnv_qiuf182735187_34_144_54.csv
2025;8.0;SIH;Internações;26 Pernambuco;58554,0;sih_cnv_qiuf182735187_34_144_54.csv
2025;8.0;SIH;Internações;27 Alagoas;14853,0;sih_cnv_qiuf182735187_34_144_54.csv
2025;8.0;SIH;Internações;28 Sergipe;10601,0;sih_cnv_qiuf182735187_34_144_54.csv
2025;8.0;SIH;Internações;29 Bahia;84785,0;sih_cnv_qiuf182735187_34_144_54.csv
2025;8.0;SIH;Internações;31 Minas Gerais;138518,0;sih_cnv_qiuf182735187_34_144_54.csv
2025;8.0;SIH;Internações;32 Espírito Santo;27594,0;sih_cnv_qiuf182735187_34_144_54.csv
2025;8.0;SIH;Internações;33 Rio de Janeiro;78569,0;sih_cnv_qiuf182735187_34_144_54.csv
2025;8.0;SIH;Internações;35 São Paulo;248537,0;sih_cnv_qiuf182735187_34_144_54.csv
2025;8.0;SIH;Internações;41 Paraná;92545,0;sih_cnv_qiuf182735187_34_144_54.csv
2025;8.0;SIH;Internações;42 Santa Catarina;60089,0;sih_cnv_qiuf182735187_34_144_54.csv
2025;8.0;SIH;Internações;43 Rio Grande do Sul;73905,0;sih_cnv_qiuf182735187_34_144_54.csv
2025;8.0;SIH;Internações;50 Mato Grosso do Sul;17969,0;sih_cnv_qiuf182735187_34_144_54.csv
2025;8.0;SIH;Internações;51 Mato Grosso;23205,0;sih_cnv_qiuf182735187_34_144_54.csv
2025;8.0;SIH;Internações;52 Goiás;38432,0;sih_cnv_qiuf182735187_34_144_54.csv
2025;8.0;SIH;Internações;53 Distrito Federal;20462,0;sih_cnv_qiuf182735187_34_144_54.csv
2025;8.0;SIH;Valor total;11 Rondônia;13636265,25;sih_cnv_qiuf183647187_34_144_54.csv
2025;8.0;SIH;Valor total;12 Acre;5494611,61;sih_cnv_qiuf183647187_34_144_54.csv
2025;8.0;SIH;Valor total;13 Amazonas;29353157,8;sih_cnv_qiuf183647187_34_144_54.csv
2025;8.0;SIH;Valor total;14 Roraima;3889335,4;sih_cnv_qiuf183647187_34_144_54.csv
2025;8.0;SIH;Valor total;15 Pará;66441998,6;sih_cnv_qiuf183647187_34_144_54.csv
2025;8.0;SIH;Valor total;16 Amapá;4714675,85;sih_cnv_qiuf183647187_34_144_54.csv
2025;8.0;SIH;Valor total;17 Tocantins;11891307,1;sih_cnv_qiuf183647187_34_144_54.csv
2025;8.0;SIH;Valor total;21 Maranhão;47977350,59;sih_cnv_qiuf183647187_34_144_54.csv
2025;8.0;SIH;Valor total;22 Piauí;25139477,41;sih_cnv_qiuf183647187_34_144_54.csv
2025;8.0;SIH;Valor total;23 Ceará;78010797,75;sih_cnv_qiuf183647187_34_144_54.csv
2025;8.0;SIH;Valor total;24 Rio Grande do Norte;38047045,72;sih_cnv_qiuf183647187_34_144_54.csv
2025;8.0;SIH;Valor total;25 Paraíba;50197492,93;sih_cnv_qiuf183647187_34_144_54.csv
2025;8.0;SIH;Valor total;26 Pernambuco;102390632,87;sih_cnv_qiuf183647187_34_144_54.csv
2025;8.0;SIH;Valor total;27 Alagoas;25393840,08;sih_cnv_qiuf183647187_34_144_54.csv
2025;8.0;SIH;Valor total;28 Sergipe;18283298,02;sih_cnv_qiuf183647187_34_144_54.csv
2025;8.0;SIH;Valor total;29 Bahia;118458559,17;sih_cnv_qiuf183647187_34_144_54.csv
2025;8.0;SIH;Valor total;31 Minas Gerais;298656160,18;sih_cnv_qiuf183647187_34_144_54.csv
2025;8.0;SIH;Valor total;32 Espírito Santo;49992632,17;sih_cnv_qiuf183647187_34_144_54.csv
2025;8.0;SIH;Valor total;33 Rio de Janeiro;147621188,6;sih_cnv_qiuf183647187_34_144_54.csv
2025;8.0;SIH;Valor total;35 São Paulo;487194862,86;sih_cnv_qiuf183647187_34_144_54.csv
2025;8.0;SIH;Valor total;41 Paraná;188259658,92;sih_cnv_qiuf183647187_34_144_54.csv
2025;8.0;SIH;Valor total;42 Santa Catarina;138002186,81;sih_cnv_qiuf183647187_34_144_54.csv
2025;8.0;SIH;Valor total;43 Rio Grande do Sul;146348716,41;sih_cnv_qiuf183647187_34_144_54.csv
2025;8.0;SIH;Valor total;50 Mato Grosso do Sul;29204770,02;sih_cnv_qiuf183647187_34_144_54.csv
2025;8.0;SIH;Valor total;51 Mato Grosso;32708099,84;sih_cnv_qiuf183647187_34_144_54.csv
2025;8.0;SIH;Valor total;52 Goiás;64251023,97;sih_cnv_qiuf183647187_34_144_54.csv
2025;8.0;SIH;Valor total;53 Distrito Federal;35842451,92;sih_cnv_qiuf183647187_34_144_54.csv
2025;8.0;SIH;Dias permanência;11 Rondônia;60700,0;sih_cnv_qiuf183657187_34_144_54.csv
2025;8.0;SIH;Dias permanência;12 Acre;23748,0;sih_cnv_qiuf183657187_34_144_54.csv
2025;8.0;SIH;Dias permanência;13 Amazonas;112612,0;sih_cnv_qiuf183657187_34_144_54.csv
2025;8.0;SIH;Dias permanência;14 Roraima;26069,0;sih_cnv_qiuf183657187_34_144_54.csv
2025;8.0;SIH;Dias permanência;15 Pará;216459,0;sih_cnv_qiuf183657187_34_144_54.csv
2025;8.0;SIH;Dias permanência;16 Amapá;22002,0;sih_cnv_qiuf183657187_34_144_54.csv
2025;8.0;SIH;Dias permanência;17 Tocantins;50831,0;sih_cnv_qiuf183657187_34_144_54.csv
2025;8.0;SIH;Dias permanência;21 Maranhão;214158,0;sih_cnv_qiuf183657187_34_144_54.csv
2025;8.0;SIH;Dias permanência;22 Piauí;93770,0;sih_cnv_qiuf183657187_34_144_54.csv
2025;8.0;SIH;Dias permanência;23 Ceará;282324,0;sih_cnv_qiuf183657187_34_144_54.csv
2025;8.0;SIH;Dias permanência;24 Rio Grande do Norte;89005,0;sih_cnv_qiuf183657187_34_144_54.csv
2025;8.0;SIH;Dias permanência;25 Paraíba;124993,0;sih_cnv_qiuf183657187_34_144_54.csv
2025;8.0;SIH;Dias permanência;26 Pernambuco;288001,0;sih_cnv_qiuf183657187_34_144_54.csv
2025;8.0;SIH;Dias permanência;27 Alagoas;86243,0;sih_cnv_qiuf183657187_34_144_54.csv
2025;8.0;SIH;Dias permanência;28 Sergipe;60262,0;sih_cnv_qiuf183657187_34_144_54.csv
2025;8.0;SIH;Dias permanência;29 Bahia;398705,0;sih_cnv_qiuf183657187_34_144_54.csv
2025;8.0;SIH;Dias permanência;31 Minas Gerais;651228,0;sih_cnv_qiuf183657187_34_144_54.csv
2025;8.0;SIH;Dias permanência;32 Espírito Santo;132175,0;sih_cnv_qiuf183657187_34_144_54.csv
2025;8.0;SIH;Dias permanência;33 Rio de Janeiro;463684,0;sih_cnv_qiuf183657187_34_144_54.csv
2025;8.0;SIH;Dias permanência;35 São Paulo;1250057,0;sih_cnv_qiuf183657187_34_144_54.csv
2025;8.0;SIH;Dias permanência;41 Paraná;377045,0;sih_cnv_qiuf183657187_34_144_54.csv
2025;8.0;SIH;Dias permanência;42 Santa Catarina;245695,0;sih_cnv_qiuf183657187_34_144_54.csv
2025;8.0;SIH;Dias permanência;43 Rio Grande do Sul;431499,0;sih_cnv_qiuf183657187_34_144_54.csv
2025;8.0;SIH;Dias permanência;50 Mato Grosso do Sul;83449,0;sih_cnv_qiuf183657187_34_144_54.csv
2025;8.0;SIH;Dias permanência;51 Mato Grosso;103515,0;sih_cnv_qiuf183657187_34_144_54.csv
2025;8.0;SIH;Dias permanência;52 Goiás;178281,0;sih_cnv_qiuf183657187_34_144_54.csv
2025;8.0;SIH;Dias permanência;53 Distrito Federal;119619,0;sih_cnv_qiuf183657187_34_144_54.csv
2025;8.0;SIH;Média permanência;11 Rondônia;4,9;sih_cnv_qiuf184012187_34_144_54.csv
2025;8.0;SIH;Média permanência;12 Acre;4,7;sih_cnv_qiuf184012187_34_144_54.csv
2025;8.0;SIH;Média permanência;13 Amazonas;4,6;sih_cnv_qiuf184012187_34_144_54.csv
2025;8.0;SIH;Média permanência;14 Roraima;8,2;sih_cnv_qiuf184012187_34_144_54.csv
2025;8.0;SIH;Média permanência;15 Pará;4,3;sih_cnv_qiuf184012187_34_144_54.csv
2025;8.0;SIH;Média permanência;16 Amapá;4,4;sih_cnv_qiuf184012187_34_144_54.csv
2025;8.0;SIH;Média permanência;17 Tocantins;5,4;sih_cnv_qiuf184012187_34_144_54.csv
2025;8.0;SIH;Média permanência;21 Maranhão;5,0;sih_cnv_qiuf184012187_34_144_54.csv
2025;8.0;SIH;Média permanência;22 Piauí;5,0;sih_cnv_qiuf184012187_34_144_54.csv
2025;8.0;SIH;Média permanência;23 Ceará;5,7;sih_cnv_qiuf184012187_34_144_54.csv
2025;8.0;SIH;Média permanência;24 Rio Grande do Norte;4,6;sih_cnv_qiuf184012187_34_144_54.csv
2025;8.0;SIH;Média permanência;25 Paraíba;5,4;sih_cnv_qiuf184012187_34_144_54.csv
2025;8.0;SIH;Média permanência;26 Pernambuco;4,9;sih_cnv_qiuf184012187_34_144_54.csv
2025;8.0;SIH;Média permanência;27 Alagoas;5,8;sih_cnv_qiuf184012187_34_144_54.csv
2025;8.0;SIH;Média permanência;28 Sergipe;5,7;sih_cnv_qiuf184012187_34_144_54.csv
2025;8.0;SIH;Média permanência;29 Bahia;4,7;sih_cnv_qiuf184012187_34_144_54.csv
2025;8.0;SIH;Média permanência;31 Minas Gerais;4,7;sih_cnv_qiuf184012187_34_144_54.csv
2025;8.0;SIH;Média permanência;32 Espírito Santo;4,8;sih_cnv_qiuf184012187_34_144_54.csv
2025;8.0;SIH;Média permanência;33 Rio de Janeiro;5,9;sih_cnv_qiuf184012187_34_144_54.csv
2025;8.0;SIH;Média permanência;35 São Paulo;5,0;sih_cnv_qiuf184012187_34_144_54.csv
2025;8.0;SIH;Média permanência;41 Paraná;4,1;sih_cnv_qiuf184012187_34_144_54.csv
2025;8.0;SIH;Média permanência;42 Santa Catarina;4,1;sih_cnv_qiuf184012187_34_144_54.csv
2025;8.0;SIH;Média permanência;43 Rio Grande do Sul;5,8;sih_cnv_qiuf184012187_34_144_54.csv
2025;8.0;SIH;Média permanência;50 Mato Grosso do Sul;4,6;sih_cnv_qiuf184012187_34_144_54.csv
2025;8.0;SIH;Média permanência;51 Mato Grosso;4,5;sih_cnv_qiuf184012187_34_144_54.csv
2025;8.0;SIH;Média permanência;52 Goiás;4,6;sih_cnv_qiuf184012187_34_144_54.csv
2025;8.0;SIH;Média permanência;53 Distrito Federal;5,8;sih_cnv_qiuf184012187_34_144_54.csv
2025;12.0;SIH;Internações;11 Rondônia;11457,0;sih_cnv_qiuf193419187_34_144_54.csv
2025;12.0;SIH;Internações;12 Acre;4527,0;sih_cnv_qiuf193419187_34_144_54.csv
2025;12.0;SIH;Internações;13 Amazonas;21542,0;sih_cnv_qiuf193419187_34_144_54.csv
2025;12.0;SIH;Internações;14 Roraima;2128,0;sih_cnv_qiuf193419187_34_144_54.csv
2025;12.0;SIH;Internações;15 Pará;48817,0;sih_cnv_qiuf193419187_34_144_54.csv
2025;12.0;SIH;Internações;16 Amapá;4900,0;sih_cnv_qiuf193419187_34_144_54.csv
2025;12.0;SIH;Internações;17 Tocantins;7768,0;sih_cnv_qiuf193419187_34_144_54.csv
2025;12.0;SIH;Internações;21 Maranhão;39756,0;sih_cnv_qiuf193419187_34_144_54.csv
2025;12.0;SIH;Internações;22 Piauí;18898,0;sih_cnv_qiuf193419187_34_144_54.csv
2025;12.0;SIH;Internações;23 Ceará;48118,0;sih_cnv_qiuf193419187_34_144_54.csv
2025;12.0;SIH;Internações;24 Rio Grande do Norte;17610,0;sih_cnv_qiuf193419187_34_144_54.csv
2025;12.0;SIH;Internações;25 Paraíba;19040,0;sih_cnv_qiuf193419187_34_144_54.csv
2025;12.0;SIH;Internações;26 Pernambuco;55619,0;sih_cnv_qiuf193419187_34_144_54.csv
2025;12.0;SIH;Internações;27 Alagoas;13881,0;sih_cnv_qiuf193419187_34_144_54.csv
2025;12.0;SIH;Internações;28 Sergipe;10340,0;sih_cnv_qiuf193419187_34_144_54.csv
2025;12.0;SIH;Internações;29 Bahia;76874,0;sih_cnv_qiuf193419187_34_144_54.csv
2025;12.0;SIH;Internações;31 Minas Gerais;127408,0;sih_cnv_qiuf193419187_34_144_54.csv
2025;12.0;SIH;Internações;32 Espírito Santo;25555,0;sih_cnv_qiuf193419187_34_144_54.csv
2025;12.0;SIH;Internações;33 Rio de Janeiro;75585,0;sih_cnv_qiuf193419187_34_144_54.csv
2025;12.0;SIH;Internações;35 São Paulo;226245,0;sih_cnv_qiuf193419187_34_144_54.csv
2025;12.0;SIH;Internações;41 Paraná;88172,0;sih_cnv_qiuf193419187_34_144_54.csv
2025;12.0;SIH;Internações;42 Santa Catarina;55009,0;sih_cnv_qiuf193419187_34_144_54.csv
2025;12.0;SIH;Internações;43 Rio Grande do Sul;70504,0;sih_cnv_qiuf193419187_34_144_54.csv
2025;12.0;SIH;Internações;50 Mato Grosso do Sul;16041,0;sih_cnv_qiuf193419187_34_144_54.csv
2025;12.0;SIH;Internações;51 Mato Grosso;20485,0;sih_cnv_qiuf193419187_34_144_54.csv
2025;12.0;SIH;Internações;52 Goiás;36328,0;sih_cnv_qiuf193419187_34_144_54.csv
2025;12.0;SIH;Internações;53 Distrito Federal;20315,0;sih_cnv_qiuf193419187_34_144_54.csv
2025;12.0;SIH;Valor total;11 Rondônia;13157776,97;sih_cnv_qiuf193849187_34_144_54.csv
2025;12.0;SIH;Valor total;12 Acre;4678713,12;sih_cnv_qiuf193849187_34_144_54.csv
2025;12.0;SIH;Valor total;13 Amazonas;28328402,57;sih_cnv_qiuf193849187_34_144_54.csv
2025;12.0;SIH;Valor total;14 Roraima;3801944,02;sih_cnv_qiuf193849187_34_144_54.csv
2025;12.0;SIH;Valor total;15 Pará;69520406,11;sih_cnv_qiuf193849187_34_144_54.csv
2025;12.0;SIH;Valor total;16 Amapá;6530443,47;sih_cnv_qiuf193849187_34_144_54.csv
2025;12.0;SIH;Valor total;17 Tocantins;9759133,45;sih_cnv_qiuf193849187_34_144_54.csv
2025;12.0;SIH;Valor total;21 Maranhão;45751308,64;sih_cnv_qiuf193849187_34_144_54.csv
2025;12.0;SIH;Valor total;22 Piauí;24560044,72;sih_cnv_qiuf193849187_34_144_54.csv
2025;12.0;SIH;Valor total;23 Ceará;77723892,48;sih_cnv_qiuf193849187_34_144_54.csv
2025;12.0;SIH;Valor total;24 Rio Grande do Norte;35445246,88;sih_cnv_qiuf193849187_34_144_54.csv
2025;12.0;SIH;Valor total;25 Paraíba;41139002,54;sih_cnv_qiuf193849187_34_144_54.csv
2025;12.0;SIH;Valor total;26 Pernambuco;102253565,08;sih_cnv_qiuf193849187_34_144_54.csv
2025;12.0;SIH;Valor total;27 Alagoas;25244734,15;sih_cnv_qiuf193849187_34_144_54.csv
2025;12.0;SIH;Valor total;28 Sergipe;19960893,28;sih_cnv_qiuf193849187_34_144_54.csv
2025;12.0;SIH;Valor total;29 Bahia;113230777,47;sih_cnv_qiuf193849187_34_144_54.csv
2025;12.0;SIH;Valor total;31 Minas Gerais;289188242,63;sih_cnv_qiuf193849187_34_144_54.csv
2025;12.0;SIH;Valor total;32 Espírito Santo;45600451,99;sih_cnv_qiuf193849187_34_144_54.csv
2025;12.0;SIH;Valor total;33 Rio de Janeiro;143995676,34;sih_cnv_qiuf193849187_34_144_54.csv
2025;12.0;SIH;Valor total;35 São Paulo;443665011,82;sih_cnv_qiuf193849187_34_144_54.csv
2025;12.0;SIH;Valor total;41 Paraná;188845330,8;sih_cnv_qiuf193849187_34_144_54.csv
2025;12.0;SIH;Valor total;42 Santa Catarina;125366973,4;sih_cnv_qiuf193849187_34_144_54.csv
2025;12.0;SIH;Valor total;43 Rio Grande do Sul;150118318,85;sih_cnv_qiuf193849187_34_144_54.csv
2025;12.0;SIH;Valor total;50 Mato Grosso do Sul;28089370,93;sih_cnv_qiuf193849187_34_144_54.csv
2025;12.0;SIH;Valor total;51 Mato Grosso;27443997,58;sih_cnv_qiuf193849187_34_144_54.csv
2025;12.0;SIH;Valor total;52 Goiás;61095439,65;sih_cnv_qiuf193849187_34_144_54.csv
2025;12.0;SIH;Valor total;53 Distrito Federal;35360883,26;sih_cnv_qiuf193849187_34_144_54.csv
2025;12.0;SIH;Dias permanência;11 Rondônia;56764,0;sih_cnv_qiuf193856187_34_144_54.csv
2025;12.0;SIH;Dias permanência;12 Acre;20614,0;sih_cnv_qiuf193856187_34_144_54.csv
2025;12.0;SIH;Dias permanência;13 Amazonas;93620,0;sih_cnv_qiuf193856187_34_144_54.csv
2025;12.0;SIH;Dias permanência;14 Roraima;16353,0;sih_cnv_qiuf193856187_34_144_54.csv
2025;12.0;SIH;Dias permanência;15 Pará;205345,0;sih_cnv_qiuf193856187_34_144_54.csv
2025;12.0;SIH;Dias permanência;16 Amapá;21833,0;sih_cnv_qiuf193856187_34_144_54.csv
2025;12.0;SIH;Dias permanência;17 Tocantins;38366,0;sih_cnv_qiuf193856187_34_144_54.csv
2025;12.0;SIH;Dias permanência;21 Maranhão;199368,0;sih_cnv_qiuf193856187_34_144_54.csv
2025;12.0;SIH;Dias permanência;22 Piauí;97551,0;sih_cnv_qiuf193856187_34_144_54.csv
2025;12.0;SIH;Dias permanência;23 Ceará;274683,0;sih_cnv_qiuf193856187_34_144_54.csv
2025;12.0;SIH;Dias permanência;24 Rio Grande do Norte;84419,0;sih_cnv_qiuf193856187_34_144_54.csv
2025;12.0;SIH;Dias permanência;25 Paraíba;109062,0;sih_cnv_qiuf193856187_34_144_54.csv
2025;12.0;SIH;Dias permanência;26 Pernambuco;284449,0;sih_cnv_qiuf193856187_34_144_54.csv
2025;12.0;SIH;Dias permanência;27 Alagoas;82819,0;sih_cnv_qiuf193856187_34_144_54.csv
2025;12.0;SIH;Dias permanência;28 Sergipe;55609,0;sih_cnv_qiuf193856187_34_144_54.csv
2025;12.0;SIH;Dias permanência;29 Bahia;365071,0;sih_cnv_qiuf193856187_34_144_54.csv
2025;12.0;SIH;Dias permanência;31 Minas Gerais;597610,0;sih_cnv_qiuf193856187_34_144_54.csv
2025;12.0;SIH;Dias permanência;32 Espírito Santo;122970,0;sih_cnv_qiuf193856187_34_144_54.csv
2025;12.0;SIH;Dias permanência;33 Rio de Janeiro;439091,0;sih_cnv_qiuf193856187_34_144_54.csv
2025;12.0;SIH;Dias permanência;35 São Paulo;1181060,0;sih_cnv_qiuf193856187_34_144_54.csv
2025;12.0;SIH;Dias permanência;41 Paraná;369500,0;sih_cnv_qiuf193856187_34_144_54.csv
2025;12.0;SIH;Dias permanência;42 Santa Catarina;229151,0;sih_cnv_qiuf193856187_34_144_54.csv
2025;12.0;SIH;Dias permanência;43 Rio Grande do Sul;397600,0;sih_cnv_qiuf193856187_34_144_54.csv
2025;12.0;SIH;Dias permanência;50 Mato Grosso do Sul;76778,0;sih_cnv_qiuf193856187_34_144_54.csv
2025;12.0;SIH;Dias permanência;51 Mato Grosso;90806,0;sih_cnv_qiuf193856187_34_144_54.csv
2025;12.0;SIH;Dias permanência;52 Goiás;165475,0;sih_cnv_qiuf193856187_34_144_54.csv
2025;12.0;SIH;Dias permanência;53 Distrito Federal;117040,0;sih_cnv_qiuf193856187_34_144_54.csv
2025;12.0;SIH;Média permanência;11 Rondônia;5,0;sih_cnv_qiuf194310187_34_144_54.csv
2025;12.0;SIH;Média permanência;12 Acre;4,6;sih_cnv_qiuf194310187_34_144_54.csv
2025;12.0;SIH;Média permanência;13 Amazonas;4,3;sih_cnv_qiuf194310187_34_144_54.csv
2025;12.0;SIH;Média permanência;14 Roraima;7,7;sih_cnv_qiuf194310187_34_144_54.csv
2025;12.0;SIH;Média permanência;15 Pará;4,2;sih_cnv_qiuf194310187_34_144_54.csv
2025;12.0;SIH;Média permanência;16 Amapá;4,5;sih_cnv_qiuf194310187_34_144_54.csv
2025;12.0;SIH;Média permanência;17 Tocantins;4,9;sih_cnv_qiuf194310187_34_144_54.csv
2025;12.0;SIH;Média permanência;21 Maranhão;5,0;sih_cnv_qiuf194310187_34_144_54.csv
2025;12.0;SIH;Média permanência;22 Piauí;5,2;sih_cnv_qiuf194310187_34_144_54.csv
2025;12.0;SIH;Média permanência;23 Ceará;5,7;sih_cnv_qiuf194310187_34_144_54.csv
2025;12.0;SIH;Média permanência;24 Rio Grande do Norte;4,8;sih_cnv_qiuf194310187_34_144_54.csv
2025;12.0;SIH;Média permanência;25 Paraíba;5,7;sih_cnv_qiuf194310187_34_144_54.csv
2025;12.0;SIH;Média permanência;26 Pernambuco;5,1;sih_cnv_qiuf194310187_34_144_54.csv
2025;12.0;SIH;Média permanência;27 Alagoas;6,0;sih_cnv_qiuf194310187_34_144_54.csv
2025;12.0;SIH;Média permanência;28 Sergipe;5,4;sih_cnv_qiuf194310187_34_144_54.csv
2025;12.0;SIH;Média permanência;29 Bahia;4,7;sih_cnv_qiuf194310187_34_144_54.csv
2025;12.0;SIH;Média permanência;31 Minas Gerais;4,7;sih_cnv_qiuf194310187_34_144_54.csv
2025;12.0;SIH;Média permanência;32 Espírito Santo;4,8;sih_cnv_qiuf194310187_34_144_54.csv
2025;12.0;SIH;Média permanência;33 Rio de Janeiro;5,8;sih_cnv_qiuf194310187_34_144_54.csv
2025;12.0;SIH;Média permanência;35 São Paulo;5,2;sih_cnv_qiuf194310187_34_144_54.csv
2025;12.0;SIH;Média permanência;41 Paraná;4,2;sih_cnv_qiuf194310187_34_144_54.csv
2025;12.0;SIH;Média permanência;42 Santa Catarina;4,2;sih_cnv_qiuf194310187_34_144_54.csv
2025;12.0;SIH;Média permanência;43 Rio Grande do Sul;5,6;sih_cnv_qiuf194310187_34_144_54.csv
2025;12.0;SIH;Média permanência;50 Mato Grosso do Sul;4,8;sih_cnv_qiuf194310187_34_144_54.csv
2025;12.0;SIH;Média permanência;51 Mato Grosso;4,4;sih_cnv_qiuf194310187_34_144_54.csv
2025;12.0;SIH;Média permanência;52 Goiás;4,6;sih_cnv_qiuf194310187_34_144_54.csv
2025;12.0;SIH;Média permanência;53 Distrito Federal;5,8;sih_cnv_qiuf194310187_34_144_54.csv
2025;2.0;SIH;Internações;11 Rondônia;10219,0;sih_cnv_qiuf174107187_34_144_54.csv
2025;2.0;SIH;Internações;12 Acre;4240,0;sih_cnv_qiuf174107187_34_144_54.csv
2025;2.0;SIH;Internações;13 Amazonas;18984,0;sih_cnv_qiuf174107187_34_144_54.csv
2025;2.0;SIH;Internações;14 Roraima;2855,0;sih_cnv_qiuf174107187_34_144_54.csv
2025;2.0;SIH;Internações;15 Pará;43943,0;sih_cnv_qiuf174107187_34_144_54.csv
2025;2.0;SIH;Internações;16 Amapá;4023,0;sih_cnv_qiuf174107187_34_144_54.csv
2025;2.0;SIH;Internações;17 Tocantins;8872,0;sih_cnv_qiuf174107187_34_144_54.csv
2025;2.0;SIH;Internações;21 Maranhão;38820,0;sih_cnv_qiuf174107187_34_144_54.csv
2025;2.0;SIH;Internações;22 Piauí;16932,0;sih_cnv_qiuf174107187_34_144_54.csv
2025;2.0;SIH;Internações;23 Ceará;44773,0;sih_cnv_qiuf174107187_34_144_54.csv
2025;2.0;SIH;Internações;24 Rio Grande do Norte;17811,0;sih_cnv_qiuf174107187_34_144_54.csv
2025;2.0;SIH;Internações;25 Paraíba;19277,0;sih_cnv_qiuf174107187_34_144_54.csv
2025;2.0;SIH;Internações;26 Pernambuco;50058,0;sih_cnv_qiuf174107187_34_144_54.csv
2025;2.0;SIH;Internações;27 Alagoas;13527,0;sih_cnv_qiuf174107187_34_144_54.csv
2025;2.0;SIH;Internações;28 Sergipe;9418,0;sih_cnv_qiuf174107187_34_144_54.csv
2025;2.0;SIH;Internações;29 Bahia;74828,0;sih_cnv_qiuf174107187_34_144_54.csv
2025;2.0;SIH;Internações;31 Minas Gerais;121811,0;sih_cnv_qiuf174107187_34_144_54.csv
2025;2.0;SIH;Internações;32 Espírito Santo;24920,0;sih_cnv_qiuf174107187_34_144_54.csv
2025;2.0;SIH;Internações;33 Rio de Janeiro;71097,0;sih_cnv_qiuf174107187_34_144_54.csv
2025;2.0;SIH;Internações;35 São Paulo;226753,0;sih_cnv_qiuf174107187_34_144_54.csv
2025;2.0;SIH;Internações;41 Paraná;84508,0;sih_cnv_qiuf174107187_34_144_54.csv
2025;2.0;SIH;Internações;42 Santa Catarina;53253,0;sih_cnv_qiuf174107187_34_144_54.csv
2025;2.0;SIH;Internações;43 Rio Grande do Sul;65833,0;sih_cnv_qiuf174107187_34_144_54.csv
2025;2.0;SIH;Internações;50 Mato Grosso do Sul;16793,0;sih_cnv_qiuf174107187_34_144_54.csv
2025;2.0;SIH;Internações;51 Mato Grosso;20487,0;sih_cnv_qiuf174107187_34_144_54.csv
2025;2.0;SIH;Internações;52 Goiás;36384,0;sih_cnv_qiuf174107187_34_144_54.csv
2025;2.0;SIH;Internações;53 Distrito Federal;19284,0;sih_cnv_qiuf174107187_34_144_54.csv
2025;2.0;SIH;Valor total;11 Rondônia;11755398,5;sih_cnv_qiuf175555187_34_144_54.csv
2025;2.0;SIH;Valor total;12 Acre;4158930,14;sih_cnv_qiuf175555187_34_144_54.csv
2025;2.0;SIH;Valor total;13 Amazonas;21277756,14;sih_cnv_qiuf175555187_34_144_54.csv
2025;2.0;SIH;Valor total;14 Roraima;3607405,93;sih_cnv_qiuf175555187_34_144_54.csv
2025;2.0;SIH;Valor total;15 Pará;53428701,89;sih_cnv_qiuf175555187_34_144_54.csv
2025;2.0;SIH;Valor total;16 Amapá;3664424,47;sih_cnv_qiuf175555187_34_144_54.csv
2025;2.0;SIH;Valor total;17 Tocantins;11878389,86;sih_cnv_qiuf175555187_34_144_54.csv
2025;2.0;SIH;Valor total;21 Maranhão;41011710,53;sih_cnv_qiuf175555187_34_144_54.csv
2025;2.0;SIH;Valor total;22 Piauí;20722631,74;sih_cnv_qiuf175555187_34_144_54.csv
2025;2.0;SIH;Valor total;23 Ceará;69418258,85;sih_cnv_qiuf175555187_34_144_54.csv
2025;2.0;SIH;Valor total;24 Rio Grande do Norte;32823427,66;sih_cnv_qiuf175555187_34_144_54.csv
2025;2.0;SIH;Valor total;25 Paraíba;40964264,71;sih_cnv_qiuf175555187_34_144_54.csv
2025;2.0;SIH;Valor total;26 Pernambuco;88201345,13;sih_cnv_qiuf175555187_34_144_54.csv
2025;2.0;SIH;Valor total;27 Alagoas;22259558,06;sih_cnv_qiuf175555187_34_144_54.csv
2025;2.0;SIH;Valor total;28 Sergipe;15010736,97;sih_cnv_qiuf175555187_34_144_54.csv
2025;2.0;SIH;Valor total;29 Bahia;102516306,46;sih_cnv_qiuf175555187_34_144_54.csv
2025;2.0;SIH;Valor total;31 Minas Gerais;236515906,14;sih_cnv_qiuf175555187_34_144_54.csv
2025;2.0;SIH;Valor total;32 Espírito Santo;42935868,37;sih_cnv_qiuf175555187_34_144_54.csv
2025;2.0;SIH;Valor total;33 Rio de Janeiro;127745379,7;sih_cnv_qiuf175555187_34_144_54.csv
2025;2.0;SIH;Valor total;35 São Paulo;424321619,43;sih_cnv_qiuf175555187_34_144_54.csv
2025;2.0;SIH;Valor total;41 Paraná;168718523,67;sih_cnv_qiuf175555187_34_144_54.csv
2025;2.0;SIH;Valor total;42 Santa Catarina;114631209,6;sih_cnv_qiuf175555187_34_144_54.csv
2025;2.0;SIH;Valor total;43 Rio Grande do Sul;126541689,89;sih_cnv_qiuf175555187_34_144_54.csv
2025;2.0;SIH;Valor total;50 Mato Grosso do Sul;26700192,71;sih_cnv_qiuf175555187_34_144_54.csv
2025;2.0;SIH;Valor total;51 Mato Grosso;26312066,01;sih_cnv_qiuf175555187_34_144_54.csv
2025;2.0;SIH;Valor total;52 Goiás;57247859,74;sih_cnv_qiuf175555187_34_144_54.csv
2025;2.0;SIH;Valor total;53 Distrito Federal;33173357,87;sih_cnv_qiuf175555187_34_144_54.csv
2025;2.0;SIH;Dias permanência;11 Rondônia;50925,0;sih_cnv_qiuf175802187_34_144_54.csv
2025;2.0;SIH;Dias permanência;12 Acre;20483,0;sih_cnv_qiuf175802187_34_144_54.csv
2025;2.0;SIH;Dias permanência;13 Amazonas;87554,0;sih_cnv_qiuf175802187_34_144_54.csv
2025;2.0;SIH;Dias permanência;14 Roraima;20734,0;sih_cnv_qiuf175802187_34_144_54.csv
2025;2.0;SIH;Dias permanência;15 Pará;190025,0;sih_cnv_qiuf175802187_34_144_54.csv
2025;2.0;SIH;Dias permanência;16 Amapá;18278,0;sih_cnv_qiuf175802187_34_144_54.csv
2025;2.0;SIH;Dias permanência;17 Tocantins;48099,0;sih_cnv_qiuf175802187_34_144_54.csv
2025;2.0;SIH;Dias permanência;21 Maranhão;195075,0;sih_cnv_qiuf175802187_34_144_54.csv
2025;2.0;SIH;Dias permanência;22 Piauí;88457,0;sih_cnv_qiuf175802187_34_144_54.csv
2025;2.0;SIH;Dias permanência;23 Ceará;263732,0;sih_cnv_qiuf175802187_34_144_54.csv
2025;2.0;SIH;Dias permanência;24 Rio Grande do Norte;82142,0;sih_cnv_qiuf175802187_34_144_54.csv
2025;2.0;SIH;Dias permanência;25 Paraíba;100568,0;sih_cnv_qiuf175802187_34_144_54.csv
2025;2.0;SIH;Dias permanência;26 Pernambuco;248837,0;sih_cnv_qiuf175802187_34_144_54.csv
2025;2.0;SIH;Dias permanência;27 Alagoas;80336,0;sih_cnv_qiuf175802187_34_144_54.csv
2025;2.0;SIH;Dias permanência;28 Sergipe;55236,0;sih_cnv_qiuf175802187_34_144_54.csv
2025;2.0;SIH;Dias permanência;29 Bahia;354127,0;sih_cnv_qiuf175802187_34_144_54.csv
2025;2.0;SIH;Dias permanência;31 Minas Gerais;578140,0;sih_cnv_qiuf175802187_34_144_54.csv
2025;2.0;SIH;Dias permanência;32 Espírito Santo;116768,0;sih_cnv_qiuf175802187_34_144_54.csv
2025;2.0;SIH;Dias permanência;33 Rio de Janeiro;424286,0;sih_cnv_qiuf175802187_34_144_54.csv
2025;2.0;SIH;Dias permanência;35 São Paulo;1147444,0;sih_cnv_qiuf175802187_34_144_54.csv
2025;2.0;SIH;Dias permanência;41 Paraná;339187,0;sih_cnv_qiuf175802187_34_144_54.csv
2025;2.0;SIH;Dias permanência;42 Santa Catarina;212451,0;sih_cnv_qiuf175802187_34_144_54.csv
2025;2.0;SIH;Dias permanência;43 Rio Grande do Sul;389030,0;sih_cnv_qiuf175802187_34_144_54.csv
2025;2.0;SIH;Dias permanência;50 Mato Grosso do Sul;73775,0;sih_cnv_qiuf175802187_34_144_54.csv
2025;2.0;SIH;Dias permanência;51 Mato Grosso;92225,0;sih_cnv_qiuf175802187_34_144_54.csv
2025;2.0;SIH;Dias permanência;52 Goiás;165405,0;sih_cnv_qiuf175802187_34_144_54.csv
2025;2.0;SIH;Dias permanência;53 Distrito Federal;113191,0;sih_cnv_qiuf175802187_34_144_54.csv
2025;2.0;SIH;Média permanência;11 Rondônia;5,0;sih_cnv_qiuf180008187_34_144_54.csv
2025;2.0;SIH;Média permanência;12 Acre;4,8;sih_cnv_qiuf180008187_34_144_54.csv
2025;2.0;SIH;Média permanência;13 Amazonas;4,6;sih_cnv_qiuf180008187_34_144_54.csv
2025;2.0;SIH;Média permanência;14 Roraima;7,3;sih_cnv_qiuf180008187_34_144_54.csv
2025;2.0;SIH;Média permanência;15 Pará;4,3;sih_cnv_qiuf180008187_34_144_54.csv
2025;2.0;SIH;Média permanência;16 Amapá;4,5;sih_cnv_qiuf180008187_34_144_54.csv
2025;2.0;SIH;Média permanência;17 Tocantins;5,4;sih_cnv_qiuf180008187_34_144_54.csv
2025;2.0;SIH;Média permanência;21 Maranhão;5,0;sih_cnv_qiuf180008187_34_144_54.csv
2025;2.0;SIH;Média permanência;22 Piauí;5,2;sih_cnv_qiuf180008187_34_144_54.csv
2025;2.0;SIH;Média permanência;23 Ceará;5,9;sih_cnv_qiuf180008187_34_144_54.csv
2025;2.0;SIH;Média permanência;24 Rio Grande do Norte;4,6;sih_cnv_qiuf180008187_34_144_54.csv
2025;2.0;SIH;Média permanência;25 Paraíba;5,2;sih_cnv_qiuf180008187_34_144_54.csv
2025;2.0;SIH;Média permanência;26 Pernambuco;5,0;sih_cnv_qiuf180008187_34_144_54.csv
2025;2.0;SIH;Média permanência;27 Alagoas;5,9;sih_cnv_qiuf180008187_34_144_54.csv
2025;2.0;SIH;Média permanência;28 Sergipe;5,9;sih_cnv_qiuf180008187_34_144_54.csv
2025;2.0;SIH;Média permanência;29 Bahia;4,7;sih_cnv_qiuf180008187_34_144_54.csv
2025;2.0;SIH;Média permanência;31 Minas Gerais;4,7;sih_cnv_qiuf180008187_34_144_54.csv
2025;2.0;SIH;Média permanência;32 Espírito Santo;4,7;sih_cnv_qiuf180008187_34_144_54.csv
2025;2.0;SIH;Média permanência;33 Rio de Janeiro;6,0;sih_cnv_qiuf180008187_34_144_54.csv
2025;2.0;SIH;Média permanência;35 São Paulo;5,1;sih_cnv_qiuf180008187_34_144_54.csv
2025;2.0;SIH;Média permanência;41 Paraná;4,0;sih_cnv_qiuf180008187_34_144_54.csv
2025;2.0;SIH;Média permanência;42 Santa Catarina;4,0;sih_cnv_qiuf180008187_34_144_54.csv
2025;2.0;SIH;Média permanência;43 Rio Grande do Sul;5,9;sih_cnv_qiuf180008187_34_144_54.csv
2025;2.0;SIH;Média permanência;50 Mato Grosso do Sul;4,4;sih_cnv_qiuf180008187_34_144_54.csv
2025;2.0;SIH;Média permanência;51 Mato Grosso;4,5;sih_cnv_qiuf180008187_34_144_54.csv
2025;2.0;SIH;Média permanência;52 Goiás;4,5;sih_cnv_qiuf180008187_34_144_54.csv
2025;2.0;SIH;Média permanência;53 Distrito Federal;5,9;sih_cnv_qiuf180008187_34_144_54.csv
2025;1.0;SIH;Internações;11 Rondônia;10637,0;sih_cnv_qiuf181225187_34_144_54.csv
2025;1.0;SIH;Internações;12 Acre;4537,0;sih_cnv_qiuf181225187_34_144_54.csv
2025;1.0;SIH;Internações;13 Amazonas;22037,0;sih_cnv_qiuf181225187_34_144_54.csv
2025;1.0;SIH;Internações;14 Roraima;3882,0;sih_cnv_qiuf181225187_34_144_54.csv
2025;1.0;SIH;Internações;15 Pará;44600,0;sih_cnv_qiuf181225187_34_144_54.csv
2025;1.0;SIH;Internações;16 Amapá;4219,0;sih_cnv_qiuf181225187_34_144_54.csv
2025;1.0;SIH;Internações;17 Tocantins;8962,0;sih_cnv_qiuf181225187_34_144_54.csv
2025;1.0;SIH;Internações;21 Maranhão;41327,0;sih_cnv_qiuf181225187_34_144_54.csv
2025;1.0;SIH;Internações;22 Piauí;18920,0;sih_cnv_qiuf181225187_34_144_54.csv
2025;1.0;SIH;Internações;23 Ceará;45585,0;sih_cnv_qiuf181225187_34_144_54.csv
2025;1.0;SIH;Internações;24 Rio Grande do Norte;17873,0;sih_cnv_qiuf181225187_34_144_54.csv
2025;1.0;SIH;Internações;25 Paraíba;19849,0;sih_cnv_qiuf181225187_34_144_54.csv
2025;1.0;SIH;Internações;26 Pernambuco;52535,0;sih_cnv_qiuf181225187_34_144_54.csv
2025;1.0;SIH;Internações;27 Alagoas;13131,0;sih_cnv_qiuf181225187_34_144_54.csv
2025;1.0;SIH;Internações;28 Sergipe;9385,0;sih_cnv_qiuf181225187_34_144_54.csv
2025;1.0;SIH;Internações;29 Bahia;72303,0;sih_cnv_qiuf181225187_34_144_54.csv
2025;1.0;SIH;Internações;31 Minas Gerais;125920,0;sih_cnv_qiuf181225187_34_144_54.csv
2025;1.0;SIH;Internações;32 Espírito Santo;25816,0;sih_cnv_qiuf181225187_34_144_54.csv
2025;1.0;SIH;Internações;33 Rio de Janeiro;75295,0;sih_cnv_qiuf181225187_34_144_54.csv
2025;1.0;SIH;Internações;35 São Paulo;233651,0;sih_cnv_qiuf181225187_34_144_54.csv
2025;1.0;SIH;Internações;41 Paraná;86140,0;sih_cnv_qiuf181225187_34_144_54.csv
2025;1.0;SIH;Internações;42 Santa Catarina;53466,0;sih_cnv_qiuf181225187_34_144_54.csv
2025;1.0;SIH;Internações;43 Rio Grande do Sul;66620,0;sih_cnv_qiuf181225187_34_144_54.csv
2025;1.0;SIH;Internações;50 Mato Grosso do Sul;18542,0;sih_cnv_qiuf181225187_34_144_54.csv
2025;1.0;SIH;Internações;51 Mato Grosso;20477,0;sih_cnv_qiuf181225187_34_144_54.csv
2025;1.0;SIH;Internações;52 Goiás;37254,0;sih_cnv_qiuf181225187_34_144_54.csv
2025;1.0;SIH;Internações;53 Distrito Federal;20927,0;sih_cnv_qiuf181225187_34_144_54.csv
2025;1.0;SIH;Valor total;11 Rondônia;13741509,83;sih_cnv_qiuf182202187_34_144_54.csv
2025;1.0;SIH;Valor total;12 Acre;4304797,54;sih_cnv_qiuf182202187_34_144_54.csv
2025;1.0;SIH;Valor total;13 Amazonas;24670940,2;sih_cnv_qiuf182202187_34_144_54.csv
2025;1.0;SIH;Valor total;14 Roraima;4483130,19;sih_cnv_qiuf182202187_34_144_54.csv
2025;1.0;SIH;Valor total;15 Pará;51762241,7;sih_cnv_qiuf182202187_34_144_54.csv
2025;1.0;SIH;Valor total;16 Amapá;3830729,66;sih_cnv_qiuf182202187_34_144_54.csv
2025;1.0;SIH;Valor total;17 Tocantins;10668909,52;sih_cnv_qiuf182202187_34_144_54.csv
2025;1.0;SIH;Valor total;21 Maranhão;44572010,77;sih_cnv_qiuf182202187_34_144_54.csv
2025;1.0;SIH;Valor total;22 Piauí;23256353,0;sih_cnv_qiuf182202187_34_144_54.csv
2025;1.0;SIH;Valor total;23 Ceará;70298276,3;sih_cnv_qiuf182202187_34_144_54.csv
2025;1.0;SIH;Valor total;24 Rio Grande do Norte;34392859,1;sih_cnv_qiuf182202187_34_144_54.csv
2025;1.0;SIH;Valor total;25 Paraíba;39084897,87;sih_cnv_qiuf182202187_34_144_54.csv
2025;1.0;SIH;Valor total;26 Pernambuco;91904755,43;sih_cnv_qiuf182202187_34_144_54.csv
2025;1.0;SIH;Valor total;27 Alagoas;21873920,24;sih_cnv_qiuf182202187_34_144_54.csv
2025;1.0;SIH;Valor total;28 Sergipe;16057326,6;sih_cnv_qiuf182202187_34_144_54.csv
2025;1.0;SIH;Valor total;29 Bahia;101171730,39;sih_cnv_qiuf182202187_34_144_54.csv
2025;1.0;SIH;Valor total;31 Minas Gerais;241711889,5;sih_cnv_qiuf182202187_34_144_54.csv
2025;1.0;SIH;Valor total;32 Espírito Santo;44944467,35;sih_cnv_qiuf182202187_34_144_54.csv
2025;1.0;SIH;Valor total;33 Rio de Janeiro;137962535,23;sih_cnv_qiuf182202187_34_144_54.csv
2025;1.0;SIH;Valor total;35 São Paulo;435555819,75;sih_cnv_qiuf182202187_34_144_54.csv
2025;1.0;SIH;Valor total;41 Paraná;172017390,03;sih_cnv_qiuf182202187_34_144_54.csv
2025;1.0;SIH;Valor total;42 Santa Catarina;119781839,18;sih_cnv_qiuf182202187_34_144_54.csv
2025;1.0;SIH;Valor total;43 Rio Grande do Sul;125844311,47;sih_cnv_qiuf182202187_34_144_54.csv
2025;1.0;SIH;Valor total;50 Mato Grosso do Sul;30470144,85;sih_cnv_qiuf182202187_34_144_54.csv
2025;1.0;SIH;Valor total;51 Mato Grosso;27683823,21;sih_cnv_qiuf182202187_34_144_54.csv
2025;1.0;SIH;Valor total;52 Goiás;57912936,5;sih_cnv_qiuf182202187_34_144_54.csv
2025;1.0;SIH;Valor total;53 Distrito Federal;33615233,1;sih_cnv_qiuf182202187_34_144_54.csv
2025;1.0;SIH;Dias permanência;11 Rondônia;54973,0;sih_cnv_qiuf182211187_34_144_54.csv
2025;1.0;SIH;Dias permanência;12 Acre;21105,0;sih_cnv_qiuf182211187_34_144_54.csv
2025;1.0;SIH;Dias permanência;13 Amazonas;109116,0;sih_cnv_qiuf182211187_34_144_54.csv
2025;1.0;SIH;Dias permanência;14 Roraima;28646,0;sih_cnv_qiuf182211187_34_144_54.csv
2025;1.0;SIH;Dias permanência;15 Pará;191633,0;sih_cnv_qiuf182211187_34_144_54.csv
2025;1.0;SIH;Dias permanência;16 Amapá;22248,0;sih_cnv_qiuf182211187_34_144_54.csv
2025;1.0;SIH;Dias permanência;17 Tocantins;46182,0;sih_cnv_qiuf182211187_34_144_54.csv
2025;1.0;SIH;Dias permanência;21 Maranhão;211129,0;sih_cnv_qiuf182211187_34_144_54.csv
2025;1.0;SIH;Dias permanência;22 Piauí;98199,0;sih_cnv_qiuf182211187_34_144_54.csv
2025;1.0;SIH;Dias permanência;23 Ceará;277687,0;sih_cnv_qiuf182211187_34_144_54.csv
2025;1.0;SIH;Dias permanência;24 Rio Grande do Norte;87411,0;sih_cnv_qiuf182211187_34_144_54.csv
2025;1.0;SIH;Dias permanência;25 Paraíba;106622,0;sih_cnv_qiuf182211187_34_144_54.csv
2025;1.0;SIH;Dias permanência;26 Pernambuco;269432,0;sih_cnv_qiuf182211187_34_144_54.csv
2025;1.0;SIH;Dias permanência;27 Alagoas;84195,0;sih_cnv_qiuf182211187_34_144_54.csv
2025;1.0;SIH;Dias permanência;28 Sergipe;53839,0;sih_cnv_qiuf182211187_34_144_54.csv
2025;1.0;SIH;Dias permanência;29 Bahia;343972,0;sih_cnv_qiuf182211187_34_144_54.csv
2025;1.0;SIH;Dias permanência;31 Minas Gerais;617449,0;sih_cnv_qiuf182211187_34_144_54.csv
2025;1.0;SIH;Dias permanência;32 Espírito Santo;123233,0;sih_cnv_qiuf182211187_34_144_54.csv
2025;1.0;SIH;Dias permanência;33 Rio de Janeiro;468992,0;sih_cnv_qiuf182211187_34_144_54.csv
2025;1.0;SIH;Dias permanência;35 São Paulo;1235385,0;sih_cnv_qiuf182211187_34_144_54.csv
2025;1.0;SIH;Dias permanência;41 Paraná;366215,0;sih_cnv_qiuf182211187_34_144_54.csv
2025;1.0;SIH;Dias permanência;42 Santa Catarina;224756,0;sih_cnv_qiuf182211187_34_144_54.csv
2025;1.0;SIH;Dias permanência;43 Rio Grande do Sul;394801,0;sih_cnv_qiuf182211187_34_144_54.csv
2025;1.0;SIH;Dias permanência;50 Mato Grosso do Sul;87072,0;sih_cnv_qiuf182211187_34_144_54.csv
2025;1.0;SIH;Dias permanência;51 Mato Grosso;99700,0;sih_cnv_qiuf182211187_34_144_54.csv
2025;1.0;SIH;Dias permanência;52 Goiás;172529,0;sih_cnv_qiuf182211187_34_144_54.csv
2025;1.0;SIH;Dias permanência;53 Distrito Federal;122454,0;sih_cnv_qiuf182211187_34_144_54.csv
2025;1.0;SIH;Média permanência;11 Rondônia;5,2;sih_cnv_qiuf182218187_34_144_54.csv
2025;1.0;SIH;Média permanência;12 Acre;4,7;sih_cnv_qiuf182218187_34_144_54.csv
2025;1.0;SIH;Média permanência;13 Amazonas;5,0;sih_cnv_qiuf182218187_34_144_54.csv
2025;1.0;SIH;Média permanência;14 Roraima;7,4;sih_cnv_qiuf182218187_34_144_54.csv
2025;1.0;SIH;Média permanência;15 Pará;4,3;sih_cnv_qiuf182218187_34_144_54.csv
2025;1.0;SIH;Média permanência;16 Amapá;5,3;sih_cnv_qiuf182218187_34_144_54.csv
2025;1.0;SIH;Média permanência;17 Tocantins;5,2;sih_cnv_qiuf182218187_34_144_54.csv
2025;1.0;SIH;Média permanência;21 Maranhão;5,1;sih_cnv_qiuf182218187_34_144_54.csv
2025;1.0;SIH;Média permanência;22 Piauí;5,2;sih_cnv_qiuf182218187_34_144_54.csv
2025;1.0;SIH;Média permanência;23 Ceará;6,1;sih_cnv_qiuf182218187_34_144_54.csv
2025;1.0;SIH;Média permanência;24 Rio Grande do Norte;4,9;sih_cnv_qiuf182218187_34_144_54.csv
2025;1.0;SIH;Média permanência;25 Paraíba;5,4;sih_cnv_qiuf182218187_34_144_54.csv
2025;1.0;SIH;Média permanência;26 Pernambuco;5,1;sih_cnv_qiuf182218187_34_144_54.csv
2025;1.0;SIH;Média permanência;27 Alagoas;6,4;sih_cnv_qiuf182218187_34_144_54.csv
2025;1.0;SIH;Média permanência;28 Sergipe;5,7;sih_cnv_qiuf182218187_34_144_54.csv
2025;1.0;SIH;Média permanência;29 Bahia;4,8;sih_cnv_qiuf182218187_34_144_54.csv
2025;1.0;SIH;Média permanência;31 Minas Gerais;4,9;sih_cnv_qiuf182218187_34_144_54.csv
2025;1.0;SIH;Média permanência;32 Espírito Santo;4,8;sih_cnv_qiuf182218187_34_144_54.csv
2025;1.0;SIH;Média permanência;33 Rio de Janeiro;6,2;sih_cnv_qiuf182218187_34_144_54.csv
2025;1.0;SIH;Média permanência;35 São Paulo;5,3;sih_cnv_qiuf182218187_34_144_54.csv
2025;1.0;SIH;Média permanência;41 Paraná;4,3;sih_cnv_qiuf182218187_34_144_54.csv
2025;1.0;SIH;Média permanência;42 Santa Catarina;4,2;sih_cnv_qiuf182218187_34_144_54.csv
2025;1.0;SIH;Média permanência;43 Rio Grande do Sul;5,9;sih_cnv_qiuf182218187_34_144_54.csv
2025;1.0;SIH;Média permanência;50 Mato Grosso do Sul;4,7;sih_cnv_qiuf182218187_34_144_54.csv
2025;1.0;SIH;Média permanência;51 Mato Grosso;4,9;sih_cnv_qiuf182218187_34_144_54.csv
2025;1.0;SIH;Média permanência;52 Goiás;4,6;sih_cnv_qiuf182218187_34_144_54.csv
2025;1.0;SIH;Média permanência;53 Distrito Federal;5,9;sih_cnv_qiuf182218187_34_144_54.csv
2025;7.0;SIH;Internações;11 Rondônia;12611,0;sih_cnv_qiuf090815187_34_144_54.csv
2025;7.0;SIH;Internações;12 Acre;5104,0;sih_cnv_qiuf090815187_34_144_54.csv
2025;7.0;SIH;Internações;13 Amazonas;24613,0;sih_cnv_qiuf090815187_34_144_54.csv
2025;7.0;SIH;Internações;14 Roraima;3003,0;sih_cnv_qiuf090815187_34_144_54.csv
2025;7.0;SIH;Internações;15 Pará;49639,0;sih_cnv_qiuf090815187_34_144_54.csv
2025;7.0;SIH;Internações;16 Amapá;5059,0;sih_cnv_qiuf090815187_34_144_54.csv
2025;7.0;SIH;Internações;17 Tocantins;9478,0;sih_cnv_qiuf090815187_34_144_54.csv
2025;7.0;SIH;Internações;21 Maranhão;43818,0;sih_cnv_qiuf090815187_34_144_54.csv
2025;7.0;SIH;Internações;22 Piauí;19376,0;sih_cnv_qiuf090815187_34_144_54.csv
2025;7.0;SIH;Internações;23 Ceará;50415,0;sih_cnv_qiuf090815187_34_144_54.csv
2025;7.0;SIH;Internações;24 Rio Grande do Norte;20144,0;sih_cnv_qiuf090815187_34_144_54.csv
2025;7.0;SIH;Internações;25 Paraíba;22607,0;sih_cnv_qiuf090815187_34_144_54.csv
2025;7.0;SIH;Internações;26 Pernambuco;57532,0;sih_cnv_qiuf090815187_34_144_54.csv
2025;7.0;SIH;Internações;27 Alagoas;16985,0;sih_cnv_qiuf090815187_34_144_54.csv
2025;7.0;SIH;Internações;28 Sergipe;10547,0;sih_cnv_qiuf090815187_34_144_54.csv
2025;7.0;SIH;Internações;29 Bahia;84590,0;sih_cnv_qiuf090815187_34_144_54.csv
2025;7.0;SIH;Internações;31 Minas Gerais;140319,0;sih_cnv_qiuf090815187_34_144_54.csv
2025;7.0;SIH;Internações;32 Espírito Santo;27495,0;sih_cnv_qiuf090815187_34_144_54.csv
2025;7.0;SIH;Internações;33 Rio de Janeiro;80091,0;sih_cnv_qiuf090815187_34_144_54.csv
2025;7.0;SIH;Internações;35 São Paulo;250198,0;sih_cnv_qiuf090815187_34_144_54.csv
2025;7.0;SIH;Internações;41 Paraná;94369,0;sih_cnv_qiuf090815187_34_144_54.csv
2025;7.0;SIH;Internações;42 Santa Catarina;60154,0;sih_cnv_qiuf090815187_34_144_54.csv
2025;7.0;SIH;Internações;43 Rio Grande do Sul;74650,0;sih_cnv_qiuf090815187_34_144_54.csv
2025;7.0;SIH;Internações;50 Mato Grosso do Sul;18135,0;sih_cnv_qiuf090815187_34_144_54.csv
2025;7.0;SIH;Internações;51 Mato Grosso;21737,0;sih_cnv_qiuf090815187_34_144_54.csv
2025;7.0;SIH;Internações;52 Goiás;39027,0;sih_cnv_qiuf090815187_34_144_54.csv
2025;7.0;SIH;Internações;53 Distrito Federal;21519,0;sih_cnv_qiuf090815187_34_144_54.csv
2025;7.0;SIH;Valor total;11 Rondônia;14363683,05;sih_cnv_qiuf091113187_34_144_54.csv
2025;7.0;SIH;Valor total;12 Acre;5411006,04;sih_cnv_qiuf091113187_34_144_54.csv
2025;7.0;SIH;Valor total;13 Amazonas;29293267,42;sih_cnv_qiuf091113187_34_144_54.csv
2025;7.0;SIH;Valor total;14 Roraima;3881408,03;sih_cnv_qiuf091113187_34_144_54.csv
2025;7.0;SIH;Valor total;15 Pará;64852028,64;sih_cnv_qiuf091113187_34_144_54.csv
2025;7.0;SIH;Valor total;16 Amapá;4504941,38;sih_cnv_qiuf091113187_34_144_54.csv
2025;7.0;SIH;Valor total;17 Tocantins;13144531,85;sih_cnv_qiuf091113187_34_144_54.csv
2025;7.0;SIH;Valor total;21 Maranhão;50129812,54;sih_cnv_qiuf091113187_34_144_54.csv
2025;7.0;SIH;Valor total;22 Piauí;25452533,59;sih_cnv_qiuf091113187_34_144_54.csv
2025;7.0;SIH;Valor total;23 Ceará;75339203,24;sih_cnv_qiuf091113187_34_144_54.csv
2025;7.0;SIH;Valor total;24 Rio Grande do Norte;38544494,81;sih_cnv_qiuf091113187_34_144_54.csv
2025;7.0;SIH;Valor total;25 Paraíba;49292346,58;sih_cnv_qiuf091113187_34_144_54.csv
2025;7.0;SIH;Valor total;26 Pernambuco;103810945,11;sih_cnv_qiuf091113187_34_144_54.csv
2025;7.0;SIH;Valor total;27 Alagoas;27522097,92;sih_cnv_qiuf091113187_34_144_54.csv
2025;7.0;SIH;Valor total;28 Sergipe;18015335,19;sih_cnv_qiuf091113187_34_144_54.csv
2025;7.0;SIH;Valor total;29 Bahia;118130534,42;sih_cnv_qiuf091113187_34_144_54.csv
2025;7.0;SIH;Valor total;31 Minas Gerais;286059756,8;sih_cnv_qiuf091113187_34_144_54.csv
2025;7.0;SIH;Valor total;32 Espírito Santo;47804937,71;sih_cnv_qiuf091113187_34_144_54.csv
2025;7.0;SIH;Valor total;33 Rio de Janeiro;152083715,92;sih_cnv_qiuf091113187_34_144_54.csv
2025;7.0;SIH;Valor total;35 São Paulo;488733653,82;sih_cnv_qiuf091113187_34_144_54.csv
2025;7.0;SIH;Valor total;41 Paraná;197288183,23;sih_cnv_qiuf091113187_34_144_54.csv
2025;7.0;SIH;Valor total;42 Santa Catarina;137286242,86;sih_cnv_qiuf091113187_34_144_54.csv
2025;7.0;SIH;Valor total;43 Rio Grande do Sul;143674438,93;sih_cnv_qiuf091113187_34_144_54.csv
2025;7.0;SIH;Valor total;50 Mato Grosso do Sul;28085221,27;sih_cnv_qiuf091113187_34_144_54.csv
2025;7.0;SIH;Valor total;51 Mato Grosso;26602383,71;sih_cnv_qiuf091113187_34_144_54.csv
2025;7.0;SIH;Valor total;52 Goiás;66099119,37;sih_cnv_qiuf091113187_34_144_54.csv
2025;7.0;SIH;Valor total;53 Distrito Federal;35778618,69;sih_cnv_qiuf091113187_34_144_54.csv
2025;7.0;SIH;Dias permanência;11 Rondônia;64847,0;sih_cnv_qiuf091827187_34_144_54.csv
2025;7.0;SIH;Dias permanência;12 Acre;23436,0;sih_cnv_qiuf091827187_34_144_54.csv
2025;7.0;SIH;Dias permanência;13 Amazonas;116339,0;sih_cnv_qiuf091827187_34_144_54.csv
2025;7.0;SIH;Dias permanência;14 Roraima;22761,0;sih_cnv_qiuf091827187_34_144_54.csv
2025;7.0;SIH;Dias permanência;15 Pará;213257,0;sih_cnv_qiuf091827187_34_144_54.csv
2025;7.0;SIH;Dias permanência;16 Amapá;24151,0;sih_cnv_qiuf091827187_34_144_54.csv
2025;7.0;SIH;Dias permanência;17 Tocantins;48510,0;sih_cnv_qiuf091827187_34_144_54.csv
2025;7.0;SIH;Dias permanência;21 Maranhão;221512,0;sih_cnv_qiuf091827187_34_144_54.csv
2025;7.0;SIH;Dias permanência;22 Piauí;97992,0;sih_cnv_qiuf091827187_34_144_54.csv
2025;7.0;SIH;Dias permanência;23 Ceará;285811,0;sih_cnv_qiuf091827187_34_144_54.csv
2025;7.0;SIH;Dias permanência;24 Rio Grande do Norte;93669,0;sih_cnv_qiuf091827187_34_144_54.csv
2025;7.0;SIH;Dias permanência;25 Paraíba;122073,0;sih_cnv_qiuf091827187_34_144_54.csv
2025;7.0;SIH;Dias permanência;26 Pernambuco;291582,0;sih_cnv_qiuf091827187_34_144_54.csv
2025;7.0;SIH;Dias permanência;27 Alagoas;98505,0;sih_cnv_qiuf091827187_34_144_54.csv
2025;7.0;SIH;Dias permanência;28 Sergipe;60804,0;sih_cnv_qiuf091827187_34_144_54.csv
2025;7.0;SIH;Dias permanência;29 Bahia;396359,0;sih_cnv_qiuf091827187_34_144_54.csv
2025;7.0;SIH;Dias permanência;31 Minas Gerais;666373,0;sih_cnv_qiuf091827187_34_144_54.csv
2025;7.0;SIH;Dias permanência;32 Espírito Santo;130278,0;sih_cnv_qiuf091827187_34_144_54.csv
2025;7.0;SIH;Dias permanência;33 Rio de Janeiro;476118,0;sih_cnv_qiuf091827187_34_144_54.csv
2025;7.0;SIH;Dias permanência;35 São Paulo;1293552,0;sih_cnv_qiuf091827187_34_144_54.csv
2025;7.0;SIH;Dias permanência;41 Paraná;383964,0;sih_cnv_qiuf091827187_34_144_54.csv
2025;7.0;SIH;Dias permanência;42 Santa Catarina;252725,0;sih_cnv_qiuf091827187_34_144_54.csv
2025;7.0;SIH;Dias permanência;43 Rio Grande do Sul;436125,0;sih_cnv_qiuf091827187_34_144_54.csv
2025;7.0;SIH;Dias permanência;50 Mato Grosso do Sul;84847,0;sih_cnv_qiuf091827187_34_144_54.csv
2025;7.0;SIH;Dias permanência;51 Mato Grosso;96629,0;sih_cnv_qiuf091827187_34_144_54.csv
2025;7.0;SIH;Dias permanência;52 Goiás;182299,0;sih_cnv_qiuf091827187_34_144_54.csv
2025;7.0;SIH;Dias permanência;53 Distrito Federal;122686,0;sih_cnv_qiuf091827187_34_144_54.csv
2025;7.0;SIH;Média permanência;11 Rondônia;5,1;sih_cnv_qiuf092242187_34_144_54.csv
2025;7.0;SIH;Média permanência;12 Acre;4,6;sih_cnv_qiuf092242187_34_144_54.csv
2025;7.0;SIH;Média permanência;13 Amazonas;4,7;sih_cnv_qiuf092242187_34_144_54.csv
2025;7.0;SIH;Média permanência;14 Roraima;7,6;sih_cnv_qiuf092242187_34_144_54.csv
2025;7.0;SIH;Média permanência;15 Pará;4,3;sih_cnv_qiuf092242187_34_144_54.csv
2025;7.0;SIH;Média permanência;16 Amapá;4,8;sih_cnv_qiuf092242187_34_144_54.csv
2025;7.0;SIH;Média permanência;17 Tocantins;5,1;sih_cnv_qiuf092242187_34_144_54.csv
2025;7.0;SIH;Média permanência;21 Maranhão;5,1;sih_cnv_qiuf092242187_34_144_54.csv
2025;7.0;SIH;Média permanência;22 Piauí;5,1;sih_cnv_qiuf092242187_34_144_54.csv
2025;7.0;SIH;Média permanência;23 Ceará;5,7;sih_cnv_qiuf092242187_34_144_54.csv
2025;7.0;SIH;Média permanência;24 Rio Grande do Norte;4,6;sih_cnv_qiuf092242187_34_144_54.csv
2025;7.0;SIH;Média permanência;25 Paraíba;5,4;sih_cnv_qiuf092242187_34_144_54.csv
2025;7.0;SIH;Média permanência;26 Pernambuco;5,1;sih_cnv_qiuf092242187_34_144_54.csv
2025;7.0;SIH;Média permanência;27 Alagoas;5,8;sih_cnv_qiuf092242187_34_144_54.csv
2025;7.0;SIH;Média permanência;28 Sergipe;5,8;sih_cnv_qiuf092242187_34_144_54.csv
2025;7.0;SIH;Média permanência;29 Bahia;4,7;sih_cnv_qiuf092242187_34_144_54.csv
2025;7.0;SIH;Média permanência;31 Minas Gerais;4,7;sih_cnv_qiuf092242187_34_144_54.csv
2025;7.0;SIH;Média permanência;32 Espírito Santo;4,7;sih_cnv_qiuf092242187_34_144_54.csv
2025;7.0;SIH;Média permanência;33 Rio de Janeiro;5,9;sih_cnv_qiuf092242187_34_144_54.csv
2025;7.0;SIH;Média permanência;35 São Paulo;5,2;sih_cnv_qiuf092242187_34_144_54.csv
2025;7.0;SIH;Média permanência;41 Paraná;4,1;sih_cnv_qiuf092242187_34_144_54.csv
2025;7.0;SIH;Média permanência;42 Santa Catarina;4,2;sih_cnv_qiuf092242187_34_144_54.csv
2025;7.0;SIH;Média permanência;43 Rio Grande do Sul;5,8;sih_cnv_qiuf092242187_34_144_54.csv
2025;7.0;SIH;Média permanência;50 Mato Grosso do Sul;4,7;sih_cnv_qiuf092242187_34_144_54.csv
2025;7.0;SIH;Média permanência;51 Mato Grosso;4,4;sih_cnv_qiuf092242187_34_144_54.csv
2025;7.0;SIH;Média permanência;52 Goiás;4,7;sih_cnv_qiuf092242187_34_144_54.csv
2025;7.0;SIH;Média permanência;53 Distrito Federal;5,7;sih_cnv_qiuf092242187_34_144_54.csv
2025;6.0;SIH;Internações;11 Rondônia;11235,0;sih_cnv_qiuf104909187_34_144_54.csv
2025;6.0;SIH;Internações;12 Acre;5972,0;sih_cnv_qiuf104909187_34_144_54.csv
2025;6.0;SIH;Internações;13 Amazonas;22515,0;sih_cnv_qiuf104909187_34_144_54.csv
2025;6.0;SIH;Internações;14 Roraima;2935,0;sih_cnv_qiuf104909187_34_144_54.csv
2025;6.0;SIH;Internações;15 Pará;48859,0;sih_cnv_qiuf104909187_34_144_54.csv
2025;6.0;SIH;Internações;16 Amapá;5312,0;sih_cnv_qiuf104909187_34_144_54.csv
2025;6.0;SIH;Internações;17 Tocantins;9711,0;sih_cnv_qiuf104909187_34_144_54.csv
2025;6.0;SIH;Internações;21 Maranhão;43754,0;sih_cnv_qiuf104909187_34_144_54.csv
2025;6.0;SIH;Internações;22 Piauí;19176,0;sih_cnv_qiuf104909187_34_144_54.csv
2025;6.0;SIH;Internações;23 Ceará;49979,0;sih_cnv_qiuf104909187_34_144_54.csv
2025;6.0;SIH;Internações;24 Rio Grande do Norte;19217,0;sih_cnv_qiuf104909187_34_144_54.csv
2025;6.0;SIH;Internações;25 Paraíba;22110,0;sih_cnv_qiuf104909187_34_144_54.csv
2025;6.0;SIH;Internações;26 Pernambuco;54899,0;sih_cnv_qiuf104909187_34_144_54.csv
2025;6.0;SIH;Internações;27 Alagoas;13397,0;sih_cnv_qiuf104909187_34_144_54.csv
2025;6.0;SIH;Internações;28 Sergipe;9351,0;sih_cnv_qiuf104909187_34_144_54.csv
2025;6.0;SIH;Internações;29 Bahia;78751,0;sih_cnv_qiuf104909187_34_144_54.csv
2025;6.0;SIH;Internações;31 Minas Gerais;135730,0;sih_cnv_qiuf104909187_34_144_54.csv
2025;6.0;SIH;Internações;32 Espírito Santo;27998,0;sih_cnv_qiuf104909187_34_144_54.csv
2025;6.0;SIH;Internações;33 Rio de Janeiro;77401,0;sih_cnv_qiuf104909187_34_144_54.csv
2025;6.0;SIH;Internações;35 São Paulo;240714,0;sih_cnv_qiuf104909187_34_144_54.csv
2025;6.0;SIH;Internações;41 Paraná;92659,0;sih_cnv_qiuf104909187_34_144_54.csv
2025;6.0;SIH;Internações;42 Santa Catarina;57240,0;sih_cnv_qiuf104909187_34_144_54.csv
2025;6.0;SIH;Internações;43 Rio Grande do Sul;71256,0;sih_cnv_qiuf104909187_34_144_54.csv
2025;6.0;SIH;Internações;50 Mato Grosso do Sul;17540,0;sih_cnv_qiuf104909187_34_144_54.csv
2025;6.0;SIH;Internações;51 Mato Grosso;23146,0;sih_cnv_qiuf104909187_34_144_54.csv
2025;6.0;SIH;Internações;52 Goiás;38680,0;sih_cnv_qiuf104909187_34_144_54.csv
2025;6.0;SIH;Internações;53 Distrito Federal;21036,0;sih_cnv_qiuf104909187_34_144_54.csv
2025;6.0;SIH;Valor total;11 Rondônia;12193265,96;sih_cnv_qiuf105932187_34_144_54.csv
2025;6.0;SIH;Valor total;12 Acre;6043514,12;sih_cnv_qiuf105932187_34_144_54.csv
2025;6.0;SIH;Valor total;13 Amazonas;25835288,83;sih_cnv_qiuf105932187_34_144_54.csv
2025;6.0;SIH;Valor total;14 Roraima;3756101,67;sih_cnv_qiuf105932187_34_144_54.csv
2025;6.0;SIH;Valor total;15 Pará;59869286,45;sih_cnv_qiuf105932187_34_144_54.csv
2025;6.0;SIH;Valor total;16 Amapá;4503337,18;sih_cnv_qiuf105932187_34_144_54.csv
2025;6.0;SIH;Valor total;17 Tocantins;12412307,43;sih_cnv_qiuf105932187_34_144_54.csv
2025;6.0;SIH;Valor total;21 Maranhão;48402591,35;sih_cnv_qiuf105932187_34_144_54.csv
2025;6.0;SIH;Valor total;22 Piauí;25544720,5;sih_cnv_qiuf105932187_34_144_54.csv
2025;6.0;SIH;Valor total;23 Ceará;75301710,05;sih_cnv_qiuf105932187_34_144_54.csv
2025;6.0;SIH;Valor total;24 Rio Grande do Norte;36718938,41;sih_cnv_qiuf105932187_34_144_54.csv
2025;6.0;SIH;Valor total;25 Paraíba;45676228,16;sih_cnv_qiuf105932187_34_144_54.csv
2025;6.0;SIH;Valor total;26 Pernambuco;94094432,24;sih_cnv_qiuf105932187_34_144_54.csv
2025;6.0;SIH;Valor total;27 Alagoas;21575630,41;sih_cnv_qiuf105932187_34_144_54.csv
2025;6.0;SIH;Valor total;28 Sergipe;16399331,55;sih_cnv_qiuf105932187_34_144_54.csv
2025;6.0;SIH;Valor total;29 Bahia;113797772,32;sih_cnv_qiuf105932187_34_144_54.csv
2025;6.0;SIH;Valor total;31 Minas Gerais;267523171,66;sih_cnv_qiuf105932187_34_144_54.csv
2025;6.0;SIH;Valor total;32 Espírito Santo;47757257,39;sih_cnv_qiuf105932187_34_144_54.csv
2025;6.0;SIH;Valor total;33 Rio de Janeiro;147127957,85;sih_cnv_qiuf105932187_34_144_54.csv
2025;6.0;SIH;Valor total;35 São Paulo;461722031,72;sih_cnv_qiuf105932187_34_144_54.csv
2025;6.0;SIH;Valor total;41 Paraná;193828920,36;sih_cnv_qiuf105932187_34_144_54.csv
2025;6.0;SIH;Valor total;42 Santa Catarina;128174200,97;sih_cnv_qiuf105932187_34_144_54.csv
2025;6.0;SIH;Valor total;43 Rio Grande do Sul;135806933,15;sih_cnv_qiuf105932187_34_144_54.csv
2025;6.0;SIH;Valor total;50 Mato Grosso do Sul;28438287,97;sih_cnv_qiuf105932187_34_144_54.csv
2025;6.0;SIH;Valor total;51 Mato Grosso;30879167,5;sih_cnv_qiuf105932187_34_144_54.csv
2025;6.0;SIH;Valor total;52 Goiás;61096233,28;sih_cnv_qiuf105932187_34_144_54.csv
2025;6.0;SIH;Valor total;53 Distrito Federal;33972979,19;sih_cnv_qiuf105932187_34_144_54.csv
2025;6.0;SIH;Dias permanência;11 Rondônia;57486,0;sih_cnv_qiuf105947187_34_144_54.csv
2025;6.0;SIH;Dias permanência;12 Acre;28832,0;sih_cnv_qiuf105947187_34_144_54.csv
2025;6.0;SIH;Dias permanência;13 Amazonas;107154,0;sih_cnv_qiuf105947187_34_144_54.csv
2025;6.0;SIH;Dias permanência;14 Roraima;21713,0;sih_cnv_qiuf105947187_34_144_54.csv
2025;6.0;SIH;Dias permanência;15 Pará;214054,0;sih_cnv_qiuf105947187_34_144_54.csv
2025;6.0;SIH;Dias permanência;16 Amapá;25939,0;sih_cnv_qiuf105947187_34_144_54.csv
2025;6.0;SIH;Dias permanência;17 Tocantins;47160,0;sih_cnv_qiuf105947187_34_144_54.csv
2025;6.0;SIH;Dias permanência;21 Maranhão;221247,0;sih_cnv_qiuf105947187_34_144_54.csv
2025;6.0;SIH;Dias permanência;22 Piauí;97801,0;sih_cnv_qiuf105947187_34_144_54.csv
2025;6.0;SIH;Dias permanência;23 Ceará;282693,0;sih_cnv_qiuf105947187_34_144_54.csv
2025;6.0;SIH;Dias permanência;24 Rio Grande do Norte;89399,0;sih_cnv_qiuf105947187_34_144_54.csv
2025;6.0;SIH;Dias permanência;25 Paraíba;118778,0;sih_cnv_qiuf105947187_34_144_54.csv
2025;6.0;SIH;Dias permanência;26 Pernambuco;275959,0;sih_cnv_qiuf105947187_34_144_54.csv
2025;6.0;SIH;Dias permanência;27 Alagoas;75221,0;sih_cnv_qiuf105947187_34_144_54.csv
2025;6.0;SIH;Dias permanência;28 Sergipe;51881,0;sih_cnv_qiuf105947187_34_144_54.csv
2025;6.0;SIH;Dias permanência;29 Bahia;377378,0;sih_cnv_qiuf105947187_34_144_54.csv
2025;6.0;SIH;Dias permanência;31 Minas Gerais;643859,0;sih_cnv_qiuf105947187_34_144_54.csv
2025;6.0;SIH;Dias permanência;32 Espírito Santo;133988,0;sih_cnv_qiuf105947187_34_144_54.csv
2025;6.0;SIH;Dias permanência;33 Rio de Janeiro;462441,0;sih_cnv_qiuf105947187_34_144_54.csv
2025;6.0;SIH;Dias permanência;35 São Paulo;1235481,0;sih_cnv_qiuf105947187_34_144_54.csv
2025;6.0;SIH;Dias permanência;41 Paraná;377068,0;sih_cnv_qiuf105947187_34_144_54.csv
2025;6.0;SIH;Dias permanência;42 Santa Catarina;237449,0;sih_cnv_qiuf105947187_34_144_54.csv
2025;6.0;SIH;Dias permanência;43 Rio Grande do Sul;416229,0;sih_cnv_qiuf105947187_34_144_54.csv
2025;6.0;SIH;Dias permanência;50 Mato Grosso do Sul;82732,0;sih_cnv_qiuf105947187_34_144_54.csv
2025;6.0;SIH;Dias permanência;51 Mato Grosso;106494,0;sih_cnv_qiuf105947187_34_144_54.csv
2025;6.0;SIH;Dias permanência;52 Goiás;175409,0;sih_cnv_qiuf105947187_34_144_54.csv
2025;6.0;SIH;Dias permanência;53 Distrito Federal;119646,0;sih_cnv_qiuf105947187_34_144_54.csv
2025;6.0;SIH;Média permanência;11 Rondônia;5,1;sih_cnv_qiuf111308187_34_144_54.csv
2025;6.0;SIH;Média permanência;12 Acre;4,8;sih_cnv_qiuf111308187_34_144_54.csv
2025;6.0;SIH;Média permanência;13 Amazonas;4,8;sih_cnv_qiuf111308187_34_144_54.csv
2025;6.0;SIH;Média permanência;14 Roraima;7,4;sih_cnv_qiuf111308187_34_144_54.csv
2025;6.0;SIH;Média permanência;15 Pará;4,4;sih_cnv_qiuf111308187_34_144_54.csv
2025;6.0;SIH;Média permanência;16 Amapá;4,9;sih_cnv_qiuf111308187_34_144_54.csv
2025;6.0;SIH;Média permanência;17 Tocantins;4,9;sih_cnv_qiuf111308187_34_144_54.csv
2025;6.0;SIH;Média permanência;21 Maranhão;5,1;sih_cnv_qiuf111308187_34_144_54.csv
2025;6.0;SIH;Média permanência;22 Piauí;5,1;sih_cnv_qiuf111308187_34_144_54.csv
2025;6.0;SIH;Média permanência;23 Ceará;5,7;sih_cnv_qiuf111308187_34_144_54.csv
2025;6.0;SIH;Média permanência;24 Rio Grande do Norte;4,7;sih_cnv_qiuf111308187_34_144_54.csv
2025;6.0;SIH;Média permanência;25 Paraíba;5,4;sih_cnv_qiuf111308187_34_144_54.csv
2025;6.0;SIH;Média permanência;26 Pernambuco;5,0;sih_cnv_qiuf111308187_34_144_54.csv
2025;6.0;SIH;Média permanência;27 Alagoas;5,6;sih_cnv_qiuf111308187_34_144_54.csv
2025;6.0;SIH;Média permanência;28 Sergipe;5,5;sih_cnv_qiuf111308187_34_144_54.csv
2025;6.0;SIH;Média permanência;29 Bahia;4,8;sih_cnv_qiuf111308187_34_144_54.csv
2025;6.0;SIH;Média permanência;31 Minas Gerais;4,7;sih_cnv_qiuf111308187_34_144_54.csv
2025;6.0;SIH;Média permanência;32 Espírito Santo;4,8;sih_cnv_qiuf111308187_34_144_54.csv
2025;6.0;SIH;Média permanência;33 Rio de Janeiro;6,0;sih_cnv_qiuf111308187_34_144_54.csv
2025;6.0;SIH;Média permanência;35 São Paulo;5,1;sih_cnv_qiuf111308187_34_144_54.csv
2025;6.0;SIH;Média permanência;41 Paraná;4,1;sih_cnv_qiuf111308187_34_144_54.csv
2025;6.0;SIH;Média permanência;42 Santa Catarina;4,1;sih_cnv_qiuf111308187_34_144_54.csv
2025;6.0;SIH;Média permanência;43 Rio Grande do Sul;5,8;sih_cnv_qiuf111308187_34_144_54.csv
2025;6.0;SIH;Média permanência;50 Mato Grosso do Sul;4,7;sih_cnv_qiuf111308187_34_144_54.csv
2025;6.0;SIH;Média permanência;51 Mato Grosso;4,6;sih_cnv_qiuf111308187_34_144_54.csv
2025;6.0;SIH;Média permanência;52 Goiás;4,5;sih_cnv_qiuf111308187_34_144_54.csv
2025;6.0;SIH;Média permanência;53 Distrito Federal;5,7;sih_cnv_qiuf111308187_34_144_54.csv
2025;5.0;SIH;Internações;11 Rondônia;11824,0;sih_cnv_qiuf155257187_34_144_54.csv
2025;5.0;SIH;Internações;12 Acre;5576,0;sih_cnv_qiuf155257187_34_144_54.csv
2025;5.0;SIH;Internações;13 Amazonas;20167,0;sih_cnv_qiuf155257187_34_144_54.csv
2025;5.0;SIH;Internações;14 Roraima;2898,0;sih_cnv_qiuf155257187_34_144_54.csv
2025;5.0;SIH;Internações;15 Pará;49149,0;sih_cnv_qiuf155257187_34_144_54.csv
2025;5.0;SIH;Internações;16 Amapá;5246,0;sih_cnv_qiuf155257187_34_144_54.csv
2025;5.0;SIH;Internações;17 Tocantins;9526,0;sih_cnv_qiuf155257187_34_144_54.csv
2025;5.0;SIH;Internações;21 Maranhão;44091,0;sih_cnv_qiuf155257187_34_144_54.csv
2025;5.0;SIH;Internações;22 Piauí;19084,0;sih_cnv_qiuf155257187_34_144_54.csv
2025;5.0;SIH;Internações;23 Ceará;53851,0;sih_cnv_qiuf155257187_34_144_54.csv
2025;5.0;SIH;Internações;24 Rio Grande do Norte;20227,0;sih_cnv_qiuf155257187_34_144_54.csv
2025;5.0;SIH;Internações;25 Paraíba;22056,0;sih_cnv_qiuf155257187_34_144_54.csv
2025;5.0;SIH;Internações;26 Pernambuco;58662,0;sih_cnv_qiuf155257187_34_144_54.csv
2025;5.0;SIH;Internações;27 Alagoas;15040,0;sih_cnv_qiuf155257187_34_144_54.csv
2025;5.0;SIH;Internações;28 Sergipe;10531,0;sih_cnv_qiuf155257187_34_144_54.csv
2025;5.0;SIH;Internações;29 Bahia;82459,0;sih_cnv_qiuf155257187_34_144_54.csv
2025;5.0;SIH;Internações;31 Minas Gerais;138885,0;sih_cnv_qiuf155257187_34_144_54.csv
2025;5.0;SIH;Internações;32 Espírito Santo;29571,0;sih_cnv_qiuf155257187_34_144_54.csv
2025;5.0;SIH;Internações;33 Rio de Janeiro;77976,0;sih_cnv_qiuf155257187_34_144_54.csv
2025;5.0;SIH;Internações;35 São Paulo;254595,0;sih_cnv_qiuf155257187_34_144_54.csv
2025;5.0;SIH;Internações;41 Paraná;91961,0;sih_cnv_qiuf155257187_34_144_54.csv
2025;5.0;SIH;Internações;42 Santa Catarina;60351,0;sih_cnv_qiuf155257187_34_144_54.csv
2025;5.0;SIH;Internações;43 Rio Grande do Sul;72951,0;sih_cnv_qiuf155257187_34_144_54.csv
2025;5.0;SIH;Internações;50 Mato Grosso do Sul;18621,0;sih_cnv_qiuf155257187_34_144_54.csv
2025;5.0;SIH;Internações;51 Mato Grosso;22906,0;sih_cnv_qiuf155257187_34_144_54.csv
2025;5.0;SIH;Internações;52 Goiás;40773,0;sih_cnv_qiuf155257187_34_144_54.csv
2025;5.0;SIH;Internações;53 Distrito Federal;21820,0;sih_cnv_qiuf155257187_34_144_54.csv
2025;5.0;SIH;Valor total;11 Rondônia;13811958,24;sih_cnv_qiuf161211187_34_144_54.csv
2025;5.0;SIH;Valor total;12 Acre;6046541,01;sih_cnv_qiuf161211187_34_144_54.csv
2025;5.0;SIH;Valor total;13 Amazonas;22637220,69;sih_cnv_qiuf161211187_34_144_54.csv
2025;5.0;SIH;Valor total;14 Roraima;3512010,25;sih_cnv_qiuf161211187_34_144_54.csv
2025;5.0;SIH;Valor total;15 Pará;59203836,9;sih_cnv_qiuf161211187_34_144_54.csv
2025;5.0;SIH;Valor total;16 Amapá;4463067,07;sih_cnv_qiuf161211187_34_144_54.csv
2025;5.0;SIH;Valor total;17 Tocantins;11930179,3;sih_cnv_qiuf161211187_34_144_54.csv
2025;5.0;SIH;Valor total;21 Maranhão;49110520,85;sih_cnv_qiuf161211187_34_144_54.csv
2025;5.0;SIH;Valor total;22 Piauí;24868477,7;sih_cnv_qiuf161211187_34_144_54.csv
2025;5.0;SIH;Valor total;23 Ceará;79131816,66;sih_cnv_qiuf161211187_34_144_54.csv
2025;5.0;SIH;Valor total;24 Rio Grande do Norte;38861979,68;sih_cnv_qiuf161211187_34_144_54.csv
2025;5.0;SIH;Valor total;25 Paraíba;43130154,69;sih_cnv_qiuf161211187_34_144_54.csv
2025;5.0;SIH;Valor total;26 Pernambuco;103702482,24;sih_cnv_qiuf161211187_34_144_54.csv
2025;5.0;SIH;Valor total;27 Alagoas;23899674,83;sih_cnv_qiuf161211187_34_144_54.csv
2025;5.0;SIH;Valor total;28 Sergipe;18868382,17;sih_cnv_qiuf161211187_34_144_54.csv
2025;5.0;SIH;Valor total;29 Bahia;114953196,74;sih_cnv_qiuf161211187_34_144_54.csv
2025;5.0;SIH;Valor total;31 Minas Gerais;283920387,99;sih_cnv_qiuf161211187_34_144_54.csv
2025;5.0;SIH;Valor total;32 Espírito Santo;51551812,55;sih_cnv_qiuf161211187_34_144_54.csv
2025;5.0;SIH;Valor total;33 Rio de Janeiro;145584777,85;sih_cnv_qiuf161211187_34_144_54.csv
2025;5.0;SIH;Valor total;35 São Paulo;482058358,6;sih_cnv_qiuf161211187_34_144_54.csv
2025;5.0;SIH;Valor total;41 Paraná;184451111,96;sih_cnv_qiuf161211187_34_144_54.csv
2025;5.0;SIH;Valor total;42 Santa Catarina;132094587,59;sih_cnv_qiuf161211187_34_144_54.csv
2025;5.0;SIH;Valor total;43 Rio Grande do Sul;142196181,97;sih_cnv_qiuf161211187_34_144_54.csv
2025;5.0;SIH;Valor total;50 Mato Grosso do Sul;30018066,64;sih_cnv_qiuf161211187_34_144_54.csv
2025;5.0;SIH;Valor total;51 Mato Grosso;29329259,5;sih_cnv_qiuf161211187_34_144_54.csv
2025;5.0;SIH;Valor total;52 Goiás;61629635,36;sih_cnv_qiuf161211187_34_144_54.csv
2025;5.0;SIH;Valor total;53 Distrito Federal;37226435,58;sih_cnv_qiuf161211187_34_144_54.csv
2025;5.0;SIH;Dias permanência;11 Rondônia;57392,0;sih_cnv_qiuf161713187_34_144_54.csv
2025;5.0;SIH;Dias permanência;12 Acre;25666,0;sih_cnv_qiuf161713187_34_144_54.csv
2025;5.0;SIH;Dias permanência;13 Amazonas;91101,0;sih_cnv_qiuf161713187_34_144_54.csv
2025;5.0;SIH;Dias permanência;14 Roraima;19826,0;sih_cnv_qiuf161713187_34_144_54.csv
2025;5.0;SIH;Dias permanência;15 Pará;216710,0;sih_cnv_qiuf161713187_34_144_54.csv
2025;5.0;SIH;Dias permanência;16 Amapá;24343,0;sih_cnv_qiuf161713187_34_144_54.csv
2025;5.0;SIH;Dias permanência;17 Tocantins;46378,0;sih_cnv_qiuf161713187_34_144_54.csv
2025;5.0;SIH;Dias permanência;21 Maranhão;223759,0;sih_cnv_qiuf161713187_34_144_54.csv
2025;5.0;SIH;Dias permanência;22 Piauí;99055,0;sih_cnv_qiuf161713187_34_144_54.csv
2025;5.0;SIH;Dias permanência;23 Ceará;313291,0;sih_cnv_qiuf161713187_34_144_54.csv
2025;5.0;SIH;Dias permanência;24 Rio Grande do Norte;95162,0;sih_cnv_qiuf161713187_34_144_54.csv
2025;5.0;SIH;Dias permanência;25 Paraíba;117311,0;sih_cnv_qiuf161713187_34_144_54.csv
2025;5.0;SIH;Dias permanência;26 Pernambuco;293642,0;sih_cnv_qiuf161713187_34_144_54.csv
2025;5.0;SIH;Dias permanência;27 Alagoas;84830,0;sih_cnv_qiuf161713187_34_144_54.csv
2025;5.0;SIH;Dias permanência;28 Sergipe;56713,0;sih_cnv_qiuf161713187_34_144_54.csv
2025;5.0;SIH;Dias permanência;29 Bahia;382847,0;sih_cnv_qiuf161713187_34_144_54.csv
2025;5.0;SIH;Dias permanência;31 Minas Gerais;644729,0;sih_cnv_qiuf161713187_34_144_54.csv
2025;5.0;SIH;Dias permanência;32 Espírito Santo;144075,0;sih_cnv_qiuf161713187_34_144_54.csv
2025;5.0;SIH;Dias permanência;33 Rio de Janeiro;466406,0;sih_cnv_qiuf161713187_34_144_54.csv
2025;5.0;SIH;Dias permanência;35 São Paulo;1298027,0;sih_cnv_qiuf161713187_34_144_54.csv
2025;5.0;SIH;Dias permanência;41 Paraná;367513,0;sih_cnv_qiuf161713187_34_144_54.csv
2025;5.0;SIH;Dias permanência;42 Santa Catarina;245691,0;sih_cnv_qiuf161713187_34_144_54.csv
2025;5.0;SIH;Dias permanência;43 Rio Grande do Sul;434133,0;sih_cnv_qiuf161713187_34_144_54.csv
2025;5.0;SIH;Dias permanência;50 Mato Grosso do Sul;86090,0;sih_cnv_qiuf161713187_34_144_54.csv
2025;5.0;SIH;Dias permanência;51 Mato Grosso;99711,0;sih_cnv_qiuf161713187_34_144_54.csv
2025;5.0;SIH;Dias permanência;52 Goiás;188415,0;sih_cnv_qiuf161713187_34_144_54.csv
2025;5.0;SIH;Dias permanência;53 Distrito Federal;122936,0;sih_cnv_qiuf161713187_34_144_54.csv
2025;5.0;SIH;Média permanência;11 Rondônia;4,9;sih_cnv_qiuf162247187_34_144_54.csv
2025;5.0;SIH;Média permanência;12 Acre;4,6;sih_cnv_qiuf162247187_34_144_54.csv
2025;5.0;SIH;Média permanência;13 Amazonas;4,5;sih_cnv_qiuf162247187_34_144_54.csv
2025;5.0;SIH;Média permanência;14 Roraima;6,8;sih_cnv_qiuf162247187_34_144_54.csv
2025;5.0;SIH;Média permanência;15 Pará;4,4;sih_cnv_qiuf162247187_34_144_54.csv
2025;5.0;SIH;Média permanência;16 Amapá;4,6;sih_cnv_qiuf162247187_34_144_54.csv
2025;5.0;SIH;Média permanência;17 Tocantins;4,9;sih_cnv_qiuf162247187_34_144_54.csv
2025;5.0;SIH;Média permanência;21 Maranhão;5,1;sih_cnv_qiuf162247187_34_144_54.csv
2025;5.0;SIH;Média permanência;22 Piauí;5,2;sih_cnv_qiuf162247187_34_144_54.csv
2025;5.0;SIH;Média permanência;23 Ceará;5,8;sih_cnv_qiuf162247187_34_144_54.csv
2025;5.0;SIH;Média permanência;24 Rio Grande do Norte;4,7;sih_cnv_qiuf162247187_34_144_54.csv
2025;5.0;SIH;Média permanência;25 Paraíba;5,3;sih_cnv_qiuf162247187_34_144_54.csv
2025;5.0;SIH;Média permanência;26 Pernambuco;5,0;sih_cnv_qiuf162247187_34_144_54.csv
2025;5.0;SIH;Média permanência;27 Alagoas;5,6;sih_cnv_qiuf162247187_34_144_54.csv
2025;5.0;SIH;Média permanência;28 Sergipe;5,4;sih_cnv_qiuf162247187_34_144_54.csv
2025;5.0;SIH;Média permanência;29 Bahia;4,6;sih_cnv_qiuf162247187_34_144_54.csv
2025;5.0;SIH;Média permanência;31 Minas Gerais;4,6;sih_cnv_qiuf162247187_34_144_54.csv
2025;5.0;SIH;Média permanência;32 Espírito Santo;4,9;sih_cnv_qiuf162247187_34_144_54.csv
2025;5.0;SIH;Média permanência;33 Rio de Janeiro;6,0;sih_cnv_qiuf162247187_34_144_54.csv
2025;5.0;SIH;Média permanência;35 São Paulo;5,1;sih_cnv_qiuf162247187_34_144_54.csv
2025;5.0;SIH;Média permanência;41 Paraná;4,0;sih_cnv_qiuf162247187_34_144_54.csv
2025;5.0;SIH;Média permanência;42 Santa Catarina;4,1;sih_cnv_qiuf162247187_34_144_54.csv
2025;5.0;SIH;Média permanência;43 Rio Grande do Sul;6,0;sih_cnv_qiuf162247187_34_144_54.csv
2025;5.0;SIH;Média permanência;50 Mato Grosso do Sul;4,6;sih_cnv_qiuf162247187_34_144_54.csv
2025;5.0;SIH;Média permanência;51 Mato Grosso;4,4;sih_cnv_qiuf162247187_34_144_54.csv
2025;5.0;SIH;Média permanência;52 Goiás;4,6;sih_cnv_qiuf162247187_34_144_54.csv
2025;5.0;SIH;Média permanência;53 Distrito Federal;5,6;sih_cnv_qiuf162247187_34_144_54.csv
2025;3.0;SIH;Internações;11 Rondônia;10762,0;sih_cnv_qiuf171209187_34_144_54.csv
2025;3.0;SIH;Internações;12 Acre;5346,0;sih_cnv_qiuf171209187_34_144_54.csv
2025;3.0;SIH;Internações;13 Amazonas;19892,0;sih_cnv_qiuf171209187_34_144_54.csv
2025;3.0;SIH;Internações;14 Roraima;3459,0;sih_cnv_qiuf171209187_34_144_54.csv
2025;3.0;SIH;Internações;15 Pará;47078,0;sih_cnv_qiuf171209187_34_144_54.csv
2025;3.0;SIH;Internações;16 Amapá;5009,0;sih_cnv_qiuf171209187_34_144_54.csv
2025;3.0;SIH;Internações;17 Tocantins;9144,0;sih_cnv_qiuf171209187_34_144_54.csv
2025;3.0;SIH;Internações;21 Maranhão;40977,0;sih_cnv_qiuf171209187_34_144_54.csv
2025;3.0;SIH;Internações;22 Piauí;18339,0;sih_cnv_qiuf171209187_34_144_54.csv
2025;3.0;SIH;Internações;23 Ceará;47751,0;sih_cnv_qiuf171209187_34_144_54.csv
2025;3.0;SIH;Internações;24 Rio Grande do Norte;18521,0;sih_cnv_qiuf171209187_34_144_54.csv
2025;3.0;SIH;Internações;25 Paraíba;21298,0;sih_cnv_qiuf171209187_34_144_54.csv
2025;3.0;SIH;Internações;26 Pernambuco;53532,0;sih_cnv_qiuf171209187_34_144_54.csv
2025;3.0;SIH;Internações;27 Alagoas;14106,0;sih_cnv_qiuf171209187_34_144_54.csv
2025;3.0;SIH;Internações;28 Sergipe;10367,0;sih_cnv_qiuf171209187_34_144_54.csv
2025;3.0;SIH;Internações;29 Bahia;78164,0;sih_cnv_qiuf171209187_34_144_54.csv
2025;3.0;SIH;Internações;31 Minas Gerais;127206,0;sih_cnv_qiuf171209187_34_144_54.csv
2025;3.0;SIH;Internações;32 Espírito Santo;27083,0;sih_cnv_qiuf171209187_34_144_54.csv
2025;3.0;SIH;Internações;33 Rio de Janeiro;73144,0;sih_cnv_qiuf171209187_34_144_54.csv
2025;3.0;SIH;Internações;35 São Paulo;241402,0;sih_cnv_qiuf171209187_34_144_54.csv
2025;3.0;SIH;Internações;41 Paraná;86717,0;sih_cnv_qiuf171209187_34_144_54.csv
2025;3.0;SIH;Internações;42 Santa Catarina;54853,0;sih_cnv_qiuf171209187_34_144_54.csv
2025;3.0;SIH;Internações;43 Rio Grande do Sul;68489,0;sih_cnv_qiuf171209187_34_144_54.csv
2025;3.0;SIH;Internações;50 Mato Grosso do Sul;17628,0;sih_cnv_qiuf171209187_34_144_54.csv
2025;3.0;SIH;Internações;51 Mato Grosso;23144,0;sih_cnv_qiuf171209187_34_144_54.csv
2025;3.0;SIH;Internações;52 Goiás;39388,0;sih_cnv_qiuf171209187_34_144_54.csv
2025;3.0;SIH;Internações;53 Distrito Federal;20986,0;sih_cnv_qiuf171209187_34_144_54.csv
2025;3.0;SIH;Valor total;11 Rondônia;11987991,39;sih_cnv_qiuf171225187_34_144_54.csv
2025;3.0;SIH;Valor total;12 Acre;5349566,99;sih_cnv_qiuf171225187_34_144_54.csv
2025;3.0;SIH;Valor total;13 Amazonas;23057358,5;sih_cnv_qiuf171225187_34_144_54.csv
2025;3.0;SIH;Valor total;14 Roraima;4084049,14;sih_cnv_qiuf171225187_34_144_54.csv
2025;3.0;SIH;Valor total;15 Pará;56875696,28;sih_cnv_qiuf171225187_34_144_54.csv
2025;3.0;SIH;Valor total;16 Amapá;4194271,39;sih_cnv_qiuf171225187_34_144_54.csv
2025;3.0;SIH;Valor total;17 Tocantins;11435487,12;sih_cnv_qiuf171225187_34_144_54.csv
2025;3.0;SIH;Valor total;21 Maranhão;45971555,33;sih_cnv_qiuf171225187_34_144_54.csv
2025;3.0;SIH;Valor total;22 Piauí;23070895,04;sih_cnv_qiuf171225187_34_144_54.csv
2025;3.0;SIH;Valor total;23 Ceará;73735024,42;sih_cnv_qiuf171225187_34_144_54.csv
2025;3.0;SIH;Valor total;24 Rio Grande do Norte;35960864,25;sih_cnv_qiuf171225187_34_144_54.csv
2025;3.0;SIH;Valor total;25 Paraíba;42622110,1;sih_cnv_qiuf171225187_34_144_54.csv
2025;3.0;SIH;Valor total;26 Pernambuco;95115610,27;sih_cnv_qiuf171225187_34_144_54.csv
2025;3.0;SIH;Valor total;27 Alagoas;23522619,11;sih_cnv_qiuf171225187_34_144_54.csv
2025;3.0;SIH;Valor total;28 Sergipe;17380762,19;sih_cnv_qiuf171225187_34_144_54.csv
2025;3.0;SIH;Valor total;29 Bahia;108978780,55;sih_cnv_qiuf171225187_34_144_54.csv
2025;3.0;SIH;Valor total;31 Minas Gerais;241299566,87;sih_cnv_qiuf171225187_34_144_54.csv
2025;3.0;SIH;Valor total;32 Espírito Santo;47305485,54;sih_cnv_qiuf171225187_34_144_54.csv
2025;3.0;SIH;Valor total;33 Rio de Janeiro;133615088,79;sih_cnv_qiuf171225187_34_144_54.csv
2025;3.0;SIH;Valor total;35 São Paulo;437142349,49;sih_cnv_qiuf171225187_34_144_54.csv
2025;3.0;SIH;Valor total;41 Paraná;176038498,14;sih_cnv_qiuf171225187_34_144_54.csv
2025;3.0;SIH;Valor total;42 Santa Catarina;119770015,75;sih_cnv_qiuf171225187_34_144_54.csv
2025;3.0;SIH;Valor total;43 Rio Grande do Sul;126768377,82;sih_cnv_qiuf171225187_34_144_54.csv
2025;3.0;SIH;Valor total;50 Mato Grosso do Sul;26225107,96;sih_cnv_qiuf171225187_34_144_54.csv
2025;3.0;SIH;Valor total;51 Mato Grosso;30051322,93;sih_cnv_qiuf171225187_34_144_54.csv
2025;3.0;SIH;Valor total;52 Goiás;61672013,99;sih_cnv_qiuf171225187_34_144_54.csv
2025;3.0;SIH;Valor total;53 Distrito Federal;34470394,31;sih_cnv_qiuf171225187_34_144_54.csv
2025;3.0;SIH;Média permanência;11 Rondônia;4,8;sih_cnv_qiuf171521187_34_144_54.csv
2025;3.0;SIH;Média permanência;12 Acre;4,7;sih_cnv_qiuf171521187_34_144_54.csv
2025;3.0;SIH;Média permanência;13 Amazonas;4,8;sih_cnv_qiuf171521187_34_144_54.csv
2025;3.0;SIH;Média permanência;14 Roraima;6,4;sih_cnv_qiuf171521187_34_144_54.csv
2025;3.0;SIH;Média permanência;15 Pará;4,3;sih_cnv_qiuf171521187_34_144_54.csv
2025;3.0;SIH;Média permanência;16 Amapá;4,3;sih_cnv_qiuf171521187_34_144_54.csv
2025;3.0;SIH;Média permanência;17 Tocantins;5,1;sih_cnv_qiuf171521187_34_144_54.csv
2025;3.0;SIH;Média permanência;21 Maranhão;5,2;sih_cnv_qiuf171521187_34_144_54.csv
2025;3.0;SIH;Média permanência;22 Piauí;5,3;sih_cnv_qiuf171521187_34_144_54.csv
2025;3.0;SIH;Média permanência;23 Ceará;5,9;sih_cnv_qiuf171521187_34_144_54.csv
2025;3.0;SIH;Média permanência;24 Rio Grande do Norte;4,8;sih_cnv_qiuf171521187_34_144_54.csv
2025;3.0;SIH;Média permanência;25 Paraíba;5,2;sih_cnv_qiuf171521187_34_144_54.csv
2025;3.0;SIH;Média permanência;26 Pernambuco;5,2;sih_cnv_qiuf171521187_34_144_54.csv
2025;3.0;SIH;Média permanência;27 Alagoas;6,0;sih_cnv_qiuf171521187_34_144_54.csv
2025;3.0;SIH;Média permanência;28 Sergipe;5,5;sih_cnv_qiuf171521187_34_144_54.csv
2025;3.0;SIH;Média permanência;29 Bahia;4,7;sih_cnv_qiuf171521187_34_144_54.csv
2025;3.0;SIH;Média permanência;31 Minas Gerais;4,8;sih_cnv_qiuf171521187_34_144_54.csv
2025;3.0;SIH;Média permanência;32 Espírito Santo;5,0;sih_cnv_qiuf171521187_34_144_54.csv
2025;3.0;SIH;Média permanência;33 Rio de Janeiro;6,1;sih_cnv_qiuf171521187_34_144_54.csv
2025;3.0;SIH;Média permanência;35 São Paulo;5,1;sih_cnv_qiuf171521187_34_144_54.csv
2025;3.0;SIH;Média permanência;41 Paraná;4,1;sih_cnv_qiuf171521187_34_144_54.csv
2025;3.0;SIH;Média permanência;42 Santa Catarina;4,1;sih_cnv_qiuf171521187_34_144_54.csv
2025;3.0;SIH;Média permanência;43 Rio Grande do Sul;5,8;sih_cnv_qiuf171521187_34_144_54.csv
2025;3.0;SIH;Média permanência;50 Mato Grosso do Sul;4,5;sih_cnv_qiuf171521187_34_144_54.csv
2025;3.0;SIH;Média permanência;51 Mato Grosso;4,7;sih_cnv_qiuf171521187_34_144_54.csv
2025;3.0;SIH;Média permanência;52 Goiás;4,6;sih_cnv_qiuf171521187_34_144_54.csv
2025;3.0;SIH;Média permanência;53 Distrito Federal;5,6;sih_cnv_qiuf171521187_34_144_54.csv
2025;3.0;SIH;Dias permanência;11 Rondônia;51995,0;sih_cnv_qiuf171727187_34_144_54.csv
2025;3.0;SIH;Dias permanência;12 Acre;25325,0;sih_cnv_qiuf171727187_34_144_54.csv
2025;3.0;SIH;Dias permanência;13 Amazonas;95776,0;sih_cnv_qiuf171727187_34_144_54.csv
2025;3.0;SIH;Dias permanência;14 Roraima;22112,0;sih_cnv_qiuf171727187_34_144_54.csv
2025;3.0;SIH;Dias permanência;15 Pará;204502,0;sih_cnv_qiuf171727187_34_144_54.csv
2025;3.0;SIH;Dias permanência;16 Amapá;21706,0;sih_cnv_qiuf171727187_34_144_54.csv
2025;3.0;SIH;Dias permanência;17 Tocantins;46448,0;sih_cnv_qiuf171727187_34_144_54.csv
2025;3.0;SIH;Dias permanência;21 Maranhão;213641,0;sih_cnv_qiuf171727187_34_144_54.csv
2025;3.0;SIH;Dias permanência;22 Piauí;96517,0;sih_cnv_qiuf171727187_34_144_54.csv
2025;3.0;SIH;Dias permanência;23 Ceará;280027,0;sih_cnv_qiuf171727187_34_144_54.csv
2025;3.0;SIH;Dias permanência;24 Rio Grande do Norte;88784,0;sih_cnv_qiuf171727187_34_144_54.csv
2025;3.0;SIH;Dias permanência;25 Paraíba;111510,0;sih_cnv_qiuf171727187_34_144_54.csv
2025;3.0;SIH;Dias permanência;26 Pernambuco;276702,0;sih_cnv_qiuf171727187_34_144_54.csv
2025;3.0;SIH;Dias permanência;27 Alagoas;84802,0;sih_cnv_qiuf171727187_34_144_54.csv
2025;3.0;SIH;Dias permanência;28 Sergipe;57109,0;sih_cnv_qiuf171727187_34_144_54.csv
2025;3.0;SIH;Dias permanência;29 Bahia;368586,0;sih_cnv_qiuf171727187_34_144_54.csv
2025;3.0;SIH;Dias permanência;31 Minas Gerais;605141,0;sih_cnv_qiuf171727187_34_144_54.csv
2025;3.0;SIH;Dias permanência;32 Espírito Santo;134592,0;sih_cnv_qiuf171727187_34_144_54.csv
2025;3.0;SIH;Dias permanência;33 Rio de Janeiro;445159,0;sih_cnv_qiuf171727187_34_144_54.csv
2025;3.0;SIH;Dias permanência;35 São Paulo;1226936,0;sih_cnv_qiuf171727187_34_144_54.csv
2025;3.0;SIH;Dias permanência;41 Paraná;355819,0;sih_cnv_qiuf171727187_34_144_54.csv
2025;3.0;SIH;Dias permanência;42 Santa Catarina;224143,0;sih_cnv_qiuf171727187_34_144_54.csv
2025;3.0;SIH;Dias permanência;43 Rio Grande do Sul;395585,0;sih_cnv_qiuf171727187_34_144_54.csv
2025;3.0;SIH;Dias permanência;50 Mato Grosso do Sul;80044,0;sih_cnv_qiuf171727187_34_144_54.csv
2025;3.0;SIH;Dias permanência;51 Mato Grosso;108498,0;sih_cnv_qiuf171727187_34_144_54.csv
2025;3.0;SIH;Dias permanência;52 Goiás;180859,0;sih_cnv_qiuf171727187_34_144_54.csv
2025;3.0;SIH;Dias permanência;53 Distrito Federal;117016,0;sih_cnv_qiuf171727187_34_144_54.csv
2025;11.0;SIH;Internações;11 Rondônia;12159,0;sih_cnv_qiuf192955187_34_144_54.csv
2025;11.0;SIH;Internações;12 Acre;4604,0;sih_cnv_qiuf192955187_34_144_54.csv
2025;11.0;SIH;Internações;13 Amazonas;21821,0;sih_cnv_qiuf192955187_34_144_54.csv
2025;11.0;SIH;Internações;14 Roraima;2740,0;sih_cnv_qiuf192955187_34_144_54.csv
2025;11.0;SIH;Internações;15 Pará;48679,0;sih_cnv_qiuf192955187_34_144_54.csv
2025;11.0;SIH;Internações;16 Amapá;4195,0;sih_cnv_qiuf192955187_34_144_54.csv
2025;11.0;SIH;Internações;17 Tocantins;8338,0;sih_cnv_qiuf192955187_34_144_54.csv
2025;11.0;SIH;Internações;21 Maranhão;41621,0;sih_cnv_qiuf192955187_34_144_54.csv
2025;11.0;SIH;Internações;22 Piauí;18019,0;sih_cnv_qiuf192955187_34_144_54.csv
2025;11.0;SIH;Internações;23 Ceará;49379,0;sih_cnv_qiuf192955187_34_144_54.csv
2025;11.0;SIH;Internações;24 Rio Grande do Norte;18062,0;sih_cnv_qiuf192955187_34_144_54.csv
2025;11.0;SIH;Internações;25 Paraíba;20384,0;sih_cnv_qiuf192955187_34_144_54.csv
2025;11.0;SIH;Internações;26 Pernambuco;55041,0;sih_cnv_qiuf192955187_34_144_54.csv
2025;11.0;SIH;Internações;27 Alagoas;14415,0;sih_cnv_qiuf192955187_34_144_54.csv
2025;11.0;SIH;Internações;28 Sergipe;10306,0;sih_cnv_qiuf192955187_34_144_54.csv
2025;11.0;SIH;Internações;29 Bahia;79921,0;sih_cnv_qiuf192955187_34_144_54.csv
2025;11.0;SIH;Internações;31 Minas Gerais;129110,0;sih_cnv_qiuf192955187_34_144_54.csv
2025;11.0;SIH;Internações;32 Espírito Santo;25978,0;sih_cnv_qiuf192955187_34_144_54.csv
2025;11.0;SIH;Internações;33 Rio de Janeiro;76622,0;sih_cnv_qiuf192955187_34_144_54.csv
2025;11.0;SIH;Internações;35 São Paulo;235148,0;sih_cnv_qiuf192955187_34_144_54.csv
2025;11.0;SIH;Internações;41 Paraná;90416,0;sih_cnv_qiuf192955187_34_144_54.csv
2025;11.0;SIH;Internações;42 Santa Catarina;58436,0;sih_cnv_qiuf192955187_34_144_54.csv
2025;11.0;SIH;Internações;43 Rio Grande do Sul;73454,0;sih_cnv_qiuf192955187_34_144_54.csv
2025;11.0;SIH;Internações;50 Mato Grosso do Sul;16509,0;sih_cnv_qiuf192955187_34_144_54.csv
2025;11.0;SIH;Internações;51 Mato Grosso;21127,0;sih_cnv_qiuf192955187_34_144_54.csv
2025;11.0;SIH;Internações;52 Goiás;37365,0;sih_cnv_qiuf192955187_34_144_54.csv
2025;11.0;SIH;Internações;53 Distrito Federal;19739,0;sih_cnv_qiuf192955187_34_144_54.csv
2025;11.0;SIH;Valor total;11 Rondônia;14272355,77;sih_cnv_qiuf193002187_34_144_54.csv
2025;11.0;SIH;Valor total;12 Acre;5244415,61;sih_cnv_qiuf193002187_34_144_54.csv
2025;11.0;SIH;Valor total;13 Amazonas;31406263,22;sih_cnv_qiuf193002187_34_144_54.csv
2025;11.0;SIH;Valor total;14 Roraima;3973568,92;sih_cnv_qiuf193002187_34_144_54.csv
2025;11.0;SIH;Valor total;15 Pará;68593530,97;sih_cnv_qiuf193002187_34_144_54.csv
2025;11.0;SIH;Valor total;16 Amapá;4555039,93;sih_cnv_qiuf193002187_34_144_54.csv
2025;11.0;SIH;Valor total;17 Tocantins;10833613,75;sih_cnv_qiuf193002187_34_144_54.csv
2025;11.0;SIH;Valor total;21 Maranhão;46957517,33;sih_cnv_qiuf193002187_34_144_54.csv
2025;11.0;SIH;Valor total;22 Piauí;22887740,76;sih_cnv_qiuf193002187_34_144_54.csv
2025;11.0;SIH;Valor total;23 Ceará;86210264,62;sih_cnv_qiuf193002187_34_144_54.csv
2025;11.0;SIH;Valor total;24 Rio Grande do Norte;34656285,7;sih_cnv_qiuf193002187_34_144_54.csv
2025;11.0;SIH;Valor total;25 Paraíba;47414960,1;sih_cnv_qiuf193002187_34_144_54.csv
2025;11.0;SIH;Valor total;26 Pernambuco;99137669,3;sih_cnv_qiuf193002187_34_144_54.csv
2025;11.0;SIH;Valor total;27 Alagoas;24861039,13;sih_cnv_qiuf193002187_34_144_54.csv
2025;11.0;SIH;Valor total;28 Sergipe;18713299,26;sih_cnv_qiuf193002187_34_144_54.csv
2025;11.0;SIH;Valor total;29 Bahia;120933179,32;sih_cnv_qiuf193002187_34_144_54.csv
2025;11.0;SIH;Valor total;31 Minas Gerais;292320910,91;sih_cnv_qiuf193002187_34_144_54.csv
2025;11.0;SIH;Valor total;32 Espírito Santo;46530178,04;sih_cnv_qiuf193002187_34_144_54.csv
2025;11.0;SIH;Valor total;33 Rio de Janeiro;141762235,73;sih_cnv_qiuf193002187_34_144_54.csv
2025;11.0;SIH;Valor total;35 São Paulo;463150460,21;sih_cnv_qiuf193002187_34_144_54.csv
2025;11.0;SIH;Valor total;41 Paraná;185401753,54;sih_cnv_qiuf193002187_34_144_54.csv
2025;11.0;SIH;Valor total;42 Santa Catarina;128894529,53;sih_cnv_qiuf193002187_34_144_54.csv
2025;11.0;SIH;Valor total;43 Rio Grande do Sul;152311651,53;sih_cnv_qiuf193002187_34_144_54.csv
2025;11.0;SIH;Valor total;50 Mato Grosso do Sul;27462027,14;sih_cnv_qiuf193002187_34_144_54.csv
2025;11.0;SIH;Valor total;51 Mato Grosso;29131857,99;sih_cnv_qiuf193002187_34_144_54.csv
2025;11.0;SIH;Valor total;52 Goiás;63892540,95;sih_cnv_qiuf193002187_34_144_54.csv
2025;11.0;SIH;Valor total;53 Distrito Federal;35164982,9;sih_cnv_qiuf193002187_34_144_54.csv
2025;11.0;SIH;Dias permanência;11 Rondônia;59073,0;sih_cnv_qiuf193012187_34_144_54.csv
2025;11.0;SIH;Dias permanência;12 Acre;23234,0;sih_cnv_qiuf193012187_34_144_54.csv
2025;11.0;SIH;Dias permanência;13 Amazonas;96075,0;sih_cnv_qiuf193012187_34_144_54.csv
2025;11.0;SIH;Dias permanência;14 Roraima;17827,0;sih_cnv_qiuf193012187_34_144_54.csv
2025;11.0;SIH;Dias permanência;15 Pará;206342,0;sih_cnv_qiuf193012187_34_144_54.csv
2025;11.0;SIH;Dias permanência;16 Amapá;21351,0;sih_cnv_qiuf193012187_34_144_54.csv
2025;11.0;SIH;Dias permanência;17 Tocantins;41963,0;sih_cnv_qiuf193012187_34_144_54.csv
2025;11.0;SIH;Dias permanência;21 Maranhão;203848,0;sih_cnv_qiuf193012187_34_144_54.csv
2025;11.0;SIH;Dias permanência;22 Piauí;87749,0;sih_cnv_qiuf193012187_34_144_54.csv
2025;11.0;SIH;Dias permanência;23 Ceará;285246,0;sih_cnv_qiuf193012187_34_144_54.csv
2025;11.0;SIH;Dias permanência;24 Rio Grande do Norte;83788,0;sih_cnv_qiuf193012187_34_144_54.csv
2025;11.0;SIH;Dias permanência;25 Paraíba;112038,0;sih_cnv_qiuf193012187_34_144_54.csv
2025;11.0;SIH;Dias permanência;26 Pernambuco;274080,0;sih_cnv_qiuf193012187_34_144_54.csv
2025;11.0;SIH;Dias permanência;27 Alagoas;85177,0;sih_cnv_qiuf193012187_34_144_54.csv
2025;11.0;SIH;Dias permanência;28 Sergipe;57179,0;sih_cnv_qiuf193012187_34_144_54.csv
2025;11.0;SIH;Dias permanência;29 Bahia;374707,0;sih_cnv_qiuf193012187_34_144_54.csv
2025;11.0;SIH;Dias permanência;31 Minas Gerais;595540,0;sih_cnv_qiuf193012187_34_144_54.csv
2025;11.0;SIH;Dias permanência;32 Espírito Santo;121766,0;sih_cnv_qiuf193012187_34_144_54.csv
2025;11.0;SIH;Dias permanência;33 Rio de Janeiro;439763,0;sih_cnv_qiuf193012187_34_144_54.csv
2025;11.0;SIH;Dias permanência;35 São Paulo;1189504,0;sih_cnv_qiuf193012187_34_144_54.csv
2025;11.0;SIH;Dias permanência;41 Paraná;366536,0;sih_cnv_qiuf193012187_34_144_54.csv
2025;11.0;SIH;Dias permanência;42 Santa Catarina;233108,0;sih_cnv_qiuf193012187_34_144_54.csv
2025;11.0;SIH;Dias permanência;43 Rio Grande do Sul;409057,0;sih_cnv_qiuf193012187_34_144_54.csv
2025;11.0;SIH;Dias permanência;50 Mato Grosso do Sul;75976,0;sih_cnv_qiuf193012187_34_144_54.csv
2025;11.0;SIH;Dias permanência;51 Mato Grosso;92470,0;sih_cnv_qiuf193012187_34_144_54.csv
2025;11.0;SIH;Dias permanência;52 Goiás;168808,0;sih_cnv_qiuf193012187_34_144_54.csv
2025;11.0;SIH;Dias permanência;53 Distrito Federal;113882,0;sih_cnv_qiuf193012187_34_144_54.csv
2025;11.0;SIH;Média permanência;11 Rondônia;4,9;sih_cnv_qiuf193351187_34_144_54.csv
2025;11.0;SIH;Média permanência;12 Acre;5,0;sih_cnv_qiuf193351187_34_144_54.csv
2025;11.0;SIH;Média permanência;13 Amazonas;4,4;sih_cnv_qiuf193351187_34_144_54.csv
2025;11.0;SIH;Média permanência;14 Roraima;6,5;sih_cnv_qiuf193351187_34_144_54.csv
2025;11.0;SIH;Média permanência;15 Pará;4,2;sih_cnv_qiuf193351187_34_144_54.csv
2025;11.0;SIH;Média permanência;16 Amapá;5,1;sih_cnv_qiuf193351187_34_144_54.csv
2025;11.0;SIH;Média permanência;17 Tocantins;5,0;sih_cnv_qiuf193351187_34_144_54.csv
2025;11.0;SIH;Média permanência;21 Maranhão;4,9;sih_cnv_qiuf193351187_34_144_54.csv
2025;11.0;SIH;Média permanência;22 Piauí;4,9;sih_cnv_qiuf193351187_34_144_54.csv
2025;11.0;SIH;Média permanência;23 Ceará;5,8;sih_cnv_qiuf193351187_34_144_54.csv
2025;11.0;SIH;Média permanência;24 Rio Grande do Norte;4,6;sih_cnv_qiuf193351187_34_144_54.csv
2025;11.0;SIH;Média permanência;25 Paraíba;5,5;sih_cnv_qiuf193351187_34_144_54.csv
2025;11.0;SIH;Média permanência;26 Pernambuco;5,0;sih_cnv_qiuf193351187_34_144_54.csv
2025;11.0;SIH;Média permanência;27 Alagoas;5,9;sih_cnv_qiuf193351187_34_144_54.csv
2025;11.0;SIH;Média permanência;28 Sergipe;5,5;sih_cnv_qiuf193351187_34_144_54.csv
2025;11.0;SIH;Média permanência;29 Bahia;4,7;sih_cnv_qiuf193351187_34_144_54.csv
2025;11.0;SIH;Média permanência;31 Minas Gerais;4,6;sih_cnv_qiuf193351187_34_144_54.csv
2025;11.0;SIH;Média permanência;32 Espírito Santo;4,7;sih_cnv_qiuf193351187_34_144_54.csv
2025;11.0;SIH;Média permanência;33 Rio de Janeiro;5,7;sih_cnv_qiuf193351187_34_144_54.csv
2025;11.0;SIH;Média permanência;35 São Paulo;5,1;sih_cnv_qiuf193351187_34_144_54.csv
2025;11.0;SIH;Média permanência;41 Paraná;4,1;sih_cnv_qiuf193351187_34_144_54.csv
2025;11.0;SIH;Média permanência;42 Santa Catarina;4,0;sih_cnv_qiuf193351187_34_144_54.csv
2025;11.0;SIH;Média permanência;43 Rio Grande do Sul;5,6;sih_cnv_qiuf193351187_34_144_54.csv
2025;11.0;SIH;Média permanência;50 Mato Grosso do Sul;4,6;sih_cnv_qiuf193351187_34_144_54.csv
2025;11.0;SIH;Média permanência;51 Mato Grosso;4,4;sih_cnv_qiuf193351187_34_144_54.csv
2025;11.0;SIH;Média permanência;52 Goiás;4,5;sih_cnv_qiuf193351187_34_144_54.csv
2025;11.0;SIH;Média permanência;53 Distrito Federal;5,8;sih_cnv_qiuf193351187_34_144_54.csv
2025;10.0;SIH;Internações;11 Rondônia;12766,0;sih_cnv_qiuf192206187_34_144_54.csv
2025;10.0;SIH;Internações;12 Acre;5561,0;sih_cnv_qiuf192206187_34_144_54.csv
2025;10.0;SIH;Internações;13 Amazonas;25113,0;sih_cnv_qiuf192206187_34_144_54.csv
2025;10.0;SIH;Internações;14 Roraima;2346,0;sih_cnv_qiuf192206187_34_144_54.csv
2025;10.0;SIH;Internações;15 Pará;50058,0;sih_cnv_qiuf192206187_34_144_54.csv
2025;10.0;SIH;Internações;16 Amapá;4903,0;sih_cnv_qiuf192206187_34_144_54.csv
2025;10.0;SIH;Internações;17 Tocantins;9302,0;sih_cnv_qiuf192206187_34_144_54.csv
2025;10.0;SIH;Internações;21 Maranhão;42716,0;sih_cnv_qiuf192206187_34_144_54.csv
2025;10.0;SIH;Internações;22 Piauí;19901,0;sih_cnv_qiuf192206187_34_144_54.csv
2025;10.0;SIH;Internações;23 Ceará;51838,0;sih_cnv_qiuf192206187_34_144_54.csv
2025;10.0;SIH;Internações;24 Rio Grande do Norte;18285,0;sih_cnv_qiuf192206187_34_144_54.csv
2025;10.0;SIH;Internações;25 Paraíba;22942,0;sih_cnv_qiuf192206187_34_144_54.csv
2025;10.0;SIH;Internações;26 Pernambuco;58050,0;sih_cnv_qiuf192206187_34_144_54.csv
2025;10.0;SIH;Internações;27 Alagoas;15414,0;sih_cnv_qiuf192206187_34_144_54.csv
2025;10.0;SIH;Internações;28 Sergipe;10986,0;sih_cnv_qiuf192206187_34_144_54.csv
2025;10.0;SIH;Internações;29 Bahia;82214,0;sih_cnv_qiuf192206187_34_144_54.csv
2025;10.0;SIH;Internações;31 Minas Gerais;138731,0;sih_cnv_qiuf192206187_34_144_54.csv
2025;10.0;SIH;Internações;32 Espírito Santo;28059,0;sih_cnv_qiuf192206187_34_144_54.csv
2025;10.0;SIH;Internações;33 Rio de Janeiro;80452,0;sih_cnv_qiuf192206187_34_144_54.csv
2025;10.0;SIH;Internações;35 São Paulo;252197,0;sih_cnv_qiuf192206187_34_144_54.csv
2025;10.0;SIH;Internações;41 Paraná;94624,0;sih_cnv_qiuf192206187_34_144_54.csv
2025;10.0;SIH;Internações;42 Santa Catarina;61284,0;sih_cnv_qiuf192206187_34_144_54.csv
2025;10.0;SIH;Internações;43 Rio Grande do Sul;75458,0;sih_cnv_qiuf192206187_34_144_54.csv
2025;10.0;SIH;Internações;50 Mato Grosso do Sul;17287,0;sih_cnv_qiuf192206187_34_144_54.csv
2025;10.0;SIH;Internações;51 Mato Grosso;22241,0;sih_cnv_qiuf192206187_34_144_54.csv
2025;10.0;SIH;Internações;52 Goiás;38086,0;sih_cnv_qiuf192206187_34_144_54.csv
2025;10.0;SIH;Internações;53 Distrito Federal;20768,0;sih_cnv_qiuf192206187_34_144_54.csv
2025;10.0;SIH;Valor total;11 Rondônia;14657347,96;sih_cnv_qiuf192214187_34_144_54.csv
2025;10.0;SIH;Valor total;12 Acre;6158813,8;sih_cnv_qiuf192214187_34_144_54.csv
2025;10.0;SIH;Valor total;13 Amazonas;34330142,5;sih_cnv_qiuf192214187_34_144_54.csv
2025;10.0;SIH;Valor total;14 Roraima;3503516,86;sih_cnv_qiuf192214187_34_144_54.csv
2025;10.0;SIH;Valor total;15 Pará;69855772,31;sih_cnv_qiuf192214187_34_144_54.csv
2025;10.0;SIH;Valor total;16 Amapá;4643315,73;sih_cnv_qiuf192214187_34_144_54.csv
2025;10.0;SIH;Valor total;17 Tocantins;11647566,44;sih_cnv_qiuf192214187_34_144_54.csv
2025;10.0;SIH;Valor total;21 Maranhão;48819780,34;sih_cnv_qiuf192214187_34_144_54.csv
2025;10.0;SIH;Valor total;22 Piauí;25003967,57;sih_cnv_qiuf192214187_34_144_54.csv
2025;10.0;SIH;Valor total;23 Ceará;87158957,14;sih_cnv_qiuf192214187_34_144_54.csv
2025;10.0;SIH;Valor total;24 Rio Grande do Norte;36049884,57;sih_cnv_qiuf192214187_34_144_54.csv
2025;10.0;SIH;Valor total;25 Paraíba;57206602,17;sih_cnv_qiuf192214187_34_144_54.csv
2025;10.0;SIH;Valor total;26 Pernambuco;105782865,74;sih_cnv_qiuf192214187_34_144_54.csv
2025;10.0;SIH;Valor total;27 Alagoas;27128543,24;sih_cnv_qiuf192214187_34_144_54.csv
2025;10.0;SIH;Valor total;28 Sergipe;19453428,02;sih_cnv_qiuf192214187_34_144_54.csv
2025;10.0;SIH;Valor total;29 Bahia;115860967,01;sih_cnv_qiuf192214187_34_144_54.csv
2025;10.0;SIH;Valor total;31 Minas Gerais;308343250,31;sih_cnv_qiuf192214187_34_144_54.csv
2025;10.0;SIH;Valor total;32 Espírito Santo;49536337,47;sih_cnv_qiuf192214187_34_144_54.csv
2025;10.0;SIH;Valor total;33 Rio de Janeiro;154813889,83;sih_cnv_qiuf192214187_34_144_54.csv
2025;10.0;SIH;Valor total;35 São Paulo;492588067,05;sih_cnv_qiuf192214187_34_144_54.csv
2025;10.0;SIH;Valor total;41 Paraná;197443524,93;sih_cnv_qiuf192214187_34_144_54.csv
2025;10.0;SIH;Valor total;42 Santa Catarina;138824986,58;sih_cnv_qiuf192214187_34_144_54.csv
2025;10.0;SIH;Valor total;43 Rio Grande do Sul;152177778,67;sih_cnv_qiuf192214187_34_144_54.csv
2025;10.0;SIH;Valor total;50 Mato Grosso do Sul;26955579,7;sih_cnv_qiuf192214187_34_144_54.csv
2025;10.0;SIH;Valor total;51 Mato Grosso;28675719,74;sih_cnv_qiuf192214187_34_144_54.csv
2025;10.0;SIH;Valor total;52 Goiás;65769282,24;sih_cnv_qiuf192214187_34_144_54.csv
2025;10.0;SIH;Valor total;53 Distrito Federal;37450661,19;sih_cnv_qiuf192214187_34_144_54.csv
2025;10.0;SIH;Dias permanência;11 Rondônia;61979,0;sih_cnv_qiuf192528187_34_144_54.csv
2025;10.0;SIH;Dias permanência;12 Acre;27739,0;sih_cnv_qiuf192528187_34_144_54.csv
2025;10.0;SIH;Dias permanência;13 Amazonas;110457,0;sih_cnv_qiuf192528187_34_144_54.csv
2025;10.0;SIH;Dias permanência;14 Roraima;16703,0;sih_cnv_qiuf192528187_34_144_54.csv
2025;10.0;SIH;Dias permanência;15 Pará;219361,0;sih_cnv_qiuf192528187_34_144_54.csv
2025;10.0;SIH;Dias permanência;16 Amapá;22659,0;sih_cnv_qiuf192528187_34_144_54.csv
2025;10.0;SIH;Dias permanência;17 Tocantins;47796,0;sih_cnv_qiuf192528187_34_144_54.csv
2025;10.0;SIH;Dias permanência;21 Maranhão;210789,0;sih_cnv_qiuf192528187_34_144_54.csv
2025;10.0;SIH;Dias permanência;22 Piauí;91166,0;sih_cnv_qiuf192528187_34_144_54.csv
2025;10.0;SIH;Dias permanência;23 Ceará;297568,0;sih_cnv_qiuf192528187_34_144_54.csv
2025;10.0;SIH;Dias permanência;24 Rio Grande do Norte;84606,0;sih_cnv_qiuf192528187_34_144_54.csv
2025;10.0;SIH;Dias permanência;25 Paraíba;118815,0;sih_cnv_qiuf192528187_34_144_54.csv
2025;10.0;SIH;Dias permanência;26 Pernambuco;290936,0;sih_cnv_qiuf192528187_34_144_54.csv
2025;10.0;SIH;Dias permanência;27 Alagoas;89584,0;sih_cnv_qiuf192528187_34_144_54.csv
2025;10.0;SIH;Dias permanência;28 Sergipe;57895,0;sih_cnv_qiuf192528187_34_144_54.csv
2025;10.0;SIH;Dias permanência;29 Bahia;385591,0;sih_cnv_qiuf192528187_34_144_54.csv
2025;10.0;SIH;Dias permanência;31 Minas Gerais;641323,0;sih_cnv_qiuf192528187_34_144_54.csv
2025;10.0;SIH;Dias permanência;32 Espírito Santo;129935,0;sih_cnv_qiuf192528187_34_144_54.csv
2025;10.0;SIH;Dias permanência;33 Rio de Janeiro;469898,0;sih_cnv_qiuf192528187_34_144_54.csv
2025;10.0;SIH;Dias permanência;35 São Paulo;1263042,0;sih_cnv_qiuf192528187_34_144_54.csv
2025;10.0;SIH;Dias permanência;41 Paraná;377849,0;sih_cnv_qiuf192528187_34_144_54.csv
2025;10.0;SIH;Dias permanência;42 Santa Catarina;246103,0;sih_cnv_qiuf192528187_34_144_54.csv
2025;10.0;SIH;Dias permanência;43 Rio Grande do Sul;430048,0;sih_cnv_qiuf192528187_34_144_54.csv
2025;10.0;SIH;Dias permanência;50 Mato Grosso do Sul;78631,0;sih_cnv_qiuf192528187_34_144_54.csv
2025;10.0;SIH;Dias permanência;51 Mato Grosso;96283,0;sih_cnv_qiuf192528187_34_144_54.csv
2025;10.0;SIH;Dias permanência;52 Goiás;172489,0;sih_cnv_qiuf192528187_34_144_54.csv
2025;10.0;SIH;Dias permanência;53 Distrito Federal;119667,0;sih_cnv_qiuf192528187_34_144_54.csv
2025;10.0;SIH;Média permanência;11 Rondônia;4,9;sih_cnv_qiuf192539187_34_144_54.csv
2025;10.0;SIH;Média permanência;12 Acre;5,0;sih_cnv_qiuf192539187_34_144_54.csv
2025;10.0;SIH;Média permanência;13 Amazonas;4,4;sih_cnv_qiuf192539187_34_144_54.csv
2025;10.0;SIH;Média permanência;14 Roraima;7,1;sih_cnv_qiuf192539187_34_144_54.csv
2025;10.0;SIH;Média permanência;15 Pará;4,4;sih_cnv_qiuf192539187_34_144_54.csv
2025;10.0;SIH;Média permanência;16 Amapá;4,6;sih_cnv_qiuf192539187_34_144_54.csv
2025;10.0;SIH;Média permanência;17 Tocantins;5,1;sih_cnv_qiuf192539187_34_144_54.csv
2025;10.0;SIH;Média permanência;21 Maranhão;4,9;sih_cnv_qiuf192539187_34_144_54.csv
2025;10.0;SIH;Média permanência;22 Piauí;4,6;sih_cnv_qiuf192539187_34_144_54.csv
2025;10.0;SIH;Média permanência;23 Ceará;5,7;sih_cnv_qiuf192539187_34_144_54.csv
2025;10.0;SIH;Média permanência;24 Rio Grande do Norte;4,6;sih_cnv_qiuf192539187_34_144_54.csv
2025;10.0;SIH;Média permanência;25 Paraíba;5,2;sih_cnv_qiuf192539187_34_144_54.csv
2025;10.0;SIH;Média permanência;26 Pernambuco;5,0;sih_cnv_qiuf192539187_34_144_54.csv
2025;10.0;SIH;Média permanência;27 Alagoas;5,8;sih_cnv_qiuf192539187_34_144_54.csv
2025;10.0;SIH;Média permanência;28 Sergipe;5,3;sih_cnv_qiuf192539187_34_144_54.csv
2025;10.0;SIH;Média permanência;29 Bahia;4,7;sih_cnv_qiuf192539187_34_144_54.csv
2025;10.0;SIH;Média permanência;31 Minas Gerais;4,6;sih_cnv_qiuf192539187_34_144_54.csv
2025;10.0;SIH;Média permanência;32 Espírito Santo;4,6;sih_cnv_qiuf192539187_34_144_54.csv
2025;10.0;SIH;Média permanência;33 Rio de Janeiro;5,8;sih_cnv_qiuf192539187_34_144_54.csv
2025;10.0;SIH;Média permanência;35 São Paulo;5,0;sih_cnv_qiuf192539187_34_144_54.csv
2025;10.0;SIH;Média permanência;41 Paraná;4,0;sih_cnv_qiuf192539187_34_144_54.csv
2025;10.0;SIH;Média permanência;42 Santa Catarina;4,0;sih_cnv_qiuf192539187_34_144_54.csv
2025;10.0;SIH;Média permanência;43 Rio Grande do Sul;5,7;sih_cnv_qiuf192539187_34_144_54.csv
2025;10.0;SIH;Média permanência;50 Mato Grosso do Sul;4,5;sih_cnv_qiuf192539187_34_144_54.csv
2025;10.0;SIH;Média permanência;51 Mato Grosso;4,3;sih_cnv_qiuf192539187_34_144_54.csv
2025;10.0;SIH;Média permanência;52 Goiás;4,5;sih_cnv_qiuf192539187_34_144_54.csv
2025;10.0;SIH;Média permanência;53 Distrito Federal;5,8;sih_cnv_qiuf192539187_34_144_54.csv
2025;9.0;SIH;Internações;11 Rondônia;12259,0;sih_cnv_qiuf185927187_34_144_54.csv
2025;9.0;SIH;Internações;12 Acre;5047,0;sih_cnv_qiuf185927187_34_144_54.csv
2025;9.0;SIH;Internações;13 Amazonas;23100,0;sih_cnv_qiuf185927187_34_144_54.csv
2025;9.0;SIH;Internações;14 Roraima;2738,0;sih_cnv_qiuf185927187_34_144_54.csv
2025;9.0;SIH;Internações;15 Pará;49448,0;sih_cnv_qiuf185927187_34_144_54.csv
2025;9.0;SIH;Internações;16 Amapá;4792,0;sih_cnv_qiuf185927187_34_144_54.csv
2025;9.0;SIH;Internações;17 Tocantins;9104,0;sih_cnv_qiuf185927187_34_144_54.csv
2025;9.0;SIH;Internações;21 Maranhão;43286,0;sih_cnv_qiuf185927187_34_144_54.csv
2025;9.0;SIH;Internações;22 Piauí;17236,0;sih_cnv_qiuf185927187_34_144_54.csv
2025;9.0;SIH;Internações;23 Ceará;52713,0;sih_cnv_qiuf185927187_34_144_54.csv
2025;9.0;SIH;Internações;24 Rio Grande do Norte;18852,0;sih_cnv_qiuf185927187_34_144_54.csv
2025;9.0;SIH;Internações;25 Paraíba;22230,0;sih_cnv_qiuf185927187_34_144_54.csv
2025;9.0;SIH;Internações;26 Pernambuco;58199,0;sih_cnv_qiuf185927187_34_144_54.csv
2025;9.0;SIH;Internações;27 Alagoas;14854,0;sih_cnv_qiuf185927187_34_144_54.csv
2025;9.0;SIH;Internações;28 Sergipe;11191,0;sih_cnv_qiuf185927187_34_144_54.csv
2025;9.0;SIH;Internações;29 Bahia;85885,0;sih_cnv_qiuf185927187_34_144_54.csv
2025;9.0;SIH;Internações;31 Minas Gerais;137908,0;sih_cnv_qiuf185927187_34_144_54.csv
2025;9.0;SIH;Internações;32 Espírito Santo;26735,0;sih_cnv_qiuf185927187_34_144_54.csv
2025;9.0;SIH;Internações;33 Rio de Janeiro;79781,0;sih_cnv_qiuf185927187_34_144_54.csv
2025;9.0;SIH;Internações;35 São Paulo;246468,0;sih_cnv_qiuf185927187_34_144_54.csv
2025;9.0;SIH;Internações;41 Paraná;93028,0;sih_cnv_qiuf185927187_34_144_54.csv
2025;9.0;SIH;Internações;42 Santa Catarina;59165,0;sih_cnv_qiuf185927187_34_144_54.csv
2025;9.0;SIH;Internações;43 Rio Grande do Sul;75164,0;sih_cnv_qiuf185927187_34_144_54.csv
2025;9.0;SIH;Internações;50 Mato Grosso do Sul;18261,0;sih_cnv_qiuf185927187_34_144_54.csv
2025;9.0;SIH;Internações;51 Mato Grosso;22801,0;sih_cnv_qiuf185927187_34_144_54.csv
2025;9.0;SIH;Internações;52 Goiás;37524,0;sih_cnv_qiuf185927187_34_144_54.csv
2025;9.0;SIH;Internações;53 Distrito Federal;20804,0;sih_cnv_qiuf185927187_34_144_54.csv
2025;9.0;SIH;Valor total;11 Rondônia;13935621,48;sih_cnv_qiuf185934187_34_144_54.csv
2025;9.0;SIH;Valor total;12 Acre;5098665,66;sih_cnv_qiuf185934187_34_144_54.csv
2025;9.0;SIH;Valor total;13 Amazonas;28644792,01;sih_cnv_qiuf185934187_34_144_54.csv
2025;9.0;SIH;Valor total;14 Roraima;3983498,64;sih_cnv_qiuf185934187_34_144_54.csv
2025;9.0;SIH;Valor total;15 Pará;64113249,82;sih_cnv_qiuf185934187_34_144_54.csv
2025;9.0;SIH;Valor total;16 Amapá;4566014,11;sih_cnv_qiuf185934187_34_144_54.csv
2025;9.0;SIH;Valor total;17 Tocantins;13062907,71;sih_cnv_qiuf185934187_34_144_54.csv
2025;9.0;SIH;Valor total;21 Maranhão;50963150,74;sih_cnv_qiuf185934187_34_144_54.csv
2025;9.0;SIH;Valor total;22 Piauí;19915732,31;sih_cnv_qiuf185934187_34_144_54.csv
2025;9.0;SIH;Valor total;23 Ceará;86529567,58;sih_cnv_qiuf185934187_34_144_54.csv
2025;9.0;SIH;Valor total;24 Rio Grande do Norte;37526730,72;sih_cnv_qiuf185934187_34_144_54.csv
2025;9.0;SIH;Valor total;25 Paraíba;49163201,7;sih_cnv_qiuf185934187_34_144_54.csv
2025;9.0;SIH;Valor total;26 Pernambuco;101170686,54;sih_cnv_qiuf185934187_34_144_54.csv
2025;9.0;SIH;Valor total;27 Alagoas;25071296,94;sih_cnv_qiuf185934187_34_144_54.csv
2025;9.0;SIH;Valor total;28 Sergipe;19101938,8;sih_cnv_qiuf185934187_34_144_54.csv
2025;9.0;SIH;Valor total;29 Bahia;124086967,52;sih_cnv_qiuf185934187_34_144_54.csv
2025;9.0;SIH;Valor total;31 Minas Gerais;306359078,74;sih_cnv_qiuf185934187_34_144_54.csv
2025;9.0;SIH;Valor total;32 Espírito Santo;47838758,36;sih_cnv_qiuf185934187_34_144_54.csv
2025;9.0;SIH;Valor total;33 Rio de Janeiro;147934240,17;sih_cnv_qiuf185934187_34_144_54.csv
2025;9.0;SIH;Valor total;35 São Paulo;489186340,24;sih_cnv_qiuf185934187_34_144_54.csv
2025;9.0;SIH;Valor total;41 Paraná;195332088,37;sih_cnv_qiuf185934187_34_144_54.csv
2025;9.0;SIH;Valor total;42 Santa Catarina;133234958,79;sih_cnv_qiuf185934187_34_144_54.csv
2025;9.0;SIH;Valor total;43 Rio Grande do Sul;152182284,37;sih_cnv_qiuf185934187_34_144_54.csv
2025;9.0;SIH;Valor total;50 Mato Grosso do Sul;30582264,84;sih_cnv_qiuf185934187_34_144_54.csv
2025;9.0;SIH;Valor total;51 Mato Grosso;32728369,2;sih_cnv_qiuf185934187_34_144_54.csv
2025;9.0;SIH;Valor total;52 Goiás;62656745,18;sih_cnv_qiuf185934187_34_144_54.csv
2025;9.0;SIH;Valor total;53 Distrito Federal;37409873,33;sih_cnv_qiuf185934187_34_144_54.csv
2025;9.0;SIH;Dias permanência;11 Rondônia;59936,0;sih_cnv_qiuf191925187_34_144_54.csv
2025;9.0;SIH;Dias permanência;12 Acre;24073,0;sih_cnv_qiuf191925187_34_144_54.csv
2025;9.0;SIH;Dias permanência;13 Amazonas;99568,0;sih_cnv_qiuf191925187_34_144_54.csv
2025;9.0;SIH;Dias permanência;14 Roraima;18754,0;sih_cnv_qiuf191925187_34_144_54.csv
2025;9.0;SIH;Dias permanência;15 Pará;213251,0;sih_cnv_qiuf191925187_34_144_54.csv
2025;9.0;SIH;Dias permanência;16 Amapá;21488,0;sih_cnv_qiuf191925187_34_144_54.csv
2025;9.0;SIH;Dias permanência;17 Tocantins;46414,0;sih_cnv_qiuf191925187_34_144_54.csv
2025;9.0;SIH;Dias permanência;21 Maranhão;216592,0;sih_cnv_qiuf191925187_34_144_54.csv
2025;9.0;SIH;Dias permanência;22 Piauí;77236,0;sih_cnv_qiuf191925187_34_144_54.csv
2025;9.0;SIH;Dias permanência;23 Ceará;304517,0;sih_cnv_qiuf191925187_34_144_54.csv
2025;9.0;SIH;Dias permanência;24 Rio Grande do Norte;88441,0;sih_cnv_qiuf191925187_34_144_54.csv
2025;9.0;SIH;Dias permanência;25 Paraíba;117819,0;sih_cnv_qiuf191925187_34_144_54.csv
2025;9.0;SIH;Dias permanência;26 Pernambuco;287595,0;sih_cnv_qiuf191925187_34_144_54.csv
2025;9.0;SIH;Dias permanência;27 Alagoas;89339,0;sih_cnv_qiuf191925187_34_144_54.csv
2025;9.0;SIH;Dias permanência;28 Sergipe;60012,0;sih_cnv_qiuf191925187_34_144_54.csv
2025;9.0;SIH;Dias permanência;29 Bahia;400420,0;sih_cnv_qiuf191925187_34_144_54.csv
2025;9.0;SIH;Dias permanência;31 Minas Gerais;641346,0;sih_cnv_qiuf191925187_34_144_54.csv
2025;9.0;SIH;Dias permanência;32 Espírito Santo;127721,0;sih_cnv_qiuf191925187_34_144_54.csv
2025;9.0;SIH;Dias permanência;33 Rio de Janeiro;466044,0;sih_cnv_qiuf191925187_34_144_54.csv
2025;9.0;SIH;Dias permanência;35 São Paulo;1240854,0;sih_cnv_qiuf191925187_34_144_54.csv
2025;9.0;SIH;Dias permanência;41 Paraná;374218,0;sih_cnv_qiuf191925187_34_144_54.csv
2025;9.0;SIH;Dias permanência;42 Santa Catarina;237780,0;sih_cnv_qiuf191925187_34_144_54.csv
2025;9.0;SIH;Dias permanência;43 Rio Grande do Sul;436367,0;sih_cnv_qiuf191925187_34_144_54.csv
2025;9.0;SIH;Dias permanência;50 Mato Grosso do Sul;83210,0;sih_cnv_qiuf191925187_34_144_54.csv
2025;9.0;SIH;Dias permanência;51 Mato Grosso;101576,0;sih_cnv_qiuf191925187_34_144_54.csv
2025;9.0;SIH;Dias permanência;52 Goiás;172692,0;sih_cnv_qiuf191925187_34_144_54.csv
2025;9.0;SIH;Dias permanência;53 Distrito Federal;119473,0;sih_cnv_qiuf191925187_34_144_54.csv
2025;9.0;SIH;Média permanência;11 Rondônia;4,9;sih_cnv_qiuf191932187_34_144_54.csv
2025;9.0;SIH;Média permanência;12 Acre;4,8;sih_cnv_qiuf191932187_34_144_54.csv
2025;9.0;SIH;Média permanência;13 Amazonas;4,3;sih_cnv_qiuf191932187_34_144_54.csv
2025;9.0;SIH;Média permanência;14 Roraima;6,8;sih_cnv_qiuf191932187_34_144_54.csv
2025;9.0;SIH;Média permanência;15 Pará;4,3;sih_cnv_qiuf191932187_34_144_54.csv
2025;9.0;SIH;Média permanência;16 Amapá;4,5;sih_cnv_qiuf191932187_34_144_54.csv
2025;9.0;SIH;Média permanência;17 Tocantins;5,1;sih_cnv_qiuf191932187_34_144_54.csv
2025;9.0;SIH;Média permanência;21 Maranhão;5,0;sih_cnv_qiuf191932187_34_144_54.csv
2025;9.0;SIH;Média permanência;22 Piauí;4,5;sih_cnv_qiuf191932187_34_144_54.csv
2025;9.0;SIH;Média permanência;23 Ceará;5,8;sih_cnv_qiuf191932187_34_144_54.csv
2025;9.0;SIH;Média permanência;24 Rio Grande do Norte;4,7;sih_cnv_qiuf191932187_34_144_54.csv
2025;9.0;SIH;Média permanência;25 Paraíba;5,3;sih_cnv_qiuf191932187_34_144_54.csv
2025;9.0;SIH;Média permanência;26 Pernambuco;4,9;sih_cnv_qiuf191932187_34_144_54.csv
2025;9.0;SIH;Média permanência;27 Alagoas;6,0;sih_cnv_qiuf191932187_34_144_54.csv
2025;9.0;SIH;Média permanência;28 Sergipe;5,4;sih_cnv_qiuf191932187_34_144_54.csv
2025;9.0;SIH;Média permanência;29 Bahia;4,7;sih_cnv_qiuf191932187_34_144_54.csv
2025;9.0;SIH;Média permanência;31 Minas Gerais;4,7;sih_cnv_qiuf191932187_34_144_54.csv
2025;9.0;SIH;Média permanência;32 Espírito Santo;4,8;sih_cnv_qiuf191932187_34_144_54.csv
2025;9.0;SIH;Média permanência;33 Rio de Janeiro;5,8;sih_cnv_qiuf191932187_34_144_54.csv
2025;9.0;SIH;Média permanência;35 São Paulo;5,0;sih_cnv_qiuf191932187_34_144_54.csv
2025;9.0;SIH;Média permanência;41 Paraná;4,0;sih_cnv_qiuf191932187_34_144_54.csv
2025;9.0;SIH;Média permanência;42 Santa Catarina;4,0;sih_cnv_qiuf191932187_34_144_54.csv
2025;9.0;SIH;Média permanência;43 Rio Grande do Sul;5,8;sih_cnv_qiuf191932187_34_144_54.csv
2025;9.0;SIH;Média permanência;50 Mato Grosso do Sul;4,6;sih_cnv_qiuf191932187_34_144_54.csv
2025;9.0;SIH;Média permanência;51 Mato Grosso;4,5;sih_cnv_qiuf191932187_34_144_54.csv
2025;9.0;SIH;Média permanência;52 Goiás;4,6;sih_cnv_qiuf191932187_34_144_54.csv
2025;9.0;SIH;Média permanência;53 Distrito Federal;5,7;sih_cnv_qiuf191932187_34_144_54.csv
2023;12.0;Obitos;Óbitos;11 Rondônia;266,0;sih_cnv_qiuf203638187_34_144_173.csv
2023;12.0;Obitos;Óbitos;12 Acre;99,0;sih_cnv_qiuf203638187_34_144_173.csv
2023;12.0;Obitos;Óbitos;13 Amazonas;357,0;sih_cnv_qiuf203638187_34_144_173.csv
2023;12.0;Obitos;Óbitos;14 Roraima;102,0;sih_cnv_qiuf203638187_34_144_173.csv
2023;12.0;Obitos;Óbitos;15 Pará;1121,0;sih_cnv_qiuf203638187_34_144_173.csv
2023;12.0;Obitos;Óbitos;16 Amapá;140,0;sih_cnv_qiuf203638187_34_144_173.csv
2023;12.0;Obitos;Óbitos;17 Tocantins;280,0;sih_cnv_qiuf203638187_34_144_173.csv
2023;12.0;Obitos;Óbitos;21 Maranhão;1137,0;sih_cnv_qiuf203638187_34_144_173.csv
2023;12.0;Obitos;Óbitos;22 Piauí;778,0;sih_cnv_qiuf203638187_34_144_173.csv
2023;12.0;Obitos;Óbitos;23 Ceará;1806,0;sih_cnv_qiuf203638187_34_144_173.csv
2023;12.0;Obitos;Óbitos;24 Rio Grande do Norte;550,0;sih_cnv_qiuf203638187_34_144_173.csv
2023;12.0;Obitos;Óbitos;25 Paraíba;807,0;sih_cnv_qiuf203638187_34_144_173.csv
2023;12.0;Obitos;Óbitos;26 Pernambuco;2267,0;sih_cnv_qiuf203638187_34_144_173.csv
2023;12.0;Obitos;Óbitos;27 Alagoas;697,0;sih_cnv_qiuf203638187_34_144_173.csv
2023;12.0;Obitos;Óbitos;28 Sergipe;426,0;sih_cnv_qiuf203638187_34_144_173.csv
2023;12.0;Obitos;Óbitos;29 Bahia;2872,0;sih_cnv_qiuf203638187_34_144_173.csv
2023;12.0;Obitos;Óbitos;31 Minas Gerais;5803,0;sih_cnv_qiuf203638187_34_144_173.csv
2023;12.0;Obitos;Óbitos;32 Espírito Santo;929,0;sih_cnv_qiuf203638187_34_144_173.csv
2023;12.0;Obitos;Óbitos;33 Rio de Janeiro;4760,0;sih_cnv_qiuf203638187_34_144_173.csv
2023;12.0;Obitos;Óbitos;35 São Paulo;11292,0;sih_cnv_qiuf203638187_34_144_173.csv
2023;12.0;Obitos;Óbitos;41 Paraná;3225,0;sih_cnv_qiuf203638187_34_144_173.csv
2023;12.0;Obitos;Óbitos;42 Santa Catarina;1878,0;sih_cnv_qiuf203638187_34_144_173.csv
2023;12.0;Obitos;Óbitos;43 Rio Grande do Sul;3240,0;sih_cnv_qiuf203638187_34_144_173.csv
2023;12.0;Obitos;Óbitos;50 Mato Grosso do Sul;762,0;sih_cnv_qiuf203638187_34_144_173.csv
2023;12.0;Obitos;Óbitos;51 Mato Grosso;512,0;sih_cnv_qiuf203638187_34_144_173.csv
2023;12.0;Obitos;Óbitos;52 Goiás;1243,0;sih_cnv_qiuf203638187_34_144_173.csv
2023;12.0;Obitos;Óbitos;53 Distrito Federal;594,0;sih_cnv_qiuf203638187_34_144_173.csv
2023;11.0;Obitos;Óbitos;11 Rondônia;291,0;sih_cnv_qiuf203732187_34_144_173.csv
2023;11.0;Obitos;Óbitos;12 Acre;177,0;sih_cnv_qiuf203732187_34_144_173.csv
2023;11.0;Obitos;Óbitos;13 Amazonas;393,0;sih_cnv_qiuf203732187_34_144_173.csv
2023;11.0;Obitos;Óbitos;14 Roraima;128,0;sih_cnv_qiuf203732187_34_144_173.csv
2023;11.0;Obitos;Óbitos;15 Pará;1167,0;sih_cnv_qiuf203732187_34_144_173.csv
2023;11.0;Obitos;Óbitos;16 Amapá;127,0;sih_cnv_qiuf203732187_34_144_173.csv
2023;11.0;Obitos;Óbitos;17 Tocantins;259,0;sih_cnv_qiuf203732187_34_144_173.csv
2023;11.0;Obitos;Óbitos;21 Maranhão;1189,0;sih_cnv_qiuf203732187_34_144_173.csv
2023;11.0;Obitos;Óbitos;22 Piauí;666,0;sih_cnv_qiuf203732187_34_144_173.csv
2023;11.0;Obitos;Óbitos;23 Ceará;1874,0;sih_cnv_qiuf203732187_34_144_173.csv
2023;11.0;Obitos;Óbitos;24 Rio Grande do Norte;647,0;sih_cnv_qiuf203732187_34_144_173.csv
2023;11.0;Obitos;Óbitos;25 Paraíba;837,0;sih_cnv_qiuf203732187_34_144_173.csv
2023;11.0;Obitos;Óbitos;26 Pernambuco;2137,0;sih_cnv_qiuf203732187_34_144_173.csv
2023;11.0;Obitos;Óbitos;27 Alagoas;684,0;sih_cnv_qiuf203732187_34_144_173.csv
2023;11.0;Obitos;Óbitos;28 Sergipe;500,0;sih_cnv_qiuf203732187_34_144_173.csv
2023;11.0;Obitos;Óbitos;29 Bahia;2741,0;sih_cnv_qiuf203732187_34_144_173.csv
2023;11.0;Obitos;Óbitos;31 Minas Gerais;5949,0;sih_cnv_qiuf203732187_34_144_173.csv
2023;11.0;Obitos;Óbitos;32 Espírito Santo;968,0;sih_cnv_qiuf203732187_34_144_173.csv
2023;11.0;Obitos;Óbitos;33 Rio de Janeiro;5043,0;sih_cnv_qiuf203732187_34_144_173.csv
2023;11.0;Obitos;Óbitos;35 São Paulo;11636,0;sih_cnv_qiuf203732187_34_144_173.csv
2023;11.0;Obitos;Óbitos;41 Paraná;3264,0;sih_cnv_qiuf203732187_34_144_173.csv
2023;11.0;Obitos;Óbitos;42 Santa Catarina;1960,0;sih_cnv_qiuf203732187_34_144_173.csv
2023;11.0;Obitos;Óbitos;43 Rio Grande do Sul;3519,0;sih_cnv_qiuf203732187_34_144_173.csv
2023;11.0;Obitos;Óbitos;50 Mato Grosso do Sul;759,0;sih_cnv_qiuf203732187_34_144_173.csv
2023;11.0;Obitos;Óbitos;51 Mato Grosso;593,0;sih_cnv_qiuf203732187_34_144_173.csv
2023;11.0;Obitos;Óbitos;52 Goiás;1285,0;sih_cnv_qiuf203732187_34_144_173.csv
2023;11.0;Obitos;Óbitos;53 Distrito Federal;592,0;sih_cnv_qiuf203732187_34_144_173.csv
2023;10.0;Obitos;Óbitos;11 Rondônia;282,0;sih_cnv_qiuf203739187_34_144_173.csv
2023;10.0;Obitos;Óbitos;12 Acre;94,0;sih_cnv_qiuf203739187_34_144_173.csv
2023;10.0;Obitos;Óbitos;13 Amazonas;479,0;sih_cnv_qiuf203739187_34_144_173.csv
2023;10.0;Obitos;Óbitos;14 Roraima;104,0;sih_cnv_qiuf203739187_34_144_173.csv
2023;10.0;Obitos;Óbitos;15 Pará;1102,0;sih_cnv_qiuf203739187_34_144_173.csv
2023;10.0;Obitos;Óbitos;16 Amapá;96,0;sih_cnv_qiuf203739187_34_144_173.csv
2023;10.0;Obitos;Óbitos;17 Tocantins;223,0;sih_cnv_qiuf203739187_34_144_173.csv
2023;10.0;Obitos;Óbitos;21 Maranhão;1032,0;sih_cnv_qiuf203739187_34_144_173.csv
2023;10.0;Obitos;Óbitos;22 Piauí;696,0;sih_cnv_qiuf203739187_34_144_173.csv
2023;10.0;Obitos;Óbitos;23 Ceará;1779,0;sih_cnv_qiuf203739187_34_144_173.csv
2023;10.0;Obitos;Óbitos;24 Rio Grande do Norte;680,0;sih_cnv_qiuf203739187_34_144_173.csv
2023;10.0;Obitos;Óbitos;25 Paraíba;861,0;sih_cnv_qiuf203739187_34_144_173.csv
2023;10.0;Obitos;Óbitos;26 Pernambuco;2522,0;sih_cnv_qiuf203739187_34_144_173.csv
2023;10.0;Obitos;Óbitos;27 Alagoas;681,0;sih_cnv_qiuf203739187_34_144_173.csv
2023;10.0;Obitos;Óbitos;28 Sergipe;497,0;sih_cnv_qiuf203739187_34_144_173.csv
2023;10.0;Obitos;Óbitos;29 Bahia;2911,0;sih_cnv_qiuf203739187_34_144_173.csv
2023;10.0;Obitos;Óbitos;31 Minas Gerais;5868,0;sih_cnv_qiuf203739187_34_144_173.csv
2023;10.0;Obitos;Óbitos;32 Espírito Santo;1090,0;sih_cnv_qiuf203739187_34_144_173.csv
2023;10.0;Obitos;Óbitos;33 Rio de Janeiro;5053,0;sih_cnv_qiuf203739187_34_144_173.csv
2023;10.0;Obitos;Óbitos;35 São Paulo;11365,0;sih_cnv_qiuf203739187_34_144_173.csv
2023;10.0;Obitos;Óbitos;41 Paraná;3215,0;sih_cnv_qiuf203739187_34_144_173.csv
2023;10.0;Obitos;Óbitos;42 Santa Catarina;1892,0;sih_cnv_qiuf203739187_34_144_173.csv
2023;10.0;Obitos;Óbitos;43 Rio Grande do Sul;3610,0;sih_cnv_qiuf203739187_34_144_173.csv
2023;10.0;Obitos;Óbitos;50 Mato Grosso do Sul;730,0;sih_cnv_qiuf203739187_34_144_173.csv
2023;10.0;Obitos;Óbitos;51 Mato Grosso;562,0;sih_cnv_qiuf203739187_34_144_173.csv
2023;10.0;Obitos;Óbitos;52 Goiás;1263,0;sih_cnv_qiuf203739187_34_144_173.csv
2023;10.0;Obitos;Óbitos;53 Distrito Federal;602,0;sih_cnv_qiuf203739187_34_144_173.csv
2023;9.0;Obitos;Óbitos;11 Rondônia;344,0;sih_cnv_qiuf203746187_34_144_173.csv
2023;9.0;Obitos;Óbitos;12 Acre;113,0;sih_cnv_qiuf203746187_34_144_173.csv
2023;9.0;Obitos;Óbitos;13 Amazonas;446,0;sih_cnv_qiuf203746187_34_144_173.csv
2023;9.0;Obitos;Óbitos;14 Roraima;105,0;sih_cnv_qiuf203746187_34_144_173.csv
2023;9.0;Obitos;Óbitos;15 Pará;1175,0;sih_cnv_qiuf203746187_34_144_173.csv
2023;9.0;Obitos;Óbitos;16 Amapá;114,0;sih_cnv_qiuf203746187_34_144_173.csv
2023;9.0;Obitos;Óbitos;17 Tocantins;270,0;sih_cnv_qiuf203746187_34_144_173.csv
2023;9.0;Obitos;Óbitos;21 Maranhão;1163,0;sih_cnv_qiuf203746187_34_144_173.csv
2023;9.0;Obitos;Óbitos;22 Piauí;752,0;sih_cnv_qiuf203746187_34_144_173.csv
2023;9.0;Obitos;Óbitos;23 Ceará;1826,0;sih_cnv_qiuf203746187_34_144_173.csv
2023;9.0;Obitos;Óbitos;24 Rio Grande do Norte;619,0;sih_cnv_qiuf203746187_34_144_173.csv
2023;9.0;Obitos;Óbitos;25 Paraíba;884,0;sih_cnv_qiuf203746187_34_144_173.csv
2023;9.0;Obitos;Óbitos;26 Pernambuco;1853,0;sih_cnv_qiuf203746187_34_144_173.csv
2023;9.0;Obitos;Óbitos;27 Alagoas;675,0;sih_cnv_qiuf203746187_34_144_173.csv
2023;9.0;Obitos;Óbitos;28 Sergipe;468,0;sih_cnv_qiuf203746187_34_144_173.csv
2023;9.0;Obitos;Óbitos;29 Bahia;2888,0;sih_cnv_qiuf203746187_34_144_173.csv
2023;9.0;Obitos;Óbitos;31 Minas Gerais;5709,0;sih_cnv_qiuf203746187_34_144_173.csv
2023;9.0;Obitos;Óbitos;32 Espírito Santo;999,0;sih_cnv_qiuf203746187_34_144_173.csv
2023;9.0;Obitos;Óbitos;33 Rio de Janeiro;5201,0;sih_cnv_qiuf203746187_34_144_173.csv
2023;9.0;Obitos;Óbitos;35 São Paulo;11644,0;sih_cnv_qiuf203746187_34_144_173.csv
2023;9.0;Obitos;Óbitos;41 Paraná;3322,0;sih_cnv_qiuf203746187_34_144_173.csv
2023;9.0;Obitos;Óbitos;42 Santa Catarina;1956,0;sih_cnv_qiuf203746187_34_144_173.csv
2023;9.0;Obitos;Óbitos;43 Rio Grande do Sul;3569,0;sih_cnv_qiuf203746187_34_144_173.csv
2023;9.0;Obitos;Óbitos;50 Mato Grosso do Sul;664,0;sih_cnv_qiuf203746187_34_144_173.csv
2023;9.0;Obitos;Óbitos;51 Mato Grosso;626,0;sih_cnv_qiuf203746187_34_144_173.csv
2023;9.0;Obitos;Óbitos;52 Goiás;1257,0;sih_cnv_qiuf203746187_34_144_173.csv
2023;9.0;Obitos;Óbitos;53 Distrito Federal;578,0;sih_cnv_qiuf203746187_34_144_173.csv
2023;8.0;Obitos;Óbitos;11 Rondônia;362,0;sih_cnv_qiuf203754187_34_144_173.csv
2023;8.0;Obitos;Óbitos;12 Acre;161,0;sih_cnv_qiuf203754187_34_144_173.csv
2023;8.0;Obitos;Óbitos;13 Amazonas;657,0;sih_cnv_qiuf203754187_34_144_173.csv
2023;8.0;Obitos;Óbitos;14 Roraima;144,0;sih_cnv_qiuf203754187_34_144_173.csv
2023;8.0;Obitos;Óbitos;15 Pará;1261,0;sih_cnv_qiuf203754187_34_144_173.csv
2023;8.0;Obitos;Óbitos;16 Amapá;128,0;sih_cnv_qiuf203754187_34_144_173.csv
2023;8.0;Obitos;Óbitos;17 Tocantins;270,0;sih_cnv_qiuf203754187_34_144_173.csv
2023;8.0;Obitos;Óbitos;21 Maranhão;1076,0;sih_cnv_qiuf203754187_34_144_173.csv
2023;8.0;Obitos;Óbitos;22 Piauí;714,0;sih_cnv_qiuf203754187_34_144_173.csv
2023;8.0;Obitos;Óbitos;23 Ceará;1848,0;sih_cnv_qiuf203754187_34_144_173.csv
2023;8.0;Obitos;Óbitos;24 Rio Grande do Norte;563,0;sih_cnv_qiuf203754187_34_144_173.csv
2023;8.0;Obitos;Óbitos;25 Paraíba;951,0;sih_cnv_qiuf203754187_34_144_173.csv
2023;8.0;Obitos;Óbitos;26 Pernambuco;2313,0;sih_cnv_qiuf203754187_34_144_173.csv
2023;8.0;Obitos;Óbitos;27 Alagoas;732,0;sih_cnv_qiuf203754187_34_144_173.csv
2023;8.0;Obitos;Óbitos;28 Sergipe;492,0;sih_cnv_qiuf203754187_34_144_173.csv
2023;8.0;Obitos;Óbitos;29 Bahia;3036,0;sih_cnv_qiuf203754187_34_144_173.csv
2023;8.0;Obitos;Óbitos;31 Minas Gerais;5907,0;sih_cnv_qiuf203754187_34_144_173.csv
2023;8.0;Obitos;Óbitos;32 Espírito Santo;1082,0;sih_cnv_qiuf203754187_34_144_173.csv
2023;8.0;Obitos;Óbitos;33 Rio de Janeiro;4786,0;sih_cnv_qiuf203754187_34_144_173.csv
2023;8.0;Obitos;Óbitos;35 São Paulo;12351,0;sih_cnv_qiuf203754187_34_144_173.csv
2023;8.0;Obitos;Óbitos;41 Paraná;3590,0;sih_cnv_qiuf203754187_34_144_173.csv
2023;8.0;Obitos;Óbitos;42 Santa Catarina;1993,0;sih_cnv_qiuf203754187_34_144_173.csv
2023;8.0;Obitos;Óbitos;43 Rio Grande do Sul;3836,0;sih_cnv_qiuf203754187_34_144_173.csv
2023;8.0;Obitos;Óbitos;50 Mato Grosso do Sul;832,0;sih_cnv_qiuf203754187_34_144_173.csv
2023;8.0;Obitos;Óbitos;51 Mato Grosso;596,0;sih_cnv_qiuf203754187_34_144_173.csv
2023;8.0;Obitos;Óbitos;52 Goiás;1295,0;sih_cnv_qiuf203754187_34_144_173.csv
2023;8.0;Obitos;Óbitos;53 Distrito Federal;573,0;sih_cnv_qiuf203754187_34_144_173.csv
2023;1.0;Obitos;Óbitos;11 Rondônia;351,0;sih_cnv_qiuf203855187_34_144_173.csv
2023;1.0;Obitos;Óbitos;12 Acre;108,0;sih_cnv_qiuf203855187_34_144_173.csv
2023;1.0;Obitos;Óbitos;13 Amazonas;684,0;sih_cnv_qiuf203855187_34_144_173.csv
2023;1.0;Obitos;Óbitos;14 Roraima;113,0;sih_cnv_qiuf203855187_34_144_173.csv
2023;1.0;Obitos;Óbitos;15 Pará;1217,0;sih_cnv_qiuf203855187_34_144_173.csv
2023;1.0;Obitos;Óbitos;16 Amapá;123,0;sih_cnv_qiuf203855187_34_144_173.csv
2023;1.0;Obitos;Óbitos;17 Tocantins;252,0;sih_cnv_qiuf203855187_34_144_173.csv
2023;1.0;Obitos;Óbitos;21 Maranhão;1159,0;sih_cnv_qiuf203855187_34_144_173.csv
2023;1.0;Obitos;Óbitos;22 Piauí;702,0;sih_cnv_qiuf203855187_34_144_173.csv
2023;1.0;Obitos;Óbitos;23 Ceará;1924,0;sih_cnv_qiuf203855187_34_144_173.csv
2023;1.0;Obitos;Óbitos;24 Rio Grande do Norte;649,0;sih_cnv_qiuf203855187_34_144_173.csv
2023;1.0;Obitos;Óbitos;25 Paraíba;904,0;sih_cnv_qiuf203855187_34_144_173.csv
2023;1.0;Obitos;Óbitos;26 Pernambuco;2182,0;sih_cnv_qiuf203855187_34_144_173.csv
2023;1.0;Obitos;Óbitos;27 Alagoas;654,0;sih_cnv_qiuf203855187_34_144_173.csv
2023;1.0;Obitos;Óbitos;28 Sergipe;476,0;sih_cnv_qiuf203855187_34_144_173.csv
2023;1.0;Obitos;Óbitos;29 Bahia;2771,0;sih_cnv_qiuf203855187_34_144_173.csv
2023;1.0;Obitos;Óbitos;31 Minas Gerais;5536,0;sih_cnv_qiuf203855187_34_144_173.csv
2023;1.0;Obitos;Óbitos;32 Espírito Santo;987,0;sih_cnv_qiuf203855187_34_144_173.csv
2023;1.0;Obitos;Óbitos;33 Rio de Janeiro;4757,0;sih_cnv_qiuf203855187_34_144_173.csv
2023;1.0;Obitos;Óbitos;35 São Paulo;11144,0;sih_cnv_qiuf203855187_34_144_173.csv
2023;1.0;Obitos;Óbitos;41 Paraná;3283,0;sih_cnv_qiuf203855187_34_144_173.csv
2023;1.0;Obitos;Óbitos;42 Santa Catarina;2039,0;sih_cnv_qiuf203855187_34_144_173.csv
2023;1.0;Obitos;Óbitos;43 Rio Grande do Sul;3455,0;sih_cnv_qiuf203855187_34_144_173.csv
2023;1.0;Obitos;Óbitos;50 Mato Grosso do Sul;671,0;sih_cnv_qiuf203855187_34_144_173.csv
2023;1.0;Obitos;Óbitos;51 Mato Grosso;530,0;sih_cnv_qiuf203855187_34_144_173.csv
2023;1.0;Obitos;Óbitos;52 Goiás;1288,0;sih_cnv_qiuf203855187_34_144_173.csv
2023;1.0;Obitos;Óbitos;53 Distrito Federal;549,0;sih_cnv_qiuf203855187_34_144_173.csv
2023;2.0;Obitos;Óbitos;11 Rondônia;211,0;sih_cnv_qiuf203900187_34_144_173.csv
2023;2.0;Obitos;Óbitos;12 Acre;141,0;sih_cnv_qiuf203900187_34_144_173.csv
2023;2.0;Obitos;Óbitos;13 Amazonas;619,0;sih_cnv_qiuf203900187_34_144_173.csv
2023;2.0;Obitos;Óbitos;14 Roraima;120,0;sih_cnv_qiuf203900187_34_144_173.csv
2023;2.0;Obitos;Óbitos;15 Pará;1189,0;sih_cnv_qiuf203900187_34_144_173.csv
2023;2.0;Obitos;Óbitos;16 Amapá;132,0;sih_cnv_qiuf203900187_34_144_173.csv
2023;2.0;Obitos;Óbitos;17 Tocantins;221,0;sih_cnv_qiuf203900187_34_144_173.csv
2023;2.0;Obitos;Óbitos;21 Maranhão;1172,0;sih_cnv_qiuf203900187_34_144_173.csv
2023;2.0;Obitos;Óbitos;22 Piauí;595,0;sih_cnv_qiuf203900187_34_144_173.csv
2023;2.0;Obitos;Óbitos;23 Ceará;1811,0;sih_cnv_qiuf203900187_34_144_173.csv
2023;2.0;Obitos;Óbitos;24 Rio Grande do Norte;533,0;sih_cnv_qiuf203900187_34_144_173.csv
2023;2.0;Obitos;Óbitos;25 Paraíba;862,0;sih_cnv_qiuf203900187_34_144_173.csv
2023;2.0;Obitos;Óbitos;26 Pernambuco;2035,0;sih_cnv_qiuf203900187_34_144_173.csv
2023;2.0;Obitos;Óbitos;27 Alagoas;596,0;sih_cnv_qiuf203900187_34_144_173.csv
2023;2.0;Obitos;Óbitos;28 Sergipe;411,0;sih_cnv_qiuf203900187_34_144_173.csv
2023;2.0;Obitos;Óbitos;29 Bahia;2709,0;sih_cnv_qiuf203900187_34_144_173.csv
2023;2.0;Obitos;Óbitos;31 Minas Gerais;4984,0;sih_cnv_qiuf203900187_34_144_173.csv
2023;2.0;Obitos;Óbitos;32 Espírito Santo;781,0;sih_cnv_qiuf203900187_34_144_173.csv
2023;2.0;Obitos;Óbitos;33 Rio de Janeiro;4145,0;sih_cnv_qiuf203900187_34_144_173.csv
2023;2.0;Obitos;Óbitos;35 São Paulo;9883,0;sih_cnv_qiuf203900187_34_144_173.csv
2023;2.0;Obitos;Óbitos;41 Paraná;2908,0;sih_cnv_qiuf203900187_34_144_173.csv
2023;2.0;Obitos;Óbitos;42 Santa Catarina;1938,0;sih_cnv_qiuf203900187_34_144_173.csv
2023;2.0;Obitos;Óbitos;43 Rio Grande do Sul;3082,0;sih_cnv_qiuf203900187_34_144_173.csv
2023;2.0;Obitos;Óbitos;50 Mato Grosso do Sul;690,0;sih_cnv_qiuf203900187_34_144_173.csv
2023;2.0;Obitos;Óbitos;51 Mato Grosso;528,0;sih_cnv_qiuf203900187_34_144_173.csv
2023;2.0;Obitos;Óbitos;52 Goiás;1129,0;sih_cnv_qiuf203900187_34_144_173.csv
2023;2.0;Obitos;Óbitos;53 Distrito Federal;507,0;sih_cnv_qiuf203900187_34_144_173.csv
2023;3.0;Obitos;Óbitos;11 Rondônia;417,0;sih_cnv_qiuf203905187_34_144_173.csv
2023;3.0;Obitos;Óbitos;12 Acre;152,0;sih_cnv_qiuf203905187_34_144_173.csv
2023;3.0;Obitos;Óbitos;13 Amazonas;665,0;sih_cnv_qiuf203905187_34_144_173.csv
2023;3.0;Obitos;Óbitos;14 Roraima;175,0;sih_cnv_qiuf203905187_34_144_173.csv
2023;3.0;Obitos;Óbitos;15 Pará;1269,0;sih_cnv_qiuf203905187_34_144_173.csv
2023;3.0;Obitos;Óbitos;16 Amapá;126,0;sih_cnv_qiuf203905187_34_144_173.csv
2023;3.0;Obitos;Óbitos;17 Tocantins;192,0;sih_cnv_qiuf203905187_34_144_173.csv
2023;3.0;Obitos;Óbitos;21 Maranhão;1092,0;sih_cnv_qiuf203905187_34_144_173.csv
2023;3.0;Obitos;Óbitos;22 Piauí;661,0;sih_cnv_qiuf203905187_34_144_173.csv
2023;3.0;Obitos;Óbitos;23 Ceará;1848,0;sih_cnv_qiuf203905187_34_144_173.csv
2023;3.0;Obitos;Óbitos;24 Rio Grande do Norte;621,0;sih_cnv_qiuf203905187_34_144_173.csv
2023;3.0;Obitos;Óbitos;25 Paraíba;927,0;sih_cnv_qiuf203905187_34_144_173.csv
2023;3.0;Obitos;Óbitos;26 Pernambuco;2349,0;sih_cnv_qiuf203905187_34_144_173.csv
2023;3.0;Obitos;Óbitos;27 Alagoas;598,0;sih_cnv_qiuf203905187_34_144_173.csv
2023;3.0;Obitos;Óbitos;28 Sergipe;424,0;sih_cnv_qiuf203905187_34_144_173.csv
2023;3.0;Obitos;Óbitos;29 Bahia;2672,0;sih_cnv_qiuf203905187_34_144_173.csv
2023;3.0;Obitos;Óbitos;31 Minas Gerais;5663,0;sih_cnv_qiuf203905187_34_144_173.csv
2023;3.0;Obitos;Óbitos;32 Espírito Santo;974,0;sih_cnv_qiuf203905187_34_144_173.csv
2023;3.0;Obitos;Óbitos;33 Rio de Janeiro;4715,0;sih_cnv_qiuf203905187_34_144_173.csv
2023;3.0;Obitos;Óbitos;35 São Paulo;11363,0;sih_cnv_qiuf203905187_34_144_173.csv
2023;3.0;Obitos;Óbitos;41 Paraná;3162,0;sih_cnv_qiuf203905187_34_144_173.csv
2023;3.0;Obitos;Óbitos;42 Santa Catarina;1846,0;sih_cnv_qiuf203905187_34_144_173.csv
2023;3.0;Obitos;Óbitos;43 Rio Grande do Sul;3289,0;sih_cnv_qiuf203905187_34_144_173.csv
2023;3.0;Obitos;Óbitos;50 Mato Grosso do Sul;712,0;sih_cnv_qiuf203905187_34_144_173.csv
2023;3.0;Obitos;Óbitos;51 Mato Grosso;592,0;sih_cnv_qiuf203905187_34_144_173.csv
2023;3.0;Obitos;Óbitos;52 Goiás;1359,0;sih_cnv_qiuf203905187_34_144_173.csv
2023;3.0;Obitos;Óbitos;53 Distrito Federal;615,0;sih_cnv_qiuf203905187_34_144_173.csv
2023;4.0;Obitos;Óbitos;11 Rondônia;347,0;sih_cnv_qiuf203912187_34_144_173.csv
2023;4.0;Obitos;Óbitos;12 Acre;183,0;sih_cnv_qiuf203912187_34_144_173.csv
2023;4.0;Obitos;Óbitos;13 Amazonas;624,0;sih_cnv_qiuf203912187_34_144_173.csv
2023;4.0;Obitos;Óbitos;14 Roraima;166,0;sih_cnv_qiuf203912187_34_144_173.csv
2023;4.0;Obitos;Óbitos;15 Pará;1181,0;sih_cnv_qiuf203912187_34_144_173.csv
2023;4.0;Obitos;Óbitos;16 Amapá;147,0;sih_cnv_qiuf203912187_34_144_173.csv
2023;4.0;Obitos;Óbitos;17 Tocantins;319,0;sih_cnv_qiuf203912187_34_144_173.csv
2023;4.0;Obitos;Óbitos;21 Maranhão;1107,0;sih_cnv_qiuf203912187_34_144_173.csv
2023;4.0;Obitos;Óbitos;22 Piauí;618,0;sih_cnv_qiuf203912187_34_144_173.csv
2023;4.0;Obitos;Óbitos;23 Ceará;1926,0;sih_cnv_qiuf203912187_34_144_173.csv
2023;4.0;Obitos;Óbitos;24 Rio Grande do Norte;540,0;sih_cnv_qiuf203912187_34_144_173.csv
2023;4.0;Obitos;Óbitos;25 Paraíba;897,0;sih_cnv_qiuf203912187_34_144_173.csv
2023;4.0;Obitos;Óbitos;26 Pernambuco;2105,0;sih_cnv_qiuf203912187_34_144_173.csv
2023;4.0;Obitos;Óbitos;27 Alagoas;582,0;sih_cnv_qiuf203912187_34_144_173.csv
2023;4.0;Obitos;Óbitos;28 Sergipe;439,0;sih_cnv_qiuf203912187_34_144_173.csv
2023;4.0;Obitos;Óbitos;29 Bahia;2822,0;sih_cnv_qiuf203912187_34_144_173.csv
2023;4.0;Obitos;Óbitos;31 Minas Gerais;5409,0;sih_cnv_qiuf203912187_34_144_173.csv
2023;4.0;Obitos;Óbitos;32 Espírito Santo;909,0;sih_cnv_qiuf203912187_34_144_173.csv
2023;4.0;Obitos;Óbitos;33 Rio de Janeiro;4234,0;sih_cnv_qiuf203912187_34_144_173.csv
2023;4.0;Obitos;Óbitos;35 São Paulo;10894,0;sih_cnv_qiuf203912187_34_144_173.csv
2023;4.0;Obitos;Óbitos;41 Paraná;2968,0;sih_cnv_qiuf203912187_34_144_173.csv
2023;4.0;Obitos;Óbitos;42 Santa Catarina;1873,0;sih_cnv_qiuf203912187_34_144_173.csv
2023;4.0;Obitos;Óbitos;43 Rio Grande do Sul;3242,0;sih_cnv_qiuf203912187_34_144_173.csv
2023;4.0;Obitos;Óbitos;50 Mato Grosso do Sul;756,0;sih_cnv_qiuf203912187_34_144_173.csv
2023;4.0;Obitos;Óbitos;51 Mato Grosso;595,0;sih_cnv_qiuf203912187_34_144_173.csv
2023;4.0;Obitos;Óbitos;52 Goiás;1274,0;sih_cnv_qiuf203912187_34_144_173.csv
2023;4.0;Obitos;Óbitos;53 Distrito Federal;564,0;sih_cnv_qiuf203912187_34_144_173.csv
2023;5.0;Obitos;Óbitos;11 Rondônia;381,0;sih_cnv_qiuf203919187_34_144_173.csv
2023;5.0;Obitos;Óbitos;12 Acre;199,0;sih_cnv_qiuf203919187_34_144_173.csv
2023;5.0;Obitos;Óbitos;13 Amazonas;659,0;sih_cnv_qiuf203919187_34_144_173.csv
2023;5.0;Obitos;Óbitos;14 Roraima;118,0;sih_cnv_qiuf203919187_34_144_173.csv
2023;5.0;Obitos;Óbitos;15 Pará;1194,0;sih_cnv_qiuf203919187_34_144_173.csv
2023;5.0;Obitos;Óbitos;16 Amapá;157,0;sih_cnv_qiuf203919187_34_144_173.csv
2023;5.0;Obitos;Óbitos;17 Tocantins;380,0;sih_cnv_qiuf203919187_34_144_173.csv
2023;5.0;Obitos;Óbitos;21 Maranhão;1242,0;sih_cnv_qiuf203919187_34_144_173.csv
2023;5.0;Obitos;Óbitos;22 Piauí;663,0;sih_cnv_qiuf203919187_34_144_173.csv
2023;5.0;Obitos;Óbitos;23 Ceará;2094,0;sih_cnv_qiuf203919187_34_144_173.csv
2023;5.0;Obitos;Óbitos;24 Rio Grande do Norte;600,0;sih_cnv_qiuf203919187_34_144_173.csv
2023;5.0;Obitos;Óbitos;25 Paraíba;940,0;sih_cnv_qiuf203919187_34_144_173.csv
2023;5.0;Obitos;Óbitos;26 Pernambuco;2333,0;sih_cnv_qiuf203919187_34_144_173.csv
2023;5.0;Obitos;Óbitos;27 Alagoas;640,0;sih_cnv_qiuf203919187_34_144_173.csv
2023;5.0;Obitos;Óbitos;28 Sergipe;457,0;sih_cnv_qiuf203919187_34_144_173.csv
2023;5.0;Obitos;Óbitos;29 Bahia;2869,0;sih_cnv_qiuf203919187_34_144_173.csv
2023;5.0;Obitos;Óbitos;31 Minas Gerais;5881,0;sih_cnv_qiuf203919187_34_144_173.csv
2023;5.0;Obitos;Óbitos;32 Espírito Santo;933,0;sih_cnv_qiuf203919187_34_144_173.csv
2023;5.0;Obitos;Óbitos;33 Rio de Janeiro;4577,0;sih_cnv_qiuf203919187_34_144_173.csv
2023;5.0;Obitos;Óbitos;35 São Paulo;11361,0;sih_cnv_qiuf203919187_34_144_173.csv
2023;5.0;Obitos;Óbitos;41 Paraná;3353,0;sih_cnv_qiuf203919187_34_144_173.csv
2023;5.0;Obitos;Óbitos;42 Santa Catarina;2089,0;sih_cnv_qiuf203919187_34_144_173.csv
2023;5.0;Obitos;Óbitos;43 Rio Grande do Sul;3584,0;sih_cnv_qiuf203919187_34_144_173.csv
2023;5.0;Obitos;Óbitos;50 Mato Grosso do Sul;706,0;sih_cnv_qiuf203919187_34_144_173.csv
2023;5.0;Obitos;Óbitos;51 Mato Grosso;635,0;sih_cnv_qiuf203919187_34_144_173.csv
2023;5.0;Obitos;Óbitos;52 Goiás;1375,0;sih_cnv_qiuf203919187_34_144_173.csv
2023;5.0;Obitos;Óbitos;53 Distrito Federal;547,0;sih_cnv_qiuf203919187_34_144_173.csv
2023;7.0;Obitos;Óbitos;11 Rondônia;329,0;sih_cnv_qiuf204021187_34_144_173.csv
2023;7.0;Obitos;Óbitos;12 Acre;178,0;sih_cnv_qiuf204021187_34_144_173.csv
2023;7.0;Obitos;Óbitos;13 Amazonas;757,0;sih_cnv_qiuf204021187_34_144_173.csv
2023;7.0;Obitos;Óbitos;14 Roraima;97,0;sih_cnv_qiuf204021187_34_144_173.csv
2023;7.0;Obitos;Óbitos;15 Pará;1215,0;sih_cnv_qiuf204021187_34_144_173.csv
2023;7.0;Obitos;Óbitos;16 Amapá;114,0;sih_cnv_qiuf204021187_34_144_173.csv
2023;7.0;Obitos;Óbitos;17 Tocantins;269,0;sih_cnv_qiuf204021187_34_144_173.csv
2023;7.0;Obitos;Óbitos;21 Maranhão;1228,0;sih_cnv_qiuf204021187_34_144_173.csv
2023;7.0;Obitos;Óbitos;22 Piauí;741,0;sih_cnv_qiuf204021187_34_144_173.csv
2023;7.0;Obitos;Óbitos;23 Ceará;1922,0;sih_cnv_qiuf204021187_34_144_173.csv
2023;7.0;Obitos;Óbitos;24 Rio Grande do Norte;653,0;sih_cnv_qiuf204021187_34_144_173.csv
2023;7.0;Obitos;Óbitos;25 Paraíba;993,0;sih_cnv_qiuf204021187_34_144_173.csv
2023;7.0;Obitos;Óbitos;26 Pernambuco;2511,0;sih_cnv_qiuf204021187_34_144_173.csv
2023;7.0;Obitos;Óbitos;27 Alagoas;761,0;sih_cnv_qiuf204021187_34_144_173.csv
2023;7.0;Obitos;Óbitos;28 Sergipe;504,0;sih_cnv_qiuf204021187_34_144_173.csv
2023;7.0;Obitos;Óbitos;29 Bahia;3277,0;sih_cnv_qiuf204021187_34_144_173.csv
2023;7.0;Obitos;Óbitos;31 Minas Gerais;6082,0;sih_cnv_qiuf204021187_34_144_173.csv
2023;7.0;Obitos;Óbitos;32 Espírito Santo;996,0;sih_cnv_qiuf204021187_34_144_173.csv
2023;7.0;Obitos;Óbitos;33 Rio de Janeiro;4948,0;sih_cnv_qiuf204021187_34_144_173.csv
2023;7.0;Obitos;Óbitos;35 São Paulo;12447,0;sih_cnv_qiuf204021187_34_144_173.csv
2023;7.0;Obitos;Óbitos;41 Paraná;3455,0;sih_cnv_qiuf204021187_34_144_173.csv
2023;7.0;Obitos;Óbitos;42 Santa Catarina;2088,0;sih_cnv_qiuf204021187_34_144_173.csv
2023;7.0;Obitos;Óbitos;43 Rio Grande do Sul;3963,0;sih_cnv_qiuf204021187_34_144_173.csv
2023;7.0;Obitos;Óbitos;50 Mato Grosso do Sul;702,0;sih_cnv_qiuf204021187_34_144_173.csv
2023;7.0;Obitos;Óbitos;51 Mato Grosso;582,0;sih_cnv_qiuf204021187_34_144_173.csv
2023;7.0;Obitos;Óbitos;52 Goiás;1365,0;sih_cnv_qiuf204021187_34_144_173.csv
2023;7.0;Obitos;Óbitos;53 Distrito Federal;613,0;sih_cnv_qiuf204021187_34_144_173.csv
2023;6.0;Obitos;Óbitos;11 Rondônia;325,0;sih_cnv_qiuf204028187_34_144_173.csv
2023;6.0;Obitos;Óbitos;12 Acre;181,0;sih_cnv_qiuf204028187_34_144_173.csv
2023;6.0;Obitos;Óbitos;13 Amazonas;706,0;sih_cnv_qiuf204028187_34_144_173.csv
2023;6.0;Obitos;Óbitos;14 Roraima;78,0;sih_cnv_qiuf204028187_34_144_173.csv
2023;6.0;Obitos;Óbitos;15 Pará;1190,0;sih_cnv_qiuf204028187_34_144_173.csv
2023;6.0;Obitos;Óbitos;16 Amapá;125,0;sih_cnv_qiuf204028187_34_144_173.csv
2023;6.0;Obitos;Óbitos;17 Tocantins;259,0;sih_cnv_qiuf204028187_34_144_173.csv
2023;6.0;Obitos;Óbitos;21 Maranhão;1176,0;sih_cnv_qiuf204028187_34_144_173.csv
2023;6.0;Obitos;Óbitos;22 Piauí;653,0;sih_cnv_qiuf204028187_34_144_173.csv
2023;6.0;Obitos;Óbitos;23 Ceará;1902,0;sih_cnv_qiuf204028187_34_144_173.csv
2023;6.0;Obitos;Óbitos;24 Rio Grande do Norte;646,0;sih_cnv_qiuf204028187_34_144_173.csv
2023;6.0;Obitos;Óbitos;25 Paraíba;774,0;sih_cnv_qiuf204028187_34_144_173.csv
2023;6.0;Obitos;Óbitos;26 Pernambuco;2211,0;sih_cnv_qiuf204028187_34_144_173.csv
2023;6.0;Obitos;Óbitos;27 Alagoas;626,0;sih_cnv_qiuf204028187_34_144_173.csv
2023;6.0;Obitos;Óbitos;28 Sergipe;467,0;sih_cnv_qiuf204028187_34_144_173.csv
2023;6.0;Obitos;Óbitos;29 Bahia;2968,0;sih_cnv_qiuf204028187_34_144_173.csv
2023;6.0;Obitos;Óbitos;31 Minas Gerais;5891,0;sih_cnv_qiuf204028187_34_144_173.csv
2023;6.0;Obitos;Óbitos;32 Espírito Santo;1010,0;sih_cnv_qiuf204028187_34_144_173.csv
2023;6.0;Obitos;Óbitos;33 Rio de Janeiro;4962,0;sih_cnv_qiuf204028187_34_144_173.csv
2023;6.0;Obitos;Óbitos;35 São Paulo;12420,0;sih_cnv_qiuf204028187_34_144_173.csv
2023;6.0;Obitos;Óbitos;41 Paraná;3316,0;sih_cnv_qiuf204028187_34_144_173.csv
2023;6.0;Obitos;Óbitos;42 Santa Catarina;2143,0;sih_cnv_qiuf204028187_34_144_173.csv
2023;6.0;Obitos;Óbitos;43 Rio Grande do Sul;3702,0;sih_cnv_qiuf204028187_34_144_173.csv
2023;6.0;Obitos;Óbitos;50 Mato Grosso do Sul;695,0;sih_cnv_qiuf204028187_34_144_173.csv
2023;6.0;Obitos;Óbitos;51 Mato Grosso;628,0;sih_cnv_qiuf204028187_34_144_173.csv
2023;6.0;Obitos;Óbitos;52 Goiás;1171,0;sih_cnv_qiuf204028187_34_144_173.csv
2023;6.0;Obitos;Óbitos;53 Distrito Federal;629,0;sih_cnv_qiuf204028187_34_144_173.csv
2024;12.0;Obitos;Óbitos;11 Rondônia;306,0;sih_cnv_qiuf203259187_34_144_173.csv
2024;12.0;Obitos;Óbitos;12 Acre;123,0;sih_cnv_qiuf203259187_34_144_173.csv
2024;12.0;Obitos;Óbitos;13 Amazonas;413,0;sih_cnv_qiuf203259187_34_144_173.csv
2024;12.0;Obitos;Óbitos;14 Roraima;60,0;sih_cnv_qiuf203259187_34_144_173.csv
2024;12.0;Obitos;Óbitos;15 Pará;1227,0;sih_cnv_qiuf203259187_34_144_173.csv
2024;12.0;Obitos;Óbitos;16 Amapá;109,0;sih_cnv_qiuf203259187_34_144_173.csv
2024;12.0;Obitos;Óbitos;17 Tocantins;268,0;sih_cnv_qiuf203259187_34_144_173.csv
2024;12.0;Obitos;Óbitos;21 Maranhão;1230,0;sih_cnv_qiuf203259187_34_144_173.csv
2024;12.0;Obitos;Óbitos;22 Piauí;655,0;sih_cnv_qiuf203259187_34_144_173.csv
2024;12.0;Obitos;Óbitos;23 Ceará;1930,0;sih_cnv_qiuf203259187_34_144_173.csv
2024;12.0;Obitos;Óbitos;24 Rio Grande do Norte;645,0;sih_cnv_qiuf203259187_34_144_173.csv
2024;12.0;Obitos;Óbitos;25 Paraíba;1041,0;sih_cnv_qiuf203259187_34_144_173.csv
2024;12.0;Obitos;Óbitos;26 Pernambuco;2341,0;sih_cnv_qiuf203259187_34_144_173.csv
2024;12.0;Obitos;Óbitos;27 Alagoas;643,0;sih_cnv_qiuf203259187_34_144_173.csv
2024;12.0;Obitos;Óbitos;28 Sergipe;470,0;sih_cnv_qiuf203259187_34_144_173.csv
2024;12.0;Obitos;Óbitos;29 Bahia;2702,0;sih_cnv_qiuf203259187_34_144_173.csv
2024;12.0;Obitos;Óbitos;31 Minas Gerais;5723,0;sih_cnv_qiuf203259187_34_144_173.csv
2024;12.0;Obitos;Óbitos;32 Espírito Santo;1002,0;sih_cnv_qiuf203259187_34_144_173.csv
2024;12.0;Obitos;Óbitos;33 Rio de Janeiro;4391,0;sih_cnv_qiuf203259187_34_144_173.csv
2024;12.0;Obitos;Óbitos;35 São Paulo;11627,0;sih_cnv_qiuf203259187_34_144_173.csv
2024;12.0;Obitos;Óbitos;41 Paraná;3055,0;sih_cnv_qiuf203259187_34_144_173.csv
2024;12.0;Obitos;Óbitos;42 Santa Catarina;2041,0;sih_cnv_qiuf203259187_34_144_173.csv
2024;12.0;Obitos;Óbitos;43 Rio Grande do Sul;3423,0;sih_cnv_qiuf203259187_34_144_173.csv
2024;12.0;Obitos;Óbitos;50 Mato Grosso do Sul;661,0;sih_cnv_qiuf203259187_34_144_173.csv
2024;12.0;Obitos;Óbitos;51 Mato Grosso;617,0;sih_cnv_qiuf203259187_34_144_173.csv
2024;12.0;Obitos;Óbitos;52 Goiás;1332,0;sih_cnv_qiuf203259187_34_144_173.csv
2024;12.0;Obitos;Óbitos;53 Distrito Federal;525,0;sih_cnv_qiuf203259187_34_144_173.csv
2024;11.0;Obitos;Óbitos;11 Rondônia;301,0;sih_cnv_qiuf203340187_34_144_173.csv
2024;11.0;Obitos;Óbitos;12 Acre;151,0;sih_cnv_qiuf203340187_34_144_173.csv
2024;11.0;Obitos;Óbitos;13 Amazonas;503,0;sih_cnv_qiuf203340187_34_144_173.csv
2024;11.0;Obitos;Óbitos;14 Roraima;80,0;sih_cnv_qiuf203340187_34_144_173.csv
2024;11.0;Obitos;Óbitos;15 Pará;1255,0;sih_cnv_qiuf203340187_34_144_173.csv
2024;11.0;Obitos;Óbitos;16 Amapá;112,0;sih_cnv_qiuf203340187_34_144_173.csv
2024;11.0;Obitos;Óbitos;17 Tocantins;279,0;sih_cnv_qiuf203340187_34_144_173.csv
2024;11.0;Obitos;Óbitos;21 Maranhão;1150,0;sih_cnv_qiuf203340187_34_144_173.csv
2024;11.0;Obitos;Óbitos;22 Piauí;624,0;sih_cnv_qiuf203340187_34_144_173.csv
2024;11.0;Obitos;Óbitos;23 Ceará;1746,0;sih_cnv_qiuf203340187_34_144_173.csv
2024;11.0;Obitos;Óbitos;24 Rio Grande do Norte;705,0;sih_cnv_qiuf203340187_34_144_173.csv
2024;11.0;Obitos;Óbitos;25 Paraíba;917,0;sih_cnv_qiuf203340187_34_144_173.csv
2024;11.0;Obitos;Óbitos;26 Pernambuco;2108,0;sih_cnv_qiuf203340187_34_144_173.csv
2024;11.0;Obitos;Óbitos;27 Alagoas;564,0;sih_cnv_qiuf203340187_34_144_173.csv
2024;11.0;Obitos;Óbitos;28 Sergipe;471,0;sih_cnv_qiuf203340187_34_144_173.csv
2024;11.0;Obitos;Óbitos;29 Bahia;3038,0;sih_cnv_qiuf203340187_34_144_173.csv
2024;11.0;Obitos;Óbitos;31 Minas Gerais;5606,0;sih_cnv_qiuf203340187_34_144_173.csv
2024;11.0;Obitos;Óbitos;32 Espírito Santo;964,0;sih_cnv_qiuf203340187_34_144_173.csv
2024;11.0;Obitos;Óbitos;33 Rio de Janeiro;4516,0;sih_cnv_qiuf203340187_34_144_173.csv
2024;11.0;Obitos;Óbitos;35 São Paulo;11445,0;sih_cnv_qiuf203340187_34_144_173.csv
2024;11.0;Obitos;Óbitos;41 Paraná;3385,0;sih_cnv_qiuf203340187_34_144_173.csv
2024;11.0;Obitos;Óbitos;42 Santa Catarina;1876,0;sih_cnv_qiuf203340187_34_144_173.csv
2024;11.0;Obitos;Óbitos;43 Rio Grande do Sul;3708,0;sih_cnv_qiuf203340187_34_144_173.csv
2024;11.0;Obitos;Óbitos;50 Mato Grosso do Sul;726,0;sih_cnv_qiuf203340187_34_144_173.csv
2024;11.0;Obitos;Óbitos;51 Mato Grosso;607,0;sih_cnv_qiuf203340187_34_144_173.csv
2024;11.0;Obitos;Óbitos;52 Goiás;1181,0;sih_cnv_qiuf203340187_34_144_173.csv
2024;11.0;Obitos;Óbitos;53 Distrito Federal;554,0;sih_cnv_qiuf203340187_34_144_173.csv
2024;10.0;Obitos;Óbitos;11 Rondônia;313,0;sih_cnv_qiuf203348187_34_144_173.csv
2024;10.0;Obitos;Óbitos;12 Acre;159,0;sih_cnv_qiuf203348187_34_144_173.csv
2024;10.0;Obitos;Óbitos;13 Amazonas;585,0;sih_cnv_qiuf203348187_34_144_173.csv
2024;10.0;Obitos;Óbitos;14 Roraima;108,0;sih_cnv_qiuf203348187_34_144_173.csv
2024;10.0;Obitos;Óbitos;15 Pará;1264,0;sih_cnv_qiuf203348187_34_144_173.csv
2024;10.0;Obitos;Óbitos;16 Amapá;120,0;sih_cnv_qiuf203348187_34_144_173.csv
2024;10.0;Obitos;Óbitos;17 Tocantins;289,0;sih_cnv_qiuf203348187_34_144_173.csv
2024;10.0;Obitos;Óbitos;21 Maranhão;1243,0;sih_cnv_qiuf203348187_34_144_173.csv
2024;10.0;Obitos;Óbitos;22 Piauí;653,0;sih_cnv_qiuf203348187_34_144_173.csv
2024;10.0;Obitos;Óbitos;23 Ceará;2045,0;sih_cnv_qiuf203348187_34_144_173.csv
2024;10.0;Obitos;Óbitos;24 Rio Grande do Norte;664,0;sih_cnv_qiuf203348187_34_144_173.csv
2024;10.0;Obitos;Óbitos;25 Paraíba;1084,0;sih_cnv_qiuf203348187_34_144_173.csv
2024;10.0;Obitos;Óbitos;26 Pernambuco;2445,0;sih_cnv_qiuf203348187_34_144_173.csv
2024;10.0;Obitos;Óbitos;27 Alagoas;694,0;sih_cnv_qiuf203348187_34_144_173.csv
2024;10.0;Obitos;Óbitos;28 Sergipe;596,0;sih_cnv_qiuf203348187_34_144_173.csv
2024;10.0;Obitos;Óbitos;29 Bahia;3008,0;sih_cnv_qiuf203348187_34_144_173.csv
2024;10.0;Obitos;Óbitos;31 Minas Gerais;5986,0;sih_cnv_qiuf203348187_34_144_173.csv
2024;10.0;Obitos;Óbitos;32 Espírito Santo;1080,0;sih_cnv_qiuf203348187_34_144_173.csv
2024;10.0;Obitos;Óbitos;33 Rio de Janeiro;4668,0;sih_cnv_qiuf203348187_34_144_173.csv
2024;10.0;Obitos;Óbitos;35 São Paulo;12115,0;sih_cnv_qiuf203348187_34_144_173.csv
2024;10.0;Obitos;Óbitos;41 Paraná;3733,0;sih_cnv_qiuf203348187_34_144_173.csv
2024;10.0;Obitos;Óbitos;42 Santa Catarina;2307,0;sih_cnv_qiuf203348187_34_144_173.csv
2024;10.0;Obitos;Óbitos;43 Rio Grande do Sul;4105,0;sih_cnv_qiuf203348187_34_144_173.csv
2024;10.0;Obitos;Óbitos;50 Mato Grosso do Sul;858,0;sih_cnv_qiuf203348187_34_144_173.csv
2024;10.0;Obitos;Óbitos;51 Mato Grosso;691,0;sih_cnv_qiuf203348187_34_144_173.csv
2024;10.0;Obitos;Óbitos;52 Goiás;1320,0;sih_cnv_qiuf203348187_34_144_173.csv
2024;10.0;Obitos;Óbitos;53 Distrito Federal;571,0;sih_cnv_qiuf203348187_34_144_173.csv
2024;9.0;Obitos;Óbitos;11 Rondônia;312,0;sih_cnv_qiuf203356187_34_144_173.csv
2024;9.0;Obitos;Óbitos;12 Acre;149,0;sih_cnv_qiuf203356187_34_144_173.csv
2024;9.0;Obitos;Óbitos;13 Amazonas;694,0;sih_cnv_qiuf203356187_34_144_173.csv
2024;9.0;Obitos;Óbitos;14 Roraima;94,0;sih_cnv_qiuf203356187_34_144_173.csv
2024;9.0;Obitos;Óbitos;15 Pará;1159,0;sih_cnv_qiuf203356187_34_144_173.csv
2024;9.0;Obitos;Óbitos;16 Amapá;103,0;sih_cnv_qiuf203356187_34_144_173.csv
2024;9.0;Obitos;Óbitos;17 Tocantins;299,0;sih_cnv_qiuf203356187_34_144_173.csv
2024;9.0;Obitos;Óbitos;21 Maranhão;1186,0;sih_cnv_qiuf203356187_34_144_173.csv
2024;9.0;Obitos;Óbitos;22 Piauí;679,0;sih_cnv_qiuf203356187_34_144_173.csv
2024;9.0;Obitos;Óbitos;23 Ceará;2113,0;sih_cnv_qiuf203356187_34_144_173.csv
2024;9.0;Obitos;Óbitos;24 Rio Grande do Norte;670,0;sih_cnv_qiuf203356187_34_144_173.csv
2024;9.0;Obitos;Óbitos;25 Paraíba;1023,0;sih_cnv_qiuf203356187_34_144_173.csv
2024;9.0;Obitos;Óbitos;26 Pernambuco;2357,0;sih_cnv_qiuf203356187_34_144_173.csv
2024;9.0;Obitos;Óbitos;27 Alagoas;627,0;sih_cnv_qiuf203356187_34_144_173.csv
2024;9.0;Obitos;Óbitos;28 Sergipe;434,0;sih_cnv_qiuf203356187_34_144_173.csv
2024;9.0;Obitos;Óbitos;29 Bahia;2990,0;sih_cnv_qiuf203356187_34_144_173.csv
2024;9.0;Obitos;Óbitos;31 Minas Gerais;6060,0;sih_cnv_qiuf203356187_34_144_173.csv
2024;9.0;Obitos;Óbitos;32 Espírito Santo;1014,0;sih_cnv_qiuf203356187_34_144_173.csv
2024;9.0;Obitos;Óbitos;33 Rio de Janeiro;4731,0;sih_cnv_qiuf203356187_34_144_173.csv
2024;9.0;Obitos;Óbitos;35 São Paulo;12478,0;sih_cnv_qiuf203356187_34_144_173.csv
2024;9.0;Obitos;Óbitos;41 Paraná;3820,0;sih_cnv_qiuf203356187_34_144_173.csv
2024;9.0;Obitos;Óbitos;42 Santa Catarina;2251,0;sih_cnv_qiuf203356187_34_144_173.csv
2024;9.0;Obitos;Óbitos;43 Rio Grande do Sul;3790,0;sih_cnv_qiuf203356187_34_144_173.csv
2024;9.0;Obitos;Óbitos;50 Mato Grosso do Sul;837,0;sih_cnv_qiuf203356187_34_144_173.csv
2024;9.0;Obitos;Óbitos;51 Mato Grosso;688,0;sih_cnv_qiuf203356187_34_144_173.csv
2024;9.0;Obitos;Óbitos;52 Goiás;1377,0;sih_cnv_qiuf203356187_34_144_173.csv
2024;9.0;Obitos;Óbitos;53 Distrito Federal;574,0;sih_cnv_qiuf203356187_34_144_173.csv
2024;8.0;Obitos;Óbitos;11 Rondônia;334,0;sih_cnv_qiuf203422187_34_144_173.csv
2024;8.0;Obitos;Óbitos;12 Acre;147,0;sih_cnv_qiuf203422187_34_144_173.csv
2024;8.0;Obitos;Óbitos;13 Amazonas;581,0;sih_cnv_qiuf203422187_34_144_173.csv
2024;8.0;Obitos;Óbitos;14 Roraima;106,0;sih_cnv_qiuf203422187_34_144_173.csv
2024;8.0;Obitos;Óbitos;15 Pará;1242,0;sih_cnv_qiuf203422187_34_144_173.csv
2024;8.0;Obitos;Óbitos;16 Amapá;105,0;sih_cnv_qiuf203422187_34_144_173.csv
2024;8.0;Obitos;Óbitos;17 Tocantins;297,0;sih_cnv_qiuf203422187_34_144_173.csv
2024;8.0;Obitos;Óbitos;21 Maranhão;1119,0;sih_cnv_qiuf203422187_34_144_173.csv
2024;8.0;Obitos;Óbitos;22 Piauí;678,0;sih_cnv_qiuf203422187_34_144_173.csv
2024;8.0;Obitos;Óbitos;23 Ceará;2066,0;sih_cnv_qiuf203422187_34_144_173.csv
2024;8.0;Obitos;Óbitos;24 Rio Grande do Norte;637,0;sih_cnv_qiuf203422187_34_144_173.csv
2024;8.0;Obitos;Óbitos;25 Paraíba;1064,0;sih_cnv_qiuf203422187_34_144_173.csv
2024;8.0;Obitos;Óbitos;26 Pernambuco;2534,0;sih_cnv_qiuf203422187_34_144_173.csv
2024;8.0;Obitos;Óbitos;27 Alagoas;660,0;sih_cnv_qiuf203422187_34_144_173.csv
2024;8.0;Obitos;Óbitos;28 Sergipe;445,0;sih_cnv_qiuf203422187_34_144_173.csv
2024;8.0;Obitos;Óbitos;29 Bahia;3244,0;sih_cnv_qiuf203422187_34_144_173.csv
2024;8.0;Obitos;Óbitos;31 Minas Gerais;6313,0;sih_cnv_qiuf203422187_34_144_173.csv
2024;8.0;Obitos;Óbitos;32 Espírito Santo;983,0;sih_cnv_qiuf203422187_34_144_173.csv
2024;8.0;Obitos;Óbitos;33 Rio de Janeiro;4980,0;sih_cnv_qiuf203422187_34_144_173.csv
2024;8.0;Obitos;Óbitos;35 São Paulo;13070,0;sih_cnv_qiuf203422187_34_144_173.csv
2024;8.0;Obitos;Óbitos;41 Paraná;3990,0;sih_cnv_qiuf203422187_34_144_173.csv
2024;8.0;Obitos;Óbitos;42 Santa Catarina;2379,0;sih_cnv_qiuf203422187_34_144_173.csv
2024;8.0;Obitos;Óbitos;43 Rio Grande do Sul;4225,0;sih_cnv_qiuf203422187_34_144_173.csv
2024;8.0;Obitos;Óbitos;50 Mato Grosso do Sul;820,0;sih_cnv_qiuf203422187_34_144_173.csv
2024;8.0;Obitos;Óbitos;51 Mato Grosso;799,0;sih_cnv_qiuf203422187_34_144_173.csv
2024;8.0;Obitos;Óbitos;52 Goiás;1385,0;sih_cnv_qiuf203422187_34_144_173.csv
2024;8.0;Obitos;Óbitos;53 Distrito Federal;630,0;sih_cnv_qiuf203422187_34_144_173.csv
2024;7.0;Obitos;Óbitos;11 Rondônia;388,0;sih_cnv_qiuf203430187_34_144_173.csv
2024;7.0;Obitos;Óbitos;12 Acre;183,0;sih_cnv_qiuf203430187_34_144_173.csv
2024;7.0;Obitos;Óbitos;13 Amazonas;586,0;sih_cnv_qiuf203430187_34_144_173.csv
2024;7.0;Obitos;Óbitos;14 Roraima;114,0;sih_cnv_qiuf203430187_34_144_173.csv
2024;7.0;Obitos;Óbitos;15 Pará;1330,0;sih_cnv_qiuf203430187_34_144_173.csv
2024;7.0;Obitos;Óbitos;16 Amapá;141,0;sih_cnv_qiuf203430187_34_144_173.csv
2024;7.0;Obitos;Óbitos;17 Tocantins;294,0;sih_cnv_qiuf203430187_34_144_173.csv
2024;7.0;Obitos;Óbitos;21 Maranhão;1230,0;sih_cnv_qiuf203430187_34_144_173.csv
2024;7.0;Obitos;Óbitos;22 Piauí;712,0;sih_cnv_qiuf203430187_34_144_173.csv
2024;7.0;Obitos;Óbitos;23 Ceará;1991,0;sih_cnv_qiuf203430187_34_144_173.csv
2024;7.0;Obitos;Óbitos;24 Rio Grande do Norte;756,0;sih_cnv_qiuf203430187_34_144_173.csv
2024;7.0;Obitos;Óbitos;25 Paraíba;1080,0;sih_cnv_qiuf203430187_34_144_173.csv
2024;7.0;Obitos;Óbitos;26 Pernambuco;2365,0;sih_cnv_qiuf203430187_34_144_173.csv
2024;7.0;Obitos;Óbitos;27 Alagoas;668,0;sih_cnv_qiuf203430187_34_144_173.csv
2024;7.0;Obitos;Óbitos;28 Sergipe;465,0;sih_cnv_qiuf203430187_34_144_173.csv
2024;7.0;Obitos;Óbitos;29 Bahia;3336,0;sih_cnv_qiuf203430187_34_144_173.csv
2024;7.0;Obitos;Óbitos;31 Minas Gerais;6371,0;sih_cnv_qiuf203430187_34_144_173.csv
2024;7.0;Obitos;Óbitos;32 Espírito Santo;1059,0;sih_cnv_qiuf203430187_34_144_173.csv
2024;7.0;Obitos;Óbitos;33 Rio de Janeiro;4947,0;sih_cnv_qiuf203430187_34_144_173.csv
2024;7.0;Obitos;Óbitos;35 São Paulo;13426,0;sih_cnv_qiuf203430187_34_144_173.csv
2024;7.0;Obitos;Óbitos;41 Paraná;3779,0;sih_cnv_qiuf203430187_34_144_173.csv
2024;7.0;Obitos;Óbitos;42 Santa Catarina;2460,0;sih_cnv_qiuf203430187_34_144_173.csv
2024;7.0;Obitos;Óbitos;43 Rio Grande do Sul;4283,0;sih_cnv_qiuf203430187_34_144_173.csv
2024;7.0;Obitos;Óbitos;50 Mato Grosso do Sul;805,0;sih_cnv_qiuf203430187_34_144_173.csv
2024;7.0;Obitos;Óbitos;51 Mato Grosso;746,0;sih_cnv_qiuf203430187_34_144_173.csv
2024;7.0;Obitos;Óbitos;52 Goiás;1454,0;sih_cnv_qiuf203430187_34_144_173.csv
2024;7.0;Obitos;Óbitos;53 Distrito Federal;615,0;sih_cnv_qiuf203430187_34_144_173.csv
2024;6.0;Obitos;Óbitos;11 Rondônia;371,0;sih_cnv_qiuf203439187_34_144_173.csv
2024;6.0;Obitos;Óbitos;12 Acre;137,0;sih_cnv_qiuf203439187_34_144_173.csv
2024;6.0;Obitos;Óbitos;13 Amazonas;654,0;sih_cnv_qiuf203439187_34_144_173.csv
2024;6.0;Obitos;Óbitos;14 Roraima;102,0;sih_cnv_qiuf203439187_34_144_173.csv
2024;6.0;Obitos;Óbitos;15 Pará;1246,0;sih_cnv_qiuf203439187_34_144_173.csv
2024;6.0;Obitos;Óbitos;16 Amapá;120,0;sih_cnv_qiuf203439187_34_144_173.csv
2024;6.0;Obitos;Óbitos;17 Tocantins;288,0;sih_cnv_qiuf203439187_34_144_173.csv
2024;6.0;Obitos;Óbitos;21 Maranhão;1205,0;sih_cnv_qiuf203439187_34_144_173.csv
2024;6.0;Obitos;Óbitos;22 Piauí;686,0;sih_cnv_qiuf203439187_34_144_173.csv
2024;6.0;Obitos;Óbitos;23 Ceará;2077,0;sih_cnv_qiuf203439187_34_144_173.csv
2024;6.0;Obitos;Óbitos;24 Rio Grande do Norte;657,0;sih_cnv_qiuf203439187_34_144_173.csv
2024;6.0;Obitos;Óbitos;25 Paraíba;1042,0;sih_cnv_qiuf203439187_34_144_173.csv
2024;6.0;Obitos;Óbitos;26 Pernambuco;2382,0;sih_cnv_qiuf203439187_34_144_173.csv
2024;6.0;Obitos;Óbitos;27 Alagoas;647,0;sih_cnv_qiuf203439187_34_144_173.csv
2024;6.0;Obitos;Óbitos;28 Sergipe;440,0;sih_cnv_qiuf203439187_34_144_173.csv
2024;6.0;Obitos;Óbitos;29 Bahia;2925,0;sih_cnv_qiuf203439187_34_144_173.csv
2024;6.0;Obitos;Óbitos;31 Minas Gerais;6192,0;sih_cnv_qiuf203439187_34_144_173.csv
2024;6.0;Obitos;Óbitos;32 Espírito Santo;1070,0;sih_cnv_qiuf203439187_34_144_173.csv
2024;6.0;Obitos;Óbitos;33 Rio de Janeiro;4915,0;sih_cnv_qiuf203439187_34_144_173.csv
2024;6.0;Obitos;Óbitos;35 São Paulo;13094,0;sih_cnv_qiuf203439187_34_144_173.csv
2024;6.0;Obitos;Óbitos;41 Paraná;3803,0;sih_cnv_qiuf203439187_34_144_173.csv
2024;6.0;Obitos;Óbitos;42 Santa Catarina;2262,0;sih_cnv_qiuf203439187_34_144_173.csv
2024;6.0;Obitos;Óbitos;43 Rio Grande do Sul;4043,0;sih_cnv_qiuf203439187_34_144_173.csv
2024;6.0;Obitos;Óbitos;50 Mato Grosso do Sul;785,0;sih_cnv_qiuf203439187_34_144_173.csv
2024;6.0;Obitos;Óbitos;51 Mato Grosso;678,0;sih_cnv_qiuf203439187_34_144_173.csv
2024;6.0;Obitos;Óbitos;52 Goiás;1331,0;sih_cnv_qiuf203439187_34_144_173.csv
2024;6.0;Obitos;Óbitos;53 Distrito Federal;562,0;sih_cnv_qiuf203439187_34_144_173.csv
2024;5.0;Obitos;Óbitos;11 Rondônia;353,0;sih_cnv_qiuf203547187_34_144_173.csv
2024;5.0;Obitos;Óbitos;12 Acre;145,0;sih_cnv_qiuf203547187_34_144_173.csv
2024;5.0;Obitos;Óbitos;13 Amazonas;683,0;sih_cnv_qiuf203547187_34_144_173.csv
2024;5.0;Obitos;Óbitos;14 Roraima;97,0;sih_cnv_qiuf203547187_34_144_173.csv
2024;5.0;Obitos;Óbitos;15 Pará;1250,0;sih_cnv_qiuf203547187_34_144_173.csv
2024;5.0;Obitos;Óbitos;16 Amapá;111,0;sih_cnv_qiuf203547187_34_144_173.csv
2024;5.0;Obitos;Óbitos;17 Tocantins;349,0;sih_cnv_qiuf203547187_34_144_173.csv
2024;5.0;Obitos;Óbitos;21 Maranhão;1355,0;sih_cnv_qiuf203547187_34_144_173.csv
2024;5.0;Obitos;Óbitos;22 Piauí;784,0;sih_cnv_qiuf203547187_34_144_173.csv
2024;5.0;Obitos;Óbitos;23 Ceará;2172,0;sih_cnv_qiuf203547187_34_144_173.csv
2024;5.0;Obitos;Óbitos;24 Rio Grande do Norte;604,0;sih_cnv_qiuf203547187_34_144_173.csv
2024;5.0;Obitos;Óbitos;25 Paraíba;1055,0;sih_cnv_qiuf203547187_34_144_173.csv
2024;5.0;Obitos;Óbitos;26 Pernambuco;2421,0;sih_cnv_qiuf203547187_34_144_173.csv
2024;5.0;Obitos;Óbitos;27 Alagoas;707,0;sih_cnv_qiuf203547187_34_144_173.csv
2024;5.0;Obitos;Óbitos;28 Sergipe;455,0;sih_cnv_qiuf203547187_34_144_173.csv
2024;5.0;Obitos;Óbitos;29 Bahia;3174,0;sih_cnv_qiuf203547187_34_144_173.csv
2024;5.0;Obitos;Óbitos;31 Minas Gerais;6100,0;sih_cnv_qiuf203547187_34_144_173.csv
2024;5.0;Obitos;Óbitos;32 Espírito Santo;1027,0;sih_cnv_qiuf203547187_34_144_173.csv
2024;5.0;Obitos;Óbitos;33 Rio de Janeiro;4719,0;sih_cnv_qiuf203547187_34_144_173.csv
2024;5.0;Obitos;Óbitos;35 São Paulo;13060,0;sih_cnv_qiuf203547187_34_144_173.csv
2024;5.0;Obitos;Óbitos;41 Paraná;3597,0;sih_cnv_qiuf203547187_34_144_173.csv
2024;5.0;Obitos;Óbitos;42 Santa Catarina;2290,0;sih_cnv_qiuf203547187_34_144_173.csv
2024;5.0;Obitos;Óbitos;43 Rio Grande do Sul;3907,0;sih_cnv_qiuf203547187_34_144_173.csv
2024;5.0;Obitos;Óbitos;50 Mato Grosso do Sul;678,0;sih_cnv_qiuf203547187_34_144_173.csv
2024;5.0;Obitos;Óbitos;51 Mato Grosso;736,0;sih_cnv_qiuf203547187_34_144_173.csv
2024;5.0;Obitos;Óbitos;52 Goiás;1405,0;sih_cnv_qiuf203547187_34_144_173.csv
2024;5.0;Obitos;Óbitos;53 Distrito Federal;653,0;sih_cnv_qiuf203547187_34_144_173.csv
2024;4.0;Obitos;Óbitos;11 Rondônia;297,0;sih_cnv_qiuf203553187_34_144_173.csv
2024;4.0;Obitos;Óbitos;12 Acre;150,0;sih_cnv_qiuf203553187_34_144_173.csv
2024;4.0;Obitos;Óbitos;13 Amazonas;692,0;sih_cnv_qiuf203553187_34_144_173.csv
2024;4.0;Obitos;Óbitos;14 Roraima;77,0;sih_cnv_qiuf203553187_34_144_173.csv
2024;4.0;Obitos;Óbitos;15 Pará;1307,0;sih_cnv_qiuf203553187_34_144_173.csv
2024;4.0;Obitos;Óbitos;16 Amapá;116,0;sih_cnv_qiuf203553187_34_144_173.csv
2024;4.0;Obitos;Óbitos;17 Tocantins;333,0;sih_cnv_qiuf203553187_34_144_173.csv
2024;4.0;Obitos;Óbitos;21 Maranhão;1218,0;sih_cnv_qiuf203553187_34_144_173.csv
2024;4.0;Obitos;Óbitos;22 Piauí;818,0;sih_cnv_qiuf203553187_34_144_173.csv
2024;4.0;Obitos;Óbitos;23 Ceará;2144,0;sih_cnv_qiuf203553187_34_144_173.csv
2024;4.0;Obitos;Óbitos;24 Rio Grande do Norte;657,0;sih_cnv_qiuf203553187_34_144_173.csv
2024;4.0;Obitos;Óbitos;25 Paraíba;1108,0;sih_cnv_qiuf203553187_34_144_173.csv
2024;4.0;Obitos;Óbitos;26 Pernambuco;2454,0;sih_cnv_qiuf203553187_34_144_173.csv
2024;4.0;Obitos;Óbitos;27 Alagoas;681,0;sih_cnv_qiuf203553187_34_144_173.csv
2024;4.0;Obitos;Óbitos;28 Sergipe;480,0;sih_cnv_qiuf203553187_34_144_173.csv
2024;4.0;Obitos;Óbitos;29 Bahia;3300,0;sih_cnv_qiuf203553187_34_144_173.csv
2024;4.0;Obitos;Óbitos;31 Minas Gerais;6366,0;sih_cnv_qiuf203553187_34_144_173.csv
2024;4.0;Obitos;Óbitos;32 Espírito Santo;1001,0;sih_cnv_qiuf203553187_34_144_173.csv
2024;4.0;Obitos;Óbitos;33 Rio de Janeiro;4554,0;sih_cnv_qiuf203553187_34_144_173.csv
2024;4.0;Obitos;Óbitos;35 São Paulo;12619,0;sih_cnv_qiuf203553187_34_144_173.csv
2024;4.0;Obitos;Óbitos;41 Paraná;3332,0;sih_cnv_qiuf203553187_34_144_173.csv
2024;4.0;Obitos;Óbitos;42 Santa Catarina;2074,0;sih_cnv_qiuf203553187_34_144_173.csv
2024;4.0;Obitos;Óbitos;43 Rio Grande do Sul;3554,0;sih_cnv_qiuf203553187_34_144_173.csv
2024;4.0;Obitos;Óbitos;50 Mato Grosso do Sul;693,0;sih_cnv_qiuf203553187_34_144_173.csv
2024;4.0;Obitos;Óbitos;51 Mato Grosso;645,0;sih_cnv_qiuf203553187_34_144_173.csv
2024;4.0;Obitos;Óbitos;52 Goiás;1427,0;sih_cnv_qiuf203553187_34_144_173.csv
2024;4.0;Obitos;Óbitos;53 Distrito Federal;651,0;sih_cnv_qiuf203553187_34_144_173.csv
2024;3.0;Obitos;Óbitos;11 Rondônia;324,0;sih_cnv_qiuf203615187_34_144_173.csv
2024;3.0;Obitos;Óbitos;12 Acre;182,0;sih_cnv_qiuf203615187_34_144_173.csv
2024;3.0;Obitos;Óbitos;13 Amazonas;626,0;sih_cnv_qiuf203615187_34_144_173.csv
2024;3.0;Obitos;Óbitos;14 Roraima;112,0;sih_cnv_qiuf203615187_34_144_173.csv
2024;3.0;Obitos;Óbitos;15 Pará;1267,0;sih_cnv_qiuf203615187_34_144_173.csv
2024;3.0;Obitos;Óbitos;16 Amapá;127,0;sih_cnv_qiuf203615187_34_144_173.csv
2024;3.0;Obitos;Óbitos;17 Tocantins;301,0;sih_cnv_qiuf203615187_34_144_173.csv
2024;3.0;Obitos;Óbitos;21 Maranhão;1206,0;sih_cnv_qiuf203615187_34_144_173.csv
2024;3.0;Obitos;Óbitos;22 Piauí;703,0;sih_cnv_qiuf203615187_34_144_173.csv
2024;3.0;Obitos;Óbitos;23 Ceará;1822,0;sih_cnv_qiuf203615187_34_144_173.csv
2024;3.0;Obitos;Óbitos;24 Rio Grande do Norte;622,0;sih_cnv_qiuf203615187_34_144_173.csv
2024;3.0;Obitos;Óbitos;25 Paraíba;1243,0;sih_cnv_qiuf203615187_34_144_173.csv
2024;3.0;Obitos;Óbitos;26 Pernambuco;2415,0;sih_cnv_qiuf203615187_34_144_173.csv
2024;3.0;Obitos;Óbitos;27 Alagoas;628,0;sih_cnv_qiuf203615187_34_144_173.csv
2024;3.0;Obitos;Óbitos;28 Sergipe;541,0;sih_cnv_qiuf203615187_34_144_173.csv
2024;3.0;Obitos;Óbitos;29 Bahia;3177,0;sih_cnv_qiuf203615187_34_144_173.csv
2024;3.0;Obitos;Óbitos;31 Minas Gerais;6265,0;sih_cnv_qiuf203615187_34_144_173.csv
2024;3.0;Obitos;Óbitos;32 Espírito Santo;970,0;sih_cnv_qiuf203615187_34_144_173.csv
2024;3.0;Obitos;Óbitos;33 Rio de Janeiro;4717,0;sih_cnv_qiuf203615187_34_144_173.csv
2024;3.0;Obitos;Óbitos;35 São Paulo;12230,0;sih_cnv_qiuf203615187_34_144_173.csv
2024;3.0;Obitos;Óbitos;41 Paraná;3430,0;sih_cnv_qiuf203615187_34_144_173.csv
2024;3.0;Obitos;Óbitos;42 Santa Catarina;1915,0;sih_cnv_qiuf203615187_34_144_173.csv
2024;3.0;Obitos;Óbitos;43 Rio Grande do Sul;3482,0;sih_cnv_qiuf203615187_34_144_173.csv
2024;3.0;Obitos;Óbitos;50 Mato Grosso do Sul;655,0;sih_cnv_qiuf203615187_34_144_173.csv
2024;3.0;Obitos;Óbitos;51 Mato Grosso;617,0;sih_cnv_qiuf203615187_34_144_173.csv
2024;3.0;Obitos;Óbitos;52 Goiás;1306,0;sih_cnv_qiuf203615187_34_144_173.csv
2024;3.0;Obitos;Óbitos;53 Distrito Federal;610,0;sih_cnv_qiuf203615187_34_144_173.csv
2024;2.0;Obitos;Óbitos;11 Rondônia;286,0;sih_cnv_qiuf203624187_34_144_173.csv
2024;2.0;Obitos;Óbitos;12 Acre;153,0;sih_cnv_qiuf203624187_34_144_173.csv
2024;2.0;Obitos;Óbitos;13 Amazonas;566,0;sih_cnv_qiuf203624187_34_144_173.csv
2024;2.0;Obitos;Óbitos;14 Roraima;83,0;sih_cnv_qiuf203624187_34_144_173.csv
2024;2.0;Obitos;Óbitos;15 Pará;1160,0;sih_cnv_qiuf203624187_34_144_173.csv
2024;2.0;Obitos;Óbitos;16 Amapá;130,0;sih_cnv_qiuf203624187_34_144_173.csv
2024;2.0;Obitos;Óbitos;17 Tocantins;324,0;sih_cnv_qiuf203624187_34_144_173.csv
2024;2.0;Obitos;Óbitos;21 Maranhão;1098,0;sih_cnv_qiuf203624187_34_144_173.csv
2024;2.0;Obitos;Óbitos;22 Piauí;634,0;sih_cnv_qiuf203624187_34_144_173.csv
2024;2.0;Obitos;Óbitos;23 Ceará;1735,0;sih_cnv_qiuf203624187_34_144_173.csv
2024;2.0;Obitos;Óbitos;24 Rio Grande do Norte;671,0;sih_cnv_qiuf203624187_34_144_173.csv
2024;2.0;Obitos;Óbitos;25 Paraíba;1030,0;sih_cnv_qiuf203624187_34_144_173.csv
2024;2.0;Obitos;Óbitos;26 Pernambuco;2187,0;sih_cnv_qiuf203624187_34_144_173.csv
2024;2.0;Obitos;Óbitos;27 Alagoas;619,0;sih_cnv_qiuf203624187_34_144_173.csv
2024;2.0;Obitos;Óbitos;28 Sergipe;486,0;sih_cnv_qiuf203624187_34_144_173.csv
2024;2.0;Obitos;Óbitos;29 Bahia;2884,0;sih_cnv_qiuf203624187_34_144_173.csv
2024;2.0;Obitos;Óbitos;31 Minas Gerais;5716,0;sih_cnv_qiuf203624187_34_144_173.csv
2024;2.0;Obitos;Óbitos;32 Espírito Santo;890,0;sih_cnv_qiuf203624187_34_144_173.csv
2024;2.0;Obitos;Óbitos;33 Rio de Janeiro;4670,0;sih_cnv_qiuf203624187_34_144_173.csv
2024;2.0;Obitos;Óbitos;35 São Paulo;11080,0;sih_cnv_qiuf203624187_34_144_173.csv
2024;2.0;Obitos;Óbitos;41 Paraná;3223,0;sih_cnv_qiuf203624187_34_144_173.csv
2024;2.0;Obitos;Óbitos;42 Santa Catarina;1937,0;sih_cnv_qiuf203624187_34_144_173.csv
2024;2.0;Obitos;Óbitos;43 Rio Grande do Sul;3285,0;sih_cnv_qiuf203624187_34_144_173.csv
2024;2.0;Obitos;Óbitos;50 Mato Grosso do Sul;625,0;sih_cnv_qiuf203624187_34_144_173.csv
2024;2.0;Obitos;Óbitos;51 Mato Grosso;546,0;sih_cnv_qiuf203624187_34_144_173.csv
2024;2.0;Obitos;Óbitos;52 Goiás;1176,0;sih_cnv_qiuf203624187_34_144_173.csv
2024;2.0;Obitos;Óbitos;53 Distrito Federal;581,0;sih_cnv_qiuf203624187_34_144_173.csv
2024;1.0;Obitos;Óbitos;11 Rondônia;343,0;sih_cnv_qiuf203629187_34_144_173.csv
2024;1.0;Obitos;Óbitos;12 Acre;126,0;sih_cnv_qiuf203629187_34_144_173.csv
2024;1.0;Obitos;Óbitos;13 Amazonas;487,0;sih_cnv_qiuf203629187_34_144_173.csv
2024;1.0;Obitos;Óbitos;14 Roraima;90,0;sih_cnv_qiuf203629187_34_144_173.csv
2024;1.0;Obitos;Óbitos;15 Pará;1169,0;sih_cnv_qiuf203629187_34_144_173.csv
2024;1.0;Obitos;Óbitos;16 Amapá;140,0;sih_cnv_qiuf203629187_34_144_173.csv
2024;1.0;Obitos;Óbitos;17 Tocantins;302,0;sih_cnv_qiuf203629187_34_144_173.csv
2024;1.0;Obitos;Óbitos;21 Maranhão;1293,0;sih_cnv_qiuf203629187_34_144_173.csv
2024;1.0;Obitos;Óbitos;22 Piauí;773,0;sih_cnv_qiuf203629187_34_144_173.csv
2024;1.0;Obitos;Óbitos;23 Ceará;1978,0;sih_cnv_qiuf203629187_34_144_173.csv
2024;1.0;Obitos;Óbitos;24 Rio Grande do Norte;677,0;sih_cnv_qiuf203629187_34_144_173.csv
2024;1.0;Obitos;Óbitos;25 Paraíba;976,0;sih_cnv_qiuf203629187_34_144_173.csv
2024;1.0;Obitos;Óbitos;26 Pernambuco;2228,0;sih_cnv_qiuf203629187_34_144_173.csv
2024;1.0;Obitos;Óbitos;27 Alagoas;638,0;sih_cnv_qiuf203629187_34_144_173.csv
2024;1.0;Obitos;Óbitos;28 Sergipe;460,0;sih_cnv_qiuf203629187_34_144_173.csv
2024;1.0;Obitos;Óbitos;29 Bahia;2901,0;sih_cnv_qiuf203629187_34_144_173.csv
2024;1.0;Obitos;Óbitos;31 Minas Gerais;5816,0;sih_cnv_qiuf203629187_34_144_173.csv
2024;1.0;Obitos;Óbitos;32 Espírito Santo;908,0;sih_cnv_qiuf203629187_34_144_173.csv
2024;1.0;Obitos;Óbitos;33 Rio de Janeiro;4664,0;sih_cnv_qiuf203629187_34_144_173.csv
2024;1.0;Obitos;Óbitos;35 São Paulo;11680,0;sih_cnv_qiuf203629187_34_144_173.csv
2024;1.0;Obitos;Óbitos;41 Paraná;3288,0;sih_cnv_qiuf203629187_34_144_173.csv
2024;1.0;Obitos;Óbitos;42 Santa Catarina;2071,0;sih_cnv_qiuf203629187_34_144_173.csv
2024;1.0;Obitos;Óbitos;43 Rio Grande do Sul;3585,0;sih_cnv_qiuf203629187_34_144_173.csv
2024;1.0;Obitos;Óbitos;50 Mato Grosso do Sul;757,0;sih_cnv_qiuf203629187_34_144_173.csv
2024;1.0;Obitos;Óbitos;51 Mato Grosso;622,0;sih_cnv_qiuf203629187_34_144_173.csv
2024;1.0;Obitos;Óbitos;52 Goiás;1226,0;sih_cnv_qiuf203629187_34_144_173.csv
2024;1.0;Obitos;Óbitos;53 Distrito Federal;653,0;sih_cnv_qiuf203629187_34_144_173.csv
2025;12.0;Obitos;Óbitos;11 Rondônia;347,0;sih_cnv_qiuf202254187_34_144_173.csv
2025;12.0;Obitos;Óbitos;12 Acre;104,0;sih_cnv_qiuf202254187_34_144_173.csv
2025;12.0;Obitos;Óbitos;13 Amazonas;601,0;sih_cnv_qiuf202254187_34_144_173.csv
2025;12.0;Obitos;Óbitos;14 Roraima;69,0;sih_cnv_qiuf202254187_34_144_173.csv
2025;12.0;Obitos;Óbitos;15 Pará;1273,0;sih_cnv_qiuf202254187_34_144_173.csv
2025;12.0;Obitos;Óbitos;16 Amapá;101,0;sih_cnv_qiuf202254187_34_144_173.csv
2025;12.0;Obitos;Óbitos;17 Tocantins;314,0;sih_cnv_qiuf202254187_34_144_173.csv
2025;12.0;Obitos;Óbitos;21 Maranhão;1251,0;sih_cnv_qiuf202254187_34_144_173.csv
2025;12.0;Obitos;Óbitos;22 Piauí;752,0;sih_cnv_qiuf202254187_34_144_173.csv
2025;12.0;Obitos;Óbitos;23 Ceará;1924,0;sih_cnv_qiuf202254187_34_144_173.csv
2025;12.0;Obitos;Óbitos;24 Rio Grande do Norte;639,0;sih_cnv_qiuf202254187_34_144_173.csv
2025;12.0;Obitos;Óbitos;25 Paraíba;988,0;sih_cnv_qiuf202254187_34_144_173.csv
2025;12.0;Obitos;Óbitos;26 Pernambuco;2377,0;sih_cnv_qiuf202254187_34_144_173.csv
2025;12.0;Obitos;Óbitos;27 Alagoas;612,0;sih_cnv_qiuf202254187_34_144_173.csv
2025;12.0;Obitos;Óbitos;28 Sergipe;441,0;sih_cnv_qiuf202254187_34_144_173.csv
2025;12.0;Obitos;Óbitos;29 Bahia;2869,0;sih_cnv_qiuf202254187_34_144_173.csv
2025;12.0;Obitos;Óbitos;31 Minas Gerais;5501,0;sih_cnv_qiuf202254187_34_144_173.csv
2025;12.0;Obitos;Óbitos;32 Espírito Santo;1038,0;sih_cnv_qiuf202254187_34_144_173.csv
2025;12.0;Obitos;Óbitos;33 Rio de Janeiro;4583,0;sih_cnv_qiuf202254187_34_144_173.csv
2025;12.0;Obitos;Óbitos;35 São Paulo;11595,0;sih_cnv_qiuf202254187_34_144_173.csv
2025;12.0;Obitos;Óbitos;41 Paraná;3405,0;sih_cnv_qiuf202254187_34_144_173.csv
2025;12.0;Obitos;Óbitos;42 Santa Catarina;2127,0;sih_cnv_qiuf202254187_34_144_173.csv
2025;12.0;Obitos;Óbitos;43 Rio Grande do Sul;3442,0;sih_cnv_qiuf202254187_34_144_173.csv
2025;12.0;Obitos;Óbitos;50 Mato Grosso do Sul;619,0;sih_cnv_qiuf202254187_34_144_173.csv
2025;12.0;Obitos;Óbitos;51 Mato Grosso;593,0;sih_cnv_qiuf202254187_34_144_173.csv
2025;12.0;Obitos;Óbitos;52 Goiás;1274,0;sih_cnv_qiuf202254187_34_144_173.csv
2025;12.0;Obitos;Óbitos;53 Distrito Federal;576,0;sih_cnv_qiuf202254187_34_144_173.csv
2025;10.0;Obitos;Óbitos;11 Rondônia;375,0;sih_cnv_qiuf202435187_34_144_173.csv
2025;10.0;Obitos;Óbitos;12 Acre;159,0;sih_cnv_qiuf202435187_34_144_173.csv
2025;10.0;Obitos;Óbitos;13 Amazonas;811,0;sih_cnv_qiuf202435187_34_144_173.csv
2025;10.0;Obitos;Óbitos;14 Roraima;80,0;sih_cnv_qiuf202435187_34_144_173.csv
2025;10.0;Obitos;Óbitos;15 Pará;1367,0;sih_cnv_qiuf202435187_34_144_173.csv
2025;10.0;Obitos;Óbitos;16 Amapá;113,0;sih_cnv_qiuf202435187_34_144_173.csv
2025;10.0;Obitos;Óbitos;17 Tocantins;303,0;sih_cnv_qiuf202435187_34_144_173.csv
2025;10.0;Obitos;Óbitos;21 Maranhão;1234,0;sih_cnv_qiuf202435187_34_144_173.csv
2025;10.0;Obitos;Óbitos;22 Piauí;709,0;sih_cnv_qiuf202435187_34_144_173.csv
2025;10.0;Obitos;Óbitos;23 Ceará;1946,0;sih_cnv_qiuf202435187_34_144_173.csv
2025;10.0;Obitos;Óbitos;24 Rio Grande do Norte;638,0;sih_cnv_qiuf202435187_34_144_173.csv
2025;10.0;Obitos;Óbitos;25 Paraíba;1091,0;sih_cnv_qiuf202435187_34_144_173.csv
2025;10.0;Obitos;Óbitos;26 Pernambuco;2386,0;sih_cnv_qiuf202435187_34_144_173.csv
2025;10.0;Obitos;Óbitos;27 Alagoas;703,0;sih_cnv_qiuf202435187_34_144_173.csv
2025;10.0;Obitos;Óbitos;28 Sergipe;476,0;sih_cnv_qiuf202435187_34_144_173.csv
2025;10.0;Obitos;Óbitos;29 Bahia;3251,0;sih_cnv_qiuf202435187_34_144_173.csv
2025;10.0;Obitos;Óbitos;31 Minas Gerais;5931,0;sih_cnv_qiuf202435187_34_144_173.csv
2025;10.0;Obitos;Óbitos;32 Espírito Santo;1138,0;sih_cnv_qiuf202435187_34_144_173.csv
2025;10.0;Obitos;Óbitos;33 Rio de Janeiro;4719,0;sih_cnv_qiuf202435187_34_144_173.csv
2025;10.0;Obitos;Óbitos;35 São Paulo;11999,0;sih_cnv_qiuf202435187_34_144_173.csv
2025;10.0;Obitos;Óbitos;41 Paraná;3577,0;sih_cnv_qiuf202435187_34_144_173.csv
2025;10.0;Obitos;Óbitos;42 Santa Catarina;2208,0;sih_cnv_qiuf202435187_34_144_173.csv
2025;10.0;Obitos;Óbitos;43 Rio Grande do Sul;3634,0;sih_cnv_qiuf202435187_34_144_173.csv
2025;10.0;Obitos;Óbitos;50 Mato Grosso do Sul;768,0;sih_cnv_qiuf202435187_34_144_173.csv
2025;10.0;Obitos;Óbitos;51 Mato Grosso;636,0;sih_cnv_qiuf202435187_34_144_173.csv
2025;10.0;Obitos;Óbitos;52 Goiás;1394,0;sih_cnv_qiuf202435187_34_144_173.csv
2025;10.0;Obitos;Óbitos;53 Distrito Federal;603,0;sih_cnv_qiuf202435187_34_144_173.csv
2025;9.0;Obitos;Óbitos;11 Rondônia;327,0;sih_cnv_qiuf202441187_34_144_173.csv
2025;9.0;Obitos;Óbitos;12 Acre;138,0;sih_cnv_qiuf202441187_34_144_173.csv
2025;9.0;Obitos;Óbitos;13 Amazonas;684,0;sih_cnv_qiuf202441187_34_144_173.csv
2025;9.0;Obitos;Óbitos;14 Roraima;106,0;sih_cnv_qiuf202441187_34_144_173.csv
2025;9.0;Obitos;Óbitos;15 Pará;1341,0;sih_cnv_qiuf202441187_34_144_173.csv
2025;9.0;Obitos;Óbitos;16 Amapá;83,0;sih_cnv_qiuf202441187_34_144_173.csv
2025;9.0;Obitos;Óbitos;17 Tocantins;431,0;sih_cnv_qiuf202441187_34_144_173.csv
2025;9.0;Obitos;Óbitos;21 Maranhão;1289,0;sih_cnv_qiuf202441187_34_144_173.csv
2025;9.0;Obitos;Óbitos;22 Piauí;647,0;sih_cnv_qiuf202441187_34_144_173.csv
2025;9.0;Obitos;Óbitos;23 Ceará;2112,0;sih_cnv_qiuf202441187_34_144_173.csv
2025;9.0;Obitos;Óbitos;24 Rio Grande do Norte;671,0;sih_cnv_qiuf202441187_34_144_173.csv
2025;9.0;Obitos;Óbitos;25 Paraíba;1085,0;sih_cnv_qiuf202441187_34_144_173.csv
2025;9.0;Obitos;Óbitos;26 Pernambuco;2368,0;sih_cnv_qiuf202441187_34_144_173.csv
2025;9.0;Obitos;Óbitos;27 Alagoas;717,0;sih_cnv_qiuf202441187_34_144_173.csv
2025;9.0;Obitos;Óbitos;28 Sergipe;575,0;sih_cnv_qiuf202441187_34_144_173.csv
2025;9.0;Obitos;Óbitos;29 Bahia;3325,0;sih_cnv_qiuf202441187_34_144_173.csv
2025;9.0;Obitos;Óbitos;31 Minas Gerais;6087,0;sih_cnv_qiuf202441187_34_144_173.csv
2025;9.0;Obitos;Óbitos;32 Espírito Santo;1070,0;sih_cnv_qiuf202441187_34_144_173.csv
2025;9.0;Obitos;Óbitos;33 Rio de Janeiro;4963,0;sih_cnv_qiuf202441187_34_144_173.csv
2025;9.0;Obitos;Óbitos;35 São Paulo;12092,0;sih_cnv_qiuf202441187_34_144_173.csv
2025;9.0;Obitos;Óbitos;41 Paraná;3607,0;sih_cnv_qiuf202441187_34_144_173.csv
2025;9.0;Obitos;Óbitos;42 Santa Catarina;2247,0;sih_cnv_qiuf202441187_34_144_173.csv
2025;9.0;Obitos;Óbitos;43 Rio Grande do Sul;4054,0;sih_cnv_qiuf202441187_34_144_173.csv
2025;9.0;Obitos;Óbitos;50 Mato Grosso do Sul;753,0;sih_cnv_qiuf202441187_34_144_173.csv
2025;9.0;Obitos;Óbitos;51 Mato Grosso;680,0;sih_cnv_qiuf202441187_34_144_173.csv
2025;9.0;Obitos;Óbitos;52 Goiás;1344,0;sih_cnv_qiuf202441187_34_144_173.csv
2025;9.0;Obitos;Óbitos;53 Distrito Federal;633,0;sih_cnv_qiuf202441187_34_144_173.csv
2025;11.0;Obitos;Óbitos;11 Rondônia;365,0;sih_cnv_qiuf202615187_34_144_173.csv
2025;11.0;Obitos;Óbitos;12 Acre;137,0;sih_cnv_qiuf202615187_34_144_173.csv
2025;11.0;Obitos;Óbitos;13 Amazonas;634,0;sih_cnv_qiuf202615187_34_144_173.csv
2025;11.0;Obitos;Óbitos;14 Roraima;77,0;sih_cnv_qiuf202615187_34_144_173.csv
2025;11.0;Obitos;Óbitos;15 Pará;1296,0;sih_cnv_qiuf202615187_34_144_173.csv
2025;11.0;Obitos;Óbitos;16 Amapá;127,0;sih_cnv_qiuf202615187_34_144_173.csv
2025;11.0;Obitos;Óbitos;17 Tocantins;241,0;sih_cnv_qiuf202615187_34_144_173.csv
2025;11.0;Obitos;Óbitos;21 Maranhão;1182,0;sih_cnv_qiuf202615187_34_144_173.csv
2025;11.0;Obitos;Óbitos;22 Piauí;612,0;sih_cnv_qiuf202615187_34_144_173.csv
2025;11.0;Obitos;Óbitos;23 Ceará;1806,0;sih_cnv_qiuf202615187_34_144_173.csv
2025;11.0;Obitos;Óbitos;24 Rio Grande do Norte;653,0;sih_cnv_qiuf202615187_34_144_173.csv
2025;11.0;Obitos;Óbitos;25 Paraíba;1120,0;sih_cnv_qiuf202615187_34_144_173.csv
2025;11.0;Obitos;Óbitos;26 Pernambuco;2192,0;sih_cnv_qiuf202615187_34_144_173.csv
2025;11.0;Obitos;Óbitos;27 Alagoas;719,0;sih_cnv_qiuf202615187_34_144_173.csv
2025;11.0;Obitos;Óbitos;28 Sergipe;533,0;sih_cnv_qiuf202615187_34_144_173.csv
2025;11.0;Obitos;Óbitos;29 Bahia;2985,0;sih_cnv_qiuf202615187_34_144_173.csv
2025;11.0;Obitos;Óbitos;31 Minas Gerais;5412,0;sih_cnv_qiuf202615187_34_144_173.csv
2025;11.0;Obitos;Óbitos;32 Espírito Santo;985,0;sih_cnv_qiuf202615187_34_144_173.csv
2025;11.0;Obitos;Óbitos;33 Rio de Janeiro;4607,0;sih_cnv_qiuf202615187_34_144_173.csv
2025;11.0;Obitos;Óbitos;35 São Paulo;11617,0;sih_cnv_qiuf202615187_34_144_173.csv
2025;11.0;Obitos;Óbitos;41 Paraná;3372,0;sih_cnv_qiuf202615187_34_144_173.csv
2025;11.0;Obitos;Óbitos;42 Santa Catarina;2157,0;sih_cnv_qiuf202615187_34_144_173.csv
2025;11.0;Obitos;Óbitos;43 Rio Grande do Sul;3466,0;sih_cnv_qiuf202615187_34_144_173.csv
2025;11.0;Obitos;Óbitos;50 Mato Grosso do Sul;705,0;sih_cnv_qiuf202615187_34_144_173.csv
2025;11.0;Obitos;Óbitos;51 Mato Grosso;683,0;sih_cnv_qiuf202615187_34_144_173.csv
2025;11.0;Obitos;Óbitos;52 Goiás;1260,0;sih_cnv_qiuf202615187_34_144_173.csv
2025;11.0;Obitos;Óbitos;53 Distrito Federal;548,0;sih_cnv_qiuf202615187_34_144_173.csv
2025;8.0;Obitos;Óbitos;11 Rondônia;377,0;sih_cnv_qiuf202659187_34_144_173.csv
2025;8.0;Obitos;Óbitos;12 Acre;126,0;sih_cnv_qiuf202659187_34_144_173.csv
2025;8.0;Obitos;Óbitos;13 Amazonas;894,0;sih_cnv_qiuf202659187_34_144_173.csv
2025;8.0;Obitos;Óbitos;14 Roraima;87,0;sih_cnv_qiuf202659187_34_144_173.csv
2025;8.0;Obitos;Óbitos;15 Pará;1428,0;sih_cnv_qiuf202659187_34_144_173.csv
2025;8.0;Obitos;Óbitos;16 Amapá;157,0;sih_cnv_qiuf202659187_34_144_173.csv
2025;8.0;Obitos;Óbitos;17 Tocantins;318,0;sih_cnv_qiuf202659187_34_144_173.csv
2025;8.0;Obitos;Óbitos;21 Maranhão;1250,0;sih_cnv_qiuf202659187_34_144_173.csv
2025;8.0;Obitos;Óbitos;22 Piauí;661,0;sih_cnv_qiuf202659187_34_144_173.csv
2025;8.0;Obitos;Óbitos;23 Ceará;1925,0;sih_cnv_qiuf202659187_34_144_173.csv
2025;8.0;Obitos;Óbitos;24 Rio Grande do Norte;712,0;sih_cnv_qiuf202659187_34_144_173.csv
2025;8.0;Obitos;Óbitos;25 Paraíba;1216,0;sih_cnv_qiuf202659187_34_144_173.csv
2025;8.0;Obitos;Óbitos;26 Pernambuco;2448,0;sih_cnv_qiuf202659187_34_144_173.csv
2025;8.0;Obitos;Óbitos;27 Alagoas;716,0;sih_cnv_qiuf202659187_34_144_173.csv
2025;8.0;Obitos;Óbitos;28 Sergipe;555,0;sih_cnv_qiuf202659187_34_144_173.csv
2025;8.0;Obitos;Óbitos;29 Bahia;3345,0;sih_cnv_qiuf202659187_34_144_173.csv
2025;8.0;Obitos;Óbitos;31 Minas Gerais;6463,0;sih_cnv_qiuf202659187_34_144_173.csv
2025;8.0;Obitos;Óbitos;32 Espírito Santo;1167,0;sih_cnv_qiuf202659187_34_144_173.csv
2025;8.0;Obitos;Óbitos;33 Rio de Janeiro;5135,0;sih_cnv_qiuf202659187_34_144_173.csv
2025;8.0;Obitos;Óbitos;35 São Paulo;13300,0;sih_cnv_qiuf202659187_34_144_173.csv
2025;8.0;Obitos;Óbitos;41 Paraná;3714,0;sih_cnv_qiuf202659187_34_144_173.csv
2025;8.0;Obitos;Óbitos;42 Santa Catarina;2441,0;sih_cnv_qiuf202659187_34_144_173.csv
2025;8.0;Obitos;Óbitos;43 Rio Grande do Sul;4137,0;sih_cnv_qiuf202659187_34_144_173.csv
2025;8.0;Obitos;Óbitos;50 Mato Grosso do Sul;816,0;sih_cnv_qiuf202659187_34_144_173.csv
2025;8.0;Obitos;Óbitos;51 Mato Grosso;679,0;sih_cnv_qiuf202659187_34_144_173.csv
2025;8.0;Obitos;Óbitos;52 Goiás;1449,0;sih_cnv_qiuf202659187_34_144_173.csv
2025;8.0;Obitos;Óbitos;53 Distrito Federal;603,0;sih_cnv_qiuf202659187_34_144_173.csv
2025;7.0;Obitos;Óbitos;11 Rondônia;429,0;sih_cnv_qiuf202706187_34_144_173.csv
2025;7.0;Obitos;Óbitos;12 Acre;157,0;sih_cnv_qiuf202706187_34_144_173.csv
2025;7.0;Obitos;Óbitos;13 Amazonas;770,0;sih_cnv_qiuf202706187_34_144_173.csv
2025;7.0;Obitos;Óbitos;14 Roraima;82,0;sih_cnv_qiuf202706187_34_144_173.csv
2025;7.0;Obitos;Óbitos;15 Pará;1340,0;sih_cnv_qiuf202706187_34_144_173.csv
2025;7.0;Obitos;Óbitos;16 Amapá;122,0;sih_cnv_qiuf202706187_34_144_173.csv
2025;7.0;Obitos;Óbitos;17 Tocantins;427,0;sih_cnv_qiuf202706187_34_144_173.csv
2025;7.0;Obitos;Óbitos;21 Maranhão;1313,0;sih_cnv_qiuf202706187_34_144_173.csv
2025;7.0;Obitos;Óbitos;22 Piauí;675,0;sih_cnv_qiuf202706187_34_144_173.csv
2025;7.0;Obitos;Óbitos;23 Ceará;1943,0;sih_cnv_qiuf202706187_34_144_173.csv
2025;7.0;Obitos;Óbitos;24 Rio Grande do Norte;754,0;sih_cnv_qiuf202706187_34_144_173.csv
2025;7.0;Obitos;Óbitos;25 Paraíba;1199,0;sih_cnv_qiuf202706187_34_144_173.csv
2025;7.0;Obitos;Óbitos;26 Pernambuco;2489,0;sih_cnv_qiuf202706187_34_144_173.csv
2025;7.0;Obitos;Óbitos;27 Alagoas;757,0;sih_cnv_qiuf202706187_34_144_173.csv
2025;7.0;Obitos;Óbitos;28 Sergipe;434,0;sih_cnv_qiuf202706187_34_144_173.csv
2025;7.0;Obitos;Óbitos;29 Bahia;3479,0;sih_cnv_qiuf202706187_34_144_173.csv
2025;7.0;Obitos;Óbitos;31 Minas Gerais;6657,0;sih_cnv_qiuf202706187_34_144_173.csv
2025;7.0;Obitos;Óbitos;32 Espírito Santo;1113,0;sih_cnv_qiuf202706187_34_144_173.csv
2025;7.0;Obitos;Óbitos;33 Rio de Janeiro;5400,0;sih_cnv_qiuf202706187_34_144_173.csv
2025;7.0;Obitos;Óbitos;35 São Paulo;13830,0;sih_cnv_qiuf202706187_34_144_173.csv
2025;7.0;Obitos;Óbitos;41 Paraná;3922,0;sih_cnv_qiuf202706187_34_144_173.csv
2025;7.0;Obitos;Óbitos;42 Santa Catarina;2622,0;sih_cnv_qiuf202706187_34_144_173.csv
2025;7.0;Obitos;Óbitos;43 Rio Grande do Sul;4398,0;sih_cnv_qiuf202706187_34_144_173.csv
2025;7.0;Obitos;Óbitos;50 Mato Grosso do Sul;760,0;sih_cnv_qiuf202706187_34_144_173.csv
2025;7.0;Obitos;Óbitos;51 Mato Grosso;773,0;sih_cnv_qiuf202706187_34_144_173.csv
2025;7.0;Obitos;Óbitos;52 Goiás;1547,0;sih_cnv_qiuf202706187_34_144_173.csv
2025;7.0;Obitos;Óbitos;53 Distrito Federal;664,0;sih_cnv_qiuf202706187_34_144_173.csv
2025;6.0;Obitos;Óbitos;11 Rondônia;369,0;sih_cnv_qiuf202856187_34_144_173.csv
2025;6.0;Obitos;Óbitos;12 Acre;207,0;sih_cnv_qiuf202856187_34_144_173.csv
2025;6.0;Obitos;Óbitos;13 Amazonas;772,0;sih_cnv_qiuf202856187_34_144_173.csv
2025;6.0;Obitos;Óbitos;14 Roraima;76,0;sih_cnv_qiuf202856187_34_144_173.csv
2025;6.0;Obitos;Óbitos;15 Pará;1501,0;sih_cnv_qiuf202856187_34_144_173.csv
2025;6.0;Obitos;Óbitos;16 Amapá;154,0;sih_cnv_qiuf202856187_34_144_173.csv
2025;6.0;Obitos;Óbitos;17 Tocantins;269,0;sih_cnv_qiuf202856187_34_144_173.csv
2025;6.0;Obitos;Óbitos;21 Maranhão;1394,0;sih_cnv_qiuf202856187_34_144_173.csv
2025;6.0;Obitos;Óbitos;22 Piauí;709,0;sih_cnv_qiuf202856187_34_144_173.csv
2025;6.0;Obitos;Óbitos;23 Ceará;1894,0;sih_cnv_qiuf202856187_34_144_173.csv
2025;6.0;Obitos;Óbitos;24 Rio Grande do Norte;697,0;sih_cnv_qiuf202856187_34_144_173.csv
2025;6.0;Obitos;Óbitos;25 Paraíba;1123,0;sih_cnv_qiuf202856187_34_144_173.csv
2025;6.0;Obitos;Óbitos;26 Pernambuco;2406,0;sih_cnv_qiuf202856187_34_144_173.csv
2025;6.0;Obitos;Óbitos;27 Alagoas;601,0;sih_cnv_qiuf202856187_34_144_173.csv
2025;6.0;Obitos;Óbitos;28 Sergipe;420,0;sih_cnv_qiuf202856187_34_144_173.csv
2025;6.0;Obitos;Óbitos;29 Bahia;3349,0;sih_cnv_qiuf202856187_34_144_173.csv
2025;6.0;Obitos;Óbitos;31 Minas Gerais;6596,0;sih_cnv_qiuf202856187_34_144_173.csv
2025;6.0;Obitos;Óbitos;32 Espírito Santo;1121,0;sih_cnv_qiuf202856187_34_144_173.csv
2025;6.0;Obitos;Óbitos;33 Rio de Janeiro;5501,0;sih_cnv_qiuf202856187_34_144_173.csv
2025;6.0;Obitos;Óbitos;35 São Paulo;13417,0;sih_cnv_qiuf202856187_34_144_173.csv
2025;6.0;Obitos;Óbitos;41 Paraná;3847,0;sih_cnv_qiuf202856187_34_144_173.csv
2025;6.0;Obitos;Óbitos;42 Santa Catarina;2385,0;sih_cnv_qiuf202856187_34_144_173.csv
2025;6.0;Obitos;Óbitos;43 Rio Grande do Sul;4124,0;sih_cnv_qiuf202856187_34_144_173.csv
2025;6.0;Obitos;Óbitos;50 Mato Grosso do Sul;771,0;sih_cnv_qiuf202856187_34_144_173.csv
2025;6.0;Obitos;Óbitos;51 Mato Grosso;781,0;sih_cnv_qiuf202856187_34_144_173.csv
2025;6.0;Obitos;Óbitos;52 Goiás;1447,0;sih_cnv_qiuf202856187_34_144_173.csv
2025;6.0;Obitos;Óbitos;53 Distrito Federal;577,0;sih_cnv_qiuf202856187_34_144_173.csv
2025;5.0;Obitos;Óbitos;11 Rondônia;369,0;sih_cnv_qiuf202904187_34_144_173.csv
2025;5.0;Obitos;Óbitos;12 Acre;152,0;sih_cnv_qiuf202904187_34_144_173.csv
2025;5.0;Obitos;Óbitos;13 Amazonas;575,0;sih_cnv_qiuf202904187_34_144_173.csv
2025;5.0;Obitos;Óbitos;14 Roraima;96,0;sih_cnv_qiuf202904187_34_144_173.csv
2025;5.0;Obitos;Óbitos;15 Pará;1463,0;sih_cnv_qiuf202904187_34_144_173.csv
2025;5.0;Obitos;Óbitos;16 Amapá;148,0;sih_cnv_qiuf202904187_34_144_173.csv
2025;5.0;Obitos;Óbitos;17 Tocantins;300,0;sih_cnv_qiuf202904187_34_144_173.csv
2025;5.0;Obitos;Óbitos;21 Maranhão;1354,0;sih_cnv_qiuf202904187_34_144_173.csv
2025;5.0;Obitos;Óbitos;22 Piauí;684,0;sih_cnv_qiuf202904187_34_144_173.csv
2025;5.0;Obitos;Óbitos;23 Ceará;2226,0;sih_cnv_qiuf202904187_34_144_173.csv
2025;5.0;Obitos;Óbitos;24 Rio Grande do Norte;807,0;sih_cnv_qiuf202904187_34_144_173.csv
2025;5.0;Obitos;Óbitos;25 Paraíba;1041,0;sih_cnv_qiuf202904187_34_144_173.csv
2025;5.0;Obitos;Óbitos;26 Pernambuco;2448,0;sih_cnv_qiuf202904187_34_144_173.csv
2025;5.0;Obitos;Óbitos;27 Alagoas;651,0;sih_cnv_qiuf202904187_34_144_173.csv
2025;5.0;Obitos;Óbitos;28 Sergipe;455,0;sih_cnv_qiuf202904187_34_144_173.csv
2025;5.0;Obitos;Óbitos;29 Bahia;3208,0;sih_cnv_qiuf202904187_34_144_173.csv
2025;5.0;Obitos;Óbitos;31 Minas Gerais;6272,0;sih_cnv_qiuf202904187_34_144_173.csv
2025;5.0;Obitos;Óbitos;32 Espírito Santo;1154,0;sih_cnv_qiuf202904187_34_144_173.csv
2025;5.0;Obitos;Óbitos;33 Rio de Janeiro;4934,0;sih_cnv_qiuf202904187_34_144_173.csv
2025;5.0;Obitos;Óbitos;35 São Paulo;13413,0;sih_cnv_qiuf202904187_34_144_173.csv
2025;5.0;Obitos;Óbitos;41 Paraná;3572,0;sih_cnv_qiuf202904187_34_144_173.csv
2025;5.0;Obitos;Óbitos;42 Santa Catarina;2201,0;sih_cnv_qiuf202904187_34_144_173.csv
2025;5.0;Obitos;Óbitos;43 Rio Grande do Sul;3836,0;sih_cnv_qiuf202904187_34_144_173.csv
2025;5.0;Obitos;Óbitos;50 Mato Grosso do Sul;777,0;sih_cnv_qiuf202904187_34_144_173.csv
2025;5.0;Obitos;Óbitos;51 Mato Grosso;774,0;sih_cnv_qiuf202904187_34_144_173.csv
2025;5.0;Obitos;Óbitos;52 Goiás;1506,0;sih_cnv_qiuf202904187_34_144_173.csv
2025;5.0;Obitos;Óbitos;53 Distrito Federal;599,0;sih_cnv_qiuf202904187_34_144_173.csv
2025;4.0;Obitos;Óbitos;11 Rondônia;382,0;sih_cnv_qiuf202913187_34_144_173.csv
2025;4.0;Obitos;Óbitos;12 Acre;159,0;sih_cnv_qiuf202913187_34_144_173.csv
2025;4.0;Obitos;Óbitos;13 Amazonas;590,0;sih_cnv_qiuf202913187_34_144_173.csv
2025;4.0;Obitos;Óbitos;14 Roraima;83,0;sih_cnv_qiuf202913187_34_144_173.csv
2025;4.0;Obitos;Óbitos;15 Pará;1355,0;sih_cnv_qiuf202913187_34_144_173.csv
2025;4.0;Obitos;Óbitos;16 Amapá;139,0;sih_cnv_qiuf202913187_34_144_173.csv
2025;4.0;Obitos;Óbitos;17 Tocantins;261,0;sih_cnv_qiuf202913187_34_144_173.csv
2025;4.0;Obitos;Óbitos;21 Maranhão;1195,0;sih_cnv_qiuf202913187_34_144_173.csv
2025;4.0;Obitos;Óbitos;22 Piauí;647,0;sih_cnv_qiuf202913187_34_144_173.csv
2025;4.0;Obitos;Óbitos;23 Ceará;1934,0;sih_cnv_qiuf202913187_34_144_173.csv
2025;4.0;Obitos;Óbitos;24 Rio Grande do Norte;676,0;sih_cnv_qiuf202913187_34_144_173.csv
2025;4.0;Obitos;Óbitos;25 Paraíba;929,0;sih_cnv_qiuf202913187_34_144_173.csv
2025;4.0;Obitos;Óbitos;26 Pernambuco;2263,0;sih_cnv_qiuf202913187_34_144_173.csv
2025;4.0;Obitos;Óbitos;27 Alagoas;633,0;sih_cnv_qiuf202913187_34_144_173.csv
2025;4.0;Obitos;Óbitos;28 Sergipe;449,0;sih_cnv_qiuf202913187_34_144_173.csv
2025;4.0;Obitos;Óbitos;29 Bahia;2944,0;sih_cnv_qiuf202913187_34_144_173.csv
2025;4.0;Obitos;Óbitos;31 Minas Gerais;5349,0;sih_cnv_qiuf202913187_34_144_173.csv
2025;4.0;Obitos;Óbitos;32 Espírito Santo;870,0;sih_cnv_qiuf202913187_34_144_173.csv
2025;4.0;Obitos;Óbitos;33 Rio de Janeiro;4712,0;sih_cnv_qiuf202913187_34_144_173.csv
2025;4.0;Obitos;Óbitos;35 São Paulo;11590,0;sih_cnv_qiuf202913187_34_144_173.csv
2025;4.0;Obitos;Óbitos;41 Paraná;3122,0;sih_cnv_qiuf202913187_34_144_173.csv
2025;4.0;Obitos;Óbitos;42 Santa Catarina;1899,0;sih_cnv_qiuf202913187_34_144_173.csv
2025;4.0;Obitos;Óbitos;43 Rio Grande do Sul;3640,0;sih_cnv_qiuf202913187_34_144_173.csv
2025;4.0;Obitos;Óbitos;50 Mato Grosso do Sul;761,0;sih_cnv_qiuf202913187_34_144_173.csv
2025;4.0;Obitos;Óbitos;51 Mato Grosso;659,0;sih_cnv_qiuf202913187_34_144_173.csv
2025;4.0;Obitos;Óbitos;52 Goiás;1212,0;sih_cnv_qiuf202913187_34_144_173.csv
2025;4.0;Obitos;Óbitos;53 Distrito Federal;516,0;sih_cnv_qiuf202913187_34_144_173.csv
2025;3.0;Obitos;Óbitos;11 Rondônia;316,0;sih_cnv_qiuf202920187_34_144_173.csv
2025;3.0;Obitos;Óbitos;12 Acre;169,0;sih_cnv_qiuf202920187_34_144_173.csv
2025;3.0;Obitos;Óbitos;13 Amazonas;609,0;sih_cnv_qiuf202920187_34_144_173.csv
2025;3.0;Obitos;Óbitos;14 Roraima;101,0;sih_cnv_qiuf202920187_34_144_173.csv
2025;3.0;Obitos;Óbitos;15 Pará;1338,0;sih_cnv_qiuf202920187_34_144_173.csv
2025;3.0;Obitos;Óbitos;16 Amapá;83,0;sih_cnv_qiuf202920187_34_144_173.csv
2025;3.0;Obitos;Óbitos;17 Tocantins;328,0;sih_cnv_qiuf202920187_34_144_173.csv
2025;3.0;Obitos;Óbitos;21 Maranhão;1251,0;sih_cnv_qiuf202920187_34_144_173.csv
2025;3.0;Obitos;Óbitos;22 Piauí;716,0;sih_cnv_qiuf202920187_34_144_173.csv
2025;3.0;Obitos;Óbitos;23 Ceará;1928,0;sih_cnv_qiuf202920187_34_144_173.csv
2025;3.0;Obitos;Óbitos;24 Rio Grande do Norte;760,0;sih_cnv_qiuf202920187_34_144_173.csv
2025;3.0;Obitos;Óbitos;25 Paraíba;1038,0;sih_cnv_qiuf202920187_34_144_173.csv
2025;3.0;Obitos;Óbitos;26 Pernambuco;2364,0;sih_cnv_qiuf202920187_34_144_173.csv
2025;3.0;Obitos;Óbitos;27 Alagoas;607,0;sih_cnv_qiuf202920187_34_144_173.csv
2025;3.0;Obitos;Óbitos;28 Sergipe;499,0;sih_cnv_qiuf202920187_34_144_173.csv
2025;3.0;Obitos;Óbitos;29 Bahia;3111,0;sih_cnv_qiuf202920187_34_144_173.csv
2025;3.0;Obitos;Óbitos;31 Minas Gerais;5621,0;sih_cnv_qiuf202920187_34_144_173.csv
2025;3.0;Obitos;Óbitos;32 Espírito Santo;1020,0;sih_cnv_qiuf202920187_34_144_173.csv
2025;3.0;Obitos;Óbitos;33 Rio de Janeiro;4663,0;sih_cnv_qiuf202920187_34_144_173.csv
2025;3.0;Obitos;Óbitos;35 São Paulo;11945,0;sih_cnv_qiuf202920187_34_144_173.csv
2025;3.0;Obitos;Óbitos;41 Paraná;3132,0;sih_cnv_qiuf202920187_34_144_173.csv
2025;3.0;Obitos;Óbitos;42 Santa Catarina;1932,0;sih_cnv_qiuf202920187_34_144_173.csv
2025;3.0;Obitos;Óbitos;43 Rio Grande do Sul;3421,0;sih_cnv_qiuf202920187_34_144_173.csv
2025;3.0;Obitos;Óbitos;50 Mato Grosso do Sul;691,0;sih_cnv_qiuf202920187_34_144_173.csv
2025;3.0;Obitos;Óbitos;51 Mato Grosso;816,0;sih_cnv_qiuf202920187_34_144_173.csv
2025;3.0;Obitos;Óbitos;52 Goiás;1407,0;sih_cnv_qiuf202920187_34_144_173.csv
2025;3.0;Obitos;Óbitos;53 Distrito Federal;590,0;sih_cnv_qiuf202920187_34_144_173.csv
2025;2.0;Obitos;Óbitos;11 Rondônia;330,0;sih_cnv_qiuf203016187_34_144_173.csv
2025;2.0;Obitos;Óbitos;12 Acre;132,0;sih_cnv_qiuf203016187_34_144_173.csv
2025;2.0;Obitos;Óbitos;13 Amazonas;525,0;sih_cnv_qiuf203016187_34_144_173.csv
2025;2.0;Obitos;Óbitos;14 Roraima;73,0;sih_cnv_qiuf203016187_34_144_173.csv
2025;2.0;Obitos;Óbitos;15 Pará;1411,0;sih_cnv_qiuf203016187_34_144_173.csv
2025;2.0;Obitos;Óbitos;16 Amapá;108,0;sih_cnv_qiuf203016187_34_144_173.csv
2025;2.0;Obitos;Óbitos;17 Tocantins;286,0;sih_cnv_qiuf203016187_34_144_173.csv
2025;2.0;Obitos;Óbitos;21 Maranhão;1160,0;sih_cnv_qiuf203016187_34_144_173.csv
2025;2.0;Obitos;Óbitos;22 Piauí;630,0;sih_cnv_qiuf203016187_34_144_173.csv
2025;2.0;Obitos;Óbitos;23 Ceará;1857,0;sih_cnv_qiuf203016187_34_144_173.csv
2025;2.0;Obitos;Óbitos;24 Rio Grande do Norte;631,0;sih_cnv_qiuf203016187_34_144_173.csv
2025;2.0;Obitos;Óbitos;25 Paraíba;971,0;sih_cnv_qiuf203016187_34_144_173.csv
2025;2.0;Obitos;Óbitos;26 Pernambuco;2107,0;sih_cnv_qiuf203016187_34_144_173.csv
2025;2.0;Obitos;Óbitos;27 Alagoas;643,0;sih_cnv_qiuf203016187_34_144_173.csv
2025;2.0;Obitos;Óbitos;28 Sergipe;459,0;sih_cnv_qiuf203016187_34_144_173.csv
2025;2.0;Obitos;Óbitos;29 Bahia;2764,0;sih_cnv_qiuf203016187_34_144_173.csv
2025;2.0;Obitos;Óbitos;31 Minas Gerais;5637,0;sih_cnv_qiuf203016187_34_144_173.csv
2025;2.0;Obitos;Óbitos;32 Espírito Santo;926,0;sih_cnv_qiuf203016187_34_144_173.csv
2025;2.0;Obitos;Óbitos;33 Rio de Janeiro;4729,0;sih_cnv_qiuf203016187_34_144_173.csv
2025;2.0;Obitos;Óbitos;35 São Paulo;11083,0;sih_cnv_qiuf203016187_34_144_173.csv
2025;2.0;Obitos;Óbitos;41 Paraná;3162,0;sih_cnv_qiuf203016187_34_144_173.csv
2025;2.0;Obitos;Óbitos;42 Santa Catarina;1985,0;sih_cnv_qiuf203016187_34_144_173.csv
2025;2.0;Obitos;Óbitos;43 Rio Grande do Sul;3325,0;sih_cnv_qiuf203016187_34_144_173.csv
2025;2.0;Obitos;Óbitos;50 Mato Grosso do Sul;655,0;sih_cnv_qiuf203016187_34_144_173.csv
2025;2.0;Obitos;Óbitos;51 Mato Grosso;637,0;sih_cnv_qiuf203016187_34_144_173.csv
2025;2.0;Obitos;Óbitos;52 Goiás;1246,0;sih_cnv_qiuf203016187_34_144_173.csv
2025;2.0;Obitos;Óbitos;53 Distrito Federal;505,0;sih_cnv_qiuf203016187_34_144_173.csv
2025;1.0;Obitos;Óbitos;11 Rondônia;358,0;sih_cnv_qiuf203024187_34_144_173.csv
2025;1.0;Obitos;Óbitos;12 Acre;151,0;sih_cnv_qiuf203024187_34_144_173.csv
2025;1.0;Obitos;Óbitos;13 Amazonas;755,0;sih_cnv_qiuf203024187_34_144_173.csv
2025;1.0;Obitos;Óbitos;14 Roraima;91,0;sih_cnv_qiuf203024187_34_144_173.csv
2025;1.0;Obitos;Óbitos;15 Pará;1279,0;sih_cnv_qiuf203024187_34_144_173.csv
2025;1.0;Obitos;Óbitos;16 Amapá;108,0;sih_cnv_qiuf203024187_34_144_173.csv
2025;1.0;Obitos;Óbitos;17 Tocantins;343,0;sih_cnv_qiuf203024187_34_144_173.csv
2025;1.0;Obitos;Óbitos;21 Maranhão;1243,0;sih_cnv_qiuf203024187_34_144_173.csv
2025;1.0;Obitos;Óbitos;22 Piauí;699,0;sih_cnv_qiuf203024187_34_144_173.csv
2025;1.0;Obitos;Óbitos;23 Ceará;2113,0;sih_cnv_qiuf203024187_34_144_173.csv
2025;1.0;Obitos;Óbitos;24 Rio Grande do Norte;681,0;sih_cnv_qiuf203024187_34_144_173.csv
2025;1.0;Obitos;Óbitos;25 Paraíba;1195,0;sih_cnv_qiuf203024187_34_144_173.csv
2025;1.0;Obitos;Óbitos;26 Pernambuco;2343,0;sih_cnv_qiuf203024187_34_144_173.csv
2025;1.0;Obitos;Óbitos;27 Alagoas;690,0;sih_cnv_qiuf203024187_34_144_173.csv
2025;1.0;Obitos;Óbitos;28 Sergipe;460,0;sih_cnv_qiuf203024187_34_144_173.csv
2025;1.0;Obitos;Óbitos;29 Bahia;2896,0;sih_cnv_qiuf203024187_34_144_173.csv
2025;1.0;Obitos;Óbitos;31 Minas Gerais;6086,0;sih_cnv_qiuf203024187_34_144_173.csv
2025;1.0;Obitos;Óbitos;32 Espírito Santo;922,0;sih_cnv_qiuf203024187_34_144_173.csv
2025;1.0;Obitos;Óbitos;33 Rio de Janeiro;5255,0;sih_cnv_qiuf203024187_34_144_173.csv
2025;1.0;Obitos;Óbitos;35 São Paulo;12105,0;sih_cnv_qiuf203024187_34_144_173.csv
2025;1.0;Obitos;Óbitos;41 Paraná;3586,0;sih_cnv_qiuf203024187_34_144_173.csv
2025;1.0;Obitos;Óbitos;42 Santa Catarina;2142,0;sih_cnv_qiuf203024187_34_144_173.csv
2025;1.0;Obitos;Óbitos;43 Rio Grande do Sul;3454,0;sih_cnv_qiuf203024187_34_144_173.csv
2025;1.0;Obitos;Óbitos;50 Mato Grosso do Sul;796,0;sih_cnv_qiuf203024187_34_144_173.csv
2025;1.0;Obitos;Óbitos;51 Mato Grosso;759,0;sih_cnv_qiuf203024187_34_144_173.csv
2025;1.0;Obitos;Óbitos;52 Goiás;1398,0;sih_cnv_qiuf203024187_34_144_173.csv
2025;1.0;Obitos;Óbitos;53 Distrito Federal;652,0;sih_cnv_qiuf203024187_34_144_173.csv
2024;;IBGE;População residente;11 Rondônia;1746227,0;ibge_cnv_projpop2024uf204524187_34_144_173.csv
2024;;IBGE;População residente;12 Acre;880631,0;ibge_cnv_projpop2024uf204524187_34_144_173.csv
2024;;IBGE;População residente;13 Amazonas;4281209,0;ibge_cnv_projpop2024uf204524187_34_144_173.csv
2024;;IBGE;População residente;14 Roraima;716793,0;ibge_cnv_projpop2024uf204524187_34_144_173.csv
2024;;IBGE;População residente;15 Pará;8664306,0;ibge_cnv_projpop2024uf204524187_34_144_173.csv
2024;;IBGE;População residente;16 Amapá;802837,0;ibge_cnv_projpop2024uf204524187_34_144_173.csv
2024;;IBGE;População residente;17 Tocantins;1577342,0;ibge_cnv_projpop2024uf204524187_34_144_173.csv
2024;;IBGE;População residente;21 Maranhão;7010960,0;ibge_cnv_projpop2024uf204524187_34_144_173.csv
2024;;IBGE;População residente;22 Piauí;3375646,0;ibge_cnv_projpop2024uf204524187_34_144_173.csv
2024;;IBGE;População residente;23 Ceará;9233656,0;ibge_cnv_projpop2024uf204524187_34_144_173.csv
2024;;IBGE;População residente;24 Rio Grande do Norte;3446071,0;ibge_cnv_projpop2024uf204524187_34_144_173.csv
2024;;IBGE;População residente;25 Paraíba;4145040,0;ibge_cnv_projpop2024uf204524187_34_144_173.csv
2024;;IBGE;População residente;26 Pernambuco;9539029,0;ibge_cnv_projpop2024uf204524187_34_144_173.csv
2024;;IBGE;População residente;27 Alagoas;3220104,0;ibge_cnv_projpop2024uf204524187_34_144_173.csv
2024;;IBGE;População residente;28 Sergipe;2291077,0;ibge_cnv_projpop2024uf204524187_34_144_173.csv
2024;;IBGE;População residente;29 Bahia;14850513,0;ibge_cnv_projpop2024uf204524187_34_144_173.csv
2024;;IBGE;População residente;31 Minas Gerais;21322691,0;ibge_cnv_projpop2024uf204524187_34_144_173.csv
2024;;IBGE;População residente;32 Espírito Santo;4102129,0;ibge_cnv_projpop2024uf204524187_34_144_173.csv
2024;;IBGE;População residente;33 Rio de Janeiro;17219679,0;ibge_cnv_projpop2024uf204524187_34_144_173.csv
2024;;IBGE;População residente;35 São Paulo;45973194,0;ibge_cnv_projpop2024uf204524187_34_144_173.csv
2024;;IBGE;População residente;41 Paraná;11824665,0;ibge_cnv_projpop2024uf204524187_34_144_173.csv
2024;;IBGE;População residente;42 Santa Catarina;8058441,0;ibge_cnv_projpop2024uf204524187_34_144_173.csv
2024;;IBGE;População residente;43 Rio Grande do Sul;11229915,0;ibge_cnv_projpop2024uf204524187_34_144_173.csv
2024;;IBGE;População residente;50 Mato Grosso do Sul;2901895,0;ibge_cnv_projpop2024uf204524187_34_144_173.csv
2024;;IBGE;População residente;51 Mato Grosso;3836399,0;ibge_cnv_projpop2024uf204524187_34_144_173.csv
2024;;IBGE;População residente;52 Goiás;7350483,0;ibge_cnv_projpop2024uf204524187_34_144_173.csv
2024;;IBGE;População residente;53 Distrito Federal;2982818,0;ibge_cnv_projpop2024uf204524187_34_144_173.csv
2025;;IBGE;População residente;11 Rondônia;1751950,0;ibge_cnv_projpop2024uf204544187_34_144_173.csv
2025;;IBGE;População residente;12 Acre;884372,0;ibge_cnv_projpop2024uf204544187_34_144_173.csv
2025;;IBGE;População residente;13 Amazonas;4321616,0;ibge_cnv_projpop2024uf204544187_34_144_173.csv
2025;;IBGE;População residente;14 Roraima;738772,0;ibge_cnv_projpop2024uf204544187_34_144_173.csv
2025;;IBGE;População residente;15 Pará;8711196,0;ibge_cnv_projpop2024uf204544187_34_144_173.csv
2025;;IBGE;População residente;16 Amapá;806517,0;ibge_cnv_projpop2024uf204544187_34_144_173.csv
2025;;IBGE;População residente;17 Tocantins;1586859,0;ibge_cnv_projpop2024uf204544187_34_144_173.csv
2025;;IBGE;População residente;21 Maranhão;7018211,0;ibge_cnv_projpop2024uf204544187_34_144_173.csv
2025;;IBGE;População residente;22 Piauí;3384547,0;ibge_cnv_projpop2024uf204544187_34_144_173.csv
2025;;IBGE;População residente;23 Ceará;9268836,0;ibge_cnv_projpop2024uf204544187_34_144_173.csv
2025;;IBGE;População residente;24 Rio Grande do Norte;3455236,0;ibge_cnv_projpop2024uf204544187_34_144_173.csv
2025;;IBGE;População residente;25 Paraíba;4164468,0;ibge_cnv_projpop2024uf204544187_34_144_173.csv
2025;;IBGE;População residente;26 Pernambuco;9562007,0;ibge_cnv_projpop2024uf204544187_34_144_173.csv
2025;;IBGE;População residente;27 Alagoas;3220848,0;ibge_cnv_projpop2024uf204544187_34_144_173.csv
2025;;IBGE;População residente;28 Sergipe;2299425,0;ibge_cnv_projpop2024uf204544187_34_144_173.csv
2025;;IBGE;População residente;29 Bahia;14870907,0;ibge_cnv_projpop2024uf204544187_34_144_173.csv
2025;;IBGE;População residente;31 Minas Gerais;21393441,0;ibge_cnv_projpop2024uf204544187_34_144_173.csv
2025;;IBGE;População residente;32 Espírito Santo;4126854,0;ibge_cnv_projpop2024uf204544187_34_144_173.csv
2025;;IBGE;População residente;33 Rio de Janeiro;17223547,0;ibge_cnv_projpop2024uf204544187_34_144_173.csv
2025;;IBGE;População residente;35 São Paulo;46081801,0;ibge_cnv_projpop2024uf204544187_34_144_173.csv
2025;;IBGE;População residente;41 Paraná;11890584,0;ibge_cnv_projpop2024uf204544187_34_144_173.csv
2025;;IBGE;População residente;42 Santa Catarina;8186962,0;ibge_cnv_projpop2024uf204544187_34_144_173.csv
2025;;IBGE;População residente;43 Rio Grande do Sul;11233263,0;ibge_cnv_projpop2024uf204544187_34_144_173.csv
2025;;IBGE;População residente;50 Mato Grosso do Sul;2924631,0;ibge_cnv_projpop2024uf204544187_34_144_173.csv
2025;;IBGE;População residente;51 Mato Grosso;3893659,0;ibge_cnv_projpop2024uf204544187_34_144_173.csv
2025;;IBGE;População residente;52 Goiás;7423629,0;ibge_cnv_projpop2024uf204544187_34_144_173.csv
2025;;IBGE;População residente;53 Distrito Federal;2996899,0;ibge_cnv_projpop2024uf204544187_34_144_173.csv
2023;;IBGE;População residente;11 Rondônia;1740255,0;ibge_cnv_projpop2024uf204550187_34_144_173.csv
2023;;IBGE;População residente;12 Acre;876582,0;ibge_cnv_projpop2024uf204550187_34_144_173.csv
2023;;IBGE;População residente;13 Amazonas;4240571,0;ibge_cnv_projpop2024uf204550187_34_144_173.csv
2023;;IBGE;População residente;14 Roraima;695270,0;ibge_cnv_projpop2024uf204550187_34_144_173.csv
2023;;IBGE;População residente;15 Pará;8616120,0;ibge_cnv_projpop2024uf204550187_34_144_173.csv
2023;;IBGE;População residente;16 Amapá;799124,0;ibge_cnv_projpop2024uf204550187_34_144_173.csv
2023;;IBGE;População residente;17 Tocantins;1567191,0;ibge_cnv_projpop2024uf204550187_34_144_173.csv
2023;;IBGE;População residente;21 Maranhão;7003234,0;ibge_cnv_projpop2024uf204550187_34_144_173.csv
2023;;IBGE;População residente;22 Piauí;3365881,0;ibge_cnv_projpop2024uf204550187_34_144_173.csv
2023;;IBGE;População residente;23 Ceará;9196672,0;ibge_cnv_projpop2024uf204550187_34_144_173.csv
2023;;IBGE;População residente;24 Rio Grande do Norte;3436278,0;ibge_cnv_projpop2024uf204550187_34_144_173.csv
2023;;IBGE;População residente;25 Paraíba;4124468,0;ibge_cnv_projpop2024uf204550187_34_144_173.csv
2023;;IBGE;População residente;26 Pernambuco;9514483,0;ibge_cnv_projpop2024uf204550187_34_144_173.csv
2023;;IBGE;População residente;27 Alagoas;3218607,0;ibge_cnv_projpop2024uf204550187_34_144_173.csv
2023;;IBGE;População residente;28 Sergipe;2281994,0;ibge_cnv_projpop2024uf204550187_34_144_173.csv
2023;;IBGE;População residente;29 Bahia;14828806,0;ibge_cnv_projpop2024uf204550187_34_144_173.csv
2023;;IBGE;População residente;31 Minas Gerais;21247401,0;ibge_cnv_projpop2024uf204550187_34_144_173.csv
2023;;IBGE;População residente;32 Espírito Santo;4076068,0;ibge_cnv_projpop2024uf204550187_34_144_173.csv
2023;;IBGE;População residente;33 Rio de Janeiro;17213813,0;ibge_cnv_projpop2024uf204550187_34_144_173.csv
2023;;IBGE;População residente;35 São Paulo;45850570,0;ibge_cnv_projpop2024uf204550187_34_144_173.csv
2023;;IBGE;População residente;41 Paraná;11753862,0;ibge_cnv_projpop2024uf204550187_34_144_173.csv
2023;;IBGE;População residente;42 Santa Catarina;7927212,0;ibge_cnv_projpop2024uf204550187_34_144_173.csv
2023;;IBGE;População residente;43 Rio Grande do Sul;11222292,0;ibge_cnv_projpop2024uf204550187_34_144_173.csv
2023;;IBGE;População residente;50 Mato Grosso do Sul;2878009,0;ibge_cnv_projpop2024uf204550187_34_144_173.csv
2023;;IBGE;População residente;51 Mato Grosso;3778389,0;ibge_cnv_projpop2024uf204550187_34_144_173.csv
2023;;IBGE;População residente;52 Goiás;7274463,0;ibge_cnv_projpop2024uf204550187_34_144_173.csv
2023;;IBGE;População residente;53 Distrito Federal;2967543,0;ibge_cnv_projpop2024uf204550187_34_144_173.csv
2024;11.0;SIH;Valor total;11 Rondônia;15877961,12;sih_cnv_qibr102059187_34_145_193.csv
2024;11.0;SIH;Valor total;12 Acre;5449709,1;sih_cnv_qibr102059187_34_145_193.csv
2024;11.0;SIH;Valor total;13 Amazonas;22469441,76;sih_cnv_qibr102059187_34_145_193.csv
2024;11.0;SIH;Valor total;14 Roraima;3914959,43;sih_cnv_qibr102059187_34_145_193.csv
2024;11.0;SIH;Valor total;15 Pará;57581941,82;sih_cnv_qibr102059187_34_145_193.csv
2024;11.0;SIH;Valor total;16 Amapá;4582966,75;sih_cnv_qibr102059187_34_145_193.csv
2024;11.0;SIH;Valor total;17 Tocantins;9302948,59;sih_cnv_qibr102059187_34_145_193.csv
2024;11.0;SIH;Valor total;21 Maranhão;43934875,75;sih_cnv_qibr102059187_34_145_193.csv
2024;11.0;SIH;Valor total;22 Piauí;21400292,29;sih_cnv_qibr102059187_34_145_193.csv
2024;11.0;SIH;Valor total;23 Ceará;68840956,99;sih_cnv_qibr102059187_34_145_193.csv
2024;11.0;SIH;Valor total;24 Rio Grande do Norte;34219379,51;sih_cnv_qibr102059187_34_145_193.csv
2024;11.0;SIH;Valor total;25 Paraíba;46073980,19;sih_cnv_qibr102059187_34_145_193.csv
2024;11.0;SIH;Valor total;26 Pernambuco;93181513,93;sih_cnv_qibr102059187_34_145_193.csv
2024;11.0;SIH;Valor total;27 Alagoas;21543911,51;sih_cnv_qibr102059187_34_145_193.csv
2024;11.0;SIH;Valor total;28 Sergipe;20379684,31;sih_cnv_qibr102059187_34_145_193.csv
2024;11.0;SIH;Valor total;29 Bahia;104866300,44;sih_cnv_qibr102059187_34_145_193.csv
2024;11.0;SIH;Valor total;31 Minas Gerais;250688458,29;sih_cnv_qibr102059187_34_145_193.csv
2024;11.0;SIH;Valor total;32 Espírito Santo;43264312,44;sih_cnv_qibr102059187_34_145_193.csv
2024;11.0;SIH;Valor total;33 Rio de Janeiro;133888509,18;sih_cnv_qibr102059187_34_145_193.csv
2024;11.0;SIH;Valor total;35 São Paulo;425022968,44;sih_cnv_qibr102059187_34_145_193.csv
2024;11.0;SIH;Valor total;41 Paraná;164844904,73;sih_cnv_qibr102059187_34_145_193.csv
2024;11.0;SIH;Valor total;42 Santa Catarina;123684314,71;sih_cnv_qibr102059187_34_145_193.csv
2024;11.0;SIH;Valor total;43 Rio Grande do Sul;127228596,5;sih_cnv_qibr102059187_34_145_193.csv
2024;11.0;SIH;Valor total;50 Mato Grosso do Sul;27001536,27;sih_cnv_qibr102059187_34_145_193.csv
2024;11.0;SIH;Valor total;51 Mato Grosso;26073324,12;sih_cnv_qibr102059187_34_145_193.csv
2024;11.0;SIH;Valor total;52 Goiás;52105366,58;sih_cnv_qibr102059187_34_145_193.csv
2024;11.0;SIH;Valor total;53 Distrito Federal;31521122,89;sih_cnv_qibr102059187_34_145_193.csv
2023;;CNES;Qtd hospitais;12 Acre;34,0;Leitos_2023.csv
2023;;CNES;Leitos existentes;12 Acre;1790,0;Leitos_2023.csv
2023;;CNES;Leitos SUS;12 Acre;1547,0;Leitos_2023.csv
2023;;CNES;Leitos UTI total;12 Acre;116,0;Leitos_2023.csv
2023;;CNES;Qtd hospitais;27 Alagoas;98,0;Leitos_2023.csv
2023;;CNES;Leitos existentes;27 Alagoas;7338,0;Leitos_2023.csv
2023;;CNES;Leitos SUS;27 Alagoas;5997,0;Leitos_2023.csv
2023;;CNES;Leitos UTI total;27 Alagoas;694,0;Leitos_2023.csv
2023;;CNES;Qtd hospitais;13 Amazonas;109,0;Leitos_2023.csv
2023;;CNES;Leitos existentes;13 Amazonas;7387,0;Leitos_2023.csv
2023;;CNES;Leitos SUS;13 Amazonas;6100,0;Leitos_2023.csv
2023;;CNES;Leitos UTI total;13 Amazonas;793,0;Leitos_2023.csv
2023;;CNES;Qtd hospitais;16 Amapá;22,0;Leitos_2023.csv
2023;;CNES;Leitos existentes;16 Amapá;1578,0;Leitos_2023.csv
2023;;CNES;Leitos SUS;16 Amapá;1348,0;Leitos_2023.csv
2023;;CNES;Leitos UTI total;16 Amapá;140,0;Leitos_2023.csv
2023;;CNES;Qtd hospitais;29 Bahia;624,0;Leitos_2023.csv
2023;;CNES;Leitos existentes;29 Bahia;33295,0;Leitos_2023.csv
2023;;CNES;Leitos SUS;29 Bahia;26022,0;Leitos_2023.csv
2023;;CNES;Leitos UTI total;29 Bahia;3098,0;Leitos_2023.csv
2023;;CNES;Qtd hospitais;23 Ceará;311,0;Leitos_2023.csv
2023;;CNES;Leitos existentes;23 Ceará;21246,0;Leitos_2023.csv
2023;;CNES;Leitos SUS;23 Ceará;16675,0;Leitos_2023.csv
2023;;CNES;Leitos UTI total;23 Ceará;1763,0;Leitos_2023.csv
2023;;CNES;Qtd hospitais;53 Distrito Federal;72,0;Leitos_2023.csv
2023;;CNES;Leitos existentes;53 Distrito Federal;10108,0;Leitos_2023.csv
2023;;CNES;Leitos SUS;53 Distrito Federal;5200,0;Leitos_2023.csv
2023;;CNES;Leitos UTI total;53 Distrito Federal;1882,0;Leitos_2023.csv
2023;;CNES;Qtd hospitais;32 Espírito Santo;116,0;Leitos_2023.csv
2023;;CNES;Leitos existentes;32 Espírito Santo;9814,0;Leitos_2023.csv
2023;;CNES;Leitos SUS;32 Espírito Santo;6542,0;Leitos_2023.csv
2023;;CNES;Leitos UTI total;32 Espírito Santo;1680,0;Leitos_2023.csv
2023;;CNES;Qtd hospitais;52 Goiás;450,0;Leitos_2023.csv
2023;;CNES;Leitos existentes;52 Goiás;20545,0;Leitos_2023.csv
2023;;CNES;Leitos SUS;52 Goiás;13037,0;Leitos_2023.csv
2023;;CNES;Leitos UTI total;52 Goiás;2074,0;Leitos_2023.csv
2023;;CNES;Qtd hospitais;21 Maranhão;316,0;Leitos_2023.csv
2023;;CNES;Leitos existentes;21 Maranhão;16732,0;Leitos_2023.csv
2023;;CNES;Leitos SUS;21 Maranhão;14212,0;Leitos_2023.csv
2023;;CNES;Leitos UTI total;21 Maranhão;1292,0;Leitos_2023.csv
2023;;CNES;Qtd hospitais;31 Minas Gerais;642,0;Leitos_2023.csv
2023;;CNES;Leitos existentes;31 Minas Gerais;47410,0;Leitos_2023.csv
2023;;CNES;Leitos SUS;31 Minas Gerais;32482,0;Leitos_2023.csv
2023;;CNES;Leitos UTI total;31 Minas Gerais;5671,0;Leitos_2023.csv
2023;;CNES;Qtd hospitais;50 Mato Grosso do Sul;121,0;Leitos_2023.csv
2023;;CNES;Leitos existentes;50 Mato Grosso do Sul;6630,0;Leitos_2023.csv
2023;;CNES;Leitos SUS;50 Mato Grosso do Sul;4435,0;Leitos_2023.csv
2023;;CNES;Leitos UTI total;50 Mato Grosso do Sul;750,0;Leitos_2023.csv
2023;;CNES;Qtd hospitais;51 Mato Grosso;177,0;Leitos_2023.csv
2023;;CNES;Leitos existentes;51 Mato Grosso;9105,0;Leitos_2023.csv
2023;;CNES;Leitos SUS;51 Mato Grosso;6626,0;Leitos_2023.csv
2023;;CNES;Leitos UTI total;51 Mato Grosso;1189,0;Leitos_2023.csv
2023;;CNES;Qtd hospitais;15 Pará;265,0;Leitos_2023.csv
2023;;CNES;Leitos existentes;15 Pará;16494,0;Leitos_2023.csv
2023;;CNES;Leitos SUS;15 Pará;12400,0;Leitos_2023.csv
2023;;CNES;Leitos UTI total;15 Pará;1507,0;Leitos_2023.csv
2023;;CNES;Qtd hospitais;25 Paraíba;182,0;Leitos_2023.csv
2023;;CNES;Leitos existentes;25 Paraíba;10665,0;Leitos_2023.csv
2023;;CNES;Leitos SUS;25 Paraíba;7968,0;Leitos_2023.csv
2023;;CNES;Leitos UTI total;25 Paraíba;1113,0;Leitos_2023.csv
2023;;CNES;Qtd hospitais;26 Pernambuco;381,0;Leitos_2023.csv
2023;;CNES;Leitos existentes;26 Pernambuco;25489,0;Leitos_2023.csv
2023;;CNES;Leitos SUS;26 Pernambuco;18135,0;Leitos_2023.csv
2023;;CNES;Leitos UTI total;26 Pernambuco;2950,0;Leitos_2023.csv
2023;;CNES;Qtd hospitais;22 Piauí;197,0;Leitos_2023.csv
2023;;CNES;Leitos existentes;22 Piauí;8264,0;Leitos_2023.csv
2023;;CNES;Leitos SUS;22 Piauí;6643,0;Leitos_2023.csv
2023;;CNES;Leitos UTI total;22 Piauí;574,0;Leitos_2023.csv
2023;;CNES;Qtd hospitais;41 Paraná;432,0;Leitos_2023.csv
2023;;CNES;Leitos existentes;41 Paraná;29781,0;Leitos_2023.csv
2023;;CNES;Leitos SUS;41 Paraná;20510,0;Leitos_2023.csv
2023;;CNES;Leitos UTI total;41 Paraná;3634,0;Leitos_2023.csv
2023;;CNES;Qtd hospitais;33 Rio de Janeiro;495,0;Leitos_2023.csv
2023;;CNES;Leitos existentes;33 Rio de Janeiro;45520,0;Leitos_2023.csv
2023;;CNES;Leitos SUS;33 Rio de Janeiro;24469,0;Leitos_2023.csv
2023;;CNES;Leitos UTI total;33 Rio de Janeiro;8531,0;Leitos_2023.csv
2023;;CNES;Qtd hospitais;24 Rio Grande do Norte;197,0;Leitos_2023.csv
2023;;CNES;Leitos existentes;24 Rio Grande do Norte;8213,0;Leitos_2023.csv
2023;;CNES;Leitos SUS;24 Rio Grande do Norte;6658,0;Leitos_2023.csv
2023;;CNES;Leitos UTI total;24 Rio Grande do Norte;835,0;Leitos_2023.csv
2023;;CNES;Qtd hospitais;11 Rondônia;108,0;Leitos_2023.csv
2023;;CNES;Leitos existentes;11 Rondônia;5435,0;Leitos_2023.csv
2023;;CNES;Leitos SUS;11 Rondônia;4040,0;Leitos_2023.csv
2023;;CNES;Leitos UTI total;11 Rondônia;626,0;Leitos_2023.csv
2023;;CNES;Qtd hospitais;14 Roraima;21,0;Leitos_2023.csv
2023;;CNES;Leitos existentes;14 Roraima;1563,0;Leitos_2023.csv
2023;;CNES;Leitos SUS;14 Roraima;1398,0;Leitos_2023.csv
2023;;CNES;Leitos UTI total;14 Roraima;104,0;Leitos_2023.csv
2023;;CNES;Qtd hospitais;43 Rio Grande do Sul;324,0;Leitos_2023.csv
2023;;CNES;Leitos existentes;43 Rio Grande do Sul;32488,0;Leitos_2023.csv
2023;;CNES;Leitos SUS;43 Rio Grande do Sul;22159,0;Leitos_2023.csv
2023;;CNES;Leitos UTI total;43 Rio Grande do Sul;2872,0;Leitos_2023.csv
2023;;CNES;Qtd hospitais;42 Santa Catarina;230,0;Leitos_2023.csv
2023;;CNES;Leitos existentes;42 Santa Catarina;17647,0;Leitos_2023.csv
2023;;CNES;Leitos SUS;42 Santa Catarina;12846,0;Leitos_2023.csv
2023;;CNES;Leitos UTI total;42 Santa Catarina;1911,0;Leitos_2023.csv
2023;;CNES;Qtd hospitais;28 Sergipe;51,0;Leitos_2023.csv
2023;;CNES;Leitos existentes;28 Sergipe;3766,0;Leitos_2023.csv
2023;;CNES;Leitos SUS;28 Sergipe;2782,0;Leitos_2023.csv
2023;;CNES;Leitos UTI total;28 Sergipe;478,0;Leitos_2023.csv
2023;;CNES;Qtd hospitais;35 São Paulo;998,0;Leitos_2023.csv
2023;;CNES;Leitos existentes;35 São Paulo;108413,0;Leitos_2023.csv
2023;;CNES;Leitos SUS;35 São Paulo;61529,0;Leitos_2023.csv
2023;;CNES;Leitos UTI total;35 São Paulo;15437,0;Leitos_2023.csv
2023;;CNES;Qtd hospitais;17 Tocantins;76,0;Leitos_2023.csv
2023;;CNES;Leitos existentes;17 Tocantins;3724,0;Leitos_2023.csv
2023;;CNES;Leitos SUS;17 Tocantins;2795,0;Leitos_2023.csv
2023;;CNES;Leitos UTI total;17 Tocantins;428,0;Leitos_2023.csv
2024;;CNES;Qtd hospitais;12 Acre;34,0;Leitos_2024.csv
2024;;CNES;Leitos existentes;12 Acre;1793,0;Leitos_2024.csv
2024;;CNES;Leitos SUS;12 Acre;1611,0;Leitos_2024.csv
2024;;CNES;Leitos UTI total;12 Acre;106,0;Leitos_2024.csv
2024;;CNES;Qtd hospitais;27 Alagoas;97,0;Leitos_2024.csv
2024;;CNES;Leitos existentes;27 Alagoas;7413,0;Leitos_2024.csv
2024;;CNES;Leitos SUS;27 Alagoas;6062,0;Leitos_2024.csv
2024;;CNES;Leitos UTI total;27 Alagoas;697,0;Leitos_2024.csv
2024;;CNES;Qtd hospitais;13 Amazonas;113,0;Leitos_2024.csv
2024;;CNES;Leitos existentes;13 Amazonas;7569,0;Leitos_2024.csv
2024;;CNES;Leitos SUS;13 Amazonas;6195,0;Leitos_2024.csv
2024;;CNES;Leitos UTI total;13 Amazonas;808,0;Leitos_2024.csv
2024;;CNES;Qtd hospitais;16 Amapá;23,0;Leitos_2024.csv
2024;;CNES;Leitos existentes;16 Amapá;1859,0;Leitos_2024.csv
2024;;CNES;Leitos SUS;16 Amapá;1547,0;Leitos_2024.csv
2024;;CNES;Leitos UTI total;16 Amapá;185,0;Leitos_2024.csv
2024;;CNES;Qtd hospitais;29 Bahia;627,0;Leitos_2024.csv
2024;;CNES;Leitos existentes;29 Bahia;33813,0;Leitos_2024.csv
2024;;CNES;Leitos SUS;29 Bahia;26590,0;Leitos_2024.csv
2024;;CNES;Leitos UTI total;29 Bahia;3299,0;Leitos_2024.csv
2024;;CNES;Qtd hospitais;23 Ceará;310,0;Leitos_2024.csv
2024;;CNES;Leitos existentes;23 Ceará;21376,0;Leitos_2024.csv
2024;;CNES;Leitos SUS;23 Ceará;16842,0;Leitos_2024.csv
2024;;CNES;Leitos UTI total;23 Ceará;1833,0;Leitos_2024.csv
2024;;CNES;Qtd hospitais;53 Distrito Federal;71,0;Leitos_2024.csv
2024;;CNES;Leitos existentes;53 Distrito Federal;10686,0;Leitos_2024.csv
2024;;CNES;Leitos SUS;53 Distrito Federal;5555,0;Leitos_2024.csv
2024;;CNES;Leitos UTI total;53 Distrito Federal;2089,0;Leitos_2024.csv
2024;;CNES;Qtd hospitais;32 Espírito Santo;114,0;Leitos_2024.csv
2024;;CNES;Leitos existentes;32 Espírito Santo;10118,0;Leitos_2024.csv
2024;;CNES;Leitos SUS;32 Espírito Santo;6763,0;Leitos_2024.csv
2024;;CNES;Leitos UTI total;32 Espírito Santo;1724,0;Leitos_2024.csv
2024;;CNES;Qtd hospitais;52 Goiás;451,0;Leitos_2024.csv
2024;;CNES;Leitos existentes;52 Goiás;20177,0;Leitos_2024.csv
2024;;CNES;Leitos SUS;52 Goiás;13250,0;Leitos_2024.csv
2024;;CNES;Leitos UTI total;52 Goiás;2156,0;Leitos_2024.csv
2024;;CNES;Qtd hospitais;21 Maranhão;316,0;Leitos_2024.csv
2024;;CNES;Leitos existentes;21 Maranhão;16485,0;Leitos_2024.csv
2024;;CNES;Leitos SUS;21 Maranhão;14032,0;Leitos_2024.csv
2024;;CNES;Leitos UTI total;21 Maranhão;1234,0;Leitos_2024.csv
2024;;CNES;Qtd hospitais;31 Minas Gerais;661,0;Leitos_2024.csv
2024;;CNES;Leitos existentes;31 Minas Gerais;48640,0;Leitos_2024.csv
2024;;CNES;Leitos SUS;31 Minas Gerais;32933,0;Leitos_2024.csv
2024;;CNES;Leitos UTI total;31 Minas Gerais;5894,0;Leitos_2024.csv
2024;;CNES;Qtd hospitais;50 Mato Grosso do Sul;124,0;Leitos_2024.csv
2024;;CNES;Leitos existentes;50 Mato Grosso do Sul;6665,0;Leitos_2024.csv
2024;;CNES;Leitos SUS;50 Mato Grosso do Sul;4467,0;Leitos_2024.csv
2024;;CNES;Leitos UTI total;50 Mato Grosso do Sul;761,0;Leitos_2024.csv
2024;;CNES;Qtd hospitais;51 Mato Grosso;176,0;Leitos_2024.csv
2024;;CNES;Leitos existentes;51 Mato Grosso;9228,0;Leitos_2024.csv
2024;;CNES;Leitos SUS;51 Mato Grosso;6743,0;Leitos_2024.csv
2024;;CNES;Leitos UTI total;51 Mato Grosso;1185,0;Leitos_2024.csv
2024;;CNES;Qtd hospitais;15 Pará;275,0;Leitos_2024.csv
2024;;CNES;Leitos existentes;15 Pará;16778,0;Leitos_2024.csv
2024;;CNES;Leitos SUS;15 Pará;12602,0;Leitos_2024.csv
2024;;CNES;Leitos UTI total;15 Pará;1622,0;Leitos_2024.csv
2024;;CNES;Qtd hospitais;25 Paraíba;188,0;Leitos_2024.csv
2024;;CNES;Leitos existentes;25 Paraíba;10611,0;Leitos_2024.csv
2024;;CNES;Leitos SUS;25 Paraíba;8174,0;Leitos_2024.csv
2024;;CNES;Leitos UTI total;25 Paraíba;1009,0;Leitos_2024.csv
2024;;CNES;Qtd hospitais;26 Pernambuco;390,0;Leitos_2024.csv
2024;;CNES;Leitos existentes;26 Pernambuco;25513,0;Leitos_2024.csv
2024;;CNES;Leitos SUS;26 Pernambuco;18032,0;Leitos_2024.csv
2024;;CNES;Leitos UTI total;26 Pernambuco;2917,0;Leitos_2024.csv
2024;;CNES;Qtd hospitais;22 Piauí;196,0;Leitos_2024.csv
2024;;CNES;Leitos existentes;22 Piauí;8105,0;Leitos_2024.csv
2024;;CNES;Leitos SUS;22 Piauí;6576,0;Leitos_2024.csv
2024;;CNES;Leitos UTI total;22 Piauí;564,0;Leitos_2024.csv
2024;;CNES;Qtd hospitais;41 Paraná;444,0;Leitos_2024.csv
2024;;CNES;Leitos existentes;41 Paraná;31004,0;Leitos_2024.csv
2024;;CNES;Leitos SUS;41 Paraná;21543,0;Leitos_2024.csv
2024;;CNES;Leitos UTI total;41 Paraná;3731,0;Leitos_2024.csv
2024;;CNES;Qtd hospitais;33 Rio de Janeiro;505,0;Leitos_2024.csv
2024;;CNES;Leitos existentes;33 Rio de Janeiro;44767,0;Leitos_2024.csv
2024;;CNES;Leitos SUS;33 Rio de Janeiro;24201,0;Leitos_2024.csv
2024;;CNES;Leitos UTI total;33 Rio de Janeiro;8456,0;Leitos_2024.csv
2024;;CNES;Qtd hospitais;24 Rio Grande do Norte;199,0;Leitos_2024.csv
2024;;CNES;Leitos existentes;24 Rio Grande do Norte;8255,0;Leitos_2024.csv
2024;;CNES;Leitos SUS;24 Rio Grande do Norte;6741,0;Leitos_2024.csv
2024;;CNES;Leitos UTI total;24 Rio Grande do Norte;834,0;Leitos_2024.csv
2024;;CNES;Qtd hospitais;11 Rondônia;107,0;Leitos_2024.csv
2024;;CNES;Leitos existentes;11 Rondônia;5500,0;Leitos_2024.csv
2024;;CNES;Leitos SUS;11 Rondônia;4169,0;Leitos_2024.csv
2024;;CNES;Leitos UTI total;11 Rondônia;640,0;Leitos_2024.csv
2024;;CNES;Qtd hospitais;14 Roraima;21,0;Leitos_2024.csv
2024;;CNES;Leitos existentes;14 Roraima;1605,0;Leitos_2024.csv
2024;;CNES;Leitos SUS;14 Roraima;1429,0;Leitos_2024.csv
2024;;CNES;Leitos UTI total;14 Roraima;105,0;Leitos_2024.csv
2024;;CNES;Qtd hospitais;43 Rio Grande do Sul;328,0;Leitos_2024.csv
2024;;CNES;Leitos existentes;43 Rio Grande do Sul;33363,0;Leitos_2024.csv
2024;;CNES;Leitos SUS;43 Rio Grande do Sul;22678,0;Leitos_2024.csv
2024;;CNES;Leitos UTI total;43 Rio Grande do Sul;2996,0;Leitos_2024.csv
2024;;CNES;Qtd hospitais;42 Santa Catarina;232,0;Leitos_2024.csv
2024;;CNES;Leitos existentes;42 Santa Catarina;17915,0;Leitos_2024.csv
2024;;CNES;Leitos SUS;42 Santa Catarina;13159,0;Leitos_2024.csv
2024;;CNES;Leitos UTI total;42 Santa Catarina;1942,0;Leitos_2024.csv
2024;;CNES;Qtd hospitais;28 Sergipe;52,0;Leitos_2024.csv
2024;;CNES;Leitos existentes;28 Sergipe;3841,0;Leitos_2024.csv
2024;;CNES;Leitos SUS;28 Sergipe;2837,0;Leitos_2024.csv
2024;;CNES;Leitos UTI total;28 Sergipe;491,0;Leitos_2024.csv
2024;;CNES;Qtd hospitais;35 São Paulo;1015,0;Leitos_2024.csv
2024;;CNES;Leitos existentes;35 São Paulo;108951,0;Leitos_2024.csv
2024;;CNES;Leitos SUS;35 São Paulo;61828,0;Leitos_2024.csv
2024;;CNES;Leitos UTI total;35 São Paulo;15695,0;Leitos_2024.csv
2024;;CNES;Qtd hospitais;17 Tocantins;76,0;Leitos_2024.csv
2024;;CNES;Leitos existentes;17 Tocantins;3778,0;Leitos_2024.csv
2024;;CNES;Leitos SUS;17 Tocantins;2813,0;Leitos_2024.csv
2024;;CNES;Leitos UTI total;17 Tocantins;428,0;Leitos_2024.csv
2025;;CNES;Qtd hospitais;12 Acre;34,0;Leitos_2025.csv
2025;;CNES;Leitos existentes;12 Acre;1881,0;Leitos_2025.csv
2025;;CNES;Leitos SUS;12 Acre;1694,0;Leitos_2025.csv
2025;;CNES;Leitos UTI total;12 Acre;105,0;Leitos_2025.csv
2025;;CNES;Qtd hospitais;27 Alagoas;99,0;Leitos_2025.csv
2025;;CNES;Leitos existentes;27 Alagoas;7605,0;Leitos_2025.csv
2025;;CNES;Leitos SUS;27 Alagoas;6193,0;Leitos_2025.csv
2025;;CNES;Leitos UTI total;27 Alagoas;742,0;Leitos_2025.csv
2025;;CNES;Qtd hospitais;13 Amazonas;112,0;Leitos_2025.csv
2025;;CNES;Leitos existentes;13 Amazonas;7634,0;Leitos_2025.csv
2025;;CNES;Leitos SUS;13 Amazonas;6180,0;Leitos_2025.csv
2025;;CNES;Leitos UTI total;13 Amazonas;845,0;Leitos_2025.csv
2025;;CNES;Qtd hospitais;16 Amapá;23,0;Leitos_2025.csv
2025;;CNES;Leitos existentes;16 Amapá;1887,0;Leitos_2025.csv
2025;;CNES;Leitos SUS;16 Amapá;1539,0;Leitos_2025.csv
2025;;CNES;Leitos UTI total;16 Amapá;230,0;Leitos_2025.csv
2025;;CNES;Qtd hospitais;29 Bahia;626,0;Leitos_2025.csv
2025;;CNES;Leitos existentes;29 Bahia;33896,0;Leitos_2025.csv
2025;;CNES;Leitos SUS;29 Bahia;26583,0;Leitos_2025.csv
2025;;CNES;Leitos UTI total;29 Bahia;3332,0;Leitos_2025.csv
2025;;CNES;Qtd hospitais;23 Ceará;319,0;Leitos_2025.csv
2025;;CNES;Leitos existentes;23 Ceará;22552,0;Leitos_2025.csv
2025;;CNES;Leitos SUS;23 Ceará;17681,0;Leitos_2025.csv
2025;;CNES;Leitos UTI total;23 Ceará;1957,0;Leitos_2025.csv
2025;;CNES;Qtd hospitais;53 Distrito Federal;69,0;Leitos_2025.csv
2025;;CNES;Leitos existentes;53 Distrito Federal;10531,0;Leitos_2025.csv
2025;;CNES;Leitos SUS;53 Distrito Federal;5560,0;Leitos_2025.csv
2025;;CNES;Leitos UTI total;53 Distrito Federal;2107,0;Leitos_2025.csv
2025;;CNES;Qtd hospitais;32 Espírito Santo;114,0;Leitos_2025.csv
2025;;CNES;Leitos existentes;32 Espírito Santo;10243,0;Leitos_2025.csv
2025;;CNES;Leitos SUS;32 Espírito Santo;6776,0;Leitos_2025.csv
2025;;CNES;Leitos UTI total;32 Espírito Santo;1773,0;Leitos_2025.csv
2025;;CNES;Qtd hospitais;52 Goiás;453,0;Leitos_2025.csv
2025;;CNES;Leitos existentes;52 Goiás;20313,0;Leitos_2025.csv
2025;;CNES;Leitos SUS;52 Goiás;13289,0;Leitos_2025.csv
2025;;CNES;Leitos UTI total;52 Goiás;2274,0;Leitos_2025.csv
2025;;CNES;Qtd hospitais;21 Maranhão;323,0;Leitos_2025.csv
2025;;CNES;Leitos existentes;21 Maranhão;16900,0;Leitos_2025.csv
2025;;CNES;Leitos SUS;21 Maranhão;14423,0;Leitos_2025.csv
2025;;CNES;Leitos UTI total;21 Maranhão;1292,0;Leitos_2025.csv
2025;;CNES;Qtd hospitais;31 Minas Gerais;663,0;Leitos_2025.csv
2025;;CNES;Leitos existentes;31 Minas Gerais;49594,0;Leitos_2025.csv
2025;;CNES;Leitos SUS;31 Minas Gerais;33311,0;Leitos_2025.csv
2025;;CNES;Leitos UTI total;31 Minas Gerais;6091,0;Leitos_2025.csv
2025;;CNES;Qtd hospitais;50 Mato Grosso do Sul;122,0;Leitos_2025.csv
2025;;CNES;Leitos existentes;50 Mato Grosso do Sul;6802,0;Leitos_2025.csv
2025;;CNES;Leitos SUS;50 Mato Grosso do Sul;4492,0;Leitos_2025.csv
2025;;CNES;Leitos UTI total;50 Mato Grosso do Sul;842,0;Leitos_2025.csv
2025;;CNES;Qtd hospitais;51 Mato Grosso;180,0;Leitos_2025.csv
2025;;CNES;Leitos existentes;51 Mato Grosso;9326,0;Leitos_2025.csv
2025;;CNES;Leitos SUS;51 Mato Grosso;6793,0;Leitos_2025.csv
2025;;CNES;Leitos UTI total;51 Mato Grosso;1290,0;Leitos_2025.csv
2025;;CNES;Qtd hospitais;15 Pará;284,0;Leitos_2025.csv
2025;;CNES;Leitos existentes;15 Pará;17399,0;Leitos_2025.csv
2025;;CNES;Leitos SUS;15 Pará;12872,0;Leitos_2025.csv
2025;;CNES;Leitos UTI total;15 Pará;1693,0;Leitos_2025.csv
2025;;CNES;Qtd hospitais;25 Paraíba;192,0;Leitos_2025.csv
2025;;CNES;Leitos existentes;25 Paraíba;10851,0;Leitos_2025.csv
2025;;CNES;Leitos SUS;25 Paraíba;8197,0;Leitos_2025.csv
2025;;CNES;Leitos UTI total;25 Paraíba;1096,0;Leitos_2025.csv
2025;;CNES;Qtd hospitais;26 Pernambuco;396,0;Leitos_2025.csv
2025;;CNES;Leitos existentes;26 Pernambuco;25628,0;Leitos_2025.csv
2025;;CNES;Leitos SUS;26 Pernambuco;17564,0;Leitos_2025.csv
2025;;CNES;Leitos UTI total;26 Pernambuco;3004,0;Leitos_2025.csv
2025;;CNES;Qtd hospitais;22 Piauí;194,0;Leitos_2025.csv
2025;;CNES;Leitos existentes;22 Piauí;8020,0;Leitos_2025.csv
2025;;CNES;Leitos SUS;22 Piauí;6595,0;Leitos_2025.csv
2025;;CNES;Leitos UTI total;22 Piauí;565,0;Leitos_2025.csv
2025;;CNES;Qtd hospitais;41 Paraná;448,0;Leitos_2025.csv
2025;;CNES;Leitos existentes;41 Paraná;31046,0;Leitos_2025.csv
2025;;CNES;Leitos SUS;41 Paraná;21780,0;Leitos_2025.csv
2025;;CNES;Leitos UTI total;41 Paraná;3728,0;Leitos_2025.csv
2025;;CNES;Qtd hospitais;33 Rio de Janeiro;493,0;Leitos_2025.csv
2025;;CNES;Leitos existentes;33 Rio de Janeiro;44096,0;Leitos_2025.csv
2025;;CNES;Leitos SUS;33 Rio de Janeiro;24229,0;Leitos_2025.csv
2025;;CNES;Leitos UTI total;33 Rio de Janeiro;8580,0;Leitos_2025.csv
2025;;CNES;Qtd hospitais;24 Rio Grande do Norte;197,0;Leitos_2025.csv
2025;;CNES;Leitos existentes;24 Rio Grande do Norte;8344,0;Leitos_2025.csv
2025;;CNES;Leitos SUS;24 Rio Grande do Norte;6719,0;Leitos_2025.csv
2025;;CNES;Leitos UTI total;24 Rio Grande do Norte;857,0;Leitos_2025.csv
2025;;CNES;Qtd hospitais;11 Rondônia;113,0;Leitos_2025.csv
2025;;CNES;Leitos existentes;11 Rondônia;5936,0;Leitos_2025.csv
2025;;CNES;Leitos SUS;11 Rondônia;4681,0;Leitos_2025.csv
2025;;CNES;Leitos UTI total;11 Rondônia;685,0;Leitos_2025.csv
2025;;CNES;Qtd hospitais;14 Roraima;20,0;Leitos_2025.csv
2025;;CNES;Leitos existentes;14 Roraima;1680,0;Leitos_2025.csv
2025;;CNES;Leitos SUS;14 Roraima;1466,0;Leitos_2025.csv
2025;;CNES;Leitos UTI total;14 Roraima;104,0;Leitos_2025.csv
2025;;CNES;Qtd hospitais;43 Rio Grande do Sul;330,0;Leitos_2025.csv
2025;;CNES;Leitos existentes;43 Rio Grande do Sul;33581,0;Leitos_2025.csv
2025;;CNES;Leitos SUS;43 Rio Grande do Sul;22926,0;Leitos_2025.csv
2025;;CNES;Leitos UTI total;43 Rio Grande do Sul;3017,0;Leitos_2025.csv
2025;;CNES;Qtd hospitais;42 Santa Catarina;243,0;Leitos_2025.csv
2025;;CNES;Leitos existentes;42 Santa Catarina;18363,0;Leitos_2025.csv
2025;;CNES;Leitos SUS;42 Santa Catarina;13392,0;Leitos_2025.csv
2025;;CNES;Leitos UTI total;42 Santa Catarina;1997,0;Leitos_2025.csv
2025;;CNES;Qtd hospitais;28 Sergipe;55,0;Leitos_2025.csv
2025;;CNES;Leitos existentes;28 Sergipe;4275,0;Leitos_2025.csv
2025;;CNES;Leitos SUS;28 Sergipe;3146,0;Leitos_2025.csv
2025;;CNES;Leitos UTI total;28 Sergipe;554,0;Leitos_2025.csv
2025;;CNES;Qtd hospitais;35 São Paulo;1023,0;Leitos_2025.csv
2025;;CNES;Leitos existentes;35 São Paulo;110147,0;Leitos_2025.csv
2025;;CNES;Leitos SUS;35 São Paulo;61862,0;Leitos_2025.csv
2025;;CNES;Leitos UTI total;35 São Paulo;16221,0;Leitos_2025.csv
2025;;CNES;Qtd hospitais;17 Tocantins;78,0;Leitos_2025.csv
2025;;CNES;Leitos existentes;17 Tocantins;3856,0;Leitos_2025.csv
2025;;CNES;Leitos SUS;17 Tocantins;2963,0;Leitos_2025.csv
2025;;CNES;Leitos UTI total;17 Tocantins;452,0;Leitos_2025.csv
