texto,categoria,metadados_json
Diagnóstico CID-10 código A048: Outras infecções bacterianas intestinais especificadas.,entidade_diagnostico,"{""categoria"": ""entidade_diagnostico"", ""codigo_cid"": ""A048""}"
Diagnóstico CID-10 código A049: Infecção intestinal bacteriana não especificada.,entidade_diagnostico,"{""categoria"": ""entidade_diagnostico"", ""codigo_cid"": ""A049""}"
Diagnóstico CID-10 código A080: Enterite por rotavírus.,entidade_diagnostico,"{""categoria"": ""entidade_diagnostico"", ""codigo_cid"": ""A080""}"
Diagnóstico CID-10 código A083: Outras enterites virais.,entidade_diagnostico,"{""categoria"": ""entidade_diagnostico"", ""codigo_cid"": ""A083""}"
Diagnóstico CID-10 código A084: Infecção intestinal devida a vírus não especificado.,entidade_diagnostico,"{""categoria"": ""entidade_diagnostico"", ""codigo_cid"": ""A084""}"
Diagnóstico CID-10 código A085: Outras infecções intestinais especificadas.,entidade_diagnostico,"{""categoria"": ""entidade_diagnostico"", ""codigo_cid"": ""A085""}"
Diagnóstico CID-10 código A09: Diarréia e gastroenterite de origem infecciosa presumível.,entidade_diagnostico,"{""categoria"": ""entidade_diagnostico"", ""codigo_cid"": ""A09""}"
"Diagnóstico CID-10 código A150: Tuberculose pulmonar, com confirmação por exame microscópico da expectoração, com ou sem cultura.",entidade_diagnostico,"{""categoria"": ""entidade_diagnostico"", ""codigo_cid"": ""A150""}"
"Diagnóstico CID-10 código A153: Tuberculose pulmonar, com confirmação por meio não especificado.",entidade_diagnostico,"{""categoria"": ""entidade_diagnostico"", ""codigo_cid"": ""A153""}"
"Diagnóstico CID-10 código A156: Pleuris tuberculoso, com confirmação bacteriológica e histológica.",entidade_diagnostico,"{""categoria"": ""entidade_diagnostico"", ""codigo_cid"": ""A156""}"
"Diagnóstico CID-10 código A159: Tuberculose não especificada das vias respiratórias, com confirmação bacteriológica e histológica.",entidade_diagnostico,"{""categoria"": ""entidade_diagnostico"", ""codigo_cid"": ""A159""}"
"Diagnóstico CID-10 código A169: Tuberculose respiratória, não especificada, sem menção de confirmação bacteriológica ou histológica.",entidade_diagnostico,"{""categoria"": ""entidade_diagnostico"", ""codigo_cid"": ""A169""}"
Diagnóstico CID-10 código A279: Leptospirose não especificada.,entidade_diagnostico,"{""categoria"": ""entidade_diagnostico"", ""codigo_cid"": ""A279""}"
Diagnóstico CID-10 código A310: Infecção pulmonar micobacteriana.,entidade_diagnostico,"{""categoria"": ""entidade_diagnostico"", ""codigo_cid"": ""A310""}"
Diagnóstico CID-10 código A311: Infecção cutânea micobacteriana.,entidade_diagnostico,"{""categoria"": ""entidade_diagnostico"", ""codigo_cid"": ""A311""}"
Diagnóstico CID-10 código A318: Outras infecções micobacterianas.,entidade_diagnostico,"{""categoria"": ""entidade_diagnostico"", ""codigo_cid"": ""A318""}"
Diagnóstico CID-10 código A319: Infecção micobacteriana não especificada.,entidade_diagnostico,"{""categoria"": ""entidade_diagnostico"", ""codigo_cid"": ""A319""}"
Diagnóstico CID-10 código A403: Septicemia por Streptococcus pneumonia.,entidade_diagnostico,"{""categoria"": ""entidade_diagnostico"", ""codigo_cid"": ""A403""}"
Diagnóstico CID-10 código A408: Outras septicemias estreptocócicas.,entidade_diagnostico,"{""categoria"": ""entidade_diagnostico"", ""codigo_cid"": ""A408""}"
Diagnóstico CID-10 código A409: Septicemia estreptocócica não especificada.,entidade_diagnostico,"{""categoria"": ""entidade_diagnostico"", ""codigo_cid"": ""A409""}"
Diagnóstico CID-10 código A410: Septicemia por Staphylococcus aureus.,entidade_diagnostico,"{""categoria"": ""entidade_diagnostico"", ""codigo_cid"": ""A410""}"
Diagnóstico CID-10 código A411: Septicemia por outros estafilococos especificados.,entidade_diagnostico,"{""categoria"": ""entidade_diagnostico"", ""codigo_cid"": ""A411""}"
Diagnóstico CID-10 código A412: Septicemia por estafilococos não especificados.,entidade_diagnostico,"{""categoria"": ""entidade_diagnostico"", ""codigo_cid"": ""A412""}"
Diagnóstico CID-10 código A414: Septicemia por anaeróbios.,entidade_diagnostico,"{""categoria"": ""entidade_diagnostico"", ""codigo_cid"": ""A414""}"
Diagnóstico CID-10 código A415: Septicemia por outros microorganismos gram-negativos.,entidade_diagnostico,"{""categoria"": ""entidade_diagnostico"", ""codigo_cid"": ""A415""}"
Diagnóstico CID-10 código A418: Outras septicemias especificadas.,entidade_diagnostico,"{""categoria"": ""entidade_diagnostico"", ""codigo_cid"": ""A418""}"
Diagnóstico CID-10 código A419: Septicemia não especificada.,entidade_diagnostico,"{""categoria"": ""entidade_diagnostico"", ""codigo_cid"": ""A419""}"
Diagnóstico CID-10 código A46: Erisipela.,entidade_diagnostico,"{""categoria"": ""entidade_diagnostico"", ""codigo_cid"": ""A46""}"
Diagnóstico CID-10 código A480: Gangrena gasosa.,entidade_diagnostico,"{""categoria"": ""entidade_diagnostico"", ""codigo_cid"": ""A480""}"
Diagnóstico CID-10 código A488: Outras doenças bacterianas especificadas.,entidade_diagnostico,"{""categoria"": ""entidade_diagnostico"", ""codigo_cid"": ""A488""}"
Diagnóstico CID-10 código A490: Infecção estafilocócica de localização não especificada.,entidade_diagnostico,"{""categoria"": ""entidade_diagnostico"", ""codigo_cid"": ""A490""}"
Diagnóstico CID-10 código A491: Infecção estreptocócica de localização não especificada.,entidade_diagnostico,"{""categoria"": ""entidade_diagnostico"", ""codigo_cid"": ""A491""}"
Diagnóstico CID-10 código A498: Outras infecções bacterianas de localização não especificada.,entidade_diagnostico,"{""categoria"": ""entidade_diagnostico"", ""codigo_cid"": ""A498""}"
Diagnóstico CID-10 código A499: Infecção bacteriana não especificada.,entidade_diagnostico,"{""categoria"": ""entidade_diagnostico"", ""codigo_cid"": ""A499""}"
Diagnóstico CID-10 código A500: Sífilis congênita precoce sintomática.,entidade_diagnostico,"{""categoria"": ""entidade_diagnostico"", ""codigo_cid"": ""A500""}"
"Diagnóstico CID-10 código A501: Sífilis congênita precoce, forma latente.",entidade_diagnostico,"{""categoria"": ""entidade_diagnostico"", ""codigo_cid"": ""A501""}"
Diagnóstico CID-10 código A502: Sífilis congênita precoce não especificada.,entidade_diagnostico,"{""categoria"": ""entidade_diagnostico"", ""codigo_cid"": ""A502""}"
Diagnóstico CID-10 código A509: Sífilis congênita não especificada.,entidade_diagnostico,"{""categoria"": ""entidade_diagnostico"", ""codigo_cid"": ""A509""}"
Diagnóstico CID-10 código A522: Neurossífilis assintomática.,entidade_diagnostico,"{""categoria"": ""entidade_diagnostico"", ""codigo_cid"": ""A522""}"
Diagnóstico CID-10 código A630: Verrugas anogenitais (venéreas).,entidade_diagnostico,"{""categoria"": ""entidade_diagnostico"", ""codigo_cid"": ""A630""}"
Diagnóstico CID-10 código A90: Dengue [dengue clássico].,entidade_diagnostico,"{""categoria"": ""entidade_diagnostico"", ""codigo_cid"": ""A90""}"
Diagnóstico CID-10 código A91: Febre hemorrágica devida ao vírus do dengue.,entidade_diagnostico,"{""categoria"": ""entidade_diagnostico"", ""codigo_cid"": ""A91""}"
Diagnóstico CID-10 código B012: Pneumopatia varicelosa.,entidade_diagnostico,"{""categoria"": ""entidade_diagnostico"", ""codigo_cid"": ""B012""}"
Diagnóstico CID-10 código B07: Verrugas de origem viral.,entidade_diagnostico,"{""categoria"": ""entidade_diagnostico"", ""codigo_cid"": ""B07""}"
Diagnóstico CID-10 código B081: Molusco contagioso.,entidade_diagnostico,"{""categoria"": ""entidade_diagnostico"", ""codigo_cid"": ""B081""}"
Diagnóstico CID-10 código B088: Outras infecções virais especificadas caracterizadas por lesões de pele e das membranas mucosas.,entidade_diagnostico,"{""categoria"": ""entidade_diagnostico"", ""codigo_cid"": ""B088""}"
Diagnóstico CID-10 código B169: Hepatite aguda B sem agente Delta e sem coma hepático.,entidade_diagnostico,"{""categoria"": ""entidade_diagnostico"", ""codigo_cid"": ""B169""}"
Diagnóstico CID-10 código B200: Doença pelo HIV resultando em infecções micobacterianas.,entidade_diagnostico,"{""categoria"": ""entidade_diagnostico"", ""codigo_cid"": ""B200""}"
Diagnóstico CID-10 código B201: Doença pelo HIV resultando em outras infecções bacterianas.,entidade_diagnostico,"{""categoria"": ""entidade_diagnostico"", ""codigo_cid"": ""B201""}"
Diagnóstico CID-10 código B202: Doença pelo HIV resultando em doença citomegálica.,entidade_diagnostico,"{""categoria"": ""entidade_diagnostico"", ""codigo_cid"": ""B202""}"
Diagnóstico CID-10 código B207: Doença pelo HIV resultando em infecções múltiplas.,entidade_diagnostico,"{""categoria"": ""entidade_diagnostico"", ""codigo_cid"": ""B207""}"
Diagnóstico CID-10 código B209: Doença pelo HIV resultando em doença infecciosa ou parasitária não especificada.,entidade_diagnostico,"{""categoria"": ""entidade_diagnostico"", ""codigo_cid"": ""B209""}"
Diagnóstico CID-10 código B210: Doença pelo HIV resultando em sarcoma de Kaposi.,entidade_diagnostico,"{""categoria"": ""entidade_diagnostico"", ""codigo_cid"": ""B210""}"
Diagnóstico CID-10 código B219: Doença pelo HIV resultando em neoplasia maligna não especificada.,entidade_diagnostico,"{""categoria"": ""entidade_diagnostico"", ""codigo_cid"": ""B219""}"
Diagnóstico CID-10 código B220: Doença pelo HIV resultando em encefalopatia.,entidade_diagnostico,"{""categoria"": ""entidade_diagnostico"", ""codigo_cid"": ""B220""}"
Diagnóstico CID-10 código B24: Doença pelo vírus da imunodeficiência humana [HIV] não especificada.,entidade_diagnostico,"{""categoria"": ""entidade_diagnostico"", ""codigo_cid"": ""B24""}"
Diagnóstico CID-10 código B258: Outras doenças por citomegalovírus.,entidade_diagnostico,"{""categoria"": ""entidade_diagnostico"", ""codigo_cid"": ""B258""}"
Diagnóstico CID-10 código B259: Doença não especificada por citomegalovírus.,entidade_diagnostico,"{""categoria"": ""entidade_diagnostico"", ""codigo_cid"": ""B259""}"
Diagnóstico CID-10 código B340: Infecção por adenovírus de localização não especificada.,entidade_diagnostico,"{""categoria"": ""entidade_diagnostico"", ""codigo_cid"": ""B340""}"
Diagnóstico CID-10 código B342: Infecção por coronavírus de localização não especificada.,entidade_diagnostico,"{""categoria"": ""entidade_diagnostico"", ""codigo_cid"": ""B342""}"
Diagnóstico CID-10 código B348: Outras infecções por vírus de localização não especificada.,entidade_diagnostico,"{""categoria"": ""entidade_diagnostico"", ""codigo_cid"": ""B348""}"
Diagnóstico CID-10 código B349: Infecção viral não especificada.,entidade_diagnostico,"{""categoria"": ""entidade_diagnostico"", ""codigo_cid"": ""B349""}"
Diagnóstico CID-10 código B551: Leishmaniose cutânea.,entidade_diagnostico,"{""categoria"": ""entidade_diagnostico"", ""codigo_cid"": ""B551""}"
Diagnóstico CID-10 código B552: Leishmaniose cutâneo-mucosa.,entidade_diagnostico,"{""categoria"": ""entidade_diagnostico"", ""codigo_cid"": ""B552""}"
Diagnóstico CID-10 código B59: Pneumocistose.,entidade_diagnostico,"{""categoria"": ""entidade_diagnostico"", ""codigo_cid"": ""B59""}"
Diagnóstico CID-10 código B871: Miíase das feridas.,entidade_diagnostico,"{""categoria"": ""entidade_diagnostico"", ""codigo_cid"": ""B871""}"
Diagnóstico CID-10 código B91: Seqüelas de poliomielite.,entidade_diagnostico,"{""categoria"": ""entidade_diagnostico"", ""codigo_cid"": ""B91""}"
Diagnóstico CID-10 código B92: Seqüelas de hanseníase [lepra].,entidade_diagnostico,"{""categoria"": ""entidade_diagnostico"", ""codigo_cid"": ""B92""}"
"Diagnóstico CID-10 código B955: Estreptococo não especificado, como causa de doenças classificadas em outros capítulos.",entidade_diagnostico,"{""categoria"": ""entidade_diagnostico"", ""codigo_cid"": ""B955""}"
"Diagnóstico CID-10 código B956: Staphylococcus aureus, como causa de doenças classificadas em outros capítulos.",entidade_diagnostico,"{""categoria"": ""entidade_diagnostico"", ""codigo_cid"": ""B956""}"
Diagnóstico CID-10 código B957: Outros estafilococos como causa de doenças classificadas em outros capítulos.,entidade_diagnostico,"{""categoria"": ""entidade_diagnostico"", ""codigo_cid"": ""B957""}"
"Diagnóstico CID-10 código B958: Estafilococo não especificado, como causa de doenças classificadas em outros capítulos.",entidade_diagnostico,"{""categoria"": ""entidade_diagnostico"", ""codigo_cid"": ""B958""}"
"Diagnóstico CID-10 código B99: Doenças infecciosas, outras e as não especificadas.",entidade_diagnostico,"{""categoria"": ""entidade_diagnostico"", ""codigo_cid"": ""B99""}"
Diagnóstico CID-10 código C001: Neoplasia maligna do lábio inferior externo.,entidade_diagnostico,"{""categoria"": ""entidade_diagnostico"", ""codigo_cid"": ""C001""}"
Diagnóstico CID-10 código C008: Neoplasia maligna do lábio com lesão invasiva.,entidade_diagnostico,"{""categoria"": ""entidade_diagnostico"", ""codigo_cid"": ""C008""}"
"Diagnóstico CID-10 código C009: Neoplasia maligna do lábio, não especificado.",entidade_diagnostico,"{""categoria"": ""entidade_diagnostico"", ""codigo_cid"": ""C009""}"
Diagnóstico CID-10 código C01: Neoplasia maligna da base da língua.,entidade_diagnostico,"{""categoria"": ""entidade_diagnostico"", ""codigo_cid"": ""C01""}"
Diagnóstico CID-10 código C021: Neoplasia maligna da borda da língua.,entidade_diagnostico,"{""categoria"": ""entidade_diagnostico"", ""codigo_cid"": ""C021""}"
Diagnóstico CID-10 código C028: Neoplasia maligna da língua com lesão invasiva.,entidade_diagnostico,"{""categoria"": ""entidade_diagnostico"", ""codigo_cid"": ""C028""}"
"Diagnóstico CID-10 código C029: Neoplasia maligna da língua, não especificada.",entidade_diagnostico,"{""categoria"": ""entidade_diagnostico"", ""codigo_cid"": ""C029""}"
Diagnóstico CID-10 código C048: Neoplasia maligna do assoalho da boca com lesão invasiva.,entidade_diagnostico,"{""categoria"": ""entidade_diagnostico"", ""codigo_cid"": ""C048""}"
"Diagnóstico CID-10 código C049: Neoplasia maligna do assoalho da boca, não especificado.",entidade_diagnostico,"{""categoria"": ""entidade_diagnostico"", ""codigo_cid"": ""C049""}"
"Diagnóstico CID-10 código C069: Neoplasia maligna da boca, não especificada.",entidade_diagnostico,"{""categoria"": ""entidade_diagnostico"", ""codigo_cid"": ""C069""}"
Diagnóstico CID-10 código C07: Neoplasia maligna da glândula parótida.,entidade_diagnostico,"{""categoria"": ""entidade_diagnostico"", ""codigo_cid"": ""C07""}"
Diagnóstico CID-10 código C108: Neoplasia maligna da orofaringe com lesão invasiva.,entidade_diagnostico,"{""categoria"": ""entidade_diagnostico"", ""codigo_cid"": ""C108""}"
"Diagnóstico CID-10 código C109: Neoplasia maligna da orofaringe, não especificada.",entidade_diagnostico,"{""categoria"": ""entidade_diagnostico"", ""codigo_cid"": ""C109""}"
"Diagnóstico CID-10 código C119: Neoplasia maligna da nasofaringe, não especificada.",entidade_diagnostico,"{""categoria"": ""entidade_diagnostico"", ""codigo_cid"": ""C119""}"
"Diagnóstico CID-10 código C139: Neoplasia maligna da hipofaringe, não especificada.",entidade_diagnostico,"{""categoria"": ""entidade_diagnostico"", ""codigo_cid"": ""C139""}"
Diagnóstico CID-10 código C150: Neoplasia maligna da porção cervical do esôfago (esôfago cervical).,entidade_diagnostico,"{""categoria"": ""entidade_diagnostico"", ""codigo_cid"": ""C150""}"
Diagnóstico CID-10 código C158: Neoplasia maligna do esôfago com lesão invasiva.,entidade_diagnostico,"{""categoria"": ""entidade_diagnostico"", ""codigo_cid"": ""C158""}"
"Diagnóstico CID-10 código C159: Neoplasia maligna do esôfago, não especificado.",entidade_diagnostico,"{""categoria"": ""entidade_diagnostico"", ""codigo_cid"": ""C159""}"
Diagnóstico CID-10 código C160: Neoplasia maligna da cárdia.,entidade_diagnostico,"{""categoria"": ""entidade_diagnostico"", ""codigo_cid"": ""C160""}"
Diagnóstico CID-10 código C161: Neoplasia maligna do fundo do estômago.,entidade_diagnostico,"{""categoria"": ""entidade_diagnostico"", ""codigo_cid"": ""C161""}"
Diagnóstico CID-10 código C162: Neoplasia maligna do corpo do estômago.,entidade_diagnostico,"{""categoria"": ""entidade_diagnostico"", ""codigo_cid"": ""C162""}"
Diagnóstico CID-10 código C163: Neoplasia maligna do antro pilórico.,entidade_diagnostico,"{""categoria"": ""entidade_diagnostico"", ""codigo_cid"": ""C163""}"
"Diagnóstico CID-10 código C165: Neoplasia maligna da pequena curvatura do estômago, não especificada.",entidade_diagnostico,"{""categoria"": ""entidade_diagnostico"", ""codigo_cid"": ""C165""}"
"Diagnóstico CID-10 código C166: Neoplasia maligna da grande curvatura do estômago, não especificada.",entidade_diagnostico,"{""categoria"": ""entidade_diagnostico"", ""codigo_cid"": ""C166""}"
Diagnóstico CID-10 código C168: Neoplasia maligna do estômago com lesão invasiva.,entidade_diagnostico,"{""categoria"": ""entidade_diagnostico"", ""codigo_cid"": ""C168""}"
"Diagnóstico CID-10 código C169: Neoplasia maligna do estômago, não especificado.",entidade_diagnostico,"{""categoria"": ""entidade_diagnostico"", ""codigo_cid"": ""C169""}"
Diagnóstico CID-10 código C170: Neoplasia maligna do duodeno.,entidade_diagnostico,"{""categoria"": ""entidade_diagnostico"", ""codigo_cid"": ""C170""}"
"Diagnóstico CID-10 código C179: Neoplasia maligna do intestino delgado, não especificado.",entidade_diagnostico,"{""categoria"": ""entidade_diagnostico"", ""codigo_cid"": ""C179""}"
Diagnóstico CID-10 código C180: Neoplasia maligna do ceco.,entidade_diagnostico,"{""categoria"": ""entidade_diagnostico"", ""codigo_cid"": ""C180""}"
Diagnóstico CID-10 código C181: Neoplasia maligna do apêndice (vermiforme).,entidade_diagnostico,"{""categoria"": ""entidade_diagnostico"", ""codigo_cid"": ""C181""}"
Diagnóstico CID-10 código C182: Neoplasia maligna do cólon ascendente.,entidade_diagnostico,"{""categoria"": ""entidade_diagnostico"", ""codigo_cid"": ""C182""}"
Diagnóstico CID-10 código C183: Neoplasia maligna da flexura (ângulo) hepática(o).,entidade_diagnostico,"{""categoria"": ""entidade_diagnostico"", ""codigo_cid"": ""C183""}"
Diagnóstico CID-10 código C184: Neoplasia maligna do cólon transverso.,entidade_diagnostico,"{""categoria"": ""entidade_diagnostico"", ""codigo_cid"": ""C184""}"
Diagnóstico CID-10 código C186: Neoplasia maligna do cólon descendente.,entidade_diagnostico,"{""categoria"": ""entidade_diagnostico"", ""codigo_cid"": ""C186""}"
Diagnóstico CID-10 código C187: Neoplasia maligna do cólon sigmóide.,entidade_diagnostico,"{""categoria"": ""entidade_diagnostico"", ""codigo_cid"": ""C187""}"
Diagnóstico CID-10 código C188: Neoplasia maligna do cólon com lesão invasiva.,entidade_diagnostico,"{""categoria"": ""entidade_diagnostico"", ""codigo_cid"": ""C188""}"
"Diagnóstico CID-10 código C189: Neoplasia maligna do cólon, não especificado.",entidade_diagnostico,"{""categoria"": ""entidade_diagnostico"", ""codigo_cid"": ""C189""}"
Diagnóstico CID-10 código C19: Neoplasia maligna da junção retossigmóide.,entidade_diagnostico,"{""categoria"": ""entidade_diagnostico"", ""codigo_cid"": ""C19""}"
Diagnóstico CID-10 código C20: Neoplasia maligna do reto.,entidade_diagnostico,"{""categoria"": ""entidade_diagnostico"", ""codigo_cid"": ""C20""}"
"Diagnóstico CID-10 código C210: Neoplasia maligna do ânus, não especificado.",entidade_diagnostico,"{""categoria"": ""entidade_diagnostico"", ""codigo_cid"": ""C210""}"
Diagnóstico CID-10 código C211: Neoplasia maligna do canal anal.,entidade_diagnostico,"{""categoria"": ""entidade_diagnostico"", ""codigo_cid"": ""C211""}"
"Diagnóstico CID-10 código C218: Neoplasia maligna do reto, ânus e do canal anal com lesão invasiva.",entidade_diagnostico,"{""categoria"": ""entidade_diagnostico"", ""codigo_cid"": ""C218""}"
Diagnóstico CID-10 código C220: Carcinoma de células hepáticas.,entidade_diagnostico,"{""categoria"": ""entidade_diagnostico"", ""codigo_cid"": ""C220""}"
Diagnóstico CID-10 código C221: Carcinoma de vias biliares intra-hepáticas.,entidade_diagnostico,"{""categoria"": ""entidade_diagnostico"", ""codigo_cid"": ""C221""}"
Diagnóstico CID-10 código C222: Hepatoblastoma.,entidade_diagnostico,"{""categoria"": ""entidade_diagnostico"", ""codigo_cid"": ""C222""}"
Diagnóstico CID-10 código C227: Outros carcinomas especificados do fígado.,entidade_diagnostico,"{""categoria"": ""entidade_diagnostico"", ""codigo_cid"": ""C227""}"
"Diagnóstico CID-10 código C229: Neoplasia maligna do fígado, não especificada.",entidade_diagnostico,"{""categoria"": ""entidade_diagnostico"", ""codigo_cid"": ""C229""}"
Diagnóstico CID-10 código C23: Neoplasia maligna da vesícula biliar.,entidade_diagnostico,"{""categoria"": ""entidade_diagnostico"", ""codigo_cid"": ""C23""}"
Diagnóstico CID-10 código C240: Neoplasia maligna das vias biliares extra-hepáticas.,entidade_diagnostico,"{""categoria"": ""entidade_diagnostico"", ""codigo_cid"": ""C240""}"
"Diagnóstico CID-10 código C249: Neoplasia maligna da via biliar, não especificada.",entidade_diagnostico,"{""categoria"": ""entidade_diagnostico"", ""codigo_cid"": ""C249""}"
Diagnóstico CID-10 código C250: Neoplasia maligna da cabeça do pâncreas.,entidade_diagnostico,"{""categoria"": ""entidade_diagnostico"", ""codigo_cid"": ""C250""}"
Diagnóstico CID-10 código C251: Neoplasia maligna do corpo do pâncreas.,entidade_diagnostico,"{""categoria"": ""entidade_diagnostico"", ""codigo_cid"": ""C251""}"
Diagnóstico CID-10 código C258: Neoplasia maligna do pâncreas com lesão invasiva.,entidade_diagnostico,"{""categoria"": ""entidade_diagnostico"", ""codigo_cid"": ""C258""}"
"Diagnóstico CID-10 código C259: Neoplasia maligna do pâncreas, não especificado.",entidade_diagnostico,"{""categoria"": ""entidade_diagnostico"", ""codigo_cid"": ""C259""}"
Diagnóstico CID-10 código C310: Neoplasia maligna do seio maxilar.,entidade_diagnostico,"{""categoria"": ""entidade_diagnostico"", ""codigo_cid"": ""C310""}"
Diagnóstico CID-10 código C320: Neoplasia maligna da glote.,entidade_diagnostico,"{""categoria"": ""entidade_diagnostico"", ""codigo_cid"": ""C320""}"
Diagnóstico CID-10 código C321: Neoplasia maligna da região supraglótica.,entidade_diagnostico,"{""categoria"": ""entidade_diagnostico"", ""codigo_cid"": ""C321""}"
Diagnóstico CID-10 código C328: Neoplasia maligna da laringe com lesão invasiva.,entidade_diagnostico,"{""categoria"": ""entidade_diagnostico"", ""codigo_cid"": ""C328""}"
"Diagnóstico CID-10 código C329: Neoplasia maligna da laringe, não especificada.",entidade_diagnostico,"{""categoria"": ""entidade_diagnostico"", ""codigo_cid"": ""C329""}"
Diagnóstico CID-10 código C340: Neoplasia maligna do brônquio principal.,entidade_diagnostico,"{""categoria"": ""entidade_diagnostico"", ""codigo_cid"": ""C340""}"
"Diagnóstico CID-10 código C341: Neoplasia maligna do lobo superior, brônquio ou pulmão.",entidade_diagnostico,"{""categoria"": ""entidade_diagnostico"", ""codigo_cid"": ""C341""}"
"Diagnóstico CID-10 código C342: Neoplasia maligna do lobo médio, brônquio ou pulmão.",entidade_diagnostico,"{""categoria"": ""entidade_diagnostico"", ""codigo_cid"": ""C342""}"
"Diagnóstico CID-10 código C343: Neoplasia maligna do lobo inferior, brônquio ou pulmão.",entidade_diagnostico,"{""categoria"": ""entidade_diagnostico"", ""codigo_cid"": ""C343""}"
Diagnóstico CID-10 código C348: Neoplasia maligna dos brônquios e dos pulmões com lesão invasiva.,entidade_diagnostico,"{""categoria"": ""entidade_diagnostico"", ""codigo_cid"": ""C348""}"
"Diagnóstico CID-10 código C349: Neoplasia maligna dos brônquios ou pulmões, não especificado.",entidade_diagnostico,"{""categoria"": ""entidade_diagnostico"", ""codigo_cid"": ""C349""}"
Diagnóstico CID-10 código C37: Neoplasia maligna do timo.,entidade_diagnostico,"{""categoria"": ""entidade_diagnostico"", ""codigo_cid"": ""C37""}"
Diagnóstico CID-10 código C400: Neoplasia maligna da omoplata [escápula] e ossos longos dos membros superiores.,entidade_diagnostico,"{""categoria"": ""entidade_diagnostico"", ""codigo_cid"": ""C400""}"
Diagnóstico CID-10 código C402: Neoplasia maligna dos ossos longos dos membros inferiores.,entidade_diagnostico,"{""categoria"": ""entidade_diagnostico"", ""codigo_cid"": ""C402""}"
Diagnóstico CID-10 código C403: Neoplasia maligna dos ossos curtos dos membros inferiores.,entidade_diagnostico,"{""categoria"": ""entidade_diagnostico"", ""codigo_cid"": ""C403""}"
Diagnóstico CID-10 código C409: Neoplasia maligna dos ossos e cartilagens articulares de membro não especificado.,entidade_diagnostico,"{""categoria"": ""entidade_diagnostico"", ""codigo_cid"": ""C409""}"
Diagnóstico CID-10 código C412: Neoplasia maligna da coluna vertebral.,entidade_diagnostico,"{""categoria"": ""entidade_diagnostico"", ""codigo_cid"": ""C412""}"
"Diagnóstico CID-10 código C414: Neoplasia maligna dos ossos da pelve, sacro e cóccix.",entidade_diagnostico,"{""categoria"": ""entidade_diagnostico"", ""codigo_cid"": ""C414""}"
Diagnóstico CID-10 código C418: Neoplasia maligna dos ossos e das cartilagens articulares com lesão invasiva.,entidade_diagnostico,"{""categoria"": ""entidade_diagnostico"", ""codigo_cid"": ""C418""}"
"Diagnóstico CID-10 código C419: Neoplasia maligna dos ossos e cartilagens articulares, não especificados.",entidade_diagnostico,"{""categoria"": ""entidade_diagnostico"", ""codigo_cid"": ""C419""}"
"Diagnóstico CID-10 código C431: Melanoma maligno da pálpebra, incluindo as comissuras palpebrais.",entidade_diagnostico,"{""categoria"": ""entidade_diagnostico"", ""codigo_cid"": ""C431""}"
Diagnóstico CID-10 código C433: Melanoma maligno de outras partes e partes não especificadas da face.,entidade_diagnostico,"{""categoria"": ""entidade_diagnostico"", ""codigo_cid"": ""C433""}"
Diagnóstico CID-10 código C435: Melanoma maligno do tronco.,entidade_diagnostico,"{""categoria"": ""entidade_diagnostico"", ""codigo_cid"": ""C435""}"
"Diagnóstico CID-10 código C437: Melanoma maligno do membro inferior, incluindo quadril.",entidade_diagnostico,"{""categoria"": ""entidade_diagnostico"", ""codigo_cid"": ""C437""}"
Diagnóstico CID-10 código C438: Melanoma maligno invasivo da pele.,entidade_diagnostico,"{""categoria"": ""entidade_diagnostico"", ""codigo_cid"": ""C438""}"
"Diagnóstico CID-10 código C439: Melanoma maligno de pele, não especificado.",entidade_diagnostico,"{""categoria"": ""entidade_diagnostico"", ""codigo_cid"": ""C439""}"
Diagnóstico CID-10 código C440: Neoplasia maligna da pele do lábio.,entidade_diagnostico,"{""categoria"": ""entidade_diagnostico"", ""codigo_cid"": ""C440""}"
"Diagnóstico CID-10 código C441: Neoplasia maligna da pele da pálpebra, incluindo o canto.",entidade_diagnostico,"{""categoria"": ""entidade_diagnostico"", ""codigo_cid"": ""C441""}"
Diagnóstico CID-10 código C442: Neoplasia maligna da pele da orelha e do conduto auditivo externo.,entidade_diagnostico,"{""categoria"": ""entidade_diagnostico"", ""codigo_cid"": ""C442""}"
Diagnóstico CID-10 código C443: Neoplasia maligna da pele de outras partes e de partes não especificadas da face.,entidade_diagnostico,"{""categoria"": ""entidade_diagnostico"", ""codigo_cid"": ""C443""}"
Diagnóstico CID-10 código C444: Neoplasia maligna da pele do couro cabeludo e do pescoço.,entidade_diagnostico,"{""categoria"": ""entidade_diagnostico"", ""codigo_cid"": ""C444""}"
Diagnóstico CID-10 código C445: Neoplasia maligna da pele do tronco.,entidade_diagnostico,"{""categoria"": ""entidade_diagnostico"", ""codigo_cid"": ""C445""}"
"Diagnóstico CID-10 código C446: Neoplasia maligna da pele do membro superior, incluindo ombro.",entidade_diagnostico,"{""categoria"": ""entidade_diagnostico"", ""codigo_cid"": ""C446""}"
"Diagnóstico CID-10 código C447: Neoplasia maligna da pele do membro inferior, incluindo quadril.",entidade_diagnostico,"{""categoria"": ""entidade_diagnostico"", ""codigo_cid"": ""C447""}"
Diagnóstico CID-10 código C448: Neoplasia maligna da pele com lesão invasiva.,entidade_diagnostico,"{""categoria"": ""entidade_diagnostico"", ""codigo_cid"": ""C448""}"
"Diagnóstico CID-10 código C449: Neoplasia maligna da pele, não especificada.",entidade_diagnostico,"{""categoria"": ""entidade_diagnostico"", ""codigo_cid"": ""C449""}"
Diagnóstico CID-10 código C480: Neoplasia maligna do retroperitônio.,entidade_diagnostico,"{""categoria"": ""entidade_diagnostico"", ""codigo_cid"": ""C480""}"
"Diagnóstico CID-10 código C490: Neoplasia maligna do tecido conjuntivo e tecidos moles da cabeça, face e pescoço.",entidade_diagnostico,"{""categoria"": ""entidade_diagnostico"", ""codigo_cid"": ""C490""}"
"Diagnóstico CID-10 código C491: Neoplasia maligna do tecido conjuntivo e tecidos moles dos membros superiores, incluindo ombro.",entidade_diagnostico,"{""categoria"": ""entidade_diagnostico"", ""codigo_cid"": ""C491""}"
"Diagnóstico CID-10 código C492: Neoplasia maligna do tecido conjuntivo e tecidos moles dos membros inferiores, incluindo quadril.",entidade_diagnostico,"{""categoria"": ""entidade_diagnostico"", ""codigo_cid"": ""C492""}"
Diagnóstico CID-10 código C493: Neoplasia maligna do tecido conjuntivo e tecidos moles do tórax.,entidade_diagnostico,"{""categoria"": ""entidade_diagnostico"", ""codigo_cid"": ""C493""}"
Diagnóstico CID-10 código C495: Neoplasia maligna do tecido conjuntivo e tecidos moles da pelve.,entidade_diagnostico,"{""categoria"": ""entidade_diagnostico"", ""codigo_cid"": ""C495""}"
Diagnóstico CID-10 código C496: Neoplasia maligna do tecido conjuntivo e tecidos moles do tronco.,entidade_diagnostico,"{""categoria"": ""entidade_diagnostico"", ""codigo_cid"": ""C496""}"
Diagnóstico CID-10 código C498: Neoplasia maligna do tecido conjuntivo e dos tecidos moles com lesão invasiva.,entidade_diagnostico,"{""categoria"": ""entidade_diagnostico"", ""codigo_cid"": ""C498""}"
"Diagnóstico CID-10 código C499: Neoplasia maligna do tecido conjuntivo e tecidos moles, não especificados.",entidade_diagnostico,"{""categoria"": ""entidade_diagnostico"", ""codigo_cid"": ""C499""}"
Diagnóstico CID-10 código C500: Neoplasia maligna do mamilo e aréola.,entidade_diagnostico,"{""categoria"": ""entidade_diagnostico"", ""codigo_cid"": ""C500""}"
Diagnóstico CID-10 código C501: Neoplasia maligna da porção central da mama.,entidade_diagnostico,"{""categoria"": ""entidade_diagnostico"", ""codigo_cid"": ""C501""}"
Diagnóstico CID-10 código C502: Neoplasia maligna do quadrante superior interno da mama.,entidade_diagnostico,"{""categoria"": ""entidade_diagnostico"", ""codigo_cid"": ""C502""}"
Diagnóstico CID-10 código C503: Neoplasia maligna do quadrante inferior interno da mama.,entidade_diagnostico,"{""categoria"": ""entidade_diagnostico"", ""codigo_cid"": ""C503""}"
Diagnóstico CID-10 código C504: Neoplasia maligna do quadrante superior externo da mama.,entidade_diagnostico,"{""categoria"": ""entidade_diagnostico"", ""codigo_cid"": ""C504""}"
Diagnóstico CID-10 código C505: Neoplasia maligna do quadrante inferior externo da mama.,entidade_diagnostico,"{""categoria"": ""entidade_diagnostico"", ""codigo_cid"": ""C505""}"
Diagnóstico CID-10 código C506: Neoplasia maligna da porção axilar da mama.,entidade_diagnostico,"{""categoria"": ""entidade_diagnostico"", ""codigo_cid"": ""C506""}"
Diagnóstico CID-10 código C508: Neoplasia maligna da mama com lesão invasiva.,entidade_diagnostico,"{""categoria"": ""entidade_diagnostico"", ""codigo_cid"": ""C508""}"
"Diagnóstico CID-10 código C509: Neoplasia maligna da mama, não especificada.",entidade_diagnostico,"{""categoria"": ""entidade_diagnostico"", ""codigo_cid"": ""C509""}"
Diagnóstico CID-10 código C510: Neoplasia maligna dos grandes lábios.,entidade_diagnostico,"{""categoria"": ""entidade_diagnostico"", ""codigo_cid"": ""C510""}"
"Diagnóstico CID-10 código C519: Neoplasia maligna da vulva, não especificada.",entidade_diagnostico,"{""categoria"": ""entidade_diagnostico"", ""codigo_cid"": ""C519""}"
Diagnóstico CID-10 código C530: Neoplasia maligna do endocérvix.,entidade_diagnostico,"{""categoria"": ""entidade_diagnostico"", ""codigo_cid"": ""C530""}"
Diagnóstico CID-10 código C531: Neoplasia maligna do exocérvix.,entidade_diagnostico,"{""categoria"": ""entidade_diagnostico"", ""codigo_cid"": ""C531""}"
Diagnóstico CID-10 código C538: Neoplasia maligna do colo do útero com lesão invasiva.,entidade_diagnostico,"{""categoria"": ""entidade_diagnostico"", ""codigo_cid"": ""C538""}"
"Diagnóstico CID-10 código C539: Neoplasia maligna do colo do útero, não especificado.",entidade_diagnostico,"{""categoria"": ""entidade_diagnostico"", ""codigo_cid"": ""C539""}"
Diagnóstico CID-10 código C541: Neoplasia maligna do endométrio.,entidade_diagnostico,"{""categoria"": ""entidade_diagnostico"", ""codigo_cid"": ""C541""}"
Diagnóstico CID-10 código C548: Neoplasia maligna do corpo do útero com lesão invasiva.,entidade_diagnostico,"{""categoria"": ""entidade_diagnostico"", ""codigo_cid"": ""C548""}"
"Diagnóstico CID-10 código C549: Neoplasia maligna do corpo do útero, não especificado.",entidade_diagnostico,"{""categoria"": ""entidade_diagnostico"", ""codigo_cid"": ""C549""}"
Diagnóstico CID-10 código C56: Neoplasia maligna do ovário.,entidade_diagnostico,"{""categoria"": ""entidade_diagnostico"", ""codigo_cid"": ""C56""}"
"Diagnóstico CID-10 código C609: Neoplasia maligna do pênis, não especificado.",entidade_diagnostico,"{""categoria"": ""entidade_diagnostico"", ""codigo_cid"": ""C609""}"
Diagnóstico CID-10 código C61: Neoplasia maligna da próstata.,entidade_diagnostico,"{""categoria"": ""entidade_diagnostico"", ""codigo_cid"": ""C61""}"
Diagnóstico CID-10 código C621: Neoplasia maligna do testículo tópico.,entidade_diagnostico,"{""categoria"": ""entidade_diagnostico"", ""codigo_cid"": ""C621""}"
"Diagnóstico CID-10 código C629: Neoplasia maligna do testículo, sem outras especificações.",entidade_diagnostico,"{""categoria"": ""entidade_diagnostico"", ""codigo_cid"": ""C629""}"
"Diagnóstico CID-10 código C64: Neoplasia maligna do rim, exceto pelve renal.",entidade_diagnostico,"{""categoria"": ""entidade_diagnostico"", ""codigo_cid"": ""C64""}"
Diagnóstico CID-10 código C65: Neoplasia maligna da pelve renal.,entidade_diagnostico,"{""categoria"": ""entidade_diagnostico"", ""codigo_cid"": ""C65""}"
Diagnóstico CID-10 código C66: Neoplasia maligna dos ureteres.,entidade_diagnostico,"{""categoria"": ""entidade_diagnostico"", ""codigo_cid"": ""C66""}"
Diagnóstico CID-10 código C670: Neoplasia maligna do trígono da bexiga.,entidade_diagnostico,"{""categoria"": ""entidade_diagnostico"", ""codigo_cid"": ""C670""}"
Diagnóstico CID-10 código C671: Neoplasia maligna da cúpula da bexiga.,entidade_diagnostico,"{""categoria"": ""entidade_diagnostico"", ""codigo_cid"": ""C671""}"
Diagnóstico CID-10 código C672: Neoplasia maligna da parede lateral da bexiga.,entidade_diagnostico,"{""categoria"": ""entidade_diagnostico"", ""codigo_cid"": ""C672""}"
Diagnóstico CID-10 código C673: Neoplasia maligna da parede anterior da bexiga.,entidade_diagnostico,"{""categoria"": ""entidade_diagnostico"", ""codigo_cid"": ""C673""}"
Diagnóstico CID-10 código C674: Neoplasia maligna da parede posterior da bexiga.,entidade_diagnostico,"{""categoria"": ""entidade_diagnostico"", ""codigo_cid"": ""C674""}"
Diagnóstico CID-10 código C675: Neoplasia maligna do colo da bexiga.,entidade_diagnostico,"{""categoria"": ""entidade_diagnostico"", ""codigo_cid"": ""C675""}"
Diagnóstico CID-10 código C678: Neoplasia maligna da bexiga com lesão invasiva.,entidade_diagnostico,"{""categoria"": ""entidade_diagnostico"", ""codigo_cid"": ""C678""}"
"Diagnóstico CID-10 código C679: Neoplasia maligna da bexiga, sem outra especificações.",entidade_diagnostico,"{""categoria"": ""entidade_diagnostico"", ""codigo_cid"": ""C679""}"
Diagnóstico CID-10 código C692: Neoplasia maligna da retina.,entidade_diagnostico,"{""categoria"": ""entidade_diagnostico"", ""codigo_cid"": ""C692""}"
Diagnóstico CID-10 código C693: Neoplasia maligna da coróide.,entidade_diagnostico,"{""categoria"": ""entidade_diagnostico"", ""codigo_cid"": ""C693""}"
Diagnóstico CID-10 código C698: Neoplasia maligna do olho e anexos com lesão invasiva.,entidade_diagnostico,"{""categoria"": ""entidade_diagnostico"", ""codigo_cid"": ""C698""}"
"Diagnóstico CID-10 código C699: Neoplasia maligna do olho, não especificado.",entidade_diagnostico,"{""categoria"": ""entidade_diagnostico"", ""codigo_cid"": ""C699""}"
"Diagnóstico CID-10 código C710: Neoplasia maligna do cérebro, exceto lobos e ventrículos.",entidade_diagnostico,"{""categoria"": ""entidade_diagnostico"", ""codigo_cid"": ""C710""}"
Diagnóstico CID-10 código C711: Neoplasia maligna do lobo frontal.,entidade_diagnostico,"{""categoria"": ""entidade_diagnostico"", ""codigo_cid"": ""C711""}"
Diagnóstico CID-10 código C715: Neoplasia maligna do ventrículo cerebral.,entidade_diagnostico,"{""categoria"": ""entidade_diagnostico"", ""codigo_cid"": ""C715""}"
Diagnóstico CID-10 código C716: Neoplasia maligna do cerebelo.,entidade_diagnostico,"{""categoria"": ""entidade_diagnostico"", ""codigo_cid"": ""C716""}"
Diagnóstico CID-10 código C717: Neoplasia maligna do tronco cerebral.,entidade_diagnostico,"{""categoria"": ""entidade_diagnostico"", ""codigo_cid"": ""C717""}"
Diagnóstico CID-10 código C718: Neoplasia maligna do encéfalo com lesão invasiva.,entidade_diagnostico,"{""categoria"": ""entidade_diagnostico"", ""codigo_cid"": ""C718""}"
"Diagnóstico CID-10 código C719: Neoplasia maligna do encéfalo, não especificado.",entidade_diagnostico,"{""categoria"": ""entidade_diagnostico"", ""codigo_cid"": ""C719""}"
Diagnóstico CID-10 código C728: Neoplasia maligna do encéfalo e de outras partes do sistema nervoso central com lesão invasiva.,entidade_diagnostico,"{""categoria"": ""entidade_diagnostico"", ""codigo_cid"": ""C728""}"
"Diagnóstico CID-10 código C729: Neoplasia maligna do sistema nervoso central, não especificado.",entidade_diagnostico,"{""categoria"": ""entidade_diagnostico"", ""codigo_cid"": ""C729""}"
Diagnóstico CID-10 código C73: Neoplasia maligna da glândula tireóide.,entidade_diagnostico,"{""categoria"": ""entidade_diagnostico"", ""codigo_cid"": ""C73""}"
Diagnóstico CID-10 código C740: Neoplasia maligna do córtex da supra-renal.,entidade_diagnostico,"{""categoria"": ""entidade_diagnostico"", ""codigo_cid"": ""C740""}"
"Diagnóstico CID-10 código C749: Neoplasia maligna da glândula supra-renal, não especificada.",entidade_diagnostico,"{""categoria"": ""entidade_diagnostico"", ""codigo_cid"": ""C749""}"
"Diagnóstico CID-10 código C760: Neoplasia maligna da cabeça, face e pescoço.",entidade_diagnostico,"{""categoria"": ""entidade_diagnostico"", ""codigo_cid"": ""C760""}"
Diagnóstico CID-10 código C767: Neoplasia maligna de outras localizações mal definidas.,entidade_diagnostico,"{""categoria"": ""entidade_diagnostico"", ""codigo_cid"": ""C767""}"
Diagnóstico CID-10 código C768: Neoplasia maligna de outras localizações e das mal definidas com lesão invasiva.,entidade_diagnostico,"{""categoria"": ""entidade_diagnostico"", ""codigo_cid"": ""C768""}"
"Diagnóstico CID-10 código C770: Neoplasia maligna secundária e não especificada dos gânglios linfáticos da cabeça, face e pescoço.",entidade_diagnostico,"{""categoria"": ""entidade_diagnostico"", ""codigo_cid"": ""C770""}"
Diagnóstico CID-10 código C773: Neoplasia maligna secundária e não especificada dos gânglios linfáticos axilares e dos membros superiores.,entidade_diagnostico,"{""categoria"": ""entidade_diagnostico"", ""codigo_cid"": ""C773""}"
Diagnóstico CID-10 código C774: Neoplasia maligna secundária e não especificada dos gânglios linfáticos inguinais e dos membros inferiores.,entidade_diagnostico,"{""categoria"": ""entidade_diagnostico"", ""codigo_cid"": ""C774""}"
Diagnóstico CID-10 código C778: Neoplasia maligna secundária e não especificada dos gânglios linfáticos de múltiplas regiões.,entidade_diagnostico,"{""categoria"": ""entidade_diagnostico"", ""codigo_cid"": ""C778""}"
Diagnóstico CID-10 código C780: Neoplasia maligna secundária dos pulmões.,entidade_diagnostico,"{""categoria"": ""entidade_diagnostico"", ""codigo_cid"": ""C780""}"
Diagnóstico CID-10 código C786: Neoplasia maligna secundária do retroperitônio e do peritônio.,entidade_diagnostico,"{""categoria"": ""entidade_diagnostico"", ""codigo_cid"": ""C786""}"
Diagnóstico CID-10 código C787: Neoplasia maligna secundária do fígado.,entidade_diagnostico,"{""categoria"": ""entidade_diagnostico"", ""codigo_cid"": ""C787""}"
Diagnóstico CID-10 código C793: Neoplasia maligna secundária do encéfalo e das meninges cerebrais.,entidade_diagnostico,"{""categoria"": ""entidade_diagnostico"", ""codigo_cid"": ""C793""}"
Diagnóstico CID-10 código C794: Neoplasia maligna secundária de outras partes do sistema nervoso e não especificadas.,entidade_diagnostico,"{""categoria"": ""entidade_diagnostico"", ""codigo_cid"": ""C794""}"
Diagnóstico CID-10 código C795: Neoplasia maligna secundária dos ossos e da medula óssea.,entidade_diagnostico,"{""categoria"": ""entidade_diagnostico"", ""codigo_cid"": ""C795""}"
Diagnóstico CID-10 código C798: Neoplasia maligna secundária de outra localização especificada.,entidade_diagnostico,"{""categoria"": ""entidade_diagnostico"", ""codigo_cid"": ""C798""}"
"Diagnóstico CID-10 código C80: Neoplasia maligna, sem especificação de localização.",entidade_diagnostico,"{""categoria"": ""entidade_diagnostico"", ""codigo_cid"": ""C80""}"
"Diagnóstico CID-10 código C810: Doença de Hodgkin, predominância linfocítica.",entidade_diagnostico,"{""categoria"": ""entidade_diagnostico"", ""codigo_cid"": ""C810""}"
"Diagnóstico CID-10 código C811: Doença de Hodgkin, esclerose nodular.",entidade_diagnostico,"{""categoria"": ""entidade_diagnostico"", ""codigo_cid"": ""C811""}"
Diagnóstico CID-10 código C817: Outra forma da doença de Hodgkin.,entidade_diagnostico,"{""categoria"": ""entidade_diagnostico"", ""codigo_cid"": ""C817""}"
"Diagnóstico CID-10 código C819: Doença de Hodgkin, não especificada.",entidade_diagnostico,"{""categoria"": ""entidade_diagnostico"", ""codigo_cid"": ""C819""}"
"Diagnóstico CID-10 código C820: Linfoma não-Hodgkin, pequenas células clivadas, folicular.",entidade_diagnostico,"{""categoria"": ""entidade_diagnostico"", ""codigo_cid"": ""C820""}"
"Diagnóstico CID-10 código C829: Linfoma não-Hodgkin, folicular, não especificado.",entidade_diagnostico,"{""categoria"": ""entidade_diagnostico"", ""codigo_cid"": ""C829""}"
"Diagnóstico CID-10 código C833: Linfoma não-Hodgkin difuso, grandes células (difuso).",entidade_diagnostico,"{""categoria"": ""entidade_diagnostico"", ""codigo_cid"": ""C833""}"
"Diagnóstico CID-10 código C835: Linfoma não-Hodgkin difuso, linfoblástico (difuso).",entidade_diagnostico,"{""categoria"": ""entidade_diagnostico"", ""codigo_cid"": ""C835""}"
Diagnóstico CID-10 código C837: Tumor de Burkitt.,entidade_diagnostico,"{""categoria"": ""entidade_diagnostico"", ""codigo_cid"": ""C837""}"
"Diagnóstico CID-10 código C839: Linfoma não-Hodgkin difuso, não especificado.",entidade_diagnostico,"{""categoria"": ""entidade_diagnostico"", ""codigo_cid"": ""C839""}"
Diagnóstico CID-10 código C845: Outros linfomas de células T e os não especificados.,entidade_diagnostico,"{""categoria"": ""entidade_diagnostico"", ""codigo_cid"": ""C845""}"
"Diagnóstico CID-10 código C851: Linfoma de células B, não especificado.",entidade_diagnostico,"{""categoria"": ""entidade_diagnostico"", ""codigo_cid"": ""C851""}"
Diagnóstico CID-10 código C857: Outros tipos especificados de linfoma não-Hodgkin.,entidade_diagnostico,"{""categoria"": ""entidade_diagnostico"", ""codigo_cid"": ""C857""}"
Diagnóstico CID-10 código C859: Linfoma não-Hodgkin de tipo não especificado.,entidade_diagnostico,"{""categoria"": ""entidade_diagnostico"", ""codigo_cid"": ""C859""}"
"Diagnóstico CID-10 código C889: Doença imunoproliferativa maligna, não especificada.",entidade_diagnostico,"{""categoria"": ""entidade_diagnostico"", ""codigo_cid"": ""C889""}"
Diagnóstico CID-10 código C900: Mieloma múltiplo.,entidade_diagnostico,"{""categoria"": ""entidade_diagnostico"", ""codigo_cid"": ""C900""}"
Diagnóstico CID-10 código C910: Leucemia linfoblástica aguda.,entidade_diagnostico,"{""categoria"": ""entidade_diagnostico"", ""codigo_cid"": ""C910""}"
Diagnóstico CID-10 código C911: Leucemia linfocítica crônica.,entidade_diagnostico,"{""categoria"": ""entidade_diagnostico"", ""codigo_cid"": ""C911""}"
"Diagnóstico CID-10 código C919: Leucemia linfóide, não especificada.",entidade_diagnostico,"{""categoria"": ""entidade_diagnostico"", ""codigo_cid"": ""C919""}"
Diagnóstico CID-10 código C920: Leucemia mielóide aguda.,entidade_diagnostico,"{""categoria"": ""entidade_diagnostico"", ""codigo_cid"": ""C920""}"
Diagnóstico CID-10 código C921: Leucemia mielóide crônica.,entidade_diagnostico,"{""categoria"": ""entidade_diagnostico"", ""codigo_cid"": ""C921""}"
Diagnóstico CID-10 código C924: Leucemia pró-mielocítica aguda.,entidade_diagnostico,"{""categoria"": ""entidade_diagnostico"", ""codigo_cid"": ""C924""}"
"Diagnóstico CID-10 código C929: Leucemia mielóide, não especificada.",entidade_diagnostico,"{""categoria"": ""entidade_diagnostico"", ""codigo_cid"": ""C929""}"
Diagnóstico CID-10 código C945: Mielofibrose aguda.,entidade_diagnostico,"{""categoria"": ""entidade_diagnostico"", ""codigo_cid"": ""C945""}"
Diagnóstico CID-10 código C950: Leucemia aguda de tipo celular não especificado.,entidade_diagnostico,"{""categoria"": ""entidade_diagnostico"", ""codigo_cid"": ""C950""}"
Diagnóstico CID-10 código C959: Leucemia não especificada.,entidade_diagnostico,"{""categoria"": ""entidade_diagnostico"", ""codigo_cid"": ""C959""}"
"Diagnóstico CID-10 código C967: Outras neoplasias malignas especificadas dos tecidos linfático, hematopoético e tecidos correlatos.",entidade_diagnostico,"{""categoria"": ""entidade_diagnostico"", ""codigo_cid"": ""C967""}"
Diagnóstico CID-10 código C97: Neoplasias malignas de localizações múltiplas independentes (primárias).,entidade_diagnostico,"{""categoria"": ""entidade_diagnostico"", ""codigo_cid"": ""C97""}"
Diagnóstico CID-10 código D043: Carcinoma in situ da pele de outras partes e de partes não especificadas da face.,entidade_diagnostico,"{""categoria"": ""entidade_diagnostico"", ""codigo_cid"": ""D043""}"
Diagnóstico CID-10 código D044: Carcinoma in situ da pele do couro cabeludo e do pescoço.,entidade_diagnostico,"{""categoria"": ""entidade_diagnostico"", ""codigo_cid"": ""D044""}"
Diagnóstico CID-10 código D048: Carcinoma in situ da pele de outras localizações.,entidade_diagnostico,"{""categoria"": ""entidade_diagnostico"", ""codigo_cid"": ""D048""}"
Diagnóstico CID-10 código D051: Carcinoma intraductal in situ.,entidade_diagnostico,"{""categoria"": ""entidade_diagnostico"", ""codigo_cid"": ""D051""}"
"Diagnóstico CID-10 código D059: Carcinoma in situ da mama, não especificado.",entidade_diagnostico,"{""categoria"": ""entidade_diagnostico"", ""codigo_cid"": ""D059""}"
Diagnóstico CID-10 código D060: Carcinoma in situ do endocérvix.,entidade_diagnostico,"{""categoria"": ""entidade_diagnostico"", ""codigo_cid"": ""D060""}"
Diagnóstico CID-10 código D061: Carcinoma in situ do exocérvix.,entidade_diagnostico,"{""categoria"": ""entidade_diagnostico"", ""codigo_cid"": ""D061""}"
Diagnóstico CID-10 código D067: Carcinoma in situ de outras partes do colo do útero.,entidade_diagnostico,"{""categoria"": ""entidade_diagnostico"", ""codigo_cid"": ""D067""}"
"Diagnóstico CID-10 código D069: Carcinoma in situ do colo do útero, não especificado.",entidade_diagnostico,"{""categoria"": ""entidade_diagnostico"", ""codigo_cid"": ""D069""}"
Diagnóstico CID-10 código D093: Carcinoma in situ da tireóide e de outras glândulas endócrinas.,entidade_diagnostico,"{""categoria"": ""entidade_diagnostico"", ""codigo_cid"": ""D093""}"
Diagnóstico CID-10 código D110: Neoplasia benigna da glândula parótida.,entidade_diagnostico,"{""categoria"": ""entidade_diagnostico"", ""codigo_cid"": ""D110""}"
"Diagnóstico CID-10 código D119: Neoplasia benigna da glândula salivar maior, não especificada.",entidade_diagnostico,"{""categoria"": ""entidade_diagnostico"", ""codigo_cid"": ""D119""}"
Diagnóstico CID-10 código D141: Neoplasia benigna da laringe.,entidade_diagnostico,"{""categoria"": ""entidade_diagnostico"", ""codigo_cid"": ""D141""}"
Diagnóstico CID-10 código D142: Neoplasia benigna da traquéia.,entidade_diagnostico,"{""categoria"": ""entidade_diagnostico"", ""codigo_cid"": ""D142""}"
Diagnóstico CID-10 código D162: Neoplasia benigna dos ossos longos dos membros inferiores.,entidade_diagnostico,"{""categoria"": ""entidade_diagnostico"", ""codigo_cid"": ""D162""}"
"Diagnóstico CID-10 código D170: Neoplasia lipomatosa benigna da pele e do tecido subcutâneo da cabeça, face e pescoço.",entidade_diagnostico,"{""categoria"": ""entidade_diagnostico"", ""codigo_cid"": ""D170""}"
Diagnóstico CID-10 código D171: Neoplasia lipomatosa benigna da pele e tecido subcutâneo do tronco.,entidade_diagnostico,"{""categoria"": ""entidade_diagnostico"", ""codigo_cid"": ""D171""}"
Diagnóstico CID-10 código D172: Neoplasia lipomatosa benigna da pele e tecido subcutâneo dos membros.,entidade_diagnostico,"{""categoria"": ""entidade_diagnostico"", ""codigo_cid"": ""D172""}"
Diagnóstico CID-10 código D173: Neoplasia lipomatosa benigna da pele e tecido subcutâneo de outras localizações e de localizações não especificadas.,entidade_diagnostico,"{""categoria"": ""entidade_diagnostico"", ""codigo_cid"": ""D173""}"
Diagnóstico CID-10 código D177: Neoplasia lipomatosa benigna de outras localizações.,entidade_diagnostico,"{""categoria"": ""entidade_diagnostico"", ""codigo_cid"": ""D177""}"
Diagnóstico CID-10 código D179: Neoplasia lipomatosa benigna de localização não especificada.,entidade_diagnostico,"{""categoria"": ""entidade_diagnostico"", ""codigo_cid"": ""D179""}"
Diagnóstico CID-10 código D180: Hemangioma de qualquer localização.,entidade_diagnostico,"{""categoria"": ""entidade_diagnostico"", ""codigo_cid"": ""D180""}"
Diagnóstico CID-10 código D181: Linfangioma de qualquer localização.,entidade_diagnostico,"{""categoria"": ""entidade_diagnostico"", ""codigo_cid"": ""D181""}"
"Diagnóstico CID-10 código D210: Neoplasia benigna do tecido conjuntivo e outros tecidos moles da cabeça, face e pescoço.",entidade_diagnostico,"{""categoria"": ""entidade_diagnostico"", ""codigo_cid"": ""D210""}"
"Diagnóstico CID-10 código D211: Neoplasia benigna do tecido conjuntivo e outros tecidos moles dos membros superiores, incluindo ombro.",entidade_diagnostico,"{""categoria"": ""entidade_diagnostico"", ""codigo_cid"": ""D211""}"
"Diagnóstico CID-10 código D219: Neoplasia benigna do tecido conjuntivo e outros tecidos moles, sem outra especificação.",entidade_diagnostico,"{""categoria"": ""entidade_diagnostico"", ""codigo_cid"": ""D219""}"
Diagnóstico CID-10 código D220: Nevo melanocítico do lábio.,entidade_diagnostico,"{""categoria"": ""entidade_diagnostico"", ""codigo_cid"": ""D220""}"
Diagnóstico CID-10 código D223: Nevo melanocítico de outras partes e de partes não especificadas da face.,entidade_diagnostico,"{""categoria"": ""entidade_diagnostico"", ""codigo_cid"": ""D223""}"
Diagnóstico CID-10 código D225: Nevo melanocítico do tronco.,entidade_diagnostico,"{""categoria"": ""entidade_diagnostico"", ""codigo_cid"": ""D225""}"
"Diagnóstico CID-10 código D226: Nevo melanocítico dos membros superiores, incluindo ombro.",entidade_diagnostico,"{""categoria"": ""entidade_diagnostico"", ""codigo_cid"": ""D226""}"
"Diagnóstico CID-10 código D227: Nevo melanocítico dos membros inferiores, incluindo quadril.",entidade_diagnostico,"{""categoria"": ""entidade_diagnostico"", ""codigo_cid"": ""D227""}"
"Diagnóstico CID-10 código D229: Nevo melanocítico, não especificado.",entidade_diagnostico,"{""categoria"": ""entidade_diagnostico"", ""codigo_cid"": ""D229""}"
"Diagnóstico CID-10 código D231: Neoplasia benigna da pele da pálpebra, incluindo o canto.",entidade_diagnostico,"{""categoria"": ""entidade_diagnostico"", ""codigo_cid"": ""D231""}"
Diagnóstico CID-10 código D233: Neoplasia benigna da pele de outras partes e de partes não especificadas da face.,entidade_diagnostico,"{""categoria"": ""entidade_diagnostico"", ""codigo_cid"": ""D233""}"
Diagnóstico CID-10 código D234: Neoplasia benigna da pele do couro cabeludo e do pescoço.,entidade_diagnostico,"{""categoria"": ""entidade_diagnostico"", ""codigo_cid"": ""D234""}"
Diagnóstico CID-10 código D235: Neoplasia benigna da pele do tronco.,entidade_diagnostico,"{""categoria"": ""entidade_diagnostico"", ""codigo_cid"": ""D235""}"
"Diagnóstico CID-10 código D239: Neoplasia benigna da pele, não especificada.",entidade_diagnostico,"{""categoria"": ""entidade_diagnostico"", ""codigo_cid"": ""D239""}"
Diagnóstico CID-10 código D24: Neoplasia benigna da mama.,entidade_diagnostico,"{""categoria"": ""entidade_diagnostico"", ""codigo_cid"": ""D24""}"
Diagnóstico CID-10 código D250: Leiomioma submucoso do útero.,entidade_diagnostico,"{""categoria"": ""entidade_diagnostico"", ""codigo_cid"": ""D250""}"
Diagnóstico CID-10 código D251: Leiomioma intramural do útero.,entidade_diagnostico,"{""categoria"": ""entidade_diagnostico"", ""codigo_cid"": ""D251""}"
Diagnóstico CID-10 código D252: Leiomioma subseroso do útero.,entidade_diagnostico,"{""categoria"": ""entidade_diagnostico"", ""codigo_cid"": ""D252""}"
"Diagnóstico CID-10 código D259: Leiomioma do útero, não especificado.",entidade_diagnostico,"{""categoria"": ""entidade_diagnostico"", ""codigo_cid"": ""D259""}"
Diagnóstico CID-10 código D267: Neoplasia benigna de outras partes do útero.,entidade_diagnostico,"{""categoria"": ""entidade_diagnostico"", ""codigo_cid"": ""D267""}"
Diagnóstico CID-10 código D27: Neoplasia benigna do ovário.,entidade_diagnostico,"{""categoria"": ""entidade_diagnostico"", ""codigo_cid"": ""D27""}"
Diagnóstico CID-10 código D320: Neoplasia benigna das meninges cerebrais.,entidade_diagnostico,"{""categoria"": ""entidade_diagnostico"", ""codigo_cid"": ""D320""}"
"Diagnóstico CID-10 código D329: Neoplasia benigna das meninges, não especificada.",entidade_diagnostico,"{""categoria"": ""entidade_diagnostico"", ""codigo_cid"": ""D329""}"
Diagnóstico CID-10 código D337: Neoplasia benigna de outras partes especificadas do sistema nervoso central.,entidade_diagnostico,"{""categoria"": ""entidade_diagnostico"", ""codigo_cid"": ""D337""}"
Diagnóstico CID-10 código D34: Neoplasia benigna da glândula tireóide.,entidade_diagnostico,"{""categoria"": ""entidade_diagnostico"", ""codigo_cid"": ""D34""}"
Diagnóstico CID-10 código D352: Neoplasia benigna da glândula hipófise (pituitária).,entidade_diagnostico,"{""categoria"": ""entidade_diagnostico"", ""codigo_cid"": ""D352""}"
Diagnóstico CID-10 código D369: Neoplasia benigna de localização não especificada.,entidade_diagnostico,"{""categoria"": ""entidade_diagnostico"", ""codigo_cid"": ""D369""}"
"Diagnóstico CID-10 código D370: Neoplasia de comportamento incerto ou desconhecido do lábio, cavidade oral e faringe.",entidade_diagnostico,"{""categoria"": ""entidade_diagnostico"", ""codigo_cid"": ""D370""}"
Diagnóstico CID-10 código D374: Neoplasia de comportamento incerto ou desconhecido dos cólons.,entidade_diagnostico,"{""categoria"": ""entidade_diagnostico"", ""codigo_cid"": ""D374""}"
Diagnóstico CID-10 código D380: Neoplasia de comportamento incerto ou desconhecido da laringe.,entidade_diagnostico,"{""categoria"": ""entidade_diagnostico"", ""codigo_cid"": ""D380""}"
"Diagnóstico CID-10 código D381: Neoplasia de comportamento incerto ou desconhecido da traquéia, brônquios e pulmão.",entidade_diagnostico,"{""categoria"": ""entidade_diagnostico"", ""codigo_cid"": ""D381""}"
Diagnóstico CID-10 código D390: Neoplasia de comportamento incerto ou desconhecido do útero.,entidade_diagnostico,"{""categoria"": ""entidade_diagnostico"", ""codigo_cid"": ""D390""}"
Diagnóstico CID-10 código D391: Neoplasia de comportamento incerto ou desconhecido do ovário.,entidade_diagnostico,"{""categoria"": ""entidade_diagnostico"", ""codigo_cid"": ""D391""}"
Diagnóstico CID-10 código D400: Neoplasia de comportamento incerto ou desconhecido da próstata.,entidade_diagnostico,"{""categoria"": ""entidade_diagnostico"", ""codigo_cid"": ""D400""}"
Diagnóstico CID-10 código D410: Neoplasia de comportamento incerto ou desconhecido do rim.,entidade_diagnostico,"{""categoria"": ""entidade_diagnostico"", ""codigo_cid"": ""D410""}"
Diagnóstico CID-10 código D411: Neoplasia de comportamento incerto ou desconhecido da pelve renal.,entidade_diagnostico,"{""categoria"": ""entidade_diagnostico"", ""codigo_cid"": ""D411""}"
Diagnóstico CID-10 código D414: Neoplasia de comportamento incerto ou desconhecido da bexiga.,entidade_diagnostico,"{""categoria"": ""entidade_diagnostico"", ""codigo_cid"": ""D414""}"
"Diagnóstico CID-10 código D430: Neoplasia de comportamento incerto ou desconhecido do encéfalo, supratentorial.",entidade_diagnostico,"{""categoria"": ""entidade_diagnostico"", ""codigo_cid"": ""D430""}"
"Diagnóstico CID-10 código D431: Neoplasia de comportamento incerto ou desconhecido do encéfalo, infratentorial.",entidade_diagnostico,"{""categoria"": ""entidade_diagnostico"", ""codigo_cid"": ""D431""}"
"Diagnóstico CID-10 código D432: Neoplasia de comportamento incerto ou desconhecido do encéfalo, não especificado.",entidade_diagnostico,"{""categoria"": ""entidade_diagnostico"", ""codigo_cid"": ""D432""}"
Diagnóstico CID-10 código D437: Neoplasia de comportamento incerto ou desconhecido de outras partes do sistema nervoso central.,entidade_diagnostico,"{""categoria"": ""entidade_diagnostico"", ""codigo_cid"": ""D437""}"
"Diagnóstico CID-10 código D439: Neoplasia de comportamento incerto ou desconhecido do sistema nervoso central, não especificado.",entidade_diagnostico,"{""categoria"": ""entidade_diagnostico"", ""codigo_cid"": ""D439""}"
Diagnóstico CID-10 código D440: Neoplasia de comportamento incerto ou desconhecido da glândula tireóide.,entidade_diagnostico,"{""categoria"": ""entidade_diagnostico"", ""codigo_cid"": ""D440""}"
Diagnóstico CID-10 código D443: Neoplasia de comportamento incerto ou desconhecido da glândula hipófise (pituitária).,entidade_diagnostico,"{""categoria"": ""entidade_diagnostico"", ""codigo_cid"": ""D443""}"
"Diagnóstico CID-10 código D464: Anemia refratária, não especificada.",entidade_diagnostico,"{""categoria"": ""entidade_diagnostico"", ""codigo_cid"": ""D464""}"
Diagnóstico CID-10 código D467: Outras síndromes mielodisplásicas.,entidade_diagnostico,"{""categoria"": ""entidade_diagnostico"", ""codigo_cid"": ""D467""}"
"Diagnóstico CID-10 código D469: Síndrome mielodisplásica, não especificada.",entidade_diagnostico,"{""categoria"": ""entidade_diagnostico"", ""codigo_cid"": ""D469""}"
"Diagnóstico CID-10 código D479: Neoplasia de comportamento incerto ou desconhecido dos tecidos linfático, hematopoético e tecidos correlatos, não especificada.",entidade_diagnostico,"{""categoria"": ""entidade_diagnostico"", ""codigo_cid"": ""D479""}"
Diagnóstico CID-10 código D480: Neoplasia de comportamento incerto ou desconhecido dos ossos e cartilagens articulares.,entidade_diagnostico,"{""categoria"": ""entidade_diagnostico"", ""codigo_cid"": ""D480""}"
Diagnóstico CID-10 código D481: Neoplasia de comportamento incerto ou desconhecido do tecido conjuntivo e outros tecidos moles.,entidade_diagnostico,"{""categoria"": ""entidade_diagnostico"", ""codigo_cid"": ""D481""}"
Diagnóstico CID-10 código D485: Neoplasia de comportamento incerto ou desconhecido da pele.,entidade_diagnostico,"{""categoria"": ""entidade_diagnostico"", ""codigo_cid"": ""D485""}"
Diagnóstico CID-10 código D486: Neoplasia de comportamento incerto ou desconhecido da mama.,entidade_diagnostico,"{""categoria"": ""entidade_diagnostico"", ""codigo_cid"": ""D486""}"
Diagnóstico CID-10 código D487: Neoplasia de comportamento incerto ou desconhecido de outras localizações especificadas.,entidade_diagnostico,"{""categoria"": ""entidade_diagnostico"", ""codigo_cid"": ""D487""}"
Diagnóstico CID-10 código D489: Neoplasia de comportamento incerto ou desconhecido sem outra especificação.,entidade_diagnostico,"{""categoria"": ""entidade_diagnostico"", ""codigo_cid"": ""D489""}"
Diagnóstico CID-10 código D500: Anemia por deficiência de ferro secundária à perda de sangue (crônica).,entidade_diagnostico,"{""categoria"": ""entidade_diagnostico"", ""codigo_cid"": ""D500""}"
Diagnóstico CID-10 código D508: Outras anemias por deficiência de ferro.,entidade_diagnostico,"{""categoria"": ""entidade_diagnostico"", ""codigo_cid"": ""D508""}"
Diagnóstico CID-10 código D509: Anemia por deficiência de ferro não especificada.,entidade_diagnostico,"{""categoria"": ""entidade_diagnostico"", ""codigo_cid"": ""D509""}"
Diagnóstico CID-10 código D518: Outras anemias por deficiência de vitamina B12.,entidade_diagnostico,"{""categoria"": ""entidade_diagnostico"", ""codigo_cid"": ""D518""}"
Diagnóstico CID-10 código D530: Anemia por deficiência de proteínas.,entidade_diagnostico,"{""categoria"": ""entidade_diagnostico"", ""codigo_cid"": ""D530""}"
Diagnóstico CID-10 código D538: Outras anemias nutricionais especificadas.,entidade_diagnostico,"{""categoria"": ""entidade_diagnostico"", ""codigo_cid"": ""D538""}"
Diagnóstico CID-10 código D539: Anemia nutricional não especificada.,entidade_diagnostico,"{""categoria"": ""entidade_diagnostico"", ""codigo_cid"": ""D539""}"
Diagnóstico CID-10 código D570: Anemia falciforme com crise.,entidade_diagnostico,"{""categoria"": ""entidade_diagnostico"", ""codigo_cid"": ""D570""}"
Diagnóstico CID-10 código D571: Anemia falciforme sem crise.,entidade_diagnostico,"{""categoria"": ""entidade_diagnostico"", ""codigo_cid"": ""D571""}"
Diagnóstico CID-10 código D572: Transtornos falciformes heterozigóticos duplos.,entidade_diagnostico,"{""categoria"": ""entidade_diagnostico"", ""codigo_cid"": ""D572""}"
Diagnóstico CID-10 código D600: Aplasia pura adquirida crônica da série vermelha.,entidade_diagnostico,"{""categoria"": ""entidade_diagnostico"", ""codigo_cid"": ""D600""}"
Diagnóstico CID-10 código D613: Anemia aplástica idiopática.,entidade_diagnostico,"{""categoria"": ""entidade_diagnostico"", ""codigo_cid"": ""D613""}"
Diagnóstico CID-10 código D619: Anemia aplástica não especificada.,entidade_diagnostico,"{""categoria"": ""entidade_diagnostico"", ""codigo_cid"": ""D619""}"
Diagnóstico CID-10 código D62: Anemia aguda pós-hemorrágica.,entidade_diagnostico,"{""categoria"": ""entidade_diagnostico"", ""codigo_cid"": ""D62""}"
Diagnóstico CID-10 código D630: Anemia em neoplasias.,entidade_diagnostico,"{""categoria"": ""entidade_diagnostico"", ""codigo_cid"": ""D630""}"
Diagnóstico CID-10 código D644: Anemia diseritropoética congênita.,entidade_diagnostico,"{""categoria"": ""entidade_diagnostico"", ""codigo_cid"": ""D644""}"
Diagnóstico CID-10 código D648: Outras anemias especificadas.,entidade_diagnostico,"{""categoria"": ""entidade_diagnostico"", ""codigo_cid"": ""D648""}"
Diagnóstico CID-10 código D649: Anemia não especificada.,entidade_diagnostico,"{""categoria"": ""entidade_diagnostico"", ""codigo_cid"": ""D649""}"
Diagnóstico CID-10 código D66: Deficiência hereditária do fator VIII.,entidade_diagnostico,"{""categoria"": ""entidade_diagnostico"", ""codigo_cid"": ""D66""}"
Diagnóstico CID-10 código D689: Defeito de coagulação não especificado.,entidade_diagnostico,"{""categoria"": ""entidade_diagnostico"", ""codigo_cid"": ""D689""}"
Diagnóstico CID-10 código D691: Defeitos qualitativos das plaquetas.,entidade_diagnostico,"{""categoria"": ""entidade_diagnostico"", ""codigo_cid"": ""D691""}"
Diagnóstico CID-10 código D693: Púrpura trombocitopênica idiopática.,entidade_diagnostico,"{""categoria"": ""entidade_diagnostico"", ""codigo_cid"": ""D693""}"
Diagnóstico CID-10 código D696: Trombocitopenia não especificada.,entidade_diagnostico,"{""categoria"": ""entidade_diagnostico"", ""codigo_cid"": ""D696""}"
Diagnóstico CID-10 código D70: Agranulocitose.,entidade_diagnostico,"{""categoria"": ""entidade_diagnostico"", ""codigo_cid"": ""D70""}"
Diagnóstico CID-10 código D729: Transtornos não especificados dos glóbulos brancos.,entidade_diagnostico,"{""categoria"": ""entidade_diagnostico"", ""codigo_cid"": ""D729""}"
Diagnóstico CID-10 código D758: Outras doenças especificadas do sangue e dos órgãos hematopoéticos.,entidade_diagnostico,"{""categoria"": ""entidade_diagnostico"", ""codigo_cid"": ""D758""}"
Diagnóstico CID-10 código D759: Doença não especificada do sangue e dos órgãos hematopoéticos.,entidade_diagnostico,"{""categoria"": ""entidade_diagnostico"", ""codigo_cid"": ""D759""}"
Diagnóstico CID-10 código D77: Outros transtornos do sangue e dos órgãos hematopoéticos em doenças classificadas em outra parte.,entidade_diagnostico,"{""categoria"": ""entidade_diagnostico"", ""codigo_cid"": ""D77""}"
Diagnóstico CID-10 código D800: Hipogamaglobulinemia hereditária.,entidade_diagnostico,"{""categoria"": ""entidade_diagnostico"", ""codigo_cid"": ""D800""}"
Diagnóstico CID-10 código D801: Hipogamaglobulinemia não familiar.,entidade_diagnostico,"{""categoria"": ""entidade_diagnostico"", ""codigo_cid"": ""D801""}"
Diagnóstico CID-10 código D803: Deficiência seletiva de subclasses de imunoglobulina G [IgG].,entidade_diagnostico,"{""categoria"": ""entidade_diagnostico"", ""codigo_cid"": ""D803""}"
Diagnóstico CID-10 código D809: Imunodeficiência não especificada com predominância de defeitos de anticorpos.,entidade_diagnostico,"{""categoria"": ""entidade_diagnostico"", ""codigo_cid"": ""D809""}"
Diagnóstico CID-10 código D819: Deficiências imunitárias combinadas não especificadas.,entidade_diagnostico,"{""categoria"": ""entidade_diagnostico"", ""codigo_cid"": ""D819""}"
Diagnóstico CID-10 código D830: Imunodeficiência comum variável com predominância de anormalidades do número e da função das células B.,entidade_diagnostico,"{""categoria"": ""entidade_diagnostico"", ""codigo_cid"": ""D830""}"
Diagnóstico CID-10 código D831: Imunodeficiência comum variável com predominância de transtornos imunorregulatórios de células T.,entidade_diagnostico,"{""categoria"": ""entidade_diagnostico"", ""codigo_cid"": ""D831""}"
Diagnóstico CID-10 código D838: Outras imunodeficiências comuns variáveis.,entidade_diagnostico,"{""categoria"": ""entidade_diagnostico"", ""codigo_cid"": ""D838""}"
Diagnóstico CID-10 código D839: Imunodeficiência comum variável não especificada.,entidade_diagnostico,"{""categoria"": ""entidade_diagnostico"", ""codigo_cid"": ""D839""}"
Diagnóstico CID-10 código D849: Imunodeficiência não especificada.,entidade_diagnostico,"{""categoria"": ""entidade_diagnostico"", ""codigo_cid"": ""D849""}"
Diagnóstico CID-10 código E039: Hipotireoidismo não especificado.,entidade_diagnostico,"{""categoria"": ""entidade_diagnostico"", ""codigo_cid"": ""E039""}"
Diagnóstico CID-10 código E041: Bócio não-tóxico uninodular.,entidade_diagnostico,"{""categoria"": ""entidade_diagnostico"", ""codigo_cid"": ""E041""}"
Diagnóstico CID-10 código E042: Bócio não-tóxico multinodular.,entidade_diagnostico,"{""categoria"": ""entidade_diagnostico"", ""codigo_cid"": ""E042""}"
Diagnóstico CID-10 código E048: Outro bócio não-tóxico especificado.,entidade_diagnostico,"{""categoria"": ""entidade_diagnostico"", ""codigo_cid"": ""E048""}"
Diagnóstico CID-10 código E065: Outras tireoidites crônicas.,entidade_diagnostico,"{""categoria"": ""entidade_diagnostico"", ""codigo_cid"": ""E065""}"
Diagnóstico CID-10 código E079: Transtorno não especificado da tireóide.,entidade_diagnostico,"{""categoria"": ""entidade_diagnostico"", ""codigo_cid"": ""E079""}"
Diagnóstico CID-10 código E100: Diabetes mellitus insulino-dependente - com coma.,entidade_diagnostico,"{""categoria"": ""entidade_diagnostico"", ""codigo_cid"": ""E100""}"
Diagnóstico CID-10 código E101: Diabetes mellitus insulino-dependente - com cetoacidose.,entidade_diagnostico,"{""categoria"": ""entidade_diagnostico"", ""codigo_cid"": ""E101""}"
Diagnóstico CID-10 código E105: Diabetes mellitus insulino-dependente - com complicações circulatórias periféricas.,entidade_diagnostico,"{""categoria"": ""entidade_diagnostico"", ""codigo_cid"": ""E105""}"
Diagnóstico CID-10 código E106: Diabetes mellitus insulino-dependente - com outras complicações especificadas.,entidade_diagnostico,"{""categoria"": ""entidade_diagnostico"", ""codigo_cid"": ""E106""}"
Diagnóstico CID-10 código E107: Diabetes mellitus insulino-dependente - com complicações múltiplas.,entidade_diagnostico,"{""categoria"": ""entidade_diagnostico"", ""codigo_cid"": ""E107""}"
Diagnóstico CID-10 código E108: Diabetes mellitus insulino-dependente - com complicações não especificadas.,entidade_diagnostico,"{""categoria"": ""entidade_diagnostico"", ""codigo_cid"": ""E108""}"
Diagnóstico CID-10 código E109: Diabetes mellitus insulino-dependente - sem complicações.,entidade_diagnostico,"{""categoria"": ""entidade_diagnostico"", ""codigo_cid"": ""E109""}"
Diagnóstico CID-10 código E111: Diabetes mellitus não-insulino-dependente - com cetoacidose.,entidade_diagnostico,"{""categoria"": ""entidade_diagnostico"", ""codigo_cid"": ""E111""}"
Diagnóstico CID-10 código E115: Diabetes mellitus não-insulino-dependente - com complicações circulatórias periféricas.,entidade_diagnostico,"{""categoria"": ""entidade_diagnostico"", ""codigo_cid"": ""E115""}"
Diagnóstico CID-10 código E116: Diabetes mellitus não-insulino-dependente - com outras complicações especificadas.,entidade_diagnostico,"{""categoria"": ""entidade_diagnostico"", ""codigo_cid"": ""E116""}"
Diagnóstico CID-10 código E118: Diabetes mellitus não-insulino-dependente - com complicações não especificadas.,entidade_diagnostico,"{""categoria"": ""entidade_diagnostico"", ""codigo_cid"": ""E118""}"
Diagnóstico CID-10 código E119: Diabetes mellitus não-insulino-dependente - sem complicações.,entidade_diagnostico,"{""categoria"": ""entidade_diagnostico"", ""codigo_cid"": ""E119""}"
Diagnóstico CID-10 código E131: Outros tipos especificados de diabetes mellitus - com cetoacidose.,entidade_diagnostico,"{""categoria"": ""entidade_diagnostico"", ""codigo_cid"": ""E131""}"
Diagnóstico CID-10 código E135: Outros tipos especificados de diabetes mellitus - com complicações circulatórias periféricas.,entidade_diagnostico,"{""categoria"": ""entidade_diagnostico"", ""codigo_cid"": ""E135""}"
Diagnóstico CID-10 código E138: Outros tipos especificados de diabetes mellitus - com complicações não especificadas.,entidade_diagnostico,"{""categoria"": ""entidade_diagnostico"", ""codigo_cid"": ""E138""}"
Diagnóstico CID-10 código E139: Outros tipos especificados de diabetes mellitus - sem complicações.,entidade_diagnostico,"{""categoria"": ""entidade_diagnostico"", ""codigo_cid"": ""E139""}"
Diagnóstico CID-10 código E141: Diabetes mellitus não especificado - com cetoacidose.,entidade_diagnostico,"{""categoria"": ""entidade_diagnostico"", ""codigo_cid"": ""E141""}"
Diagnóstico CID-10 código E145: Diabetes mellitus não especificado - com complicações circulatórias periféricas.,entidade_diagnostico,"{""categoria"": ""entidade_diagnostico"", ""codigo_cid"": ""E145""}"
Diagnóstico CID-10 código E146: Diabetes mellitus não especificado - com outras complicações especificadas.,entidade_diagnostico,"{""categoria"": ""entidade_diagnostico"", ""codigo_cid"": ""E146""}"
Diagnóstico CID-10 código E147: Diabetes mellitus não especificado - com complicações múltiplas.,entidade_diagnostico,"{""categoria"": ""entidade_diagnostico"", ""codigo_cid"": ""E147""}"
Diagnóstico CID-10 código E148: Diabetes mellitus não especificado - com complicações não especificadas.,entidade_diagnostico,"{""categoria"": ""entidade_diagnostico"", ""codigo_cid"": ""E148""}"
Diagnóstico CID-10 código E149: Diabetes mellitus não especificado - sem complicações.,entidade_diagnostico,"{""categoria"": ""entidade_diagnostico"", ""codigo_cid"": ""E149""}"
Diagnóstico CID-10 código E210: Hiperparatireoidismo primário.,entidade_diagnostico,"{""categoria"": ""entidade_diagnostico"", ""codigo_cid"": ""E210""}"
Diagnóstico CID-10 código E211: Hiperparatireoidismo secundário não classificado em outra parte.,entidade_diagnostico,"{""categoria"": ""entidade_diagnostico"", ""codigo_cid"": ""E211""}"
Diagnóstico CID-10 código E240: Síndrome de Cushing dependente da hipófise.,entidade_diagnostico,"{""categoria"": ""entidade_diagnostico"", ""codigo_cid"": ""E240""}"
Diagnóstico CID-10 código E260: Hiperaldosteronismo primário.,entidade_diagnostico,"{""categoria"": ""entidade_diagnostico"", ""codigo_cid"": ""E260""}"
Diagnóstico CID-10 código E43: Desnutrição protéico-calórica grave não especificada.,entidade_diagnostico,"{""categoria"": ""entidade_diagnostico"", ""codigo_cid"": ""E43""}"
Diagnóstico CID-10 código E440: Desnutrição protéico-calórica moderada.,entidade_diagnostico,"{""categoria"": ""entidade_diagnostico"", ""codigo_cid"": ""E440""}"
Diagnóstico CID-10 código E441: Desnutrição protéico-calórica leve.,entidade_diagnostico,"{""categoria"": ""entidade_diagnostico"", ""codigo_cid"": ""E441""}"
Diagnóstico CID-10 código E46: Desnutrição protéico-calórica não especificada.,entidade_diagnostico,"{""categoria"": ""entidade_diagnostico"", ""codigo_cid"": ""E46""}"
Diagnóstico CID-10 código E65: Adiposidade localizada.,entidade_diagnostico,"{""categoria"": ""entidade_diagnostico"", ""codigo_cid"": ""E65""}"
Diagnóstico CID-10 código E660: Obesidade devida a excesso de calorias.,entidade_diagnostico,"{""categoria"": ""entidade_diagnostico"", ""codigo_cid"": ""E660""}"
Diagnóstico CID-10 código E668: Outra obesidade.,entidade_diagnostico,"{""categoria"": ""entidade_diagnostico"", ""codigo_cid"": ""E668""}"
Diagnóstico CID-10 código E669: Obesidade não especificada.,entidade_diagnostico,"{""categoria"": ""entidade_diagnostico"", ""codigo_cid"": ""E669""}"
Diagnóstico CID-10 código E700: Fenilcetonúria clássica.,entidade_diagnostico,"{""categoria"": ""entidade_diagnostico"", ""codigo_cid"": ""E700""}"
Diagnóstico CID-10 código E702: Distúrbios do metabolismo da tirosina.,entidade_diagnostico,"{""categoria"": ""entidade_diagnostico"", ""codigo_cid"": ""E702""}"
Diagnóstico CID-10 código E713: Distúrbios do metabolismo de ácidos graxos.,entidade_diagnostico,"{""categoria"": ""entidade_diagnostico"", ""codigo_cid"": ""E713""}"
Diagnóstico CID-10 código E730: Deficiência congênita de lactase.,entidade_diagnostico,"{""categoria"": ""entidade_diagnostico"", ""codigo_cid"": ""E730""}"
Diagnóstico CID-10 código E761: Mucopolissacaridose do tipo II.,entidade_diagnostico,"{""categoria"": ""entidade_diagnostico"", ""codigo_cid"": ""E761""}"
Diagnóstico CID-10 código E763: Mucopolissacaridose não especificada.,entidade_diagnostico,"{""categoria"": ""entidade_diagnostico"", ""codigo_cid"": ""E763""}"
Diagnóstico CID-10 código E831: Doença do metabolismo do ferro.,entidade_diagnostico,"{""categoria"": ""entidade_diagnostico"", ""codigo_cid"": ""E831""}"
Diagnóstico CID-10 código E835: Distúrbios do metabolismo do cálcio.,entidade_diagnostico,"{""categoria"": ""entidade_diagnostico"", ""codigo_cid"": ""E835""}"
Diagnóstico CID-10 código E839: Distúrbio não especificado do metabolismo mineral.,entidade_diagnostico,"{""categoria"": ""entidade_diagnostico"", ""codigo_cid"": ""E839""}"
Diagnóstico CID-10 código E840: Fibrose cística com manifestações pulmonares.,entidade_diagnostico,"{""categoria"": ""entidade_diagnostico"", ""codigo_cid"": ""E840""}"
Diagnóstico CID-10 código E849: Fibrose cística não especificada.,entidade_diagnostico,"{""categoria"": ""entidade_diagnostico"", ""codigo_cid"": ""E849""}"
Diagnóstico CID-10 código E86: Depleção de volume.,entidade_diagnostico,"{""categoria"": ""entidade_diagnostico"", ""codigo_cid"": ""E86""}"
Diagnóstico CID-10 código E870: Hiperosmolaridade e hipernatremia.,entidade_diagnostico,"{""categoria"": ""entidade_diagnostico"", ""codigo_cid"": ""E870""}"
Diagnóstico CID-10 código E871: Hiposmolaridade e hiponatremia.,entidade_diagnostico,"{""categoria"": ""entidade_diagnostico"", ""codigo_cid"": ""E871""}"
Diagnóstico CID-10 código E874: Distúrbio misto do equilíbrio ácido-básico.,entidade_diagnostico,"{""categoria"": ""entidade_diagnostico"", ""codigo_cid"": ""E874""}"
Diagnóstico CID-10 código E875: Hiperpotassemia.,entidade_diagnostico,"{""categoria"": ""entidade_diagnostico"", ""codigo_cid"": ""E875""}"
Diagnóstico CID-10 código E876: Hipopotassemia.,entidade_diagnostico,"{""categoria"": ""entidade_diagnostico"", ""codigo_cid"": ""E876""}"
Diagnóstico CID-10 código E878: Outros transtornos do equilíbrio hidroeletrolítico não classificados em outra parte.,entidade_diagnostico,"{""categoria"": ""entidade_diagnostico"", ""codigo_cid"": ""E878""}"
Diagnóstico CID-10 código E881: Lipodistrofia não classificada em outra parte.,entidade_diagnostico,"{""categoria"": ""entidade_diagnostico"", ""codigo_cid"": ""E881""}"
Diagnóstico CID-10 código E882: Lipomatose não classificada em outra parte.,entidade_diagnostico,"{""categoria"": ""entidade_diagnostico"", ""codigo_cid"": ""E882""}"
Diagnóstico CID-10 código E888: Outros distúrbios especificados do metabolismo.,entidade_diagnostico,"{""categoria"": ""entidade_diagnostico"", ""codigo_cid"": ""E888""}"
Diagnóstico CID-10 código E889: Distúrbio metabólico não especificado.,entidade_diagnostico,"{""categoria"": ""entidade_diagnostico"", ""codigo_cid"": ""E889""}"
Diagnóstico CID-10 código E90: Transtornos nutricionais e metabólicos em doenças classificadas em outra parte.,entidade_diagnostico,"{""categoria"": ""entidade_diagnostico"", ""codigo_cid"": ""E90""}"
Diagnóstico CID-10 código F028: Demência em outras doenças especificadas classificadas em outra parte.,entidade_diagnostico,"{""categoria"": ""entidade_diagnostico"", ""codigo_cid"": ""F028""}"
Diagnóstico CID-10 código F03: Demência não especificada.,entidade_diagnostico,"{""categoria"": ""entidade_diagnostico"", ""codigo_cid"": ""F03""}"
Diagnóstico CID-10 código F058: Outro delirium.,entidade_diagnostico,"{""categoria"": ""entidade_diagnostico"", ""codigo_cid"": ""F058""}"
Diagnóstico CID-10 código F059: Delirium não especificado.,entidade_diagnostico,"{""categoria"": ""entidade_diagnostico"", ""codigo_cid"": ""F059""}"
Diagnóstico CID-10 código F062: Transtorno delirante orgânico [tipo esquizofrênico].,entidade_diagnostico,"{""categoria"": ""entidade_diagnostico"", ""codigo_cid"": ""F062""}"
Diagnóstico CID-10 código F063: Transtornos do humor [afetivos] orgânicos.,entidade_diagnostico,"{""categoria"": ""entidade_diagnostico"", ""codigo_cid"": ""F063""}"
Diagnóstico CID-10 código F068: Outros transtornos mentais especificados devidos a uma lesão e disfunção cerebral e a uma doença física.,entidade_diagnostico,"{""categoria"": ""entidade_diagnostico"", ""codigo_cid"": ""F068""}"
Diagnóstico CID-10 código F069: Transtorno mental não especificado devido a uma lesão e disfunção cerebral e a uma doença física.,entidade_diagnostico,"{""categoria"": ""entidade_diagnostico"", ""codigo_cid"": ""F069""}"
Diagnóstico CID-10 código F09: Transtorno mental orgânico ou sintomático não especificado.,entidade_diagnostico,"{""categoria"": ""entidade_diagnostico"", ""codigo_cid"": ""F09""}"
Diagnóstico CID-10 código F100: Transtornos mentais e comportamentais devidos ao uso de álcool - intoxicação aguda.,entidade_diagnostico,"{""categoria"": ""entidade_diagnostico"", ""codigo_cid"": ""F100""}"
Diagnóstico CID-10 código F101: Transtornos mentais e comportamentais devidos ao uso de álcool - uso nocivo para a saúde.,entidade_diagnostico,"{""categoria"": ""entidade_diagnostico"", ""codigo_cid"": ""F101""}"
Diagnóstico CID-10 código F102: Transtornos mentais e comportamentais devidos ao uso de álcool - síndrome de dependência.,entidade_diagnostico,"{""categoria"": ""entidade_diagnostico"", ""codigo_cid"": ""F102""}"
Diagnóstico CID-10 código F103: Transtornos mentais e comportamentais devidos ao uso de álcool - síndrome [estado] de abstinência.,entidade_diagnostico,"{""categoria"": ""entidade_diagnostico"", ""codigo_cid"": ""F103""}"
Diagnóstico CID-10 código F105: Transtornos mentais e comportamentais devidos ao uso de álcool - transtorno psicótico.,entidade_diagnostico,"{""categoria"": ""entidade_diagnostico"", ""codigo_cid"": ""F105""}"
Diagnóstico CID-10 código F108: Transtornos mentais e comportamentais devidos ao uso de álcool - outros transtornos mentais ou comportamentais.,entidade_diagnostico,"{""categoria"": ""entidade_diagnostico"", ""codigo_cid"": ""F108""}"
Diagnóstico CID-10 código F109: Transtornos mentais e comportamentais devidos ao uso de álcool - transtorno mental ou comportamental não especificado.,entidade_diagnostico,"{""categoria"": ""entidade_diagnostico"", ""codigo_cid"": ""F109""}"
Diagnóstico CID-10 código F110: Transtornos mentais e comportamentais devidos ao uso de opiáceos - intoxicação aguda.,entidade_diagnostico,"{""categoria"": ""entidade_diagnostico"", ""codigo_cid"": ""F110""}"
Diagnóstico CID-10 código F120: Transtornos mentais e comportamentais devidos ao uso de canabinóides - intoxicação aguda.,entidade_diagnostico,"{""categoria"": ""entidade_diagnostico"", ""codigo_cid"": ""F120""}"
Diagnóstico CID-10 código F122: Transtornos mentais e comportamentais devidos ao uso de canabinóides - síndrome de dependência.,entidade_diagnostico,"{""categoria"": ""entidade_diagnostico"", ""codigo_cid"": ""F122""}"
Diagnóstico CID-10 código F130: Transtornos mentais e comportamentais devidos ao uso de sedativos e hipnóticos - intoxicação aguda.,entidade_diagnostico,"{""categoria"": ""entidade_diagnostico"", ""codigo_cid"": ""F130""}"
Diagnóstico CID-10 código F140: Transtornos mentais e comportamentais devidos ao uso da cocaína - intoxicação aguda.,entidade_diagnostico,"{""categoria"": ""entidade_diagnostico"", ""codigo_cid"": ""F140""}"
Diagnóstico CID-10 código F141: Transtornos mentais e comportamentais devidos ao uso da cocaína - uso nocivo para a saúde.,entidade_diagnostico,"{""categoria"": ""entidade_diagnostico"", ""codigo_cid"": ""F141""}"
Diagnóstico CID-10 código F142: Transtornos mentais e comportamentais devidos ao uso da cocaína - síndrome de dependência.,entidade_diagnostico,"{""categoria"": ""entidade_diagnostico"", ""codigo_cid"": ""F142""}"
Diagnóstico CID-10 código F148: Transtornos mentais e comportamentais devidos ao uso da cocaína - outros transtornos mentais ou comportamentais.,entidade_diagnostico,"{""categoria"": ""entidade_diagnostico"", ""codigo_cid"": ""F148""}"
Diagnóstico CID-10 código F149: Transtornos mentais e comportamentais devidos ao uso da cocaína - transtorno mental ou comportamental não especificado.,entidade_diagnostico,"{""categoria"": ""entidade_diagnostico"", ""codigo_cid"": ""F149""}"
"Diagnóstico CID-10 código F150: Transtornos mentais e comportamentais devidos ao uso de outros estimulantes, inclusive a cafeína - intoxicação aguda.",entidade_diagnostico,"{""categoria"": ""entidade_diagnostico"", ""codigo_cid"": ""F150""}"
Diagnóstico CID-10 código F169: Transtornos mentais e comportamentais devidos ao uso de alucinógenos - transtorno mental ou comportamental não especificado.,entidade_diagnostico,"{""categoria"": ""entidade_diagnostico"", ""codigo_cid"": ""F169""}"
Diagnóstico CID-10 código F190: Transtornos mentais e comportamentais devidos ao uso de múltiplas drogas e ao uso de outras substâncias psicoativas - intoxicação aguda.,entidade_diagnostico,"{""categoria"": ""entidade_diagnostico"", ""codigo_cid"": ""F190""}"
Diagnóstico CID-10 código F191: Transtornos mentais e comportamentais devidos ao uso de múltiplas drogas e ao uso de outras substâncias psicoativas - uso nocivo para a saúde.,entidade_diagnostico,"{""categoria"": ""entidade_diagnostico"", ""codigo_cid"": ""F191""}"
Diagnóstico CID-10 código F192: Transtornos mentais e comportamentais devidos ao uso de múltiplas drogas e ao uso de outras substâncias psicoativas - síndrome de dependência.,entidade_diagnostico,"{""categoria"": ""entidade_diagnostico"", ""codigo_cid"": ""F192""}"
Diagnóstico CID-10 código F195: Transtornos mentais e comportamentais devidos ao uso de múltiplas drogas e ao uso de outras substâncias psicoativas - transtorno psicótico.,entidade_diagnostico,"{""categoria"": ""entidade_diagnostico"", ""codigo_cid"": ""F195""}"
Diagnóstico CID-10 código F198: Transtornos mentais e comportamentais devidos ao uso de múltiplas drogas e ao uso de outras substâncias psicoativas - outros transtornos mentais ou comportamentais.,entidade_diagnostico,"{""categoria"": ""entidade_diagnostico"", ""codigo_cid"": ""F198""}"
Diagnóstico CID-10 código F199: Transtornos mentais e comportamentais devidos ao uso de múltiplas drogas e ao uso de outras substâncias psicoativas - transtorno mental ou comportamental não especificado.,entidade_diagnostico,"{""categoria"": ""entidade_diagnostico"", ""codigo_cid"": ""F199""}"
Diagnóstico CID-10 código F200: Esquizofrenia paranóide.,entidade_diagnostico,"{""categoria"": ""entidade_diagnostico"", ""codigo_cid"": ""F200""}"
Diagnóstico CID-10 código F201: Esquizofrenia hebefrênica.,entidade_diagnostico,"{""categoria"": ""entidade_diagnostico"", ""codigo_cid"": ""F201""}"
Diagnóstico CID-10 código F203: Esquizofrenia indiferenciada.,entidade_diagnostico,"{""categoria"": ""entidade_diagnostico"", ""codigo_cid"": ""F203""}"
Diagnóstico CID-10 código F205: Esquizofrenia residual.,entidade_diagnostico,"{""categoria"": ""entidade_diagnostico"", ""codigo_cid"": ""F205""}"
Diagnóstico CID-10 código F206: Esquizofrenia simples.,entidade_diagnostico,"{""categoria"": ""entidade_diagnostico"", ""codigo_cid"": ""F206""}"
Diagnóstico CID-10 código F208: Outras esquizofrenias.,entidade_diagnostico,"{""categoria"": ""entidade_diagnostico"", ""codigo_cid"": ""F208""}"
Diagnóstico CID-10 código F209: Esquizofrenia não especificada.,entidade_diagnostico,"{""categoria"": ""entidade_diagnostico"", ""codigo_cid"": ""F209""}"
Diagnóstico CID-10 código F220: Transtorno delirante.,entidade_diagnostico,"{""categoria"": ""entidade_diagnostico"", ""codigo_cid"": ""F220""}"
"Diagnóstico CID-10 código F230: Transtorno psicótico agudo polimorfo, sem sintomas esquizofrênicos.",entidade_diagnostico,"{""categoria"": ""entidade_diagnostico"", ""codigo_cid"": ""F230""}"
"Diagnóstico CID-10 código F231: Transtorno psicótico agudo polimorfo, com sintomas esquizofrênicos.",entidade_diagnostico,"{""categoria"": ""entidade_diagnostico"", ""codigo_cid"": ""F231""}"
Diagnóstico CID-10 código F238: Outros transtornos psicóticos agudos e transitórios.,entidade_diagnostico,"{""categoria"": ""entidade_diagnostico"", ""codigo_cid"": ""F238""}"
Diagnóstico CID-10 código F239: Transtorno psicótico agudo e transitório não especificado.,entidade_diagnostico,"{""categoria"": ""entidade_diagnostico"", ""codigo_cid"": ""F239""}"
Diagnóstico CID-10 código F250: Transtorno esquizoafetivo do tipo maníaco.,entidade_diagnostico,"{""categoria"": ""entidade_diagnostico"", ""codigo_cid"": ""F250""}"
Diagnóstico CID-10 código F258: Outros transtornos esquizoafetivos.,entidade_diagnostico,"{""categoria"": ""entidade_diagnostico"", ""codigo_cid"": ""F258""}"
Diagnóstico CID-10 código F29: Psicose não-orgânica não especificada.,entidade_diagnostico,"{""categoria"": ""entidade_diagnostico"", ""codigo_cid"": ""F29""}"
"Diagnóstico CID-10 código F310: Transtorno afetivo bipolar, episódio atual hipomaníaco.",entidade_diagnostico,"{""categoria"": ""entidade_diagnostico"", ""codigo_cid"": ""F310""}"
"Diagnóstico CID-10 código F311: Transtorno afetivo bipolar, episódio atual maníaco sem sintomas psicóticos.",entidade_diagnostico,"{""categoria"": ""entidade_diagnostico"", ""codigo_cid"": ""F311""}"
"Diagnóstico CID-10 código F312: Transtorno afetivo bipolar, episódio atual maníaco com sintomas psicóticos.",entidade_diagnostico,"{""categoria"": ""entidade_diagnostico"", ""codigo_cid"": ""F312""}"
"Diagnóstico CID-10 código F314: Transtorno afetivo bipolar, episódio atual depressivo grave sem sintomas psicóticos.",entidade_diagnostico,"{""categoria"": ""entidade_diagnostico"", ""codigo_cid"": ""F314""}"
"Diagnóstico CID-10 código F315: Transtorno afetivo bipolar, episódio atual depressivo grave com sintomas psicóticos.",entidade_diagnostico,"{""categoria"": ""entidade_diagnostico"", ""codigo_cid"": ""F315""}"
"Diagnóstico CID-10 código F316: Transtorno afetivo bipolar, episódio atual misto.",entidade_diagnostico,"{""categoria"": ""entidade_diagnostico"", ""codigo_cid"": ""F316""}"
"Diagnóstico CID-10 código F317: Transtorno afetivo bipolar, atualmente em remissão.",entidade_diagnostico,"{""categoria"": ""entidade_diagnostico"", ""codigo_cid"": ""F317""}"
Diagnóstico CID-10 código F318: Outros transtornos afetivos bipolares.,entidade_diagnostico,"{""categoria"": ""entidade_diagnostico"", ""codigo_cid"": ""F318""}"
Diagnóstico CID-10 código F319: Transtorno afetivo bipolar não especificado.,entidade_diagnostico,"{""categoria"": ""entidade_diagnostico"", ""codigo_cid"": ""F319""}"
Diagnóstico CID-10 código F320: Episódio depressivo leve.,entidade_diagnostico,"{""categoria"": ""entidade_diagnostico"", ""codigo_cid"": ""F320""}"
Diagnóstico CID-10 código F321: Episódio depressivo moderado.,entidade_diagnostico,"{""categoria"": ""entidade_diagnostico"", ""codigo_cid"": ""F321""}"
Diagnóstico CID-10 código F322: Episódio depressivo grave sem sintomas psicóticos.,entidade_diagnostico,"{""categoria"": ""entidade_diagnostico"", ""codigo_cid"": ""F322""}"
Diagnóstico CID-10 código F323: Episódio depressivo grave com sintomas psicóticos.,entidade_diagnostico,"{""categoria"": ""entidade_diagnostico"", ""codigo_cid"": ""F323""}"
Diagnóstico CID-10 código F328: Outros episódios depressivos.,entidade_diagnostico,"{""categoria"": ""entidade_diagnostico"", ""codigo_cid"": ""F328""}"
Diagnóstico CID-10 código F329: Episódio depressivo não especificado.,entidade_diagnostico,"{""categoria"": ""entidade_diagnostico"", ""codigo_cid"": ""F329""}"
"Diagnóstico CID-10 código F330: Transtorno depressivo recorrente, episódio atual leve.",entidade_diagnostico,"{""categoria"": ""entidade_diagnostico"", ""codigo_cid"": ""F330""}"
"Diagnóstico CID-10 código F332: Transtorno depressivo recorrente, episódio atual grave sem sintomas psicóticos.",entidade_diagnostico,"{""categoria"": ""entidade_diagnostico"", ""codigo_cid"": ""F332""}"
"Diagnóstico CID-10 código F333: Transtorno depressivo recorrente, episódio atual grave com sintomas psicóticos.",entidade_diagnostico,"{""categoria"": ""entidade_diagnostico"", ""codigo_cid"": ""F333""}"
Diagnóstico CID-10 código F338: Outros transtornos depressivos recorrentes.,entidade_diagnostico,"{""categoria"": ""entidade_diagnostico"", ""codigo_cid"": ""F338""}"
Diagnóstico CID-10 código F339: Transtorno depressivo recorrente sem especificação.,entidade_diagnostico,"{""categoria"": ""entidade_diagnostico"", ""codigo_cid"": ""F339""}"
Diagnóstico CID-10 código F411: Ansiedade generalizada.,entidade_diagnostico,"{""categoria"": ""entidade_diagnostico"", ""codigo_cid"": ""F411""}"
Diagnóstico CID-10 código F500: Anorexia nervosa.,entidade_diagnostico,"{""categoria"": ""entidade_diagnostico"", ""codigo_cid"": ""F500""}"
Diagnóstico CID-10 código F603: Transtorno de personalidade com instabilidade emocional.,entidade_diagnostico,"{""categoria"": ""entidade_diagnostico"", ""codigo_cid"": ""F603""}"
Diagnóstico CID-10 código F608: Outros transtornos específicos da personalidade.,entidade_diagnostico,"{""categoria"": ""entidade_diagnostico"", ""codigo_cid"": ""F608""}"
Diagnóstico CID-10 código F609: Transtorno não especificado da personalidade.,entidade_diagnostico,"{""categoria"": ""entidade_diagnostico"", ""codigo_cid"": ""F609""}"
Diagnóstico CID-10 código F621: Modificação duradoura da personalidade após doença psiquiátrica.,entidade_diagnostico,"{""categoria"": ""entidade_diagnostico"", ""codigo_cid"": ""F621""}"
Diagnóstico CID-10 código F640: Transexualismo.,entidade_diagnostico,"{""categoria"": ""entidade_diagnostico"", ""codigo_cid"": ""F640""}"
"Diagnóstico CID-10 código F701: Retardo mental leve - comprometimento significativo do comportamento, requerendo vigilância ou tratamento.",entidade_diagnostico,"{""categoria"": ""entidade_diagnostico"", ""codigo_cid"": ""F701""}"
Diagnóstico CID-10 código F708: Retardo mental leve - outros comprometimentos do comportamento.,entidade_diagnostico,"{""categoria"": ""entidade_diagnostico"", ""codigo_cid"": ""F708""}"
Diagnóstico CID-10 código F710: Retardo mental moderado - menção de ausência de ou de comprometimento mínimo do comportamento.,entidade_diagnostico,"{""categoria"": ""entidade_diagnostico"", ""codigo_cid"": ""F710""}"
"Diagnóstico CID-10 código F711: Retardo mental moderado - comprometimento significativo do comportamento, requerendo vigilância ou tratamento.",entidade_diagnostico,"{""categoria"": ""entidade_diagnostico"", ""codigo_cid"": ""F711""}"
Diagnóstico CID-10 código F718: Retardo mental moderado - outros comprometimentos do comportamento.,entidade_diagnostico,"{""categoria"": ""entidade_diagnostico"", ""codigo_cid"": ""F718""}"
Diagnóstico CID-10 código F720: Retardo mental grave - menção de ausência de ou de comprometimento mínimo do comportamento.,entidade_diagnostico,"{""categoria"": ""entidade_diagnostico"", ""codigo_cid"": ""F720""}"
"Diagnóstico CID-10 código F721: Retardo mental grave - comprometimento significativo do comportamento, requerendo vigilância ou tratamento.",entidade_diagnostico,"{""categoria"": ""entidade_diagnostico"", ""codigo_cid"": ""F721""}"
Diagnóstico CID-10 código F728: Retardo mental grave - outros comprometimentos do comportamento.,entidade_diagnostico,"{""categoria"": ""entidade_diagnostico"", ""codigo_cid"": ""F728""}"
"Diagnóstico CID-10 código F731: Retardo mental profundo - comprometimento significativo do comportamento, requerendo vigilância ou tratamento.",entidade_diagnostico,"{""categoria"": ""entidade_diagnostico"", ""codigo_cid"": ""F731""}"
Diagnóstico CID-10 código F840: Autismo infantil.,entidade_diagnostico,"{""categoria"": ""entidade_diagnostico"", ""codigo_cid"": ""F840""}"
Diagnóstico CID-10 código F913: Distúrbio desafiador e de oposição.,entidade_diagnostico,"{""categoria"": ""entidade_diagnostico"", ""codigo_cid"": ""F913""}"
Diagnóstico CID-10 código F918: Outros transtornos de conduta.,entidade_diagnostico,"{""categoria"": ""entidade_diagnostico"", ""codigo_cid"": ""F918""}"
Diagnóstico CID-10 código F919: Transtorno de conduta não especificado.,entidade_diagnostico,"{""categoria"": ""entidade_diagnostico"", ""codigo_cid"": ""F919""}"
Diagnóstico CID-10 código G009: Meningite bacteriana não especificada.,entidade_diagnostico,"{""categoria"": ""entidade_diagnostico"", ""codigo_cid"": ""G009""}"
"Diagnóstico CID-10 código G048: Outras encefalites, mielites e encefalomielites.",entidade_diagnostico,"{""categoria"": ""entidade_diagnostico"", ""codigo_cid"": ""G048""}"
"Diagnóstico CID-10 código G049: Encefalite, mielite e encefalomielite não especificada.",entidade_diagnostico,"{""categoria"": ""entidade_diagnostico"", ""codigo_cid"": ""G049""}"
Diagnóstico CID-10 código G060: Abscesso e granuloma intracranianos.,entidade_diagnostico,"{""categoria"": ""entidade_diagnostico"", ""codigo_cid"": ""G060""}"
Diagnóstico CID-10 código G09: Seqüelas de doenças inflamatórias do sistema nervoso central.,entidade_diagnostico,"{""categoria"": ""entidade_diagnostico"", ""codigo_cid"": ""G09""}"
Diagnóstico CID-10 código G10: Doença de Huntington.,entidade_diagnostico,"{""categoria"": ""entidade_diagnostico"", ""codigo_cid"": ""G10""}"
Diagnóstico CID-10 código G120: Atrofia muscular espinal infantil tipo I [Werdnig-Hoffman].,entidade_diagnostico,"{""categoria"": ""entidade_diagnostico"", ""codigo_cid"": ""G120""}"
Diagnóstico CID-10 código G122: Doença do neurônio motor.,entidade_diagnostico,"{""categoria"": ""entidade_diagnostico"", ""codigo_cid"": ""G122""}"
Diagnóstico CID-10 código G20: Doença de Parkinson.,entidade_diagnostico,"{""categoria"": ""entidade_diagnostico"", ""codigo_cid"": ""G20""}"
Diagnóstico CID-10 código G308: Outras formas de doença de Alzheimer.,entidade_diagnostico,"{""categoria"": ""entidade_diagnostico"", ""codigo_cid"": ""G308""}"
Diagnóstico CID-10 código G309: Doença de Alzheimer não especificada.,entidade_diagnostico,"{""categoria"": ""entidade_diagnostico"", ""codigo_cid"": ""G309""}"
Diagnóstico CID-10 código G310: Atrofia cerebral circunscrita.,entidade_diagnostico,"{""categoria"": ""entidade_diagnostico"", ""codigo_cid"": ""G310""}"
Diagnóstico CID-10 código G318: Outras doenças degenerativas especificadas do sistema nervoso.,entidade_diagnostico,"{""categoria"": ""entidade_diagnostico"", ""codigo_cid"": ""G318""}"
"Diagnóstico CID-10 código G319: Doença degenerativa do sistema nervoso, não especificada.",entidade_diagnostico,"{""categoria"": ""entidade_diagnostico"", ""codigo_cid"": ""G319""}"
Diagnóstico CID-10 código G328: Outros transtornos degenerativos especificados do sistema nervoso em doenças classificadas em outra parte.,entidade_diagnostico,"{""categoria"": ""entidade_diagnostico"", ""codigo_cid"": ""G328""}"
Diagnóstico CID-10 código G35: Esclerose múltipla.,entidade_diagnostico,"{""categoria"": ""entidade_diagnostico"", ""codigo_cid"": ""G35""}"
Diagnóstico CID-10 código G360: Neuromielite óptica [doença de Devic].,entidade_diagnostico,"{""categoria"": ""entidade_diagnostico"", ""codigo_cid"": ""G360""}"
Diagnóstico CID-10 código G400: Epilepsia e síndromes epilépticas idiopáticas definidas por sua localização (focal) (parcial) com crises de início focal.,entidade_diagnostico,"{""categoria"": ""entidade_diagnostico"", ""codigo_cid"": ""G400""}"
Diagnóstico CID-10 código G401: Epilepsia e síndromes epilépticas sintomáticas definidas por sua localização (focal) (parcial) com crises parciais simples.,entidade_diagnostico,"{""categoria"": ""entidade_diagnostico"", ""codigo_cid"": ""G401""}"
Diagnóstico CID-10 código G402: Epilepsia e síndromes epilépticas sintomáticas definidas por sua localização (focal) (parcial) com crises parciais complexas.,entidade_diagnostico,"{""categoria"": ""entidade_diagnostico"", ""codigo_cid"": ""G402""}"
Diagnóstico CID-10 código G404: Outras epilepsias e síndromes epilépticas generalizadas.,entidade_diagnostico,"{""categoria"": ""entidade_diagnostico"", ""codigo_cid"": ""G404""}"
Diagnóstico CID-10 código G405: Síndromes epilépticas especiais.,entidade_diagnostico,"{""categoria"": ""entidade_diagnostico"", ""codigo_cid"": ""G405""}"
"Diagnóstico CID-10 código G406: Crise de grande mal, não especificada (com ou sem pequeno mal).",entidade_diagnostico,"{""categoria"": ""entidade_diagnostico"", ""codigo_cid"": ""G406""}"
Diagnóstico CID-10 código G408: Outras epilepsias.,entidade_diagnostico,"{""categoria"": ""entidade_diagnostico"", ""codigo_cid"": ""G408""}"
"Diagnóstico CID-10 código G409: Epilepsia, não especificada.",entidade_diagnostico,"{""categoria"": ""entidade_diagnostico"", ""codigo_cid"": ""G409""}"
Diagnóstico CID-10 código G418: Outros estados de mal epiléptico.,entidade_diagnostico,"{""categoria"": ""entidade_diagnostico"", ""codigo_cid"": ""G418""}"
"Diagnóstico CID-10 código G419: Estado de mal epiléptico, não especificado.",entidade_diagnostico,"{""categoria"": ""entidade_diagnostico"", ""codigo_cid"": ""G419""}"
Diagnóstico CID-10 código G432: Estado de mal enxaquecoso.,entidade_diagnostico,"{""categoria"": ""entidade_diagnostico"", ""codigo_cid"": ""G432""}"
Diagnóstico CID-10 código G433: Enxaqueca complicada.,entidade_diagnostico,"{""categoria"": ""entidade_diagnostico"", ""codigo_cid"": ""G433""}"
"Diagnóstico CID-10 código G439: Enxaqueca, sem especificação.",entidade_diagnostico,"{""categoria"": ""entidade_diagnostico"", ""codigo_cid"": ""G439""}"
"Diagnóstico CID-10 código G441: Cefaléia vascular, não classificada em outra parte.",entidade_diagnostico,"{""categoria"": ""entidade_diagnostico"", ""codigo_cid"": ""G441""}"
Diagnóstico CID-10 código G448: Outras síndromes de cefaléia especificadas.,entidade_diagnostico,"{""categoria"": ""entidade_diagnostico"", ""codigo_cid"": ""G448""}"
Diagnóstico CID-10 código G450: Síndrome da artéria vértebro-basilar.,entidade_diagnostico,"{""categoria"": ""entidade_diagnostico"", ""codigo_cid"": ""G450""}"
Diagnóstico CID-10 código G451: Síndrome da artéria carotídea (hemisférica).,entidade_diagnostico,"{""categoria"": ""entidade_diagnostico"", ""codigo_cid"": ""G451""}"
Diagnóstico CID-10 código G458: Outros acidentes isquêmicos cerebrais transitórios e síndromes correlatas.,entidade_diagnostico,"{""categoria"": ""entidade_diagnostico"", ""codigo_cid"": ""G458""}"
Diagnóstico CID-10 código G459: Isquemia cerebral transitória não especificada.,entidade_diagnostico,"{""categoria"": ""entidade_diagnostico"", ""codigo_cid"": ""G459""}"
Diagnóstico CID-10 código G468: Outras síndromes vasculares cerebrais em doenças cerebrovasculares.,entidade_diagnostico,"{""categoria"": ""entidade_diagnostico"", ""codigo_cid"": ""G468""}"
Diagnóstico CID-10 código G470: Distúrbios do início e da manutenção do sono [insônias].,entidade_diagnostico,"{""categoria"": ""entidade_diagnostico"", ""codigo_cid"": ""G470""}"
Diagnóstico CID-10 código G473: Apnéia de sono.,entidade_diagnostico,"{""categoria"": ""entidade_diagnostico"", ""codigo_cid"": ""G473""}"
Diagnóstico CID-10 código G478: Outros distúrbios do sono.,entidade_diagnostico,"{""categoria"": ""entidade_diagnostico"", ""codigo_cid"": ""G478""}"
"Diagnóstico CID-10 código G479: Distúrbio do sono, não especificado.",entidade_diagnostico,"{""categoria"": ""entidade_diagnostico"", ""codigo_cid"": ""G479""}"
Diagnóstico CID-10 código G500: Nevralgia do trigêmeo.,entidade_diagnostico,"{""categoria"": ""entidade_diagnostico"", ""codigo_cid"": ""G500""}"
Diagnóstico CID-10 código G509: Transtorno não especificado do nervo trigêmeo.,entidade_diagnostico,"{""categoria"": ""entidade_diagnostico"", ""codigo_cid"": ""G509""}"
Diagnóstico CID-10 código G510: Paralisia de Bell.,entidade_diagnostico,"{""categoria"": ""entidade_diagnostico"", ""codigo_cid"": ""G510""}"
Diagnóstico CID-10 código G518: Outros transtornos do nervo facial.,entidade_diagnostico,"{""categoria"": ""entidade_diagnostico"", ""codigo_cid"": ""G518""}"
Diagnóstico CID-10 código G540: Transtornos do plexo braquial.,entidade_diagnostico,"{""categoria"": ""entidade_diagnostico"", ""codigo_cid"": ""G540""}"
Diagnóstico CID-10 código G550: Compressões das raízes e dos plexos nervosos em doenças neoplásicas.,entidade_diagnostico,"{""categoria"": ""entidade_diagnostico"", ""codigo_cid"": ""G550""}"
Diagnóstico CID-10 código G560: Síndrome do túnel do carpo.,entidade_diagnostico,"{""categoria"": ""entidade_diagnostico"", ""codigo_cid"": ""G560""}"
Diagnóstico CID-10 código G589: Mononeuropatia não especificada.,entidade_diagnostico,"{""categoria"": ""entidade_diagnostico"", ""codigo_cid"": ""G589""}"
Diagnóstico CID-10 código G610: Síndrome de Guillain-Barré.,entidade_diagnostico,"{""categoria"": ""entidade_diagnostico"", ""codigo_cid"": ""G610""}"
Diagnóstico CID-10 código G618: Outras polineuropatias inflamatórias.,entidade_diagnostico,"{""categoria"": ""entidade_diagnostico"", ""codigo_cid"": ""G618""}"
Diagnóstico CID-10 código G619: Polineuropatia inflamatória não especificada.,entidade_diagnostico,"{""categoria"": ""entidade_diagnostico"", ""codigo_cid"": ""G619""}"
Diagnóstico CID-10 código G628: Outras polineuropatias especificadas.,entidade_diagnostico,"{""categoria"": ""entidade_diagnostico"", ""codigo_cid"": ""G628""}"
Diagnóstico CID-10 código G636: Polineuropatia em outros transtornos osteomusculares.,entidade_diagnostico,"{""categoria"": ""entidade_diagnostico"", ""codigo_cid"": ""G636""}"
Diagnóstico CID-10 código G638: Polineuropatia em outras doenças classificadas em outra parte.,entidade_diagnostico,"{""categoria"": ""entidade_diagnostico"", ""codigo_cid"": ""G638""}"
Diagnóstico CID-10 código G700: Miastenia gravis.,entidade_diagnostico,"{""categoria"": ""entidade_diagnostico"", ""codigo_cid"": ""G700""}"
Diagnóstico CID-10 código G710: Distrofia muscular.,entidade_diagnostico,"{""categoria"": ""entidade_diagnostico"", ""codigo_cid"": ""G710""}"
Diagnóstico CID-10 código G712: Miopatias congênitas.,entidade_diagnostico,"{""categoria"": ""entidade_diagnostico"", ""codigo_cid"": ""G712""}"
Diagnóstico CID-10 código G724: Miopatia inflamatória não classificada em outra parte.,entidade_diagnostico,"{""categoria"": ""entidade_diagnostico"", ""codigo_cid"": ""G724""}"
Diagnóstico CID-10 código G800: Paralisia cerebral quadriplágica espástica.,entidade_diagnostico,"{""categoria"": ""entidade_diagnostico"", ""codigo_cid"": ""G800""}"
Diagnóstico CID-10 código G801: Paralisia cerebral diplégica espástica.,entidade_diagnostico,"{""categoria"": ""entidade_diagnostico"", ""codigo_cid"": ""G801""}"
Diagnóstico CID-10 código G804: Paralisia cerebral atáxica.,entidade_diagnostico,"{""categoria"": ""entidade_diagnostico"", ""codigo_cid"": ""G804""}"
Diagnóstico CID-10 código G808: Outras formas de paralisia cerebral.,entidade_diagnostico,"{""categoria"": ""entidade_diagnostico"", ""codigo_cid"": ""G808""}"
Diagnóstico CID-10 código G809: Paralisia cerebral não especificada.,entidade_diagnostico,"{""categoria"": ""entidade_diagnostico"", ""codigo_cid"": ""G809""}"
Diagnóstico CID-10 código G811: Hemiplegia espástica.,entidade_diagnostico,"{""categoria"": ""entidade_diagnostico"", ""codigo_cid"": ""G811""}"
Diagnóstico CID-10 código G819: Hemiplegia não especificada.,entidade_diagnostico,"{""categoria"": ""entidade_diagnostico"", ""codigo_cid"": ""G819""}"
Diagnóstico CID-10 código G820: Paraplegia flácida.,entidade_diagnostico,"{""categoria"": ""entidade_diagnostico"", ""codigo_cid"": ""G820""}"
Diagnóstico CID-10 código G821: Paraplegia espástica.,entidade_diagnostico,"{""categoria"": ""entidade_diagnostico"", ""codigo_cid"": ""G821""}"
Diagnóstico CID-10 código G824: Tetraplegia espástica.,entidade_diagnostico,"{""categoria"": ""entidade_diagnostico"", ""codigo_cid"": ""G824""}"
Diagnóstico CID-10 código G825: Tetraplegia não especificada.,entidade_diagnostico,"{""categoria"": ""entidade_diagnostico"", ""codigo_cid"": ""G825""}"
Diagnóstico CID-10 código G910: Hidrocefalia comunicante.,entidade_diagnostico,"{""categoria"": ""entidade_diagnostico"", ""codigo_cid"": ""G910""}"
Diagnóstico CID-10 código G911: Hidrocefalia obstrutiva.,entidade_diagnostico,"{""categoria"": ""entidade_diagnostico"", ""codigo_cid"": ""G911""}"
Diagnóstico CID-10 código G912: Hidrocefalia de pressão normal.,entidade_diagnostico,"{""categoria"": ""entidade_diagnostico"", ""codigo_cid"": ""G912""}"
Diagnóstico CID-10 código G913: Hidrocefalia pós-traumática não especificada.,entidade_diagnostico,"{""categoria"": ""entidade_diagnostico"", ""codigo_cid"": ""G913""}"
Diagnóstico CID-10 código G918: Outras formas de hidrocefalia.,entidade_diagnostico,"{""categoria"": ""entidade_diagnostico"", ""codigo_cid"": ""G918""}"
Diagnóstico CID-10 código G919: Hidrocefalia não especificada.,entidade_diagnostico,"{""categoria"": ""entidade_diagnostico"", ""codigo_cid"": ""G919""}"
Diagnóstico CID-10 código G92: Encefalopatia tóxica.,entidade_diagnostico,"{""categoria"": ""entidade_diagnostico"", ""codigo_cid"": ""G92""}"
Diagnóstico CID-10 código G932: Hipertensão intracraniana benigna.,entidade_diagnostico,"{""categoria"": ""entidade_diagnostico"", ""codigo_cid"": ""G932""}"
Diagnóstico CID-10 código G934: Encefalopatia não especificada.,entidade_diagnostico,"{""categoria"": ""entidade_diagnostico"", ""codigo_cid"": ""G934""}"
Diagnóstico CID-10 código G935: Compressão do encéfalo.,entidade_diagnostico,"{""categoria"": ""entidade_diagnostico"", ""codigo_cid"": ""G935""}"
Diagnóstico CID-10 código G936: Edema cerebral.,entidade_diagnostico,"{""categoria"": ""entidade_diagnostico"", ""codigo_cid"": ""G936""}"
Diagnóstico CID-10 código G941: Hidrocefalia em doenças neoplásicas.,entidade_diagnostico,"{""categoria"": ""entidade_diagnostico"", ""codigo_cid"": ""G941""}"
Diagnóstico CID-10 código G952: Compressão não especificada de medula espinal.,entidade_diagnostico,"{""categoria"": ""entidade_diagnostico"", ""codigo_cid"": ""G952""}"
Diagnóstico CID-10 código G960: Fístula liquórica.,entidade_diagnostico,"{""categoria"": ""entidade_diagnostico"", ""codigo_cid"": ""G960""}"
Diagnóstico CID-10 código G978: Outros transtornos pós-procedimento do sistema nervoso.,entidade_diagnostico,"{""categoria"": ""entidade_diagnostico"", ""codigo_cid"": ""G978""}"
"Diagnóstico CID-10 código G979: Transtorno pós-procedimento do sistema nervoso, não especificado.",entidade_diagnostico,"{""categoria"": ""entidade_diagnostico"", ""codigo_cid"": ""G979""}"
Diagnóstico CID-10 código H001: Calázio.,entidade_diagnostico,"{""categoria"": ""entidade_diagnostico"", ""codigo_cid"": ""H001""}"
Diagnóstico CID-10 código H020: Entrópio e triquíase da pálpebra.,entidade_diagnostico,"{""categoria"": ""entidade_diagnostico"", ""codigo_cid"": ""H020""}"
Diagnóstico CID-10 código H021: Ectrópio da pálpebra.,entidade_diagnostico,"{""categoria"": ""entidade_diagnostico"", ""codigo_cid"": ""H021""}"
Diagnóstico CID-10 código H023: Blefarocalásia.,entidade_diagnostico,"{""categoria"": ""entidade_diagnostico"", ""codigo_cid"": ""H023""}"
Diagnóstico CID-10 código H024: Ptose da pálpebra.,entidade_diagnostico,"{""categoria"": ""entidade_diagnostico"", ""codigo_cid"": ""H024""}"
Diagnóstico CID-10 código H025: Outros transtornos que afetam a função da pálpebra.,entidade_diagnostico,"{""categoria"": ""entidade_diagnostico"", ""codigo_cid"": ""H025""}"
Diagnóstico CID-10 código H026: Xantelasma da pálpebra.,entidade_diagnostico,"{""categoria"": ""entidade_diagnostico"", ""codigo_cid"": ""H026""}"
Diagnóstico CID-10 código H028: Outros transtornos especificados das pálpebras.,entidade_diagnostico,"{""categoria"": ""entidade_diagnostico"", ""codigo_cid"": ""H028""}"
Diagnóstico CID-10 código H029: Transtorno não especificado da pálpebra.,entidade_diagnostico,"{""categoria"": ""entidade_diagnostico"", ""codigo_cid"": ""H029""}"
Diagnóstico CID-10 código H044: Inflamação crônica dos canais lacrimais.,entidade_diagnostico,"{""categoria"": ""entidade_diagnostico"", ""codigo_cid"": ""H044""}"
Diagnóstico CID-10 código H045: Estenose e insuficiência dos canais lacrimais.,entidade_diagnostico,"{""categoria"": ""entidade_diagnostico"", ""codigo_cid"": ""H045""}"
Diagnóstico CID-10 código H048: Outros transtornos do aparelho lacrimal.,entidade_diagnostico,"{""categoria"": ""entidade_diagnostico"", ""codigo_cid"": ""H048""}"
Diagnóstico CID-10 código H050: Inflamação aguda da órbita.,entidade_diagnostico,"{""categoria"": ""entidade_diagnostico"", ""codigo_cid"": ""H050""}"
Diagnóstico CID-10 código H058: Outros transtornos da órbita.,entidade_diagnostico,"{""categoria"": ""entidade_diagnostico"", ""codigo_cid"": ""H058""}"
Diagnóstico CID-10 código H062: Exoftalmo distireoídeo.,entidade_diagnostico,"{""categoria"": ""entidade_diagnostico"", ""codigo_cid"": ""H062""}"
Diagnóstico CID-10 código H119: Transtorno não especificado da conjuntiva.,entidade_diagnostico,"{""categoria"": ""entidade_diagnostico"", ""codigo_cid"": ""H119""}"
Diagnóstico CID-10 código H158: Outros transtornos da esclerótica.,entidade_diagnostico,"{""categoria"": ""entidade_diagnostico"", ""codigo_cid"": ""H158""}"
Diagnóstico CID-10 código H160: Úlcera de córnea.,entidade_diagnostico,"{""categoria"": ""entidade_diagnostico"", ""codigo_cid"": ""H160""}"
Diagnóstico CID-10 código H170: Leucoma aderente.,entidade_diagnostico,"{""categoria"": ""entidade_diagnostico"", ""codigo_cid"": ""H170""}"
Diagnóstico CID-10 código H171: Outra opacidade central da córnea.,entidade_diagnostico,"{""categoria"": ""entidade_diagnostico"", ""codigo_cid"": ""H171""}"
Diagnóstico CID-10 código H180: Pigmentações e depósitos da córnea.,entidade_diagnostico,"{""categoria"": ""entidade_diagnostico"", ""codigo_cid"": ""H180""}"
Diagnóstico CID-10 código H181: Ceratopatia bolhosa.,entidade_diagnostico,"{""categoria"": ""entidade_diagnostico"", ""codigo_cid"": ""H181""}"
Diagnóstico CID-10 código H186: Ceratocone.,entidade_diagnostico,"{""categoria"": ""entidade_diagnostico"", ""codigo_cid"": ""H186""}"
Diagnóstico CID-10 código H187: Outras deformidades da córnea.,entidade_diagnostico,"{""categoria"": ""entidade_diagnostico"", ""codigo_cid"": ""H187""}"
Diagnóstico CID-10 código H188: Outros transtornos especificados da córnea.,entidade_diagnostico,"{""categoria"": ""entidade_diagnostico"", ""codigo_cid"": ""H188""}"
Diagnóstico CID-10 código H189: Transtorno não especificado da córnea.,entidade_diagnostico,"{""categoria"": ""entidade_diagnostico"", ""codigo_cid"": ""H189""}"
Diagnóstico CID-10 código H218: Outros transtornos especificados da íris e do corpo ciliar.,entidade_diagnostico,"{""categoria"": ""entidade_diagnostico"", ""codigo_cid"": ""H218""}"
Diagnóstico CID-10 código H228: Outros transtornos da íris e do corpo ciliar em doenças classificadas em outra parte.,entidade_diagnostico,"{""categoria"": ""entidade_diagnostico"", ""codigo_cid"": ""H228""}"
Diagnóstico CID-10 código H250: Catarata senil incipiente.,entidade_diagnostico,"{""categoria"": ""entidade_diagnostico"", ""codigo_cid"": ""H250""}"
Diagnóstico CID-10 código H251: Catarata senil nuclear.,entidade_diagnostico,"{""categoria"": ""entidade_diagnostico"", ""codigo_cid"": ""H251""}"
Diagnóstico CID-10 código H252: Catarata senil tipo Morgagni.,entidade_diagnostico,"{""categoria"": ""entidade_diagnostico"", ""codigo_cid"": ""H252""}"
Diagnóstico CID-10 código H258: Outras cataratas senis.,entidade_diagnostico,"{""categoria"": ""entidade_diagnostico"", ""codigo_cid"": ""H258""}"
Diagnóstico CID-10 código H259: Catarata senil não especificada.,entidade_diagnostico,"{""categoria"": ""entidade_diagnostico"", ""codigo_cid"": ""H259""}"
"Diagnóstico CID-10 código H260: Catarata infantil, juvenil e pré-senil.",entidade_diagnostico,"{""categoria"": ""entidade_diagnostico"", ""codigo_cid"": ""H260""}"
Diagnóstico CID-10 código H262: Catarata complicada.,entidade_diagnostico,"{""categoria"": ""entidade_diagnostico"", ""codigo_cid"": ""H262""}"
Diagnóstico CID-10 código H264: Pós-catarata.,entidade_diagnostico,"{""categoria"": ""entidade_diagnostico"", ""codigo_cid"": ""H264""}"
Diagnóstico CID-10 código H268: Outras cataratas especificadas.,entidade_diagnostico,"{""categoria"": ""entidade_diagnostico"", ""codigo_cid"": ""H268""}"
Diagnóstico CID-10 código H269: Catarata não especificada.,entidade_diagnostico,"{""categoria"": ""entidade_diagnostico"", ""codigo_cid"": ""H269""}"
Diagnóstico CID-10 código H270: Afacia.,entidade_diagnostico,"{""categoria"": ""entidade_diagnostico"", ""codigo_cid"": ""H270""}"
Diagnóstico CID-10 código H278: Outros transtornos especificados do cristalino.,entidade_diagnostico,"{""categoria"": ""entidade_diagnostico"", ""codigo_cid"": ""H278""}"
Diagnóstico CID-10 código H330: Descolamento da retina com defeito retiniano.,entidade_diagnostico,"{""categoria"": ""entidade_diagnostico"", ""codigo_cid"": ""H330""}"
Diagnóstico CID-10 código H332: Descolamento seroso da retina.,entidade_diagnostico,"{""categoria"": ""entidade_diagnostico"", ""codigo_cid"": ""H332""}"
Diagnóstico CID-10 código H333: Defeitos da retina sem descolamento.,entidade_diagnostico,"{""categoria"": ""entidade_diagnostico"", ""codigo_cid"": ""H333""}"
Diagnóstico CID-10 código H334: Descolamento da retina por tração.,entidade_diagnostico,"{""categoria"": ""entidade_diagnostico"", ""codigo_cid"": ""H334""}"
Diagnóstico CID-10 código H335: Outros descolamentos da retina.,entidade_diagnostico,"{""categoria"": ""entidade_diagnostico"", ""codigo_cid"": ""H335""}"
Diagnóstico CID-10 código H353: Degeneração da mácula e do pólo posterior.,entidade_diagnostico,"{""categoria"": ""entidade_diagnostico"", ""codigo_cid"": ""H353""}"
Diagnóstico CID-10 código H360: Retinopatia diabética.,entidade_diagnostico,"{""categoria"": ""entidade_diagnostico"", ""codigo_cid"": ""H360""}"
Diagnóstico CID-10 código H401: Glaucoma primário de ângulo aberto.,entidade_diagnostico,"{""categoria"": ""entidade_diagnostico"", ""codigo_cid"": ""H401""}"
Diagnóstico CID-10 código H402: Glaucoma primário de ângulo fechado.,entidade_diagnostico,"{""categoria"": ""entidade_diagnostico"", ""codigo_cid"": ""H402""}"
Diagnóstico CID-10 código H408: Outro glaucoma.,entidade_diagnostico,"{""categoria"": ""entidade_diagnostico"", ""codigo_cid"": ""H408""}"
Diagnóstico CID-10 código H409: Glaucoma não especificado.,entidade_diagnostico,"{""categoria"": ""entidade_diagnostico"", ""codigo_cid"": ""H409""}"
Diagnóstico CID-10 código H430: Prolapso do humor vítreo.,entidade_diagnostico,"{""categoria"": ""entidade_diagnostico"", ""codigo_cid"": ""H430""}"
Diagnóstico CID-10 código H431: Hemorragia do humor vítreo.,entidade_diagnostico,"{""categoria"": ""entidade_diagnostico"", ""codigo_cid"": ""H431""}"
Diagnóstico CID-10 código H433: Outras opacidades do vítreo.,entidade_diagnostico,"{""categoria"": ""entidade_diagnostico"", ""codigo_cid"": ""H433""}"
Diagnóstico CID-10 código H438: Outros transtornos do humor vítreo.,entidade_diagnostico,"{""categoria"": ""entidade_diagnostico"", ""codigo_cid"": ""H438""}"
Diagnóstico CID-10 código H440: Endoftalmite purulenta.,entidade_diagnostico,"{""categoria"": ""entidade_diagnostico"", ""codigo_cid"": ""H440""}"
Diagnóstico CID-10 código H441: Outras endoftalmites.,entidade_diagnostico,"{""categoria"": ""entidade_diagnostico"", ""codigo_cid"": ""H441""}"
Diagnóstico CID-10 código H445: Afecções degenerativas do globo ocular.,entidade_diagnostico,"{""categoria"": ""entidade_diagnostico"", ""codigo_cid"": ""H445""}"
Diagnóstico CID-10 código H448: Outros transtornos do globo ocular.,entidade_diagnostico,"{""categoria"": ""entidade_diagnostico"", ""codigo_cid"": ""H448""}"
Diagnóstico CID-10 código H449: Transtorno não especificado do globo ocular.,entidade_diagnostico,"{""categoria"": ""entidade_diagnostico"", ""codigo_cid"": ""H449""}"
Diagnóstico CID-10 código H46: Neurite óptica.,entidade_diagnostico,"{""categoria"": ""entidade_diagnostico"", ""codigo_cid"": ""H46""}"
Diagnóstico CID-10 código H500: Estrabismo convergente concomitante.,entidade_diagnostico,"{""categoria"": ""entidade_diagnostico"", ""codigo_cid"": ""H500""}"
Diagnóstico CID-10 código H501: Estrabismo divergente concomitante.,entidade_diagnostico,"{""categoria"": ""entidade_diagnostico"", ""codigo_cid"": ""H501""}"
Diagnóstico CID-10 código H502: Estrabismo vertical.,entidade_diagnostico,"{""categoria"": ""entidade_diagnostico"", ""codigo_cid"": ""H502""}"
Diagnóstico CID-10 código H504: Outras heterotropias e as não especificadas.,entidade_diagnostico,"{""categoria"": ""entidade_diagnostico"", ""codigo_cid"": ""H504""}"
Diagnóstico CID-10 código H505: Heteroforia.,entidade_diagnostico,"{""categoria"": ""entidade_diagnostico"", ""codigo_cid"": ""H505""}"
Diagnóstico CID-10 código H508: Outros estrabismos especificados.,entidade_diagnostico,"{""categoria"": ""entidade_diagnostico"", ""codigo_cid"": ""H508""}"
Diagnóstico CID-10 código H509: Estrabismo não especificado.,entidade_diagnostico,"{""categoria"": ""entidade_diagnostico"", ""codigo_cid"": ""H509""}"
Diagnóstico CID-10 código H522: Astigmatismo.,entidade_diagnostico,"{""categoria"": ""entidade_diagnostico"", ""codigo_cid"": ""H522""}"
Diagnóstico CID-10 código H579: Transtorno não especificado do olho e anexos.,entidade_diagnostico,"{""categoria"": ""entidade_diagnostico"", ""codigo_cid"": ""H579""}"
Diagnóstico CID-10 código H590: Ceropatia (bolhosa afácica) subseqüente a cirurgia de catarata.,entidade_diagnostico,"{""categoria"": ""entidade_diagnostico"", ""codigo_cid"": ""H590""}"
Diagnóstico CID-10 código H611: Transtornos não-infecciosos do pavilhão da orelha.,entidade_diagnostico,"{""categoria"": ""entidade_diagnostico"", ""codigo_cid"": ""H611""}"
Diagnóstico CID-10 código H650: Otite média aguda serosa.,entidade_diagnostico,"{""categoria"": ""entidade_diagnostico"", ""codigo_cid"": ""H650""}"
Diagnóstico CID-10 código H652: Otite média serosa crônica.,entidade_diagnostico,"{""categoria"": ""entidade_diagnostico"", ""codigo_cid"": ""H652""}"
Diagnóstico CID-10 código H660: Otite média aguda supurativa.,entidade_diagnostico,"{""categoria"": ""entidade_diagnostico"", ""codigo_cid"": ""H660""}"
Diagnóstico CID-10 código H669: Otite média não especificada.,entidade_diagnostico,"{""categoria"": ""entidade_diagnostico"", ""codigo_cid"": ""H669""}"
Diagnóstico CID-10 código H700: Mastoidite aguda.,entidade_diagnostico,"{""categoria"": ""entidade_diagnostico"", ""codigo_cid"": ""H700""}"
Diagnóstico CID-10 código H701: Mastoidite crônica.,entidade_diagnostico,"{""categoria"": ""entidade_diagnostico"", ""codigo_cid"": ""H701""}"
Diagnóstico CID-10 código H708: Outras mastoidites e afecções relacionadas com a mastoidite.,entidade_diagnostico,"{""categoria"": ""entidade_diagnostico"", ""codigo_cid"": ""H708""}"
Diagnóstico CID-10 código H720: Perfuração central da membrana do tímpano.,entidade_diagnostico,"{""categoria"": ""entidade_diagnostico"", ""codigo_cid"": ""H720""}"
Diagnóstico CID-10 código H728: Outras perfurações da membrana do tímpano.,entidade_diagnostico,"{""categoria"": ""entidade_diagnostico"", ""codigo_cid"": ""H728""}"
Diagnóstico CID-10 código H729: Perfuração não especificada da membrana do tímpano.,entidade_diagnostico,"{""categoria"": ""entidade_diagnostico"", ""codigo_cid"": ""H729""}"
Diagnóstico CID-10 código H739: Transtorno não especificado da membrana do tímpano.,entidade_diagnostico,"{""categoria"": ""entidade_diagnostico"", ""codigo_cid"": ""H739""}"
Diagnóstico CID-10 código H748: Outros transtornos especificados do ouvido médio e da mastóide.,entidade_diagnostico,"{""categoria"": ""entidade_diagnostico"", ""codigo_cid"": ""H748""}"
Diagnóstico CID-10 código H838: Outros transtornos especificados do ouvido interno.,entidade_diagnostico,"{""categoria"": ""entidade_diagnostico"", ""codigo_cid"": ""H838""}"
Diagnóstico CID-10 código H900: Perda de audição bilateral devida a transtorno de condução.,entidade_diagnostico,"{""categoria"": ""entidade_diagnostico"", ""codigo_cid"": ""H900""}"
Diagnóstico CID-10 código H903: Perda de audição bilateral neuro-sensorial.,entidade_diagnostico,"{""categoria"": ""entidade_diagnostico"", ""codigo_cid"": ""H903""}"
Diagnóstico CID-10 código H919: Perda não especificada de audição.,entidade_diagnostico,"{""categoria"": ""entidade_diagnostico"", ""codigo_cid"": ""H919""}"
Diagnóstico CID-10 código I011: Endocardite reumática aguda.,entidade_diagnostico,"{""categoria"": ""entidade_diagnostico"", ""codigo_cid"": ""I011""}"
Diagnóstico CID-10 código I050: Estenose mitral.,entidade_diagnostico,"{""categoria"": ""entidade_diagnostico"", ""codigo_cid"": ""I050""}"
Diagnóstico CID-10 código I051: Insuficiência mitral reumática.,entidade_diagnostico,"{""categoria"": ""entidade_diagnostico"", ""codigo_cid"": ""I051""}"
Diagnóstico CID-10 código I052: Estenose mitral com insuficiência.,entidade_diagnostico,"{""categoria"": ""entidade_diagnostico"", ""codigo_cid"": ""I052""}"
Diagnóstico CID-10 código I058: Outras doenças da valva mitral.,entidade_diagnostico,"{""categoria"": ""entidade_diagnostico"", ""codigo_cid"": ""I058""}"
Diagnóstico CID-10 código I060: Estenose aórtica reumática.,entidade_diagnostico,"{""categoria"": ""entidade_diagnostico"", ""codigo_cid"": ""I060""}"
Diagnóstico CID-10 código I080: Transtornos de valvas mitral e aórtica.,entidade_diagnostico,"{""categoria"": ""entidade_diagnostico"", ""codigo_cid"": ""I080""}"
"Diagnóstico CID-10 código I083: Transtornos das valvas mitral, aórtica e tricúspide.",entidade_diagnostico,"{""categoria"": ""entidade_diagnostico"", ""codigo_cid"": ""I083""}"
Diagnóstico CID-10 código I10: Hipertensão essencial (primária).,entidade_diagnostico,"{""categoria"": ""entidade_diagnostico"", ""codigo_cid"": ""I10""}"
Diagnóstico CID-10 código I110: Doença cardíaca hipertensiva com insuficiência cardíaca (congestiva).,entidade_diagnostico,"{""categoria"": ""entidade_diagnostico"", ""codigo_cid"": ""I110""}"
Diagnóstico CID-10 código I119: Doença cardíaca hipertensiva sem insuficiência cardíaca (congestiva).,entidade_diagnostico,"{""categoria"": ""entidade_diagnostico"", ""codigo_cid"": ""I119""}"
Diagnóstico CID-10 código I120: Doença renal hipertensiva com insuficiência renal.,entidade_diagnostico,"{""categoria"": ""entidade_diagnostico"", ""codigo_cid"": ""I120""}"
Diagnóstico CID-10 código I158: Outras formas de hipertensão secundária.,entidade_diagnostico,"{""categoria"": ""entidade_diagnostico"", ""codigo_cid"": ""I158""}"
"Diagnóstico CID-10 código I159: Hipertensão secundária, não especificada.",entidade_diagnostico,"{""categoria"": ""entidade_diagnostico"", ""codigo_cid"": ""I159""}"
Diagnóstico CID-10 código I200: Angina instável.,entidade_diagnostico,"{""categoria"": ""entidade_diagnostico"", ""codigo_cid"": ""I200""}"
Diagnóstico CID-10 código I208: Outras formas de angina pectoris.,entidade_diagnostico,"{""categoria"": ""entidade_diagnostico"", ""codigo_cid"": ""I208""}"
"Diagnóstico CID-10 código I209: Angina pectoris, não especificada.",entidade_diagnostico,"{""categoria"": ""entidade_diagnostico"", ""codigo_cid"": ""I209""}"
Diagnóstico CID-10 código I210: Infarto agudo transmural da parede anterior do miocárdio.,entidade_diagnostico,"{""categoria"": ""entidade_diagnostico"", ""codigo_cid"": ""I210""}"
Diagnóstico CID-10 código I211: Infarto agudo transmural da parede inferior do miocárdio.,entidade_diagnostico,"{""categoria"": ""entidade_diagnostico"", ""codigo_cid"": ""I211""}"
Diagnóstico CID-10 código I212: Infarto agudo transmural do miocárdio de outras localizações.,entidade_diagnostico,"{""categoria"": ""entidade_diagnostico"", ""codigo_cid"": ""I212""}"
"Diagnóstico CID-10 código I213: Infarto agudo transmural do miocárdio, de localização não especificada.",entidade_diagnostico,"{""categoria"": ""entidade_diagnostico"", ""codigo_cid"": ""I213""}"
Diagnóstico CID-10 código I214: Infarto agudo subendocárdico do miocárdio.,entidade_diagnostico,"{""categoria"": ""entidade_diagnostico"", ""codigo_cid"": ""I214""}"
Diagnóstico CID-10 código I219: Infarto agudo do miocárdio não especificado.,entidade_diagnostico,"{""categoria"": ""entidade_diagnostico"", ""codigo_cid"": ""I219""}"
Diagnóstico CID-10 código I220: Infarto do miocárdio recorrente da parede anterior.,entidade_diagnostico,"{""categoria"": ""entidade_diagnostico"", ""codigo_cid"": ""I220""}"
Diagnóstico CID-10 código I228: Infarto do miocárdio recorrente de outras localizações.,entidade_diagnostico,"{""categoria"": ""entidade_diagnostico"", ""codigo_cid"": ""I228""}"
Diagnóstico CID-10 código I229: Infarto do miocárdio recorrente de localização não especificada.,entidade_diagnostico,"{""categoria"": ""entidade_diagnostico"", ""codigo_cid"": ""I229""}"
Diagnóstico CID-10 código I238: Outras complicações atuais subseqüentes ao infarto agudo do miocárdio.,entidade_diagnostico,"{""categoria"": ""entidade_diagnostico"", ""codigo_cid"": ""I238""}"
Diagnóstico CID-10 código I240: Trombose coronária que não resulta em infarto do miocárdio.,entidade_diagnostico,"{""categoria"": ""entidade_diagnostico"", ""codigo_cid"": ""I240""}"
Diagnóstico CID-10 código I248: Outras formas de doença isquêmica aguda do coração.,entidade_diagnostico,"{""categoria"": ""entidade_diagnostico"", ""codigo_cid"": ""I248""}"
Diagnóstico CID-10 código I249: Doença isquêmica aguda do coração não especificada.,entidade_diagnostico,"{""categoria"": ""entidade_diagnostico"", ""codigo_cid"": ""I249""}"
"Diagnóstico CID-10 código I250: Doença cardiovascular aterosclerótica, descrita desta maneira.",entidade_diagnostico,"{""categoria"": ""entidade_diagnostico"", ""codigo_cid"": ""I250""}"
Diagnóstico CID-10 código I251: Doença aterosclerótica do coração.,entidade_diagnostico,"{""categoria"": ""entidade_diagnostico"", ""codigo_cid"": ""I251""}"
Diagnóstico CID-10 código I252: Infarto antigo do miocárdio.,entidade_diagnostico,"{""categoria"": ""entidade_diagnostico"", ""codigo_cid"": ""I252""}"
Diagnóstico CID-10 código I253: Aneurisma cardíaco.,entidade_diagnostico,"{""categoria"": ""entidade_diagnostico"", ""codigo_cid"": ""I253""}"
Diagnóstico CID-10 código I255: Miocardiopatia isquêmica.,entidade_diagnostico,"{""categoria"": ""entidade_diagnostico"", ""codigo_cid"": ""I255""}"
Diagnóstico CID-10 código I258: Outras formas de doença isquêmica crônica do coração.,entidade_diagnostico,"{""categoria"": ""entidade_diagnostico"", ""codigo_cid"": ""I258""}"
Diagnóstico CID-10 código I259: Doença isquêmica crônica do coração não especificada.,entidade_diagnostico,"{""categoria"": ""entidade_diagnostico"", ""codigo_cid"": ""I259""}"
Diagnóstico CID-10 código I260: Embolia pulmonar com menção de cor pulmonale agudo.,entidade_diagnostico,"{""categoria"": ""entidade_diagnostico"", ""codigo_cid"": ""I260""}"
Diagnóstico CID-10 código I269: Embolia pulmonar sem menção de cor pulmonale agudo.,entidade_diagnostico,"{""categoria"": ""entidade_diagnostico"", ""codigo_cid"": ""I269""}"
Diagnóstico CID-10 código I270: Hipertensão pulmonar primária.,entidade_diagnostico,"{""categoria"": ""entidade_diagnostico"", ""codigo_cid"": ""I270""}"
Diagnóstico CID-10 código I313: Derrame pericárdico (não-inflamatório).,entidade_diagnostico,"{""categoria"": ""entidade_diagnostico"", ""codigo_cid"": ""I313""}"
Diagnóstico CID-10 código I330: Endocardite infecciosa aguda e subaguda.,entidade_diagnostico,"{""categoria"": ""entidade_diagnostico"", ""codigo_cid"": ""I330""}"
Diagnóstico CID-10 código I339: Endocardite aguda não especificada.,entidade_diagnostico,"{""categoria"": ""entidade_diagnostico"", ""codigo_cid"": ""I339""}"
Diagnóstico CID-10 código I340: Insuficiência (da valva) mitral.,entidade_diagnostico,"{""categoria"": ""entidade_diagnostico"", ""codigo_cid"": ""I340""}"
Diagnóstico CID-10 código I341: Prolapso (da valva) mitral.,entidade_diagnostico,"{""categoria"": ""entidade_diagnostico"", ""codigo_cid"": ""I341""}"
Diagnóstico CID-10 código I350: Estenose (da valva) aórtica.,entidade_diagnostico,"{""categoria"": ""entidade_diagnostico"", ""codigo_cid"": ""I350""}"
Diagnóstico CID-10 código I351: Insuficiência (da valva) aórtica.,entidade_diagnostico,"{""categoria"": ""entidade_diagnostico"", ""codigo_cid"": ""I351""}"
Diagnóstico CID-10 código I352: Estenose (da valva) aórtica com insuficiência.,entidade_diagnostico,"{""categoria"": ""entidade_diagnostico"", ""codigo_cid"": ""I352""}"
Diagnóstico CID-10 código I370: Estenose da valva pulmonar.,entidade_diagnostico,"{""categoria"": ""entidade_diagnostico"", ""codigo_cid"": ""I370""}"
Diagnóstico CID-10 código I420: Cardiomiopatia dilatada.,entidade_diagnostico,"{""categoria"": ""entidade_diagnostico"", ""codigo_cid"": ""I420""}"
Diagnóstico CID-10 código I421: Cardiomiopatia obstrutiva hipertrófica.,entidade_diagnostico,"{""categoria"": ""entidade_diagnostico"", ""codigo_cid"": ""I421""}"
Diagnóstico CID-10 código I422: Outras cardiomiopatias hipertróficas.,entidade_diagnostico,"{""categoria"": ""entidade_diagnostico"", ""codigo_cid"": ""I422""}"
Diagnóstico CID-10 código I428: Outras cardiomiopatias.,entidade_diagnostico,"{""categoria"": ""entidade_diagnostico"", ""codigo_cid"": ""I428""}"
Diagnóstico CID-10 código I429: Cardiomiopatia não especificada.,entidade_diagnostico,"{""categoria"": ""entidade_diagnostico"", ""codigo_cid"": ""I429""}"
Diagnóstico CID-10 código I440: Bloqueio atrioventricular de primeiro grau.,entidade_diagnostico,"{""categoria"": ""entidade_diagnostico"", ""codigo_cid"": ""I440""}"
Diagnóstico CID-10 código I441: Bloqueio atrioventricular de segundo grau.,entidade_diagnostico,"{""categoria"": ""entidade_diagnostico"", ""codigo_cid"": ""I441""}"
Diagnóstico CID-10 código I442: Bloqueio atrioventricular total.,entidade_diagnostico,"{""categoria"": ""entidade_diagnostico"", ""codigo_cid"": ""I442""}"
Diagnóstico CID-10 código I443: Outras formas de bloqueio atrioventricular e as não especificadas.,entidade_diagnostico,"{""categoria"": ""entidade_diagnostico"", ""codigo_cid"": ""I443""}"
Diagnóstico CID-10 código I456: Síndrome de pré-excitação.,entidade_diagnostico,"{""categoria"": ""entidade_diagnostico"", ""codigo_cid"": ""I456""}"
Diagnóstico CID-10 código I458: Outros transtornos especificados da condução.,entidade_diagnostico,"{""categoria"": ""entidade_diagnostico"", ""codigo_cid"": ""I458""}"
Diagnóstico CID-10 código I460: Parada cardíaca com ressuscitação bem sucedida.,entidade_diagnostico,"{""categoria"": ""entidade_diagnostico"", ""codigo_cid"": ""I460""}"
"Diagnóstico CID-10 código I461: Morte súbita (de origem) cardíaca, descrita desta forma.",entidade_diagnostico,"{""categoria"": ""entidade_diagnostico"", ""codigo_cid"": ""I461""}"
Diagnóstico CID-10 código I469: Parada cardíaca não especificada.,entidade_diagnostico,"{""categoria"": ""entidade_diagnostico"", ""codigo_cid"": ""I469""}"
Diagnóstico CID-10 código I470: Arritmia ventricular por reentrada.,entidade_diagnostico,"{""categoria"": ""entidade_diagnostico"", ""codigo_cid"": ""I470""}"
Diagnóstico CID-10 código I471: Taquicardia supraventricular.,entidade_diagnostico,"{""categoria"": ""entidade_diagnostico"", ""codigo_cid"": ""I471""}"
Diagnóstico CID-10 código I472: Taquicardia ventricular.,entidade_diagnostico,"{""categoria"": ""entidade_diagnostico"", ""codigo_cid"": ""I472""}"
Diagnóstico CID-10 código I479: Taquicardia paroxística não especificada.,entidade_diagnostico,"{""categoria"": ""entidade_diagnostico"", ""codigo_cid"": ""I479""}"
Diagnóstico CID-10 código I48: Flutter e fibrilação atrial.,entidade_diagnostico,"{""categoria"": ""entidade_diagnostico"", ""codigo_cid"": ""I48""}"
Diagnóstico CID-10 código I490: Flutter e fibrilação ventricular.,entidade_diagnostico,"{""categoria"": ""entidade_diagnostico"", ""codigo_cid"": ""I490""}"
Diagnóstico CID-10 código I495: Síndrome do nó sinusal.,entidade_diagnostico,"{""categoria"": ""entidade_diagnostico"", ""codigo_cid"": ""I495""}"
Diagnóstico CID-10 código I498: Outras arritmias cardíacas especificadas.,entidade_diagnostico,"{""categoria"": ""entidade_diagnostico"", ""codigo_cid"": ""I498""}"
Diagnóstico CID-10 código I499: Arritmia cardíaca não especificada.,entidade_diagnostico,"{""categoria"": ""entidade_diagnostico"", ""codigo_cid"": ""I499""}"
Diagnóstico CID-10 código I500: Insuficiência cardíaca congestiva.,entidade_diagnostico,"{""categoria"": ""entidade_diagnostico"", ""codigo_cid"": ""I500""}"
Diagnóstico CID-10 código I501: Insuficiência ventricular esquerda.,entidade_diagnostico,"{""categoria"": ""entidade_diagnostico"", ""codigo_cid"": ""I501""}"
Diagnóstico CID-10 código I509: Insuficiência cardíaca não especificada.,entidade_diagnostico,"{""categoria"": ""entidade_diagnostico"", ""codigo_cid"": ""I509""}"
Diagnóstico CID-10 código I516: Doença cardiovascular não especificada.,entidade_diagnostico,"{""categoria"": ""entidade_diagnostico"", ""codigo_cid"": ""I516""}"
Diagnóstico CID-10 código I517: Cardiomegalia.,entidade_diagnostico,"{""categoria"": ""entidade_diagnostico"", ""codigo_cid"": ""I517""}"
Diagnóstico CID-10 código I600: Hemorragia subaracnóide proveniente do sifão e da bifurcação da carótida.,entidade_diagnostico,"{""categoria"": ""entidade_diagnostico"", ""codigo_cid"": ""I600""}"
Diagnóstico CID-10 código I602: Hemorragia subaracnóide proveniente da artéria comunicante anterior.,entidade_diagnostico,"{""categoria"": ""entidade_diagnostico"", ""codigo_cid"": ""I602""}"
Diagnóstico CID-10 código I606: Hemorragia subaracnóide proveniente de outras artérias intracranianas.,entidade_diagnostico,"{""categoria"": ""entidade_diagnostico"", ""codigo_cid"": ""I606""}"
Diagnóstico CID-10 código I607: Hemorragia subaracnóide proveniente de artéria intracraniana não especificada.,entidade_diagnostico,"{""categoria"": ""entidade_diagnostico"", ""codigo_cid"": ""I607""}"
Diagnóstico CID-10 código I608: Outras hemorragias subaracnóides.,entidade_diagnostico,"{""categoria"": ""entidade_diagnostico"", ""codigo_cid"": ""I608""}"
Diagnóstico CID-10 código I609: Hemorragia subaracnóide não especificada.,entidade_diagnostico,"{""categoria"": ""entidade_diagnostico"", ""codigo_cid"": ""I609""}"
Diagnóstico CID-10 código I610: Hemorragia intracerebral hemisférica subcortical.,entidade_diagnostico,"{""categoria"": ""entidade_diagnostico"", ""codigo_cid"": ""I610""}"
Diagnóstico CID-10 código I611: Hemorragia intracerebral hemisférica cortical.,entidade_diagnostico,"{""categoria"": ""entidade_diagnostico"", ""codigo_cid"": ""I611""}"
Diagnóstico CID-10 código I615: Hemorragia intracerebral intraventricular.,entidade_diagnostico,"{""categoria"": ""entidade_diagnostico"", ""codigo_cid"": ""I615""}"
Diagnóstico CID-10 código I618: Outras hemorragias intracerebrais.,entidade_diagnostico,"{""categoria"": ""entidade_diagnostico"", ""codigo_cid"": ""I618""}"
Diagnóstico CID-10 código I619: Hemorragia intracerebral não especificada.,entidade_diagnostico,"{""categoria"": ""entidade_diagnostico"", ""codigo_cid"": ""I619""}"
Diagnóstico CID-10 código I620: Hemorragia subdural (aguda) (não-traumática).,entidade_diagnostico,"{""categoria"": ""entidade_diagnostico"", ""codigo_cid"": ""I620""}"
Diagnóstico CID-10 código I629: Hemorragia intracraniana (não-traumática) não especificada.,entidade_diagnostico,"{""categoria"": ""entidade_diagnostico"", ""codigo_cid"": ""I629""}"
Diagnóstico CID-10 código I630: Infarto cerebral devido a trombose de artérias pré-cerebrais.,entidade_diagnostico,"{""categoria"": ""entidade_diagnostico"", ""codigo_cid"": ""I630""}"
Diagnóstico CID-10 código I632: Infarto cerebral devido a oclusão ou estenose não especificadas de artérias pré-cerebrais.,entidade_diagnostico,"{""categoria"": ""entidade_diagnostico"", ""codigo_cid"": ""I632""}"
Diagnóstico CID-10 código I633: Infarto cerebral devido a trombose de artérias cerebrais.,entidade_diagnostico,"{""categoria"": ""entidade_diagnostico"", ""codigo_cid"": ""I633""}"
Diagnóstico CID-10 código I634: Infarto cerebral devido a embolia de artérias cerebrais.,entidade_diagnostico,"{""categoria"": ""entidade_diagnostico"", ""codigo_cid"": ""I634""}"
Diagnóstico CID-10 código I635: Infarto cerebral devido a oclusão ou estenose não especificadas de artérias cerebrais.,entidade_diagnostico,"{""categoria"": ""entidade_diagnostico"", ""codigo_cid"": ""I635""}"
Diagnóstico CID-10 código I638: Outros infartos cerebrais.,entidade_diagnostico,"{""categoria"": ""entidade_diagnostico"", ""codigo_cid"": ""I638""}"
Diagnóstico CID-10 código I639: Infarto cerebral não especificado.,entidade_diagnostico,"{""categoria"": ""entidade_diagnostico"", ""codigo_cid"": ""I639""}"
"Diagnóstico CID-10 código I64: Acidente vascular cerebral, não especificado como hemorrágico ou isquêmico.",entidade_diagnostico,"{""categoria"": ""entidade_diagnostico"", ""codigo_cid"": ""I64""}"
Diagnóstico CID-10 código I652: Oclusão e estenose da artéria carótida.,entidade_diagnostico,"{""categoria"": ""entidade_diagnostico"", ""codigo_cid"": ""I652""}"
Diagnóstico CID-10 código I671: Aneurisma cerebral não-roto.,entidade_diagnostico,"{""categoria"": ""entidade_diagnostico"", ""codigo_cid"": ""I671""}"
Diagnóstico CID-10 código I674: Encefalopatia hipertensiva.,entidade_diagnostico,"{""categoria"": ""entidade_diagnostico"", ""codigo_cid"": ""I674""}"
Diagnóstico CID-10 código I691: Seqüelas de hemorragia intracerebral.,entidade_diagnostico,"{""categoria"": ""entidade_diagnostico"", ""codigo_cid"": ""I691""}"
Diagnóstico CID-10 código I693: Seqüelas de infarto cerebral.,entidade_diagnostico,"{""categoria"": ""entidade_diagnostico"", ""codigo_cid"": ""I693""}"
Diagnóstico CID-10 código I694: Seqüelas de acidente vascular cerebral não especificado como hemorrágico ou isquêmico.,entidade_diagnostico,"{""categoria"": ""entidade_diagnostico"", ""codigo_cid"": ""I694""}"
Diagnóstico CID-10 código I701: Aterosclerose da artéria renal.,entidade_diagnostico,"{""categoria"": ""entidade_diagnostico"", ""codigo_cid"": ""I701""}"
Diagnóstico CID-10 código I702: Aterosclerose das artérias das extremidades.,entidade_diagnostico,"{""categoria"": ""entidade_diagnostico"", ""codigo_cid"": ""I702""}"
Diagnóstico CID-10 código I708: Aterosclerose de outras artérias.,entidade_diagnostico,"{""categoria"": ""entidade_diagnostico"", ""codigo_cid"": ""I708""}"
Diagnóstico CID-10 código I709: Aterosclerose generalizada e a não especificada.,entidade_diagnostico,"{""categoria"": ""entidade_diagnostico"", ""codigo_cid"": ""I709""}"
Diagnóstico CID-10 código I710: Aneurisma dissecante da aorta [qualquer porção].,entidade_diagnostico,"{""categoria"": ""entidade_diagnostico"", ""codigo_cid"": ""I710""}"
"Diagnóstico CID-10 código I712: Aneurisma da aorta torácica, sem menção de ruptura.",entidade_diagnostico,"{""categoria"": ""entidade_diagnostico"", ""codigo_cid"": ""I712""}"
"Diagnóstico CID-10 código I713: Aneurisma da aorta abdominal, roto.",entidade_diagnostico,"{""categoria"": ""entidade_diagnostico"", ""codigo_cid"": ""I713""}"
"Diagnóstico CID-10 código I714: Aneurisma da aorta abdominal, sem menção de ruptura.",entidade_diagnostico,"{""categoria"": ""entidade_diagnostico"", ""codigo_cid"": ""I714""}"
"Diagnóstico CID-10 código I716: Aneurisma da aorta toráco-abdominal, sem menção de ruptura.",entidade_diagnostico,"{""categoria"": ""entidade_diagnostico"", ""codigo_cid"": ""I716""}"
"Diagnóstico CID-10 código I719: Aneurisma aórtico de localização não especificada, sem menção de ruptura.",entidade_diagnostico,"{""categoria"": ""entidade_diagnostico"", ""codigo_cid"": ""I719""}"
Diagnóstico CID-10 código I723: Aneurisma de artéria ilíaca.,entidade_diagnostico,"{""categoria"": ""entidade_diagnostico"", ""codigo_cid"": ""I723""}"
Diagnóstico CID-10 código I730: Síndrome de Raynaud.,entidade_diagnostico,"{""categoria"": ""entidade_diagnostico"", ""codigo_cid"": ""I730""}"
Diagnóstico CID-10 código I738: Outras doenças vasculares periféricas especificadas.,entidade_diagnostico,"{""categoria"": ""entidade_diagnostico"", ""codigo_cid"": ""I738""}"
Diagnóstico CID-10 código I739: Doenças vasculares periféricas não especificada.,entidade_diagnostico,"{""categoria"": ""entidade_diagnostico"", ""codigo_cid"": ""I739""}"
Diagnóstico CID-10 código I742: Embolia e trombose de artérias dos membros superiores.,entidade_diagnostico,"{""categoria"": ""entidade_diagnostico"", ""codigo_cid"": ""I742""}"
Diagnóstico CID-10 código I743: Embolia e trombose de artérias dos membros inferiores.,entidade_diagnostico,"{""categoria"": ""entidade_diagnostico"", ""codigo_cid"": ""I743""}"
Diagnóstico CID-10 código I744: Embolia e trombose de artérias dos membros não especificadas.,entidade_diagnostico,"{""categoria"": ""entidade_diagnostico"", ""codigo_cid"": ""I744""}"
Diagnóstico CID-10 código I745: Embolia e trombose da artéria ilíaca.,entidade_diagnostico,"{""categoria"": ""entidade_diagnostico"", ""codigo_cid"": ""I745""}"
Diagnóstico CID-10 código I749: Embolia e trombose de artéria não especificada.,entidade_diagnostico,"{""categoria"": ""entidade_diagnostico"", ""codigo_cid"": ""I749""}"
Diagnóstico CID-10 código I770: Fístula arteriovenosa adquirida.,entidade_diagnostico,"{""categoria"": ""entidade_diagnostico"", ""codigo_cid"": ""I770""}"
Diagnóstico CID-10 código I771: Estenose de artéria.,entidade_diagnostico,"{""categoria"": ""entidade_diagnostico"", ""codigo_cid"": ""I771""}"
Diagnóstico CID-10 código I792: Angiopatia periférica em doenças classificadas em outra parte.,entidade_diagnostico,"{""categoria"": ""entidade_diagnostico"", ""codigo_cid"": ""I792""}"
Diagnóstico CID-10 código I800: Flebite e tromboflebite dos vasos superficiais dos membros inferiores.,entidade_diagnostico,"{""categoria"": ""entidade_diagnostico"", ""codigo_cid"": ""I800""}"
Diagnóstico CID-10 código I801: Flebite e tromboflebite da veia femural.,entidade_diagnostico,"{""categoria"": ""entidade_diagnostico"", ""codigo_cid"": ""I801""}"
Diagnóstico CID-10 código I802: Flebite e tromboflebite de outros vasos profundos dos membros inferiores.,entidade_diagnostico,"{""categoria"": ""entidade_diagnostico"", ""codigo_cid"": ""I802""}"
"Diagnóstico CID-10 código I803: Flebite e tromboflebite dos membros inferiores, não especificada.",entidade_diagnostico,"{""categoria"": ""entidade_diagnostico"", ""codigo_cid"": ""I803""}"
Diagnóstico CID-10 código I808: Flebite e tromboflebite de outras localizações.,entidade_diagnostico,"{""categoria"": ""entidade_diagnostico"", ""codigo_cid"": ""I808""}"
Diagnóstico CID-10 código I809: Flebite e tromboflebite de localização não especificada.,entidade_diagnostico,"{""categoria"": ""entidade_diagnostico"", ""codigo_cid"": ""I809""}"
Diagnóstico CID-10 código I828: Embolia e trombose de outras veias especificadas.,entidade_diagnostico,"{""categoria"": ""entidade_diagnostico"", ""codigo_cid"": ""I828""}"
Diagnóstico CID-10 código I829: Embolia e trombose venosas de veia não especificada.,entidade_diagnostico,"{""categoria"": ""entidade_diagnostico"", ""codigo_cid"": ""I829""}"
Diagnóstico CID-10 código I830: Varizes dos membros inferiores com úlcera.,entidade_diagnostico,"{""categoria"": ""entidade_diagnostico"", ""codigo_cid"": ""I830""}"
Diagnóstico CID-10 código I831: Varizes dos membros inferiores com inflamação.,entidade_diagnostico,"{""categoria"": ""entidade_diagnostico"", ""codigo_cid"": ""I831""}"
Diagnóstico CID-10 código I832: Varizes dos membros inferiores com úlcera e inflamação.,entidade_diagnostico,"{""categoria"": ""entidade_diagnostico"", ""codigo_cid"": ""I832""}"
Diagnóstico CID-10 código I839: Varizes dos membros inferiores sem úlcera ou inflamação.,entidade_diagnostico,"{""categoria"": ""entidade_diagnostico"", ""codigo_cid"": ""I839""}"
Diagnóstico CID-10 código I840: Hemorróidas internas trombosadas.,entidade_diagnostico,"{""categoria"": ""entidade_diagnostico"", ""codigo_cid"": ""I840""}"
Diagnóstico CID-10 código I841: Hemorróidas internas com outras complicações.,entidade_diagnostico,"{""categoria"": ""entidade_diagnostico"", ""codigo_cid"": ""I841""}"
Diagnóstico CID-10 código I842: Hemorróidas internas sem complicações.,entidade_diagnostico,"{""categoria"": ""entidade_diagnostico"", ""codigo_cid"": ""I842""}"
Diagnóstico CID-10 código I844: Hemorróidas externas com outras complicações.,entidade_diagnostico,"{""categoria"": ""entidade_diagnostico"", ""codigo_cid"": ""I844""}"
Diagnóstico CID-10 código I845: Hemorróidas externas sem complicação.,entidade_diagnostico,"{""categoria"": ""entidade_diagnostico"", ""codigo_cid"": ""I845""}"
Diagnóstico CID-10 código I846: Plicomas hemorroidários residuais.,entidade_diagnostico,"{""categoria"": ""entidade_diagnostico"", ""codigo_cid"": ""I846""}"
"Diagnóstico CID-10 código I847: Hemorróidas trombosadas, não especificadas.",entidade_diagnostico,"{""categoria"": ""entidade_diagnostico"", ""codigo_cid"": ""I847""}"
Diagnóstico CID-10 código I848: Hemorróidas não especificadas com outras complicações.,entidade_diagnostico,"{""categoria"": ""entidade_diagnostico"", ""codigo_cid"": ""I848""}"
"Diagnóstico CID-10 código I849: Hemorróidas sem complicações, não especificadas.",entidade_diagnostico,"{""categoria"": ""entidade_diagnostico"", ""codigo_cid"": ""I849""}"
Diagnóstico CID-10 código I861: Varizes escrotais.,entidade_diagnostico,"{""categoria"": ""entidade_diagnostico"", ""codigo_cid"": ""I861""}"
Diagnóstico CID-10 código I862: Varizes pélvicas.,entidade_diagnostico,"{""categoria"": ""entidade_diagnostico"", ""codigo_cid"": ""I862""}"
Diagnóstico CID-10 código I871: Compressão venosa.,entidade_diagnostico,"{""categoria"": ""entidade_diagnostico"", ""codigo_cid"": ""I871""}"
Diagnóstico CID-10 código I872: Insuficiência venosa (crônica) (periférica).,entidade_diagnostico,"{""categoria"": ""entidade_diagnostico"", ""codigo_cid"": ""I872""}"
Diagnóstico CID-10 código I878: Outros transtornos venosos especificados.,entidade_diagnostico,"{""categoria"": ""entidade_diagnostico"", ""codigo_cid"": ""I878""}"
Diagnóstico CID-10 código I880: Linfadenite mesentérica não específica.,entidade_diagnostico,"{""categoria"": ""entidade_diagnostico"", ""codigo_cid"": ""I880""}"
Diagnóstico CID-10 código I889: Linfadenite não especificada.,entidade_diagnostico,"{""categoria"": ""entidade_diagnostico"", ""codigo_cid"": ""I889""}"
"Diagnóstico CID-10 código I899: Transtornos não-infecciosos dos vasos linfáticos e dos gânglios linfáticos, não especificados.",entidade_diagnostico,"{""categoria"": ""entidade_diagnostico"", ""codigo_cid"": ""I899""}"
Diagnóstico CID-10 código J039: Amigdalite aguda não especificada.,entidade_diagnostico,"{""categoria"": ""entidade_diagnostico"", ""codigo_cid"": ""J039""}"
Diagnóstico CID-10 código J040: Laringite aguda.,entidade_diagnostico,"{""categoria"": ""entidade_diagnostico"", ""codigo_cid"": ""J040""}"
Diagnóstico CID-10 código J042: Laringotraqueíte aguda.,entidade_diagnostico,"{""categoria"": ""entidade_diagnostico"", ""codigo_cid"": ""J042""}"
Diagnóstico CID-10 código J068: Outras infecções agudas das vias aéreas superiores de localizações múltiplas.,entidade_diagnostico,"{""categoria"": ""entidade_diagnostico"", ""codigo_cid"": ""J068""}"
Diagnóstico CID-10 código J069: Infecção aguda das vias aéreas superiores não especificada.,entidade_diagnostico,"{""categoria"": ""entidade_diagnostico"", ""codigo_cid"": ""J069""}"
Diagnóstico CID-10 código J100: Influenza com pneumonia devida a outro vírus da influenza [gripe] identificado.,entidade_diagnostico,"{""categoria"": ""entidade_diagnostico"", ""codigo_cid"": ""J100""}"
"Diagnóstico CID-10 código J110: Influenza [gripe] com pneumonia, devida a vírus não identificado.",entidade_diagnostico,"{""categoria"": ""entidade_diagnostico"", ""codigo_cid"": ""J110""}"
Diagnóstico CID-10 código J121: Pneumonia devida a vírus respiratório sincicial.,entidade_diagnostico,"{""categoria"": ""entidade_diagnostico"", ""codigo_cid"": ""J121""}"
Diagnóstico CID-10 código J128: Outras pneumonias virais.,entidade_diagnostico,"{""categoria"": ""entidade_diagnostico"", ""codigo_cid"": ""J128""}"
Diagnóstico CID-10 código J129: Pneumonia viral não especificada.,entidade_diagnostico,"{""categoria"": ""entidade_diagnostico"", ""codigo_cid"": ""J129""}"
Diagnóstico CID-10 código J150: Pneumonia devida à Klebsiella pneumoniae.,entidade_diagnostico,"{""categoria"": ""entidade_diagnostico"", ""codigo_cid"": ""J150""}"
Diagnóstico CID-10 código J152: Pneumonia devida a Staphylococcus.,entidade_diagnostico,"{""categoria"": ""entidade_diagnostico"", ""codigo_cid"": ""J152""}"
Diagnóstico CID-10 código J154: Pneumonia devida a outros estreptococos.,entidade_diagnostico,"{""categoria"": ""entidade_diagnostico"", ""codigo_cid"": ""J154""}"
Diagnóstico CID-10 código J158: Outras pneumonias bacterianas.,entidade_diagnostico,"{""categoria"": ""entidade_diagnostico"", ""codigo_cid"": ""J158""}"
Diagnóstico CID-10 código J159: Pneumonia bacteriana não especificada.,entidade_diagnostico,"{""categoria"": ""entidade_diagnostico"", ""codigo_cid"": ""J159""}"
Diagnóstico CID-10 código J168: Pneumonia devida a outros microorganismos infecciosos especificados.,entidade_diagnostico,"{""categoria"": ""entidade_diagnostico"", ""codigo_cid"": ""J168""}"
Diagnóstico CID-10 código J170: Pneumonia em doenças bacterianas classificadas em outra parte.,entidade_diagnostico,"{""categoria"": ""entidade_diagnostico"", ""codigo_cid"": ""J170""}"
Diagnóstico CID-10 código J178: Pneumonia em outras doenças classificadas em outra parte.,entidade_diagnostico,"{""categoria"": ""entidade_diagnostico"", ""codigo_cid"": ""J178""}"
Diagnóstico CID-10 código J180: Broncopneumonia não especificada.,entidade_diagnostico,"{""categoria"": ""entidade_diagnostico"", ""codigo_cid"": ""J180""}"
Diagnóstico CID-10 código J181: Pneumonia lobar não especificada.,entidade_diagnostico,"{""categoria"": ""entidade_diagnostico"", ""codigo_cid"": ""J181""}"
Diagnóstico CID-10 código J188: Outras pneumonias devidas a microorganismos não especificados.,entidade_diagnostico,"{""categoria"": ""entidade_diagnostico"", ""codigo_cid"": ""J188""}"
Diagnóstico CID-10 código J189: Pneumonia não especificada.,entidade_diagnostico,"{""categoria"": ""entidade_diagnostico"", ""codigo_cid"": ""J189""}"
Diagnóstico CID-10 código J208: Bronquite aguda devida a outros microorganismos especificados.,entidade_diagnostico,"{""categoria"": ""entidade_diagnostico"", ""codigo_cid"": ""J208""}"
Diagnóstico CID-10 código J209: Bronquite aguda não especificada.,entidade_diagnostico,"{""categoria"": ""entidade_diagnostico"", ""codigo_cid"": ""J209""}"
Diagnóstico CID-10 código J210: Bronquiolite aguda devida a vírus sincicial respiratório.,entidade_diagnostico,"{""categoria"": ""entidade_diagnostico"", ""codigo_cid"": ""J210""}"
Diagnóstico CID-10 código J218: Bronquiolite aguda devida a outros microorganismos especificados.,entidade_diagnostico,"{""categoria"": ""entidade_diagnostico"", ""codigo_cid"": ""J218""}"
Diagnóstico CID-10 código J219: Bronquite aguda não especificada.,entidade_diagnostico,"{""categoria"": ""entidade_diagnostico"", ""codigo_cid"": ""J219""}"
Diagnóstico CID-10 código J320: Sinusite maxilar crônica.,entidade_diagnostico,"{""categoria"": ""entidade_diagnostico"", ""codigo_cid"": ""J320""}"
Diagnóstico CID-10 código J323: Sinusite esfenoidal crônica.,entidade_diagnostico,"{""categoria"": ""entidade_diagnostico"", ""codigo_cid"": ""J323""}"
Diagnóstico CID-10 código J324: Pansinusite crônica.,entidade_diagnostico,"{""categoria"": ""entidade_diagnostico"", ""codigo_cid"": ""J324""}"
Diagnóstico CID-10 código J328: Outras sinusites crônicas.,entidade_diagnostico,"{""categoria"": ""entidade_diagnostico"", ""codigo_cid"": ""J328""}"
Diagnóstico CID-10 código J329: Sinusite crônica não especificada.,entidade_diagnostico,"{""categoria"": ""entidade_diagnostico"", ""codigo_cid"": ""J329""}"
Diagnóstico CID-10 código J330: Pólipo da cavidade nasal.,entidade_diagnostico,"{""categoria"": ""entidade_diagnostico"", ""codigo_cid"": ""J330""}"
"Diagnóstico CID-10 código J340: Abscesso, furúnculo e antraz do nariz.",entidade_diagnostico,"{""categoria"": ""entidade_diagnostico"", ""codigo_cid"": ""J340""}"
Diagnóstico CID-10 código J342: Desvio do septo nasal.,entidade_diagnostico,"{""categoria"": ""entidade_diagnostico"", ""codigo_cid"": ""J342""}"
Diagnóstico CID-10 código J343: Hipertrofia dos cornetos nasais.,entidade_diagnostico,"{""categoria"": ""entidade_diagnostico"", ""codigo_cid"": ""J343""}"
Diagnóstico CID-10 código J348: Outros transtornos especificados do nariz e dos seios paranasais.,entidade_diagnostico,"{""categoria"": ""entidade_diagnostico"", ""codigo_cid"": ""J348""}"
Diagnóstico CID-10 código J350: Amigdalite crônica.,entidade_diagnostico,"{""categoria"": ""entidade_diagnostico"", ""codigo_cid"": ""J350""}"
Diagnóstico CID-10 código J351: Hipertrofia das amígdalas.,entidade_diagnostico,"{""categoria"": ""entidade_diagnostico"", ""codigo_cid"": ""J351""}"
Diagnóstico CID-10 código J352: Hipertrofia das adenóides.,entidade_diagnostico,"{""categoria"": ""entidade_diagnostico"", ""codigo_cid"": ""J352""}"
Diagnóstico CID-10 código J353: Hipertrofia das amígdalas com hipertrofia das adenóides.,entidade_diagnostico,"{""categoria"": ""entidade_diagnostico"", ""codigo_cid"": ""J353""}"
Diagnóstico CID-10 código J358: Outras doenças crônicas das amígdalas e das adenóides.,entidade_diagnostico,"{""categoria"": ""entidade_diagnostico"", ""codigo_cid"": ""J358""}"
Diagnóstico CID-10 código J359: Doenças das amígdalas e das adenóides não especificadas.,entidade_diagnostico,"{""categoria"": ""entidade_diagnostico"", ""codigo_cid"": ""J359""}"
Diagnóstico CID-10 código J36: Abscesso periamigdaliano.,entidade_diagnostico,"{""categoria"": ""entidade_diagnostico"", ""codigo_cid"": ""J36""}"
Diagnóstico CID-10 código J380: Paralisia das cordas vocais e da laringe.,entidade_diagnostico,"{""categoria"": ""entidade_diagnostico"", ""codigo_cid"": ""J380""}"
Diagnóstico CID-10 código J381: Pólipo das cordas vocais e da laringe.,entidade_diagnostico,"{""categoria"": ""entidade_diagnostico"", ""codigo_cid"": ""J381""}"
Diagnóstico CID-10 código J390: Abscesso retrofaríngeo e parafaríngeo.,entidade_diagnostico,"{""categoria"": ""entidade_diagnostico"", ""codigo_cid"": ""J390""}"
Diagnóstico CID-10 código J391: Outros abscessos da faringe.,entidade_diagnostico,"{""categoria"": ""entidade_diagnostico"", ""codigo_cid"": ""J391""}"
Diagnóstico CID-10 código J40: Bronquite não especificada como aguda ou crônica.,entidade_diagnostico,"{""categoria"": ""entidade_diagnostico"", ""codigo_cid"": ""J40""}"
Diagnóstico CID-10 código J410: Bronquite crônica simples.,entidade_diagnostico,"{""categoria"": ""entidade_diagnostico"", ""codigo_cid"": ""J410""}"
Diagnóstico CID-10 código J42: Bronquite crônica não especificada.,entidade_diagnostico,"{""categoria"": ""entidade_diagnostico"", ""codigo_cid"": ""J42""}"
Diagnóstico CID-10 código J430: Síndrome de MacLeod.,entidade_diagnostico,"{""categoria"": ""entidade_diagnostico"", ""codigo_cid"": ""J430""}"
Diagnóstico CID-10 código J431: Enfisema panlobular.,entidade_diagnostico,"{""categoria"": ""entidade_diagnostico"", ""codigo_cid"": ""J431""}"
Diagnóstico CID-10 código J440: Doença pulmonar obstrutiva crônica com infecção respiratória aguda do trato respiratório inferior.,entidade_diagnostico,"{""categoria"": ""entidade_diagnostico"", ""codigo_cid"": ""J440""}"
Diagnóstico CID-10 código J441: Doença pulmonar obstrutiva crônica com exacerbação aguda não especificada.,entidade_diagnostico,"{""categoria"": ""entidade_diagnostico"", ""codigo_cid"": ""J441""}"
Diagnóstico CID-10 código J448: Outras formas especificadas de doença pulmonar obstrutiva crônica.,entidade_diagnostico,"{""categoria"": ""entidade_diagnostico"", ""codigo_cid"": ""J448""}"
Diagnóstico CID-10 código J449: Doença pulmonar obstrutiva crônica não especificada.,entidade_diagnostico,"{""categoria"": ""entidade_diagnostico"", ""codigo_cid"": ""J449""}"
Diagnóstico CID-10 código J450: Asma predominantemente alérgica.,entidade_diagnostico,"{""categoria"": ""entidade_diagnostico"", ""codigo_cid"": ""J450""}"
Diagnóstico CID-10 código J458: Asma mista.,entidade_diagnostico,"{""categoria"": ""entidade_diagnostico"", ""codigo_cid"": ""J458""}"
Diagnóstico CID-10 código J459: Asma não especificada.,entidade_diagnostico,"{""categoria"": ""entidade_diagnostico"", ""codigo_cid"": ""J459""}"
Diagnóstico CID-10 código J46: Estado de mal asmático.,entidade_diagnostico,"{""categoria"": ""entidade_diagnostico"", ""codigo_cid"": ""J46""}"
Diagnóstico CID-10 código J47: Bronquectasia.,entidade_diagnostico,"{""categoria"": ""entidade_diagnostico"", ""codigo_cid"": ""J47""}"
Diagnóstico CID-10 código J690: Pneumonite devida a alimento ou vômito.,entidade_diagnostico,"{""categoria"": ""entidade_diagnostico"", ""codigo_cid"": ""J690""}"
Diagnóstico CID-10 código J80: Síndrome do desconforto respiratório do adulto.,entidade_diagnostico,"{""categoria"": ""entidade_diagnostico"", ""codigo_cid"": ""J80""}"
"Diagnóstico CID-10 código J81: Edema pulmonar, não especificado de outra forma.",entidade_diagnostico,"{""categoria"": ""entidade_diagnostico"", ""codigo_cid"": ""J81""}"
Diagnóstico CID-10 código J841: Outras doenças pulmonares intersticiais com fibrose.,entidade_diagnostico,"{""categoria"": ""entidade_diagnostico"", ""codigo_cid"": ""J841""}"
Diagnóstico CID-10 código J849: Doença pulmonar intersticial não especificadas.,entidade_diagnostico,"{""categoria"": ""entidade_diagnostico"", ""codigo_cid"": ""J849""}"
Diagnóstico CID-10 código J869: Piotórax sem fístula.,entidade_diagnostico,"{""categoria"": ""entidade_diagnostico"", ""codigo_cid"": ""J869""}"
Diagnóstico CID-10 código J90: Derrame pleural não classificado em outra parte.,entidade_diagnostico,"{""categoria"": ""entidade_diagnostico"", ""codigo_cid"": ""J90""}"
Diagnóstico CID-10 código J91: Derrame pleural em afecções classificadas em outra parte.,entidade_diagnostico,"{""categoria"": ""entidade_diagnostico"", ""codigo_cid"": ""J91""}"
"Diagnóstico CID-10 código J930: Pneumotórax de tensão, espontâneo.",entidade_diagnostico,"{""categoria"": ""entidade_diagnostico"", ""codigo_cid"": ""J930""}"
Diagnóstico CID-10 código J931: Outras formas de pneumotórax espontâneo.,entidade_diagnostico,"{""categoria"": ""entidade_diagnostico"", ""codigo_cid"": ""J931""}"
"Diagnóstico CID-10 código J938: Outros tipos de pneumotórax, especificados.",entidade_diagnostico,"{""categoria"": ""entidade_diagnostico"", ""codigo_cid"": ""J938""}"
Diagnóstico CID-10 código J939: Pneumotórax não especificado.,entidade_diagnostico,"{""categoria"": ""entidade_diagnostico"", ""codigo_cid"": ""J939""}"
Diagnóstico CID-10 código J942: Hemotórax.,entidade_diagnostico,"{""categoria"": ""entidade_diagnostico"", ""codigo_cid"": ""J942""}"
Diagnóstico CID-10 código J950: Mau funcionamento de traqueostomia.,entidade_diagnostico,"{""categoria"": ""entidade_diagnostico"", ""codigo_cid"": ""J950""}"
Diagnóstico CID-10 código J955: Estenose subglótica pós-procedimento.,entidade_diagnostico,"{""categoria"": ""entidade_diagnostico"", ""codigo_cid"": ""J955""}"
Diagnóstico CID-10 código J958: Outros transtornos respiratórios pós-procedimentos.,entidade_diagnostico,"{""categoria"": ""entidade_diagnostico"", ""codigo_cid"": ""J958""}"
Diagnóstico CID-10 código J960: Insuficiência respiratória aguda.,entidade_diagnostico,"{""categoria"": ""entidade_diagnostico"", ""codigo_cid"": ""J960""}"
Diagnóstico CID-10 código J961: Insuficiência respiratória crônica.,entidade_diagnostico,"{""categoria"": ""entidade_diagnostico"", ""codigo_cid"": ""J961""}"
Diagnóstico CID-10 código J969: Insuficiência respiratória não especificada.,entidade_diagnostico,"{""categoria"": ""entidade_diagnostico"", ""codigo_cid"": ""J969""}"
Diagnóstico CID-10 código J980: Outras doenças dos brônquios não classificadas em outra parte.,entidade_diagnostico,"{""categoria"": ""entidade_diagnostico"", ""codigo_cid"": ""J980""}"
Diagnóstico CID-10 código J984: Outros transtornos pulmonares.,entidade_diagnostico,"{""categoria"": ""entidade_diagnostico"", ""codigo_cid"": ""J984""}"
Diagnóstico CID-10 código J988: Outros transtornos respiratórios especificados.,entidade_diagnostico,"{""categoria"": ""entidade_diagnostico"", ""codigo_cid"": ""J988""}"
Diagnóstico CID-10 código J989: Transtorno respiratório não especificados.,entidade_diagnostico,"{""categoria"": ""entidade_diagnostico"", ""codigo_cid"": ""J989""}"
Diagnóstico CID-10 código J998: Transtornos respiratórios em outras doenças classificadas em outra parte.,entidade_diagnostico,"{""categoria"": ""entidade_diagnostico"", ""codigo_cid"": ""J998""}"
Diagnóstico CID-10 código K010: Dentes inclusos.,entidade_diagnostico,"{""categoria"": ""entidade_diagnostico"", ""codigo_cid"": ""K010""}"
Diagnóstico CID-10 código K020: Cáries limitadas ao esmalte.,entidade_diagnostico,"{""categoria"": ""entidade_diagnostico"", ""codigo_cid"": ""K020""}"
Diagnóstico CID-10 código K021: Cáries da dentina.,entidade_diagnostico,"{""categoria"": ""entidade_diagnostico"", ""codigo_cid"": ""K021""}"
Diagnóstico CID-10 código K028: Outras cáries dentárias.,entidade_diagnostico,"{""categoria"": ""entidade_diagnostico"", ""codigo_cid"": ""K028""}"
Diagnóstico CID-10 código K047: Abscesso periapical sem fístula.,entidade_diagnostico,"{""categoria"": ""entidade_diagnostico"", ""codigo_cid"": ""K047""}"
Diagnóstico CID-10 código K048: Cisto radicular.,entidade_diagnostico,"{""categoria"": ""entidade_diagnostico"", ""codigo_cid"": ""K048""}"
"Diagnóstico CID-10 código K056: Doença periodontal, sem outra especificação.",entidade_diagnostico,"{""categoria"": ""entidade_diagnostico"", ""codigo_cid"": ""K056""}"
Diagnóstico CID-10 código K069: Transtorno da gengiva e do rebordo alveolar sem dentes sem outra especificação.,entidade_diagnostico,"{""categoria"": ""entidade_diagnostico"", ""codigo_cid"": ""K069""}"
Diagnóstico CID-10 código K071: Anomalias da relação entre a mandíbula com a base do crânio.,entidade_diagnostico,"{""categoria"": ""entidade_diagnostico"", ""codigo_cid"": ""K071""}"
Diagnóstico CID-10 código K072: Anomalias da relação entre as arcadas dentárias.,entidade_diagnostico,"{""categoria"": ""entidade_diagnostico"", ""codigo_cid"": ""K072""}"
Diagnóstico CID-10 código K090: Cistos odontogênicos de desenvolvimento.,entidade_diagnostico,"{""categoria"": ""entidade_diagnostico"", ""codigo_cid"": ""K090""}"
Diagnóstico CID-10 código K102: Afecções inflamatórias dos maxilares.,entidade_diagnostico,"{""categoria"": ""entidade_diagnostico"", ""codigo_cid"": ""K102""}"
Diagnóstico CID-10 código K108: Outras doenças especificadas dos maxilares.,entidade_diagnostico,"{""categoria"": ""entidade_diagnostico"", ""codigo_cid"": ""K108""}"
Diagnóstico CID-10 código K118: Outras doenças das glândulas salivares.,entidade_diagnostico,"{""categoria"": ""entidade_diagnostico"", ""codigo_cid"": ""K118""}"
Diagnóstico CID-10 código K122: Celulite e abscesso da boca.,entidade_diagnostico,"{""categoria"": ""entidade_diagnostico"", ""codigo_cid"": ""K122""}"
Diagnóstico CID-10 código K137: Outras lesões e as não especificadas da mucosa oral.,entidade_diagnostico,"{""categoria"": ""entidade_diagnostico"", ""codigo_cid"": ""K137""}"
Diagnóstico CID-10 código K20: Esofagite.,entidade_diagnostico,"{""categoria"": ""entidade_diagnostico"", ""codigo_cid"": ""K20""}"
Diagnóstico CID-10 código K210: Doença de refluxo gastroesofágico com esofagite.,entidade_diagnostico,"{""categoria"": ""entidade_diagnostico"", ""codigo_cid"": ""K210""}"
Diagnóstico CID-10 código K219: Doença de refluxo gastroesofágico sem esofagite.,entidade_diagnostico,"{""categoria"": ""entidade_diagnostico"", ""codigo_cid"": ""K219""}"
Diagnóstico CID-10 código K220: Acalásia do cárdia.,entidade_diagnostico,"{""categoria"": ""entidade_diagnostico"", ""codigo_cid"": ""K220""}"
Diagnóstico CID-10 código K222: Obstrução do esôfago.,entidade_diagnostico,"{""categoria"": ""entidade_diagnostico"", ""codigo_cid"": ""K222""}"
Diagnóstico CID-10 código K224: Discinesia do esôfago.,entidade_diagnostico,"{""categoria"": ""entidade_diagnostico"", ""codigo_cid"": ""K224""}"
"Diagnóstico CID-10 código K229: Doença do esôfago, sem outra especificação.",entidade_diagnostico,"{""categoria"": ""entidade_diagnostico"", ""codigo_cid"": ""K229""}"
Diagnóstico CID-10 código K231: Megaesôfago na doença de Chagas.,entidade_diagnostico,"{""categoria"": ""entidade_diagnostico"", ""codigo_cid"": ""K231""}"
Diagnóstico CID-10 código K250: Úlcera gástrica - aguda com hemorragia.,entidade_diagnostico,"{""categoria"": ""entidade_diagnostico"", ""codigo_cid"": ""K250""}"
Diagnóstico CID-10 código K251: Úlcera gástrica - aguda com perfuração.,entidade_diagnostico,"{""categoria"": ""entidade_diagnostico"", ""codigo_cid"": ""K251""}"
"Diagnóstico CID-10 código K259: Úlcera gástrica - não especificada como aguda ou crônica, sem hemorragia ou perfuração.",entidade_diagnostico,"{""categoria"": ""entidade_diagnostico"", ""codigo_cid"": ""K259""}"
Diagnóstico CID-10 código K291: Outras gastrites agudas.,entidade_diagnostico,"{""categoria"": ""entidade_diagnostico"", ""codigo_cid"": ""K291""}"
Diagnóstico CID-10 código K293: Gastrite superficial crônica.,entidade_diagnostico,"{""categoria"": ""entidade_diagnostico"", ""codigo_cid"": ""K293""}"
Diagnóstico CID-10 código K296: Outras gastrites.,entidade_diagnostico,"{""categoria"": ""entidade_diagnostico"", ""codigo_cid"": ""K296""}"
Diagnóstico CID-10 código K297: Gastrite não especificada.,entidade_diagnostico,"{""categoria"": ""entidade_diagnostico"", ""codigo_cid"": ""K297""}"
"Diagnóstico CID-10 código K299: Gastroduodenite, sem outra especificação.",entidade_diagnostico,"{""categoria"": ""entidade_diagnostico"", ""codigo_cid"": ""K299""}"
Diagnóstico CID-10 código K30: Dispepsia.,entidade_diagnostico,"{""categoria"": ""entidade_diagnostico"", ""codigo_cid"": ""K30""}"
Diagnóstico CID-10 código K310: Dilatação aguda do estômago.,entidade_diagnostico,"{""categoria"": ""entidade_diagnostico"", ""codigo_cid"": ""K310""}"
Diagnóstico CID-10 código K318: Outras doenças especificadas do estômago e do duodeno.,entidade_diagnostico,"{""categoria"": ""entidade_diagnostico"", ""codigo_cid"": ""K318""}"
"Diagnóstico CID-10 código K319: Doenças do estômago e do duodeno, sem outra especificação.",entidade_diagnostico,"{""categoria"": ""entidade_diagnostico"", ""codigo_cid"": ""K319""}"
Diagnóstico CID-10 código K350: Apendicite aguda com peritonite generalizada.,entidade_diagnostico,"{""categoria"": ""entidade_diagnostico"", ""codigo_cid"": ""K350""}"
Diagnóstico CID-10 código K351: Apendicite aguda com abscesso peritonial.,entidade_diagnostico,"{""categoria"": ""entidade_diagnostico"", ""codigo_cid"": ""K351""}"
Diagnóstico CID-10 código K359: Apendicite aguda sem outra especificação.,entidade_diagnostico,"{""categoria"": ""entidade_diagnostico"", ""codigo_cid"": ""K359""}"
Diagnóstico CID-10 código K36: Outras formas de apendicite.,entidade_diagnostico,"{""categoria"": ""entidade_diagnostico"", ""codigo_cid"": ""K36""}"
"Diagnóstico CID-10 código K37: Apendicite, sem outras especificações.",entidade_diagnostico,"{""categoria"": ""entidade_diagnostico"", ""codigo_cid"": ""K37""}"
Diagnóstico CID-10 código K388: Outras doenças especificadas do apêndice.,entidade_diagnostico,"{""categoria"": ""entidade_diagnostico"", ""codigo_cid"": ""K388""}"
"Diagnóstico CID-10 código K389: Doença do apêndice, sem outra especificação.",entidade_diagnostico,"{""categoria"": ""entidade_diagnostico"", ""codigo_cid"": ""K389""}"
"Diagnóstico CID-10 código K400: Hérnia inguinal bilateral, com obstrução, sem gangrena.",entidade_diagnostico,"{""categoria"": ""entidade_diagnostico"", ""codigo_cid"": ""K400""}"
"Diagnóstico CID-10 código K401: Hérnia inguinal bilateral, com gangrena.",entidade_diagnostico,"{""categoria"": ""entidade_diagnostico"", ""codigo_cid"": ""K401""}"
"Diagnóstico CID-10 código K402: Hérnia inguinal bilateral, sem obstrução ou gangrena.",entidade_diagnostico,"{""categoria"": ""entidade_diagnostico"", ""codigo_cid"": ""K402""}"
"Diagnóstico CID-10 código K403: Hérnia inguinal unilateral ou não especificada, com obstrução sem gangrena.",entidade_diagnostico,"{""categoria"": ""entidade_diagnostico"", ""codigo_cid"": ""K403""}"
"Diagnóstico CID-10 código K404: Hérnia inguinal unilateral ou não especificada, com gangrena.",entidade_diagnostico,"{""categoria"": ""entidade_diagnostico"", ""codigo_cid"": ""K404""}"
"Diagnóstico CID-10 código K409: Hérnia inguinal unilateral ou não especificada, sem obstrução ou gangrena.",entidade_diagnostico,"{""categoria"": ""entidade_diagnostico"", ""codigo_cid"": ""K409""}"
"Diagnóstico CID-10 código K411: Hérnia femoral bilateral, com gangrena.",entidade_diagnostico,"{""categoria"": ""entidade_diagnostico"", ""codigo_cid"": ""K411""}"
"Diagnóstico CID-10 código K419: Hérnia femoral unilateral ou não especificada, sem obstrução ou gangrena.",entidade_diagnostico,"{""categoria"": ""entidade_diagnostico"", ""codigo_cid"": ""K419""}"
"Diagnóstico CID-10 código K420: Hérnia umbilical com obstrução, sem gangrena.",entidade_diagnostico,"{""categoria"": ""entidade_diagnostico"", ""codigo_cid"": ""K420""}"
Diagnóstico CID-10 código K421: Hérnia umbilical com gangrena.,entidade_diagnostico,"{""categoria"": ""entidade_diagnostico"", ""codigo_cid"": ""K421""}"
Diagnóstico CID-10 código K429: Hérnia umbilical sem obstrução ou gangrena.,entidade_diagnostico,"{""categoria"": ""entidade_diagnostico"", ""codigo_cid"": ""K429""}"
"Diagnóstico CID-10 código K430: Hérnia ventral com obstrução, sem gangrena.",entidade_diagnostico,"{""categoria"": ""entidade_diagnostico"", ""codigo_cid"": ""K430""}"
Diagnóstico CID-10 código K431: Hérnia ventral com gangrena.,entidade_diagnostico,"{""categoria"": ""entidade_diagnostico"", ""codigo_cid"": ""K431""}"
Diagnóstico CID-10 código K439: Hérnia ventral sem obstrução ou gangrena.,entidade_diagnostico,"{""categoria"": ""entidade_diagnostico"", ""codigo_cid"": ""K439""}"
"Diagnóstico CID-10 código K458: Outras hérnias abdominais especificadas, sem obstrução ou gangrena.",entidade_diagnostico,"{""categoria"": ""entidade_diagnostico"", ""codigo_cid"": ""K458""}"
"Diagnóstico CID-10 código K460: Hérnia abdominal não especificada, com obstrução, sem gangrena.",entidade_diagnostico,"{""categoria"": ""entidade_diagnostico"", ""codigo_cid"": ""K460""}"
Diagnóstico CID-10 código K461: Hérnia abdominal não especificada com gangrena.,entidade_diagnostico,"{""categoria"": ""entidade_diagnostico"", ""codigo_cid"": ""K461""}"
"Diagnóstico CID-10 código K469: Hérnia abdominal não especificada, sem obstrução ou gangrena.",entidade_diagnostico,"{""categoria"": ""entidade_diagnostico"", ""codigo_cid"": ""K469""}"
Diagnóstico CID-10 código K500: Doença de Crohn do intestino delgado.,entidade_diagnostico,"{""categoria"": ""entidade_diagnostico"", ""codigo_cid"": ""K500""}"
Diagnóstico CID-10 código K501: Doença de Crohn do intestino grosso.,entidade_diagnostico,"{""categoria"": ""entidade_diagnostico"", ""codigo_cid"": ""K501""}"
Diagnóstico CID-10 código K509: Doença de Crohn de localização não especificada.,entidade_diagnostico,"{""categoria"": ""entidade_diagnostico"", ""codigo_cid"": ""K509""}"
Diagnóstico CID-10 código K510: Enterocolite ulcerativa (crônica).,entidade_diagnostico,"{""categoria"": ""entidade_diagnostico"", ""codigo_cid"": ""K510""}"
"Diagnóstico CID-10 código K519: Colite ulcerativa, sem outra especificação.",entidade_diagnostico,"{""categoria"": ""entidade_diagnostico"", ""codigo_cid"": ""K519""}"
Diagnóstico CID-10 código K522: Gastroenterite e colite alérgicas ou ligadas à dieta.,entidade_diagnostico,"{""categoria"": ""entidade_diagnostico"", ""codigo_cid"": ""K522""}"
"Diagnóstico CID-10 código K529: Gastroenterite e colite não-infecciosas, não especificadas.",entidade_diagnostico,"{""categoria"": ""entidade_diagnostico"", ""codigo_cid"": ""K529""}"
Diagnóstico CID-10 código K550: Transtornos vasculares agudos do intestino.,entidade_diagnostico,"{""categoria"": ""entidade_diagnostico"", ""codigo_cid"": ""K550""}"
Diagnóstico CID-10 código K560: Íleo paralítico.,entidade_diagnostico,"{""categoria"": ""entidade_diagnostico"", ""codigo_cid"": ""K560""}"
Diagnóstico CID-10 código K562: Volvo.,entidade_diagnostico,"{""categoria"": ""entidade_diagnostico"", ""codigo_cid"": ""K562""}"
Diagnóstico CID-10 código K564: Outras obstruções do intestino.,entidade_diagnostico,"{""categoria"": ""entidade_diagnostico"", ""codigo_cid"": ""K564""}"
Diagnóstico CID-10 código K565: Aderências intestinais (bridas) com obstrução.,entidade_diagnostico,"{""categoria"": ""entidade_diagnostico"", ""codigo_cid"": ""K565""}"
"Diagnóstico CID-10 código K566: Outras formas de obstrução intestinal, e as não especificadas.",entidade_diagnostico,"{""categoria"": ""entidade_diagnostico"", ""codigo_cid"": ""K566""}"
Diagnóstico CID-10 código K571: Doença diverticular do intestino delgado sem perfuração ou abscesso.,entidade_diagnostico,"{""categoria"": ""entidade_diagnostico"", ""codigo_cid"": ""K571""}"
Diagnóstico CID-10 código K572: Doença diverticular do intestino grosso com perfuração e abscesso.,entidade_diagnostico,"{""categoria"": ""entidade_diagnostico"", ""codigo_cid"": ""K572""}"
Diagnóstico CID-10 código K573: Doença diverticular do intestino grosso sem perfuração ou abscesso.,entidade_diagnostico,"{""categoria"": ""entidade_diagnostico"", ""codigo_cid"": ""K573""}"
"Diagnóstico CID-10 código K578: Doença diverticular do intestino, de localização não especificada, com perfuração e abscesso.",entidade_diagnostico,"{""categoria"": ""entidade_diagnostico"", ""codigo_cid"": ""K578""}"
"Diagnóstico CID-10 código K579: Doença diverticular do intestino, de localização não especificada, sem perfuração ou abscesso.",entidade_diagnostico,"{""categoria"": ""entidade_diagnostico"", ""codigo_cid"": ""K579""}"
Diagnóstico CID-10 código K590: Constipação.,entidade_diagnostico,"{""categoria"": ""entidade_diagnostico"", ""codigo_cid"": ""K590""}"
Diagnóstico CID-10 código K591: Diarréia funcional.,entidade_diagnostico,"{""categoria"": ""entidade_diagnostico"", ""codigo_cid"": ""K591""}"
Diagnóstico CID-10 código K598: Outros transtornos funcionais especificados do intestino.,entidade_diagnostico,"{""categoria"": ""entidade_diagnostico"", ""codigo_cid"": ""K598""}"
"Diagnóstico CID-10 código K599: Transtorno intestinal funcional, não especificado.",entidade_diagnostico,"{""categoria"": ""entidade_diagnostico"", ""codigo_cid"": ""K599""}"
Diagnóstico CID-10 código K600: Fissura anal aguda.,entidade_diagnostico,"{""categoria"": ""entidade_diagnostico"", ""codigo_cid"": ""K600""}"
Diagnóstico CID-10 código K601: Fissura anal crônica.,entidade_diagnostico,"{""categoria"": ""entidade_diagnostico"", ""codigo_cid"": ""K601""}"
Diagnóstico CID-10 código K603: Fístula anal.,entidade_diagnostico,"{""categoria"": ""entidade_diagnostico"", ""codigo_cid"": ""K603""}"
Diagnóstico CID-10 código K605: Fístula anorretal.,entidade_diagnostico,"{""categoria"": ""entidade_diagnostico"", ""codigo_cid"": ""K605""}"
Diagnóstico CID-10 código K610: Abscesso anal.,entidade_diagnostico,"{""categoria"": ""entidade_diagnostico"", ""codigo_cid"": ""K610""}"
Diagnóstico CID-10 código K612: Abscesso anorretal.,entidade_diagnostico,"{""categoria"": ""entidade_diagnostico"", ""codigo_cid"": ""K612""}"
Diagnóstico CID-10 código K620: Pólipo anal.,entidade_diagnostico,"{""categoria"": ""entidade_diagnostico"", ""codigo_cid"": ""K620""}"
Diagnóstico CID-10 código K623: Prolapso retal.,entidade_diagnostico,"{""categoria"": ""entidade_diagnostico"", ""codigo_cid"": ""K623""}"
Diagnóstico CID-10 código K625: Hemorragia do ânus e do reto.,entidade_diagnostico,"{""categoria"": ""entidade_diagnostico"", ""codigo_cid"": ""K625""}"
Diagnóstico CID-10 código K630: Abscesso do intestino.,entidade_diagnostico,"{""categoria"": ""entidade_diagnostico"", ""codigo_cid"": ""K630""}"
Diagnóstico CID-10 código K631: Perfuração do intestino (não-traumática).,entidade_diagnostico,"{""categoria"": ""entidade_diagnostico"", ""codigo_cid"": ""K631""}"
Diagnóstico CID-10 código K632: Fístula do intestino.,entidade_diagnostico,"{""categoria"": ""entidade_diagnostico"", ""codigo_cid"": ""K632""}"
Diagnóstico CID-10 código K635: Pólipo do cólon.,entidade_diagnostico,"{""categoria"": ""entidade_diagnostico"", ""codigo_cid"": ""K635""}"
Diagnóstico CID-10 código K638: Outras doenças especificadas do intestino.,entidade_diagnostico,"{""categoria"": ""entidade_diagnostico"", ""codigo_cid"": ""K638""}"
"Diagnóstico CID-10 código K639: Doença do intestino, sem outra especificação.",entidade_diagnostico,"{""categoria"": ""entidade_diagnostico"", ""codigo_cid"": ""K639""}"
Diagnóstico CID-10 código K650: Peritonite aguda.,entidade_diagnostico,"{""categoria"": ""entidade_diagnostico"", ""codigo_cid"": ""K650""}"
Diagnóstico CID-10 código K658: Outras peritonites.,entidade_diagnostico,"{""categoria"": ""entidade_diagnostico"", ""codigo_cid"": ""K658""}"
"Diagnóstico CID-10 código K659: Peritonite, sem outras especificações.",entidade_diagnostico,"{""categoria"": ""entidade_diagnostico"", ""codigo_cid"": ""K659""}"
Diagnóstico CID-10 código K660: Aderências peritoniais.,entidade_diagnostico,"{""categoria"": ""entidade_diagnostico"", ""codigo_cid"": ""K660""}"
Diagnóstico CID-10 código K668: Outras afecções especificadas do peritônio.,entidade_diagnostico,"{""categoria"": ""entidade_diagnostico"", ""codigo_cid"": ""K668""}"
Diagnóstico CID-10 código K703: Cirrose hepática alcoólica.,entidade_diagnostico,"{""categoria"": ""entidade_diagnostico"", ""codigo_cid"": ""K703""}"
Diagnóstico CID-10 código K704: Insuficiência hepática alcoólica.,entidade_diagnostico,"{""categoria"": ""entidade_diagnostico"", ""codigo_cid"": ""K704""}"
Diagnóstico CID-10 código K720: Insuficiência hepática aguda e subaguda.,entidade_diagnostico,"{""categoria"": ""entidade_diagnostico"", ""codigo_cid"": ""K720""}"
Diagnóstico CID-10 código K721: Insuficiência hepática crônica.,entidade_diagnostico,"{""categoria"": ""entidade_diagnostico"", ""codigo_cid"": ""K721""}"
"Diagnóstico CID-10 código K729: Insuficiência hepática, sem outras especificações.",entidade_diagnostico,"{""categoria"": ""entidade_diagnostico"", ""codigo_cid"": ""K729""}"
Diagnóstico CID-10 código K740: Fibrose hepática.,entidade_diagnostico,"{""categoria"": ""entidade_diagnostico"", ""codigo_cid"": ""K740""}"
Diagnóstico CID-10 código K746: Outras formas de cirrose hepática e as não especificadas.,entidade_diagnostico,"{""categoria"": ""entidade_diagnostico"", ""codigo_cid"": ""K746""}"
Diagnóstico CID-10 código K750: Abscesso hepático.,entidade_diagnostico,"{""categoria"": ""entidade_diagnostico"", ""codigo_cid"": ""K750""}"
Diagnóstico CID-10 código K754: Hepatite autoimune.,entidade_diagnostico,"{""categoria"": ""entidade_diagnostico"", ""codigo_cid"": ""K754""}"
Diagnóstico CID-10 código K766: Hipertensão portal.,entidade_diagnostico,"{""categoria"": ""entidade_diagnostico"", ""codigo_cid"": ""K766""}"
Diagnóstico CID-10 código K768: Outras doenças especificadas do fígado.,entidade_diagnostico,"{""categoria"": ""entidade_diagnostico"", ""codigo_cid"": ""K768""}"
"Diagnóstico CID-10 código K769: Doença hepática, sem outra especificação.",entidade_diagnostico,"{""categoria"": ""entidade_diagnostico"", ""codigo_cid"": ""K769""}"
Diagnóstico CID-10 código K800: Calculose da vesícula biliar com colicistite aguda.,entidade_diagnostico,"{""categoria"": ""entidade_diagnostico"", ""codigo_cid"": ""K800""}"
Diagnóstico CID-10 código K801: Calculose da vesícula biliar com outras formas de colecistite.,entidade_diagnostico,"{""categoria"": ""entidade_diagnostico"", ""codigo_cid"": ""K801""}"
Diagnóstico CID-10 código K802: Calculose da vesícula biliar sem colecistite.,entidade_diagnostico,"{""categoria"": ""entidade_diagnostico"", ""codigo_cid"": ""K802""}"
Diagnóstico CID-10 código K803: Calculose de via biliar com colangite.,entidade_diagnostico,"{""categoria"": ""entidade_diagnostico"", ""codigo_cid"": ""K803""}"
Diagnóstico CID-10 código K804: Calculose de via biliar com colecistite.,entidade_diagnostico,"{""categoria"": ""entidade_diagnostico"", ""codigo_cid"": ""K804""}"
Diagnóstico CID-10 código K805: Calculose de via biliar sem colangite ou colecistite.,entidade_diagnostico,"{""categoria"": ""entidade_diagnostico"", ""codigo_cid"": ""K805""}"
Diagnóstico CID-10 código K808: Outras colelitíases.,entidade_diagnostico,"{""categoria"": ""entidade_diagnostico"", ""codigo_cid"": ""K808""}"
Diagnóstico CID-10 código K810: Colecistite aguda.,entidade_diagnostico,"{""categoria"": ""entidade_diagnostico"", ""codigo_cid"": ""K810""}"
Diagnóstico CID-10 código K811: Colecistite crônica.,entidade_diagnostico,"{""categoria"": ""entidade_diagnostico"", ""codigo_cid"": ""K811""}"
Diagnóstico CID-10 código K818: Outras colecistites.,entidade_diagnostico,"{""categoria"": ""entidade_diagnostico"", ""codigo_cid"": ""K818""}"
"Diagnóstico CID-10 código K819: Colecistite, sem outra especificação.",entidade_diagnostico,"{""categoria"": ""entidade_diagnostico"", ""codigo_cid"": ""K819""}"
Diagnóstico CID-10 código K828: Outras doenças especificadas da vesícula biliar.,entidade_diagnostico,"{""categoria"": ""entidade_diagnostico"", ""codigo_cid"": ""K828""}"
"Diagnóstico CID-10 código K829: Doença da vesícula biliar, sem outra especificação.",entidade_diagnostico,"{""categoria"": ""entidade_diagnostico"", ""codigo_cid"": ""K829""}"
Diagnóstico CID-10 código K830: Colangite.,entidade_diagnostico,"{""categoria"": ""entidade_diagnostico"", ""codigo_cid"": ""K830""}"
Diagnóstico CID-10 código K831: Obstrução de via biliar.,entidade_diagnostico,"{""categoria"": ""entidade_diagnostico"", ""codigo_cid"": ""K831""}"
Diagnóstico CID-10 código K835: Cisto biliar.,entidade_diagnostico,"{""categoria"": ""entidade_diagnostico"", ""codigo_cid"": ""K835""}"
Diagnóstico CID-10 código K838: Outras doenças especificadas das vias biliares.,entidade_diagnostico,"{""categoria"": ""entidade_diagnostico"", ""codigo_cid"": ""K838""}"
"Diagnóstico CID-10 código K839: Doença das vias biliares, sem outra especificação.",entidade_diagnostico,"{""categoria"": ""entidade_diagnostico"", ""codigo_cid"": ""K839""}"
Diagnóstico CID-10 código K850: Pancreatite aguda idiopática.,entidade_diagnostico,"{""categoria"": ""entidade_diagnostico"", ""codigo_cid"": ""K850""}"
Diagnóstico CID-10 código K851: Pancreatite aguda biliar.,entidade_diagnostico,"{""categoria"": ""entidade_diagnostico"", ""codigo_cid"": ""K851""}"
Diagnóstico CID-10 código K852: Pancreatite aguda induzida por álcool.,entidade_diagnostico,"{""categoria"": ""entidade_diagnostico"", ""codigo_cid"": ""K852""}"
Diagnóstico CID-10 código K858: Outras pancreatites agudas.,entidade_diagnostico,"{""categoria"": ""entidade_diagnostico"", ""codigo_cid"": ""K858""}"
"Diagnóstico CID-10 código K859: Pancreatite aguda, não especificada.",entidade_diagnostico,"{""categoria"": ""entidade_diagnostico"", ""codigo_cid"": ""K859""}"
Diagnóstico CID-10 código K861: Outras pancreatites crônicas.,entidade_diagnostico,"{""categoria"": ""entidade_diagnostico"", ""codigo_cid"": ""K861""}"
Diagnóstico CID-10 código K868: Outras doenças especificadas do pâncreas.,entidade_diagnostico,"{""categoria"": ""entidade_diagnostico"", ""codigo_cid"": ""K868""}"
"Diagnóstico CID-10 código K869: Doença do pâncreas, sem outra especificação.",entidade_diagnostico,"{""categoria"": ""entidade_diagnostico"", ""codigo_cid"": ""K869""}"
Diagnóstico CID-10 código K870: Transtornos da vesícula biliar e das vias biliares em doenças classificadas em outra parte.,entidade_diagnostico,"{""categoria"": ""entidade_diagnostico"", ""codigo_cid"": ""K870""}"
Diagnóstico CID-10 código K871: Transtornos do pâncreas em doenças classificadas em outra parte.,entidade_diagnostico,"{""categoria"": ""entidade_diagnostico"", ""codigo_cid"": ""K871""}"
Diagnóstico CID-10 código K900: Doença celíaca.,entidade_diagnostico,"{""categoria"": ""entidade_diagnostico"", ""codigo_cid"": ""K900""}"
Diagnóstico CID-10 código K902: Síndrome da alça cega não classificada em outra parte.,entidade_diagnostico,"{""categoria"": ""entidade_diagnostico"", ""codigo_cid"": ""K902""}"
Diagnóstico CID-10 código K908: Outras formas de má-absorção intestinal.,entidade_diagnostico,"{""categoria"": ""entidade_diagnostico"", ""codigo_cid"": ""K908""}"
Diagnóstico CID-10 código K912: Má-absorção pós-cirúrgica não classificada em outra parte.,entidade_diagnostico,"{""categoria"": ""entidade_diagnostico"", ""codigo_cid"": ""K912""}"
"Diagnóstico CID-10 código K918: Outros transtornos do aparelho digestivo, pós-cirúrgicos, não classificados em outra parte.",entidade_diagnostico,"{""categoria"": ""entidade_diagnostico"", ""codigo_cid"": ""K918""}"
Diagnóstico CID-10 código K919: Transtorno do aparelho digestivo pós procedimento.,entidade_diagnostico,"{""categoria"": ""entidade_diagnostico"", ""codigo_cid"": ""K919""}"
Diagnóstico CID-10 código K920: Hematêmese.,entidade_diagnostico,"{""categoria"": ""entidade_diagnostico"", ""codigo_cid"": ""K920""}"
Diagnóstico CID-10 código K921: Melena.,entidade_diagnostico,"{""categoria"": ""entidade_diagnostico"", ""codigo_cid"": ""K921""}"
"Diagnóstico CID-10 código K922: Hemorragia gastrointestinal, sem outra especificação.",entidade_diagnostico,"{""categoria"": ""entidade_diagnostico"", ""codigo_cid"": ""K922""}"
Diagnóstico CID-10 código K928: Outras doenças especificadas do aparelho digestivo.,entidade_diagnostico,"{""categoria"": ""entidade_diagnostico"", ""codigo_cid"": ""K928""}"
"Diagnóstico CID-10 código K929: Doença do aparelho digestivo, sem outra especificação.",entidade_diagnostico,"{""categoria"": ""entidade_diagnostico"", ""codigo_cid"": ""K929""}"
Diagnóstico CID-10 código K938: Transtornos de outros órgãos digestivos especificados em doenças classificadas em outra parte.,entidade_diagnostico,"{""categoria"": ""entidade_diagnostico"", ""codigo_cid"": ""K938""}"
"Diagnóstico CID-10 código L020: Abscesso cutâneo, furúnculo e antraz da face.",entidade_diagnostico,"{""categoria"": ""entidade_diagnostico"", ""codigo_cid"": ""L020""}"
"Diagnóstico CID-10 código L021: Abscesso cutâneo, furúnculo e antraz do pescoço.",entidade_diagnostico,"{""categoria"": ""entidade_diagnostico"", ""codigo_cid"": ""L021""}"
"Diagnóstico CID-10 código L022: Abscesso cutâneo, furúnculo e antraz do tronco.",entidade_diagnostico,"{""categoria"": ""entidade_diagnostico"", ""codigo_cid"": ""L022""}"
"Diagnóstico CID-10 código L024: Abscesso cutâneo, furúnculo e antraz do(s) membro(s).",entidade_diagnostico,"{""categoria"": ""entidade_diagnostico"", ""codigo_cid"": ""L024""}"
"Diagnóstico CID-10 código L028: Abscesso cutâneo, furúnculo e antraz de outras localizações.",entidade_diagnostico,"{""categoria"": ""entidade_diagnostico"", ""codigo_cid"": ""L028""}"
"Diagnóstico CID-10 código L029: Abscesso cutâneo, furúnculo e antraz de localização não especificada.",entidade_diagnostico,"{""categoria"": ""entidade_diagnostico"", ""codigo_cid"": ""L029""}"
Diagnóstico CID-10 código L030: Celulite de dedos das mãos e dos pés.,entidade_diagnostico,"{""categoria"": ""entidade_diagnostico"", ""codigo_cid"": ""L030""}"
Diagnóstico CID-10 código L031: Celulite de outras partes do(s) membro(s).,entidade_diagnostico,"{""categoria"": ""entidade_diagnostico"", ""codigo_cid"": ""L031""}"
Diagnóstico CID-10 código L032: Celulite da face.,entidade_diagnostico,"{""categoria"": ""entidade_diagnostico"", ""codigo_cid"": ""L032""}"
Diagnóstico CID-10 código L033: Celulite do tronco.,entidade_diagnostico,"{""categoria"": ""entidade_diagnostico"", ""codigo_cid"": ""L033""}"
Diagnóstico CID-10 código L038: Celulite de outros locais.,entidade_diagnostico,"{""categoria"": ""entidade_diagnostico"", ""codigo_cid"": ""L038""}"
Diagnóstico CID-10 código L039: Celulite não especificada.,entidade_diagnostico,"{""categoria"": ""entidade_diagnostico"", ""codigo_cid"": ""L039""}"
Diagnóstico CID-10 código L050: Cisto pilonidal com abscesso.,entidade_diagnostico,"{""categoria"": ""entidade_diagnostico"", ""codigo_cid"": ""L050""}"
Diagnóstico CID-10 código L059: Cisto pilonidal sem abscesso.,entidade_diagnostico,"{""categoria"": ""entidade_diagnostico"", ""codigo_cid"": ""L059""}"
Diagnóstico CID-10 código L080: Piodermite.,entidade_diagnostico,"{""categoria"": ""entidade_diagnostico"", ""codigo_cid"": ""L080""}"
"Diagnóstico CID-10 código L088: Outras infecções localizadas, especificadas, da pele e do tecido subcutâneo.",entidade_diagnostico,"{""categoria"": ""entidade_diagnostico"", ""codigo_cid"": ""L088""}"
"Diagnóstico CID-10 código L089: Infecção localizada da pele e do tecido subcutâneo, não especificada.",entidade_diagnostico,"{""categoria"": ""entidade_diagnostico"", ""codigo_cid"": ""L089""}"
Diagnóstico CID-10 código L100: Pênfigo vulgar.,entidade_diagnostico,"{""categoria"": ""entidade_diagnostico"", ""codigo_cid"": ""L100""}"
Diagnóstico CID-10 código L102: Pênfigo foliáceo.,entidade_diagnostico,"{""categoria"": ""entidade_diagnostico"", ""codigo_cid"": ""L102""}"
Diagnóstico CID-10 código L123: Epidermólise bolhosa adquirida.,entidade_diagnostico,"{""categoria"": ""entidade_diagnostico"", ""codigo_cid"": ""L123""}"
"Diagnóstico CID-10 código L209: Dermatite atópica, não especificada.",entidade_diagnostico,"{""categoria"": ""entidade_diagnostico"", ""codigo_cid"": ""L209""}"
Diagnóstico CID-10 código L500: Urticária alérgica.,entidade_diagnostico,"{""categoria"": ""entidade_diagnostico"", ""codigo_cid"": ""L500""}"
Diagnóstico CID-10 código L508: Outras urticárias.,entidade_diagnostico,"{""categoria"": ""entidade_diagnostico"", ""codigo_cid"": ""L508""}"
Diagnóstico CID-10 código L570: Ceratose actínica.,entidade_diagnostico,"{""categoria"": ""entidade_diagnostico"", ""codigo_cid"": ""L570""}"
Diagnóstico CID-10 código L600: Unha encravada.,entidade_diagnostico,"{""categoria"": ""entidade_diagnostico"", ""codigo_cid"": ""L600""}"
Diagnóstico CID-10 código L720: Cisto epidérmico.,entidade_diagnostico,"{""categoria"": ""entidade_diagnostico"", ""codigo_cid"": ""L720""}"
Diagnóstico CID-10 código L721: Cisto triquilemal.,entidade_diagnostico,"{""categoria"": ""entidade_diagnostico"", ""codigo_cid"": ""L721""}"
Diagnóstico CID-10 código L728: Outras formas de cistos foliculares da pele e do tecido subcutâneo.,entidade_diagnostico,"{""categoria"": ""entidade_diagnostico"", ""codigo_cid"": ""L728""}"
"Diagnóstico CID-10 código L729: Cisto folicular, não especificado da pele e do tecido subcutâneo.",entidade_diagnostico,"{""categoria"": ""entidade_diagnostico"", ""codigo_cid"": ""L729""}"
"Diagnóstico CID-10 código L819: Transtorno da pigmentação, não especificado.",entidade_diagnostico,"{""categoria"": ""entidade_diagnostico"", ""codigo_cid"": ""L819""}"
Diagnóstico CID-10 código L82: Ceratose seborréica.,entidade_diagnostico,"{""categoria"": ""entidade_diagnostico"", ""codigo_cid"": ""L82""}"
Diagnóstico CID-10 código L89: Úlcera de decúbito.,entidade_diagnostico,"{""categoria"": ""entidade_diagnostico"", ""codigo_cid"": ""L89""}"
Diagnóstico CID-10 código L900: Líquen escleroso e atrófico.,entidade_diagnostico,"{""categoria"": ""entidade_diagnostico"", ""codigo_cid"": ""L900""}"
Diagnóstico CID-10 código L905: Cicatrizes e fibrose cutânea.,entidade_diagnostico,"{""categoria"": ""entidade_diagnostico"", ""codigo_cid"": ""L905""}"
Diagnóstico CID-10 código L908: Outras afecções atróficas da pele.,entidade_diagnostico,"{""categoria"": ""entidade_diagnostico"", ""codigo_cid"": ""L908""}"
"Diagnóstico CID-10 código L909: Afecções atróficas da pele, não especificadas.",entidade_diagnostico,"{""categoria"": ""entidade_diagnostico"", ""codigo_cid"": ""L909""}"
Diagnóstico CID-10 código L910: Cicatriz quelóide.,entidade_diagnostico,"{""categoria"": ""entidade_diagnostico"", ""codigo_cid"": ""L910""}"
Diagnóstico CID-10 código L918: Outras afecções hipertróficas da pele.,entidade_diagnostico,"{""categoria"": ""entidade_diagnostico"", ""codigo_cid"": ""L918""}"
"Diagnóstico CID-10 código L919: Afecções hipertróficas da pele, não especificadas.",entidade_diagnostico,"{""categoria"": ""entidade_diagnostico"", ""codigo_cid"": ""L919""}"
Diagnóstico CID-10 código L928: Outras afecções granulomatosas da pele e do tecido subcutâneo.,entidade_diagnostico,"{""categoria"": ""entidade_diagnostico"", ""codigo_cid"": ""L928""}"
Diagnóstico CID-10 código L932: Outras formas de lúpus eritematoso localizado.,entidade_diagnostico,"{""categoria"": ""entidade_diagnostico"", ""codigo_cid"": ""L932""}"
Diagnóstico CID-10 código L940: Esclerodermia localizada [morféia].,entidade_diagnostico,"{""categoria"": ""entidade_diagnostico"", ""codigo_cid"": ""L940""}"
"Diagnóstico CID-10 código L948: Outras afecções localizadas do tecido conjuntivo, especificadas.",entidade_diagnostico,"{""categoria"": ""entidade_diagnostico"", ""codigo_cid"": ""L948""}"
"Diagnóstico CID-10 código L949: Afecções localizadas do tecido conjuntivo, não especificadas.",entidade_diagnostico,"{""categoria"": ""entidade_diagnostico"", ""codigo_cid"": ""L949""}"
Diagnóstico CID-10 código L97: Úlcera dos membros inferiores não classificada em outra parte.,entidade_diagnostico,"{""categoria"": ""entidade_diagnostico"", ""codigo_cid"": ""L97""}"
Diagnóstico CID-10 código L980: Granuloma piogênico.,entidade_diagnostico,"{""categoria"": ""entidade_diagnostico"", ""codigo_cid"": ""L980""}"
"Diagnóstico CID-10 código L984: Úlcera crônica da pele, não classificada em outra parte.",entidade_diagnostico,"{""categoria"": ""entidade_diagnostico"", ""codigo_cid"": ""L984""}"
Diagnóstico CID-10 código L986: Outras afecções infiltrativas da pele e do tecido subcutâneo.,entidade_diagnostico,"{""categoria"": ""entidade_diagnostico"", ""codigo_cid"": ""L986""}"
Diagnóstico CID-10 código L988: Outras afecções especificadas da pele e do tecido subcutâneo.,entidade_diagnostico,"{""categoria"": ""entidade_diagnostico"", ""codigo_cid"": ""L988""}"
"Diagnóstico CID-10 código L989: Afecções da pele e do tecido subcutâneo, não especificados.",entidade_diagnostico,"{""categoria"": ""entidade_diagnostico"", ""codigo_cid"": ""L989""}"
Diagnóstico CID-10 código L998: Outras afecções especificadas da pele e do tecido subcutâneo em doenças classificadas em outra parte.,entidade_diagnostico,"{""categoria"": ""entidade_diagnostico"", ""codigo_cid"": ""L998""}"
Diagnóstico CID-10 código M000: Artrite e pioliartrite estafilocócicas.,entidade_diagnostico,"{""categoria"": ""entidade_diagnostico"", ""codigo_cid"": ""M000""}"
Diagnóstico CID-10 código M002: Outras artrites e poliartrites estreptocócicas.,entidade_diagnostico,"{""categoria"": ""entidade_diagnostico"", ""codigo_cid"": ""M002""}"
"Diagnóstico CID-10 código M009: Artrite piogênica, não especificada.",entidade_diagnostico,"{""categoria"": ""entidade_diagnostico"", ""codigo_cid"": ""M009""}"
Diagnóstico CID-10 código M028: Outras artropatias reacionais.,entidade_diagnostico,"{""categoria"": ""entidade_diagnostico"", ""codigo_cid"": ""M028""}"
Diagnóstico CID-10 código M058: Outras artrites reumatóides soro-positivas.,entidade_diagnostico,"{""categoria"": ""entidade_diagnostico"", ""codigo_cid"": ""M058""}"
Diagnóstico CID-10 código M059: Artrite reumatóide soro-positiva não especificada.,entidade_diagnostico,"{""categoria"": ""entidade_diagnostico"", ""codigo_cid"": ""M059""}"
Diagnóstico CID-10 código M064: Poliartropatia inflamatória.,entidade_diagnostico,"{""categoria"": ""entidade_diagnostico"", ""codigo_cid"": ""M064""}"
Diagnóstico CID-10 código M069: Artrite reumatóide não especificada.,entidade_diagnostico,"{""categoria"": ""entidade_diagnostico"", ""codigo_cid"": ""M069""}"
Diagnóstico CID-10 código M128: Outras artropatias específicas não classificadas em outra parte.,entidade_diagnostico,"{""categoria"": ""entidade_diagnostico"", ""codigo_cid"": ""M128""}"
Diagnóstico CID-10 código M160: Coxartrose primária bilateral.,entidade_diagnostico,"{""categoria"": ""entidade_diagnostico"", ""codigo_cid"": ""M160""}"
Diagnóstico CID-10 código M161: Outras coxartroses primárias.,entidade_diagnostico,"{""categoria"": ""entidade_diagnostico"", ""codigo_cid"": ""M161""}"
Diagnóstico CID-10 código M167: Outras coxartroses secundárias.,entidade_diagnostico,"{""categoria"": ""entidade_diagnostico"", ""codigo_cid"": ""M167""}"
Diagnóstico CID-10 código M169: Coxartrose não especificada.,entidade_diagnostico,"{""categoria"": ""entidade_diagnostico"", ""codigo_cid"": ""M169""}"
Diagnóstico CID-10 código M170: Gonartrose primária bilateral.,entidade_diagnostico,"{""categoria"": ""entidade_diagnostico"", ""codigo_cid"": ""M170""}"
Diagnóstico CID-10 código M171: Outras gonartroses primárias.,entidade_diagnostico,"{""categoria"": ""entidade_diagnostico"", ""codigo_cid"": ""M171""}"
Diagnóstico CID-10 código M179: Gonartrose não especificada.,entidade_diagnostico,"{""categoria"": ""entidade_diagnostico"", ""codigo_cid"": ""M179""}"
Diagnóstico CID-10 código M190: Artrose primária de outras articulações.,entidade_diagnostico,"{""categoria"": ""entidade_diagnostico"", ""codigo_cid"": ""M190""}"
Diagnóstico CID-10 código M191: Artrose pós-traumática de outras articulações.,entidade_diagnostico,"{""categoria"": ""entidade_diagnostico"", ""codigo_cid"": ""M191""}"
Diagnóstico CID-10 código M199: Artrose não especificada.,entidade_diagnostico,"{""categoria"": ""entidade_diagnostico"", ""codigo_cid"": ""M199""}"
Diagnóstico CID-10 código M200: Deformidade(s) do(s) dedo(s) das mãos.,entidade_diagnostico,"{""categoria"": ""entidade_diagnostico"", ""codigo_cid"": ""M200""}"
Diagnóstico CID-10 código M201: Hallux valgo (adquirido).,entidade_diagnostico,"{""categoria"": ""entidade_diagnostico"", ""codigo_cid"": ""M201""}"
Diagnóstico CID-10 código M202: Hallux rigidus.,entidade_diagnostico,"{""categoria"": ""entidade_diagnostico"", ""codigo_cid"": ""M202""}"
Diagnóstico CID-10 código M214: Pé chato [pé plano] (adquirido).,entidade_diagnostico,"{""categoria"": ""entidade_diagnostico"", ""codigo_cid"": ""M214""}"
Diagnóstico CID-10 código M219: Deformidade adquirida não especificada de membro.,entidade_diagnostico,"{""categoria"": ""entidade_diagnostico"", ""codigo_cid"": ""M219""}"
Diagnóstico CID-10 código M230: Menisco cístico.,entidade_diagnostico,"{""categoria"": ""entidade_diagnostico"", ""codigo_cid"": ""M230""}"
Diagnóstico CID-10 código M231: Menisco discóide (congênito).,entidade_diagnostico,"{""categoria"": ""entidade_diagnostico"", ""codigo_cid"": ""M231""}"
Diagnóstico CID-10 código M232: Transtorno do menisco devido à ruptura ou lesão antiga.,entidade_diagnostico,"{""categoria"": ""entidade_diagnostico"", ""codigo_cid"": ""M232""}"
Diagnóstico CID-10 código M233: Outros transtornos do menisco.,entidade_diagnostico,"{""categoria"": ""entidade_diagnostico"", ""codigo_cid"": ""M233""}"
Diagnóstico CID-10 código M235: Instabilidade crônica do joelho.,entidade_diagnostico,"{""categoria"": ""entidade_diagnostico"", ""codigo_cid"": ""M235""}"
Diagnóstico CID-10 código M236: Outras rupturas espontâneas de ligamento(s) do joelho.,entidade_diagnostico,"{""categoria"": ""entidade_diagnostico"", ""codigo_cid"": ""M236""}"
Diagnóstico CID-10 código M238: Outros transtornos internos do joelho.,entidade_diagnostico,"{""categoria"": ""entidade_diagnostico"", ""codigo_cid"": ""M238""}"
Diagnóstico CID-10 código M242: Transtornos de ligamentos.,entidade_diagnostico,"{""categoria"": ""entidade_diagnostico"", ""codigo_cid"": ""M242""}"
Diagnóstico CID-10 código M244: Deslocamento e subluxação de articulação recidivantes.,entidade_diagnostico,"{""categoria"": ""entidade_diagnostico"", ""codigo_cid"": ""M244""}"
Diagnóstico CID-10 código M245: Contratura articular.,entidade_diagnostico,"{""categoria"": ""entidade_diagnostico"", ""codigo_cid"": ""M245""}"
Diagnóstico CID-10 código M255: Dor articular.,entidade_diagnostico,"{""categoria"": ""entidade_diagnostico"", ""codigo_cid"": ""M255""}"
Diagnóstico CID-10 código M258: Outros transtornos articulares especificados.,entidade_diagnostico,"{""categoria"": ""entidade_diagnostico"", ""codigo_cid"": ""M258""}"
Diagnóstico CID-10 código M259: Transtorno articular não especificado.,entidade_diagnostico,"{""categoria"": ""entidade_diagnostico"", ""codigo_cid"": ""M259""}"
Diagnóstico CID-10 código M311: Microangiopatia trombótica.,entidade_diagnostico,"{""categoria"": ""entidade_diagnostico"", ""codigo_cid"": ""M311""}"
Diagnóstico CID-10 código M313: Granulomatose de Wegener.,entidade_diagnostico,"{""categoria"": ""entidade_diagnostico"", ""codigo_cid"": ""M313""}"
Diagnóstico CID-10 código M318: Outras vasculopatias necrotizantes especificadas.,entidade_diagnostico,"{""categoria"": ""entidade_diagnostico"", ""codigo_cid"": ""M318""}"
Diagnóstico CID-10 código M321: Lúpus eritematoso disseminado [sistêmico] com comprometimento de outros órgãos e sistemas.,entidade_diagnostico,"{""categoria"": ""entidade_diagnostico"", ""codigo_cid"": ""M321""}"
Diagnóstico CID-10 código M328: Outras formas de lúpus eritematoso disseminado [sistêmico].,entidade_diagnostico,"{""categoria"": ""entidade_diagnostico"", ""codigo_cid"": ""M328""}"
Diagnóstico CID-10 código M329: Lúpus eritematoso disseminado [sistêmico] não especificado.,entidade_diagnostico,"{""categoria"": ""entidade_diagnostico"", ""codigo_cid"": ""M329""}"
Diagnóstico CID-10 código M330: Dermatomiosite juvenil.,entidade_diagnostico,"{""categoria"": ""entidade_diagnostico"", ""codigo_cid"": ""M330""}"
Diagnóstico CID-10 código M331: Outras dermatomiosites.,entidade_diagnostico,"{""categoria"": ""entidade_diagnostico"", ""codigo_cid"": ""M331""}"
Diagnóstico CID-10 código M332: Polimiosite.,entidade_diagnostico,"{""categoria"": ""entidade_diagnostico"", ""codigo_cid"": ""M332""}"
Diagnóstico CID-10 código M339: Dermatopolimiosite não especificada.,entidade_diagnostico,"{""categoria"": ""entidade_diagnostico"", ""codigo_cid"": ""M339""}"
Diagnóstico CID-10 código M340: Esclerose sistêmica progressiva.,entidade_diagnostico,"{""categoria"": ""entidade_diagnostico"", ""codigo_cid"": ""M340""}"
Diagnóstico CID-10 código M350: Síndrome seca [Sjögren].,entidade_diagnostico,"{""categoria"": ""entidade_diagnostico"", ""codigo_cid"": ""M350""}"
Diagnóstico CID-10 código M411: Escoliose idiopática juvenil.,entidade_diagnostico,"{""categoria"": ""entidade_diagnostico"", ""codigo_cid"": ""M411""}"
Diagnóstico CID-10 código M414: Escoliose neuromuscular.,entidade_diagnostico,"{""categoria"": ""entidade_diagnostico"", ""codigo_cid"": ""M414""}"
Diagnóstico CID-10 código M419: Escoliose não especificada.,entidade_diagnostico,"{""categoria"": ""entidade_diagnostico"", ""codigo_cid"": ""M419""}"
Diagnóstico CID-10 código M464: Discite não especificada.,entidade_diagnostico,"{""categoria"": ""entidade_diagnostico"", ""codigo_cid"": ""M464""}"
Diagnóstico CID-10 código M480: Estenose da coluna vertebral.,entidade_diagnostico,"{""categoria"": ""entidade_diagnostico"", ""codigo_cid"": ""M480""}"
Diagnóstico CID-10 código M500: Transtorno do disco cervical com mielopatia.,entidade_diagnostico,"{""categoria"": ""entidade_diagnostico"", ""codigo_cid"": ""M500""}"
Diagnóstico CID-10 código M501: Transtorno do disco cervical com radiculopatia.,entidade_diagnostico,"{""categoria"": ""entidade_diagnostico"", ""codigo_cid"": ""M501""}"
Diagnóstico CID-10 código M508: Outros transtornos de discos cervicais.,entidade_diagnostico,"{""categoria"": ""entidade_diagnostico"", ""codigo_cid"": ""M508""}"
Diagnóstico CID-10 código M510: Transtornos de discos lombares e de outros discos intervertebrais com mielopatia.,entidade_diagnostico,"{""categoria"": ""entidade_diagnostico"", ""codigo_cid"": ""M510""}"
Diagnóstico CID-10 código M511: Transtornos de discos lombares e de outros discos intervertebrais com radiculopatia.,entidade_diagnostico,"{""categoria"": ""entidade_diagnostico"", ""codigo_cid"": ""M511""}"
Diagnóstico CID-10 código M512: Outros deslocamentos discais intervertebrais especificados.,entidade_diagnostico,"{""categoria"": ""entidade_diagnostico"", ""codigo_cid"": ""M512""}"
Diagnóstico CID-10 código M513: Outra degeneração especificada de disco intervertebral.,entidade_diagnostico,"{""categoria"": ""entidade_diagnostico"", ""codigo_cid"": ""M513""}"
Diagnóstico CID-10 código M518: Outros transtornos especificados de discos intervertebrais.,entidade_diagnostico,"{""categoria"": ""entidade_diagnostico"", ""codigo_cid"": ""M518""}"
Diagnóstico CID-10 código M519: Transtorno não especificado de disco intervertebral.,entidade_diagnostico,"{""categoria"": ""entidade_diagnostico"", ""codigo_cid"": ""M519""}"
Diagnóstico CID-10 código M541: Radiculopatia.,entidade_diagnostico,"{""categoria"": ""entidade_diagnostico"", ""codigo_cid"": ""M541""}"
Diagnóstico CID-10 código M542: Cervicalgia.,entidade_diagnostico,"{""categoria"": ""entidade_diagnostico"", ""codigo_cid"": ""M542""}"
Diagnóstico CID-10 código M543: Ciática.,entidade_diagnostico,"{""categoria"": ""entidade_diagnostico"", ""codigo_cid"": ""M543""}"
Diagnóstico CID-10 código M544: Lumbago com ciática.,entidade_diagnostico,"{""categoria"": ""entidade_diagnostico"", ""codigo_cid"": ""M544""}"
Diagnóstico CID-10 código M545: Dor lombar baixa.,entidade_diagnostico,"{""categoria"": ""entidade_diagnostico"", ""codigo_cid"": ""M545""}"
Diagnóstico CID-10 código M546: Dor na coluna torácica.,entidade_diagnostico,"{""categoria"": ""entidade_diagnostico"", ""codigo_cid"": ""M546""}"
Diagnóstico CID-10 código M629: Transtorno muscular não especificado.,entidade_diagnostico,"{""categoria"": ""entidade_diagnostico"", ""codigo_cid"": ""M629""}"
Diagnóstico CID-10 código M653: Dedo em gatilho.,entidade_diagnostico,"{""categoria"": ""entidade_diagnostico"", ""codigo_cid"": ""M653""}"
Diagnóstico CID-10 código M658: Outras sinovites e tenossinovites.,entidade_diagnostico,"{""categoria"": ""entidade_diagnostico"", ""codigo_cid"": ""M658""}"
Diagnóstico CID-10 código M659: Sinovite e tenossinovite não especificadas.,entidade_diagnostico,"{""categoria"": ""entidade_diagnostico"", ""codigo_cid"": ""M659""}"
Diagnóstico CID-10 código M660: Ruptura de cisto poplíteo.,entidade_diagnostico,"{""categoria"": ""entidade_diagnostico"", ""codigo_cid"": ""M660""}"
Diagnóstico CID-10 código M661: Ruptura de sinóvia.,entidade_diagnostico,"{""categoria"": ""entidade_diagnostico"", ""codigo_cid"": ""M661""}"
Diagnóstico CID-10 código M664: Ruptura espontânea de outros tendões.,entidade_diagnostico,"{""categoria"": ""entidade_diagnostico"", ""codigo_cid"": ""M664""}"
Diagnóstico CID-10 código M665: Ruptura espontânea de tendões não especificados.,entidade_diagnostico,"{""categoria"": ""entidade_diagnostico"", ""codigo_cid"": ""M665""}"
Diagnóstico CID-10 código M679: Transtorno não especificado da sinóvia e do tendão.,entidade_diagnostico,"{""categoria"": ""entidade_diagnostico"", ""codigo_cid"": ""M679""}"
Diagnóstico CID-10 código M713: Outros cistos de bolsa sinovial.,entidade_diagnostico,"{""categoria"": ""entidade_diagnostico"", ""codigo_cid"": ""M713""}"
Diagnóstico CID-10 código M720: Fibromatose de fáscia palmar [Dupuytren].,entidade_diagnostico,"{""categoria"": ""entidade_diagnostico"", ""codigo_cid"": ""M720""}"
Diagnóstico CID-10 código M751: Síndrome do manguito rotador.,entidade_diagnostico,"{""categoria"": ""entidade_diagnostico"", ""codigo_cid"": ""M751""}"
Diagnóstico CID-10 código M758: Outras lesões do ombro.,entidade_diagnostico,"{""categoria"": ""entidade_diagnostico"", ""codigo_cid"": ""M758""}"
Diagnóstico CID-10 código M796: Dor em membro.,entidade_diagnostico,"{""categoria"": ""entidade_diagnostico"", ""codigo_cid"": ""M796""}"
Diagnóstico CID-10 código M797: Fibromialgia.,entidade_diagnostico,"{""categoria"": ""entidade_diagnostico"", ""codigo_cid"": ""M797""}"
Diagnóstico CID-10 código M809: Osteoporose não especificada com fratura patológica.,entidade_diagnostico,"{""categoria"": ""entidade_diagnostico"", ""codigo_cid"": ""M809""}"
Diagnóstico CID-10 código M810: Osteoporose pós-menopáusica.,entidade_diagnostico,"{""categoria"": ""entidade_diagnostico"", ""codigo_cid"": ""M810""}"
Diagnóstico CID-10 código M819: Osteoporose não especificada.,entidade_diagnostico,"{""categoria"": ""entidade_diagnostico"", ""codigo_cid"": ""M819""}"
Diagnóstico CID-10 código M840: Defeito de consolidação da fratura.,entidade_diagnostico,"{""categoria"": ""entidade_diagnostico"", ""codigo_cid"": ""M840""}"
Diagnóstico CID-10 código M841: Ausência de consolidação da fratura [pseudo-artrose].,entidade_diagnostico,"{""categoria"": ""entidade_diagnostico"", ""codigo_cid"": ""M841""}"
Diagnóstico CID-10 código M844: Fratura patológica não classificada em outra parte.,entidade_diagnostico,"{""categoria"": ""entidade_diagnostico"", ""codigo_cid"": ""M844""}"
Diagnóstico CID-10 código M860: Osteomielite aguda hematogênica.,entidade_diagnostico,"{""categoria"": ""entidade_diagnostico"", ""codigo_cid"": ""M860""}"
Diagnóstico CID-10 código M861: Outra osteomielite aguda.,entidade_diagnostico,"{""categoria"": ""entidade_diagnostico"", ""codigo_cid"": ""M861""}"
Diagnóstico CID-10 código M864: Osteomielite crônica com seio drenante.,entidade_diagnostico,"{""categoria"": ""entidade_diagnostico"", ""codigo_cid"": ""M864""}"
Diagnóstico CID-10 código M866: Outra osteomielite crônica.,entidade_diagnostico,"{""categoria"": ""entidade_diagnostico"", ""codigo_cid"": ""M866""}"
Diagnóstico CID-10 código M869: Osteomielite não especificada.,entidade_diagnostico,"{""categoria"": ""entidade_diagnostico"", ""codigo_cid"": ""M869""}"
Diagnóstico CID-10 código M879: Osteonecrose não especificada.,entidade_diagnostico,"{""categoria"": ""entidade_diagnostico"", ""codigo_cid"": ""M879""}"
Diagnóstico CID-10 código M898: Outros transtornos especificados do osso.,entidade_diagnostico,"{""categoria"": ""entidade_diagnostico"", ""codigo_cid"": ""M898""}"
"Diagnóstico CID-10 código M938: Outras osteocondropatias, especificadas.",entidade_diagnostico,"{""categoria"": ""entidade_diagnostico"", ""codigo_cid"": ""M938""}"
Diagnóstico CID-10 código M949: Transtornos não especificados da cartilagem.,entidade_diagnostico,"{""categoria"": ""entidade_diagnostico"", ""codigo_cid"": ""M949""}"
Diagnóstico CID-10 código M950: Deformidade adquirida do nariz.,entidade_diagnostico,"{""categoria"": ""entidade_diagnostico"", ""codigo_cid"": ""M950""}"
Diagnóstico CID-10 código M958: Outras deformidades adquiridas especificadas do sistema osteomuscular.,entidade_diagnostico,"{""categoria"": ""entidade_diagnostico"", ""codigo_cid"": ""M958""}"
"Diagnóstico CID-10 código M966: Fratura de osso subsequente a implante ortopédico, prótese articular ou placa óssea.",entidade_diagnostico,"{""categoria"": ""entidade_diagnostico"", ""codigo_cid"": ""M966""}"
Diagnóstico CID-10 código M968: Outros transtornos osteomusculares pós-procedimentos.,entidade_diagnostico,"{""categoria"": ""entidade_diagnostico"", ""codigo_cid"": ""M968""}"
Diagnóstico CID-10 código M995: Estenose de disco intervertebral do canal medular.,entidade_diagnostico,"{""categoria"": ""entidade_diagnostico"", ""codigo_cid"": ""M995""}"
Diagnóstico CID-10 código M999: Lesão biomecânica não especificada.,entidade_diagnostico,"{""categoria"": ""entidade_diagnostico"", ""codigo_cid"": ""M999""}"
Diagnóstico CID-10 código N000: Síndrome nefrítica aguda - anormalidade glomerular minor.,entidade_diagnostico,"{""categoria"": ""entidade_diagnostico"", ""codigo_cid"": ""N000""}"
Diagnóstico CID-10 código N040: Síndrome nefrótica - anormalidade glomerular minor.,entidade_diagnostico,"{""categoria"": ""entidade_diagnostico"", ""codigo_cid"": ""N040""}"
Diagnóstico CID-10 código N041: Síndrome nefrótica - lesões glomerulares focais e segmentares.,entidade_diagnostico,"{""categoria"": ""entidade_diagnostico"", ""codigo_cid"": ""N041""}"
Diagnóstico CID-10 código N048: Síndrome nefrótica - outras.,entidade_diagnostico,"{""categoria"": ""entidade_diagnostico"", ""codigo_cid"": ""N048""}"
Diagnóstico CID-10 código N049: Síndrome nefrótica - não especificada.,entidade_diagnostico,"{""categoria"": ""entidade_diagnostico"", ""codigo_cid"": ""N049""}"
Diagnóstico CID-10 código N085: Transtornos glomerulares em doenças sistêmicas do tecido conjuntivo.,entidade_diagnostico,"{""categoria"": ""entidade_diagnostico"", ""codigo_cid"": ""N085""}"
Diagnóstico CID-10 código N10: Nefrite túbulo-intersticial aguda.,entidade_diagnostico,"{""categoria"": ""entidade_diagnostico"", ""codigo_cid"": ""N10""}"
Diagnóstico CID-10 código N110: Pielonefrite não-obstrutiva crônica associada a refluxo.,entidade_diagnostico,"{""categoria"": ""entidade_diagnostico"", ""codigo_cid"": ""N110""}"
Diagnóstico CID-10 código N111: Pielonefrite obstrutiva crônica.,entidade_diagnostico,"{""categoria"": ""entidade_diagnostico"", ""codigo_cid"": ""N111""}"
Diagnóstico CID-10 código N119: Nefrite túbulo-intersticial crônica não especificada.,entidade_diagnostico,"{""categoria"": ""entidade_diagnostico"", ""codigo_cid"": ""N119""}"
Diagnóstico CID-10 código N12: Nefrite túbulo-intersticial não especificada se aguda ou crônica.,entidade_diagnostico,"{""categoria"": ""entidade_diagnostico"", ""codigo_cid"": ""N12""}"
Diagnóstico CID-10 código N130: Hidronefrose com obstrução da junção uretero-pélvica.,entidade_diagnostico,"{""categoria"": ""entidade_diagnostico"", ""codigo_cid"": ""N130""}"
Diagnóstico CID-10 código N131: Hidronefrose com estreitamento de ureter não classificada em outra parte.,entidade_diagnostico,"{""categoria"": ""entidade_diagnostico"", ""codigo_cid"": ""N131""}"
Diagnóstico CID-10 código N132: Hidronefrose com obstrução por calculose renal e ureteral.,entidade_diagnostico,"{""categoria"": ""entidade_diagnostico"", ""codigo_cid"": ""N132""}"
Diagnóstico CID-10 código N133: Outras hidronefroses e as não especificadas.,entidade_diagnostico,"{""categoria"": ""entidade_diagnostico"", ""codigo_cid"": ""N133""}"
Diagnóstico CID-10 código N136: Pionefrose.,entidade_diagnostico,"{""categoria"": ""entidade_diagnostico"", ""codigo_cid"": ""N136""}"
Diagnóstico CID-10 código N138: Outras uropatias obstrutivas e por refluxo.,entidade_diagnostico,"{""categoria"": ""entidade_diagnostico"", ""codigo_cid"": ""N138""}"
Diagnóstico CID-10 código N151: Abscesso renal e perinefrético.,entidade_diagnostico,"{""categoria"": ""entidade_diagnostico"", ""codigo_cid"": ""N151""}"
Diagnóstico CID-10 código N164: Transtornos renais túbulo-intersticiais em doenças do tecido conjuntivo.,entidade_diagnostico,"{""categoria"": ""entidade_diagnostico"", ""codigo_cid"": ""N164""}"
Diagnóstico CID-10 código N165: Transtornos renais túbulo-intersticiais em rejeição a transplantes.,entidade_diagnostico,"{""categoria"": ""entidade_diagnostico"", ""codigo_cid"": ""N165""}"
Diagnóstico CID-10 código N170: Insuficiência renal aguda com necrose tubular.,entidade_diagnostico,"{""categoria"": ""entidade_diagnostico"", ""codigo_cid"": ""N170""}"
Diagnóstico CID-10 código N178: Outro tipo de insuficiência renal aguda.,entidade_diagnostico,"{""categoria"": ""entidade_diagnostico"", ""codigo_cid"": ""N178""}"
Diagnóstico CID-10 código N179: Insuficiência renal aguda não especificada.,entidade_diagnostico,"{""categoria"": ""entidade_diagnostico"", ""codigo_cid"": ""N179""}"
Diagnóstico CID-10 código N180: Doença renal em estádio final.,entidade_diagnostico,"{""categoria"": ""entidade_diagnostico"", ""codigo_cid"": ""N180""}"
Diagnóstico CID-10 código N188: Outra insuficiência renal crônica.,entidade_diagnostico,"{""categoria"": ""entidade_diagnostico"", ""codigo_cid"": ""N188""}"
Diagnóstico CID-10 código N189: Insuficiência renal crônica não especificada.,entidade_diagnostico,"{""categoria"": ""entidade_diagnostico"", ""codigo_cid"": ""N189""}"
Diagnóstico CID-10 código N200: Calculose do rim.,entidade_diagnostico,"{""categoria"": ""entidade_diagnostico"", ""codigo_cid"": ""N200""}"
Diagnóstico CID-10 código N201: Calculose do ureter.,entidade_diagnostico,"{""categoria"": ""entidade_diagnostico"", ""codigo_cid"": ""N201""}"
Diagnóstico CID-10 código N202: Calculose do rim com cálculo do ureter.,entidade_diagnostico,"{""categoria"": ""entidade_diagnostico"", ""codigo_cid"": ""N202""}"
"Diagnóstico CID-10 código N209: Calculose urinária, não especificada.",entidade_diagnostico,"{""categoria"": ""entidade_diagnostico"", ""codigo_cid"": ""N209""}"
Diagnóstico CID-10 código N210: Calculose na bexiga.,entidade_diagnostico,"{""categoria"": ""entidade_diagnostico"", ""codigo_cid"": ""N210""}"
Diagnóstico CID-10 código N211: Cálculo uretral.,entidade_diagnostico,"{""categoria"": ""entidade_diagnostico"", ""codigo_cid"": ""N211""}"
Diagnóstico CID-10 código N218: Outros cálculos do trato urinário inferior.,entidade_diagnostico,"{""categoria"": ""entidade_diagnostico"", ""codigo_cid"": ""N218""}"
"Diagnóstico CID-10 código N219: Cálculo do trato urinário inferior, porção não especificada.",entidade_diagnostico,"{""categoria"": ""entidade_diagnostico"", ""codigo_cid"": ""N219""}"
Diagnóstico CID-10 código N220: Cálculo urinário na esquistossomose [bilharziose] [schistosomíase].,entidade_diagnostico,"{""categoria"": ""entidade_diagnostico"", ""codigo_cid"": ""N220""}"
Diagnóstico CID-10 código N23: Cólica nefrética não especificada.,entidade_diagnostico,"{""categoria"": ""entidade_diagnostico"", ""codigo_cid"": ""N23""}"
Diagnóstico CID-10 código N288: Outros transtornos especificados do rim e do ureter.,entidade_diagnostico,"{""categoria"": ""entidade_diagnostico"", ""codigo_cid"": ""N288""}"
Diagnóstico CID-10 código N300: Cistite aguda.,entidade_diagnostico,"{""categoria"": ""entidade_diagnostico"", ""codigo_cid"": ""N300""}"
Diagnóstico CID-10 código N302: Outras cistites crônicas.,entidade_diagnostico,"{""categoria"": ""entidade_diagnostico"", ""codigo_cid"": ""N302""}"
"Diagnóstico CID-10 código N309: Cistite, não especificada.",entidade_diagnostico,"{""categoria"": ""entidade_diagnostico"", ""codigo_cid"": ""N309""}"
Diagnóstico CID-10 código N310: Bexiga neuropática não-inibida não classificada em outra parte.,entidade_diagnostico,"{""categoria"": ""entidade_diagnostico"", ""codigo_cid"": ""N310""}"
Diagnóstico CID-10 código N318: Outra disfunção neuromuscular da bexiga.,entidade_diagnostico,"{""categoria"": ""entidade_diagnostico"", ""codigo_cid"": ""N318""}"
Diagnóstico CID-10 código N319: Disfunção neuromuscular não especificada da bexiga.,entidade_diagnostico,"{""categoria"": ""entidade_diagnostico"", ""codigo_cid"": ""N319""}"
Diagnóstico CID-10 código N328: Outros transtornos especificados da bexiga.,entidade_diagnostico,"{""categoria"": ""entidade_diagnostico"", ""codigo_cid"": ""N328""}"
Diagnóstico CID-10 código N329: Transtorno não especificado da bexiga.,entidade_diagnostico,"{""categoria"": ""entidade_diagnostico"", ""codigo_cid"": ""N329""}"
Diagnóstico CID-10 código N350: Estenose uretral pós-traumática.,entidade_diagnostico,"{""categoria"": ""entidade_diagnostico"", ""codigo_cid"": ""N350""}"
Diagnóstico CID-10 código N358: Outra estenose (estreitamento) uretral.,entidade_diagnostico,"{""categoria"": ""entidade_diagnostico"", ""codigo_cid"": ""N358""}"
Diagnóstico CID-10 código N359: Estenose (estreitamento) uretral não especificada(o).,entidade_diagnostico,"{""categoria"": ""entidade_diagnostico"", ""codigo_cid"": ""N359""}"
Diagnóstico CID-10 código N369: Transtorno não especificado da uretra.,entidade_diagnostico,"{""categoria"": ""entidade_diagnostico"", ""codigo_cid"": ""N369""}"
Diagnóstico CID-10 código N370: Uretrite em doenças classificadas em outra parte.,entidade_diagnostico,"{""categoria"": ""entidade_diagnostico"", ""codigo_cid"": ""N370""}"
Diagnóstico CID-10 código N390: Infecção do trato urinário de localização não especificada.,entidade_diagnostico,"{""categoria"": ""entidade_diagnostico"", ""codigo_cid"": ""N390""}"
Diagnóstico CID-10 código N394: Outras incontinências urinárias especificadas.,entidade_diagnostico,"{""categoria"": ""entidade_diagnostico"", ""codigo_cid"": ""N394""}"
Diagnóstico CID-10 código N398: Outros transtornos especificados do aparelho urinário.,entidade_diagnostico,"{""categoria"": ""entidade_diagnostico"", ""codigo_cid"": ""N398""}"
Diagnóstico CID-10 código N399: Transtornos não especificados do aparelho urinário.,entidade_diagnostico,"{""categoria"": ""entidade_diagnostico"", ""codigo_cid"": ""N399""}"
Diagnóstico CID-10 código N40: Hiperplasia da próstata.,entidade_diagnostico,"{""categoria"": ""entidade_diagnostico"", ""codigo_cid"": ""N40""}"
Diagnóstico CID-10 código N428: Outras afecções especificadas da próstata.,entidade_diagnostico,"{""categoria"": ""entidade_diagnostico"", ""codigo_cid"": ""N428""}"
Diagnóstico CID-10 código N429: Afecção não especificada da próstata.,entidade_diagnostico,"{""categoria"": ""entidade_diagnostico"", ""codigo_cid"": ""N429""}"
Diagnóstico CID-10 código N430: Hidrocele encistada.,entidade_diagnostico,"{""categoria"": ""entidade_diagnostico"", ""codigo_cid"": ""N430""}"
Diagnóstico CID-10 código N432: Outra hidrocele.,entidade_diagnostico,"{""categoria"": ""entidade_diagnostico"", ""codigo_cid"": ""N432""}"
Diagnóstico CID-10 código N433: Hidrocele não especificada.,entidade_diagnostico,"{""categoria"": ""entidade_diagnostico"", ""codigo_cid"": ""N433""}"
Diagnóstico CID-10 código N44: Torção do testículo.,entidade_diagnostico,"{""categoria"": ""entidade_diagnostico"", ""codigo_cid"": ""N44""}"
"Diagnóstico CID-10 código N450: Orquite, epididimite e epidídimo-orquite, com menção de abscesso.",entidade_diagnostico,"{""categoria"": ""entidade_diagnostico"", ""codigo_cid"": ""N450""}"
"Diagnóstico CID-10 código N459: Orquite, epididimite e epidídimo-orquite, sem menção de abscesso.",entidade_diagnostico,"{""categoria"": ""entidade_diagnostico"", ""codigo_cid"": ""N459""}"
Diagnóstico CID-10 código N46: Infertilidade masculina.,entidade_diagnostico,"{""categoria"": ""entidade_diagnostico"", ""codigo_cid"": ""N46""}"
"Diagnóstico CID-10 código N47: Hipertrofia do prepúcio, fimose e parafimose.",entidade_diagnostico,"{""categoria"": ""entidade_diagnostico"", ""codigo_cid"": ""N47""}"
Diagnóstico CID-10 código N483: Priapismo.,entidade_diagnostico,"{""categoria"": ""entidade_diagnostico"", ""codigo_cid"": ""N483""}"
Diagnóstico CID-10 código N484: Impotência de origem orgânica.,entidade_diagnostico,"{""categoria"": ""entidade_diagnostico"", ""codigo_cid"": ""N484""}"
Diagnóstico CID-10 código N488: Outros transtornos especificados do pênis.,entidade_diagnostico,"{""categoria"": ""entidade_diagnostico"", ""codigo_cid"": ""N488""}"
Diagnóstico CID-10 código N508: Outros transtornos especificados dos órgãos genitais masculinos.,entidade_diagnostico,"{""categoria"": ""entidade_diagnostico"", ""codigo_cid"": ""N508""}"
Diagnóstico CID-10 código N61: Transtornos inflamatórios da mama.,entidade_diagnostico,"{""categoria"": ""entidade_diagnostico"", ""codigo_cid"": ""N61""}"
Diagnóstico CID-10 código N62: Hipertrofia da mama.,entidade_diagnostico,"{""categoria"": ""entidade_diagnostico"", ""codigo_cid"": ""N62""}"
Diagnóstico CID-10 código N63: Nódulo mamário não especificado.,entidade_diagnostico,"{""categoria"": ""entidade_diagnostico"", ""codigo_cid"": ""N63""}"
Diagnóstico CID-10 código N648: Outros transtornos especificados da mama.,entidade_diagnostico,"{""categoria"": ""entidade_diagnostico"", ""codigo_cid"": ""N648""}"
Diagnóstico CID-10 código N649: Transtorno da mama não especificado.,entidade_diagnostico,"{""categoria"": ""entidade_diagnostico"", ""codigo_cid"": ""N649""}"
Diagnóstico CID-10 código N700: Salpingite e ooforite agudas.,entidade_diagnostico,"{""categoria"": ""entidade_diagnostico"", ""codigo_cid"": ""N700""}"
Diagnóstico CID-10 código N709: Salpingite e ooforite não especificadas.,entidade_diagnostico,"{""categoria"": ""entidade_diagnostico"", ""codigo_cid"": ""N709""}"
Diagnóstico CID-10 código N736: Aderências pelviperitonais femininas.,entidade_diagnostico,"{""categoria"": ""entidade_diagnostico"", ""codigo_cid"": ""N736""}"
Diagnóstico CID-10 código N738: Outras doenças inflamatórias especificadas da pelve feminina.,entidade_diagnostico,"{""categoria"": ""entidade_diagnostico"", ""codigo_cid"": ""N738""}"
Diagnóstico CID-10 código N739: Doença inflamatória não especificada da pelve feminina.,entidade_diagnostico,"{""categoria"": ""entidade_diagnostico"", ""codigo_cid"": ""N739""}"
Diagnóstico CID-10 código N750: Cisto da glândula de Bartholin.,entidade_diagnostico,"{""categoria"": ""entidade_diagnostico"", ""codigo_cid"": ""N750""}"
Diagnóstico CID-10 código N751: Abscesso da glândula de Bartholin.,entidade_diagnostico,"{""categoria"": ""entidade_diagnostico"", ""codigo_cid"": ""N751""}"
Diagnóstico CID-10 código N758: Outras doenças da glândula de Bartholin.,entidade_diagnostico,"{""categoria"": ""entidade_diagnostico"", ""codigo_cid"": ""N758""}"
Diagnóstico CID-10 código N759: Doença não especificada da glândula de Bartholin.,entidade_diagnostico,"{""categoria"": ""entidade_diagnostico"", ""codigo_cid"": ""N759""}"
Diagnóstico CID-10 código N768: Outras inflamações especificadas da vagina e da vulva.,entidade_diagnostico,"{""categoria"": ""entidade_diagnostico"", ""codigo_cid"": ""N768""}"
Diagnóstico CID-10 código N800: Endometriose do útero.,entidade_diagnostico,"{""categoria"": ""entidade_diagnostico"", ""codigo_cid"": ""N800""}"
Diagnóstico CID-10 código N801: Endometriose do ovário.,entidade_diagnostico,"{""categoria"": ""entidade_diagnostico"", ""codigo_cid"": ""N801""}"
Diagnóstico CID-10 código N805: Endometriose do intestino.,entidade_diagnostico,"{""categoria"": ""entidade_diagnostico"", ""codigo_cid"": ""N805""}"
Diagnóstico CID-10 código N808: Outra endometriose.,entidade_diagnostico,"{""categoria"": ""entidade_diagnostico"", ""codigo_cid"": ""N808""}"
Diagnóstico CID-10 código N809: Endometriose não especificada.,entidade_diagnostico,"{""categoria"": ""entidade_diagnostico"", ""codigo_cid"": ""N809""}"
Diagnóstico CID-10 código N810: Uretrocele feminina.,entidade_diagnostico,"{""categoria"": ""entidade_diagnostico"", ""codigo_cid"": ""N810""}"
Diagnóstico CID-10 código N811: Cistocele.,entidade_diagnostico,"{""categoria"": ""entidade_diagnostico"", ""codigo_cid"": ""N811""}"
Diagnóstico CID-10 código N812: Prolapso uterovaginal incompleto.,entidade_diagnostico,"{""categoria"": ""entidade_diagnostico"", ""codigo_cid"": ""N812""}"
Diagnóstico CID-10 código N813: Prolapso uterovaginal completo.,entidade_diagnostico,"{""categoria"": ""entidade_diagnostico"", ""codigo_cid"": ""N813""}"
Diagnóstico CID-10 código N814: Prolapso uterovaginal não especificado.,entidade_diagnostico,"{""categoria"": ""entidade_diagnostico"", ""codigo_cid"": ""N814""}"
Diagnóstico CID-10 código N816: Retocele.,entidade_diagnostico,"{""categoria"": ""entidade_diagnostico"", ""codigo_cid"": ""N816""}"
Diagnóstico CID-10 código N818: Outro prolapso genital feminino.,entidade_diagnostico,"{""categoria"": ""entidade_diagnostico"", ""codigo_cid"": ""N818""}"
Diagnóstico CID-10 código N819: Prolapso genital feminino não especificado.,entidade_diagnostico,"{""categoria"": ""entidade_diagnostico"", ""codigo_cid"": ""N819""}"
Diagnóstico CID-10 código N820: Fístula vesicovaginal.,entidade_diagnostico,"{""categoria"": ""entidade_diagnostico"", ""codigo_cid"": ""N820""}"
Diagnóstico CID-10 código N832: Outros cistos ovarianos e os não especificados.,entidade_diagnostico,"{""categoria"": ""entidade_diagnostico"", ""codigo_cid"": ""N832""}"
Diagnóstico CID-10 código N836: Hematossalpinge.,entidade_diagnostico,"{""categoria"": ""entidade_diagnostico"", ""codigo_cid"": ""N836""}"
"Diagnóstico CID-10 código N838: Outros transtornos não-inflamatórios do ovário, da trompa de Falópio e do ligamento largo.",entidade_diagnostico,"{""categoria"": ""entidade_diagnostico"", ""codigo_cid"": ""N838""}"
"Diagnóstico CID-10 código N839: Transtornos não-inflamatórios do ovário, da trompa de Falópio e do ligamento largo, não especificados.",entidade_diagnostico,"{""categoria"": ""entidade_diagnostico"", ""codigo_cid"": ""N839""}"
Diagnóstico CID-10 código N840: Pólipo do corpo do útero.,entidade_diagnostico,"{""categoria"": ""entidade_diagnostico"", ""codigo_cid"": ""N840""}"
Diagnóstico CID-10 código N841: Pólipo do colo do útero.,entidade_diagnostico,"{""categoria"": ""entidade_diagnostico"", ""codigo_cid"": ""N841""}"
Diagnóstico CID-10 código N848: Pólipo de outras partes do trato genital feminino.,entidade_diagnostico,"{""categoria"": ""entidade_diagnostico"", ""codigo_cid"": ""N848""}"
Diagnóstico CID-10 código N849: Pólipo do trato genital feminino não especificado.,entidade_diagnostico,"{""categoria"": ""entidade_diagnostico"", ""codigo_cid"": ""N849""}"
Diagnóstico CID-10 código N850: Hiperplasia glandular endometrial.,entidade_diagnostico,"{""categoria"": ""entidade_diagnostico"", ""codigo_cid"": ""N850""}"
Diagnóstico CID-10 código N851: Hiperplasia adenomatosa endometrial.,entidade_diagnostico,"{""categoria"": ""entidade_diagnostico"", ""codigo_cid"": ""N851""}"
Diagnóstico CID-10 código N852: Hipertrofia do útero.,entidade_diagnostico,"{""categoria"": ""entidade_diagnostico"", ""codigo_cid"": ""N852""}"
Diagnóstico CID-10 código N858: Outros transtornos não-inflamatórios especificados do útero.,entidade_diagnostico,"{""categoria"": ""entidade_diagnostico"", ""codigo_cid"": ""N858""}"
"Diagnóstico CID-10 código N859: Transtornos não-inflamatórios do útero, não especificados.",entidade_diagnostico,"{""categoria"": ""entidade_diagnostico"", ""codigo_cid"": ""N859""}"
Diagnóstico CID-10 código N870: Displasia cervical leve.,entidade_diagnostico,"{""categoria"": ""entidade_diagnostico"", ""codigo_cid"": ""N870""}"
Diagnóstico CID-10 código N871: Displasia cervical moderada.,entidade_diagnostico,"{""categoria"": ""entidade_diagnostico"", ""codigo_cid"": ""N871""}"
"Diagnóstico CID-10 código N872: Displasia cervical grave, não classificada em outra parte.",entidade_diagnostico,"{""categoria"": ""entidade_diagnostico"", ""codigo_cid"": ""N872""}"
"Diagnóstico CID-10 código N879: Displasia do colo do útero, não especificada.",entidade_diagnostico,"{""categoria"": ""entidade_diagnostico"", ""codigo_cid"": ""N879""}"
Diagnóstico CID-10 código N883: Incompetência do colo do útero.,entidade_diagnostico,"{""categoria"": ""entidade_diagnostico"", ""codigo_cid"": ""N883""}"
Diagnóstico CID-10 código N888: Outros transtornos não-inflamatórios especificados do colo do útero.,entidade_diagnostico,"{""categoria"": ""entidade_diagnostico"", ""codigo_cid"": ""N888""}"
Diagnóstico CID-10 código N905: Atrofia da vulva.,entidade_diagnostico,"{""categoria"": ""entidade_diagnostico"", ""codigo_cid"": ""N905""}"
Diagnóstico CID-10 código N906: Hipertrofia da vulva.,entidade_diagnostico,"{""categoria"": ""entidade_diagnostico"", ""codigo_cid"": ""N906""}"
Diagnóstico CID-10 código N907: Cisto vulvar.,entidade_diagnostico,"{""categoria"": ""entidade_diagnostico"", ""codigo_cid"": ""N907""}"
Diagnóstico CID-10 código N908: Outros transtornos não-inflamatórios especificados da vulva e do períneo.,entidade_diagnostico,"{""categoria"": ""entidade_diagnostico"", ""codigo_cid"": ""N908""}"
Diagnóstico CID-10 código N920: Menstruação excessiva e freqüente com ciclo regular.,entidade_diagnostico,"{""categoria"": ""entidade_diagnostico"", ""codigo_cid"": ""N920""}"
Diagnóstico CID-10 código N921: Menstruação excessiva e freqüente com ciclo irregular.,entidade_diagnostico,"{""categoria"": ""entidade_diagnostico"", ""codigo_cid"": ""N921""}"
"Diagnóstico CID-10 código N926: Menstruação irregular, não especificada.",entidade_diagnostico,"{""categoria"": ""entidade_diagnostico"", ""codigo_cid"": ""N926""}"
Diagnóstico CID-10 código N938: Outros sangramentos anormais especificados do útero e da vagina.,entidade_diagnostico,"{""categoria"": ""entidade_diagnostico"", ""codigo_cid"": ""N938""}"
"Diagnóstico CID-10 código N939: Sangramento anormal do útero ou da vagina, não especificado.",entidade_diagnostico,"{""categoria"": ""entidade_diagnostico"", ""codigo_cid"": ""N939""}"
Diagnóstico CID-10 código N949: Afecções não especificadas associadas com os órgãos genitais femininos e com o ciclo menstrual.,entidade_diagnostico,"{""categoria"": ""entidade_diagnostico"", ""codigo_cid"": ""N949""}"
Diagnóstico CID-10 código N950: Sangramento pós-menopausa.,entidade_diagnostico,"{""categoria"": ""entidade_diagnostico"", ""codigo_cid"": ""N950""}"
Diagnóstico CID-10 código N979: Infertilidade feminina não especificada.,entidade_diagnostico,"{""categoria"": ""entidade_diagnostico"", ""codigo_cid"": ""N979""}"
Diagnóstico CID-10 código O000: Gravidez abdominal.,entidade_diagnostico,"{""categoria"": ""entidade_diagnostico"", ""codigo_cid"": ""O000""}"
Diagnóstico CID-10 código O001: Gravidez tubária.,entidade_diagnostico,"{""categoria"": ""entidade_diagnostico"", ""codigo_cid"": ""O001""}"
Diagnóstico CID-10 código O008: Outras formas de gravidez ectópica.,entidade_diagnostico,"{""categoria"": ""entidade_diagnostico"", ""codigo_cid"": ""O008""}"
"Diagnóstico CID-10 código O009: Gravidez ectópica, não especificada.",entidade_diagnostico,"{""categoria"": ""entidade_diagnostico"", ""codigo_cid"": ""O009""}"
Diagnóstico CID-10 código O010: Mola hidatiforme clássica.,entidade_diagnostico,"{""categoria"": ""entidade_diagnostico"", ""codigo_cid"": ""O010""}"
Diagnóstico CID-10 código O019: Mola hidatiforme não especificada.,entidade_diagnostico,"{""categoria"": ""entidade_diagnostico"", ""codigo_cid"": ""O019""}"
Diagnóstico CID-10 código O021: Aborto retido.,entidade_diagnostico,"{""categoria"": ""entidade_diagnostico"", ""codigo_cid"": ""O021""}"
"Diagnóstico CID-10 código O031: Aborto espontâneo - incompleto, complicado por hemorragia excessiva ou tardia.",entidade_diagnostico,"{""categoria"": ""entidade_diagnostico"", ""codigo_cid"": ""O031""}"
"Diagnóstico CID-10 código O033: Aborto espontâneo - incompleto, com outras complicações ou com complicações não especificadas.",entidade_diagnostico,"{""categoria"": ""entidade_diagnostico"", ""codigo_cid"": ""O033""}"
"Diagnóstico CID-10 código O034: Aborto espontâneo - incompleto, sem complicações.",entidade_diagnostico,"{""categoria"": ""entidade_diagnostico"", ""codigo_cid"": ""O034""}"
"Diagnóstico CID-10 código O039: Aborto espontâneo - completo ou não especificado, sem complicações.",entidade_diagnostico,"{""categoria"": ""entidade_diagnostico"", ""codigo_cid"": ""O039""}"
"Diagnóstico CID-10 código O048: Aborto por razões médicas e legais - completo ou não especificado, com outras complicações ou com complicações não especificadas.",entidade_diagnostico,"{""categoria"": ""entidade_diagnostico"", ""codigo_cid"": ""O048""}"
"Diagnóstico CID-10 código O049: Aborto por razões médicas e legais - completo ou não especificado, sem complicações.",entidade_diagnostico,"{""categoria"": ""entidade_diagnostico"", ""codigo_cid"": ""O049""}"
"Diagnóstico CID-10 código O053: Outros tipos de aborto - incompleto, com outras complicações ou com complicações não especificadas.",entidade_diagnostico,"{""categoria"": ""entidade_diagnostico"", ""codigo_cid"": ""O053""}"
"Diagnóstico CID-10 código O054: Outros tipos de aborto - incompleto, sem complicações.",entidade_diagnostico,"{""categoria"": ""entidade_diagnostico"", ""codigo_cid"": ""O054""}"
"Diagnóstico CID-10 código O060: Aborto não especificado - incompleto, complicado por infecção do trato genital ou dos órgãos pélvicos.",entidade_diagnostico,"{""categoria"": ""entidade_diagnostico"", ""codigo_cid"": ""O060""}"
"Diagnóstico CID-10 código O064: Aborto não especificado - incompleto, sem complicações.",entidade_diagnostico,"{""categoria"": ""entidade_diagnostico"", ""codigo_cid"": ""O064""}"
"Diagnóstico CID-10 código O068: Aborto não especificado - completo ou não especificado, com outras complicações ou com complicações não especificadas.",entidade_diagnostico,"{""categoria"": ""entidade_diagnostico"", ""codigo_cid"": ""O068""}"
"Diagnóstico CID-10 código O069: Aborto não especificado - completo ou não especificado, sem complicações.",entidade_diagnostico,"{""categoria"": ""entidade_diagnostico"", ""codigo_cid"": ""O069""}"
"Diagnóstico CID-10 código O100: Hipertensão essencial pré-existente complicando a gravidez, o parto e o puerpério.",entidade_diagnostico,"{""categoria"": ""entidade_diagnostico"", ""codigo_cid"": ""O100""}"
"Diagnóstico CID-10 código O101: Doença cardíaca hipertensiva pré-existente complicando a gravidez, o parto e o puerpério.",entidade_diagnostico,"{""categoria"": ""entidade_diagnostico"", ""codigo_cid"": ""O101""}"
"Diagnóstico CID-10 código O104: Hipertensão secundária pré-existente complicando a gravidez, o parto e o puerpério.",entidade_diagnostico,"{""categoria"": ""entidade_diagnostico"", ""codigo_cid"": ""O104""}"
"Diagnóstico CID-10 código O109: Hipertensão pré-existente não especificada, complicando a gravidez, o parto e o puerpério.",entidade_diagnostico,"{""categoria"": ""entidade_diagnostico"", ""codigo_cid"": ""O109""}"
Diagnóstico CID-10 código O11: Distúrbio hipertensivo pré-existente com proteinúria superposta.,entidade_diagnostico,"{""categoria"": ""entidade_diagnostico"", ""codigo_cid"": ""O11""}"
Diagnóstico CID-10 código O13: Hipertensão gestacional [induzida pela gravidez] sem proteinúria significativa.,entidade_diagnostico,"{""categoria"": ""entidade_diagnostico"", ""codigo_cid"": ""O13""}"
Diagnóstico CID-10 código O140: Pré-eclâmpsia moderada.,entidade_diagnostico,"{""categoria"": ""entidade_diagnostico"", ""codigo_cid"": ""O140""}"
Diagnóstico CID-10 código O141: Pré-eclâmpsia grave.,entidade_diagnostico,"{""categoria"": ""entidade_diagnostico"", ""codigo_cid"": ""O141""}"
Diagnóstico CID-10 código O149: Pré-eclâmpsia não especificada.,entidade_diagnostico,"{""categoria"": ""entidade_diagnostico"", ""codigo_cid"": ""O149""}"
Diagnóstico CID-10 código O150: Eclâmpsia na gravidez.,entidade_diagnostico,"{""categoria"": ""entidade_diagnostico"", ""codigo_cid"": ""O150""}"
Diagnóstico CID-10 código O159: Eclâmpsia não especificada quanto ao período.,entidade_diagnostico,"{""categoria"": ""entidade_diagnostico"", ""codigo_cid"": ""O159""}"
Diagnóstico CID-10 código O16: Hipertensão materna não especificada.,entidade_diagnostico,"{""categoria"": ""entidade_diagnostico"", ""codigo_cid"": ""O16""}"
Diagnóstico CID-10 código O200: Ameaça de aborto.,entidade_diagnostico,"{""categoria"": ""entidade_diagnostico"", ""codigo_cid"": ""O200""}"
Diagnóstico CID-10 código O208: Outras hemorragias do início da gravidez.,entidade_diagnostico,"{""categoria"": ""entidade_diagnostico"", ""codigo_cid"": ""O208""}"
"Diagnóstico CID-10 código O209: Hemorragia do início da gravidez, não especificada.",entidade_diagnostico,"{""categoria"": ""entidade_diagnostico"", ""codigo_cid"": ""O209""}"
Diagnóstico CID-10 código O210: Hiperêmese gravídica leve.,entidade_diagnostico,"{""categoria"": ""entidade_diagnostico"", ""codigo_cid"": ""O210""}"
Diagnóstico CID-10 código O211: Hiperêmese gravídica com distúrbio metabólico.,entidade_diagnostico,"{""categoria"": ""entidade_diagnostico"", ""codigo_cid"": ""O211""}"
"Diagnóstico CID-10 código O219: Vômitos da gravidez, não especificados.",entidade_diagnostico,"{""categoria"": ""entidade_diagnostico"", ""codigo_cid"": ""O219""}"
Diagnóstico CID-10 código O230: Infecções do rim na gravidez.,entidade_diagnostico,"{""categoria"": ""entidade_diagnostico"", ""codigo_cid"": ""O230""}"
Diagnóstico CID-10 código O231: Infecções da bexiga na gravidez.,entidade_diagnostico,"{""categoria"": ""entidade_diagnostico"", ""codigo_cid"": ""O231""}"
Diagnóstico CID-10 código O233: Infecções de outras partes do trato urinário na gravidez.,entidade_diagnostico,"{""categoria"": ""entidade_diagnostico"", ""codigo_cid"": ""O233""}"
Diagnóstico CID-10 código O234: Infecção não especificada do trato urinário na gravidez.,entidade_diagnostico,"{""categoria"": ""entidade_diagnostico"", ""codigo_cid"": ""O234""}"
Diagnóstico CID-10 código O235: Infecções do trato genital na gravidez.,entidade_diagnostico,"{""categoria"": ""entidade_diagnostico"", ""codigo_cid"": ""O235""}"
Diagnóstico CID-10 código O239: Outras infecções e as não especificadas do trato urinário na gravidez.,entidade_diagnostico,"{""categoria"": ""entidade_diagnostico"", ""codigo_cid"": ""O239""}"
"Diagnóstico CID-10 código O240: Diabetes mellitus pré-existente, insulino-dependente.",entidade_diagnostico,"{""categoria"": ""entidade_diagnostico"", ""codigo_cid"": ""O240""}"
"Diagnóstico CID-10 código O241: Diabetes mellitus pré-existente, não-insulino-dependente.",entidade_diagnostico,"{""categoria"": ""entidade_diagnostico"", ""codigo_cid"": ""O241""}"
"Diagnóstico CID-10 código O243: Diabetes mellitus pré-existente, não especificado.",entidade_diagnostico,"{""categoria"": ""entidade_diagnostico"", ""codigo_cid"": ""O243""}"
Diagnóstico CID-10 código O244: Diabetes mellitus que surge durante a gravidez.,entidade_diagnostico,"{""categoria"": ""entidade_diagnostico"", ""codigo_cid"": ""O244""}"
"Diagnóstico CID-10 código O249: Diabetes mellitus na gravidez, não especificado.",entidade_diagnostico,"{""categoria"": ""entidade_diagnostico"", ""codigo_cid"": ""O249""}"
"Diagnóstico CID-10 código O268: Outras afecções especificadas, ligadas a gravidez.",entidade_diagnostico,"{""categoria"": ""entidade_diagnostico"", ""codigo_cid"": ""O268""}"
"Diagnóstico CID-10 código O269: Afecções ligadas a gravidez, não especificadas.",entidade_diagnostico,"{""categoria"": ""entidade_diagnostico"", ""codigo_cid"": ""O269""}"
Diagnóstico CID-10 código O300: Gravidez dupla.,entidade_diagnostico,"{""categoria"": ""entidade_diagnostico"", ""codigo_cid"": ""O300""}"
"Diagnóstico CID-10 código O309: Gestação múltipla, não especificada.",entidade_diagnostico,"{""categoria"": ""entidade_diagnostico"", ""codigo_cid"": ""O309""}"
Diagnóstico CID-10 código O320: Assistência prestada à mãe por posição fetal instável.,entidade_diagnostico,"{""categoria"": ""entidade_diagnostico"", ""codigo_cid"": ""O320""}"
Diagnóstico CID-10 código O321: Assistência prestada à mãe por apresentação pélvica.,entidade_diagnostico,"{""categoria"": ""entidade_diagnostico"", ""codigo_cid"": ""O321""}"
Diagnóstico CID-10 código O322: Assistência prestada à mãe por posição fetal transversa e oblíqua.,entidade_diagnostico,"{""categoria"": ""entidade_diagnostico"", ""codigo_cid"": ""O322""}"
Diagnóstico CID-10 código O324: Assistência prestada à mãe por polo cefálico alto em gestação a termo.,entidade_diagnostico,"{""categoria"": ""entidade_diagnostico"", ""codigo_cid"": ""O324""}"
Diagnóstico CID-10 código O328: Assistência prestada à mãe por outras formas de apresentação anormal do feto.,entidade_diagnostico,"{""categoria"": ""entidade_diagnostico"", ""codigo_cid"": ""O328""}"
Diagnóstico CID-10 código O330: Assistência prestada à mãe por uma desproporção devida à deformidade da pelve óssea materna.,entidade_diagnostico,"{""categoria"": ""entidade_diagnostico"", ""codigo_cid"": ""O330""}"
"Diagnóstico CID-10 código O334: Assistência prestada à mãe por uma desproporção de origem mista, materna e fetal.",entidade_diagnostico,"{""categoria"": ""entidade_diagnostico"", ""codigo_cid"": ""O334""}"
Diagnóstico CID-10 código O335: Assistência prestada à mãe por uma desproporção devida a feto excepcionalmente grande.,entidade_diagnostico,"{""categoria"": ""entidade_diagnostico"", ""codigo_cid"": ""O335""}"
Diagnóstico CID-10 código O338: Assistência prestada à mãe por uma desproporção de outra origem.,entidade_diagnostico,"{""categoria"": ""entidade_diagnostico"", ""codigo_cid"": ""O338""}"
"Diagnóstico CID-10 código O339: Assistência prestada à mãe por uma desproporção, não especificada.",entidade_diagnostico,"{""categoria"": ""entidade_diagnostico"", ""codigo_cid"": ""O339""}"
Diagnóstico CID-10 código O342: Assistência prestada à mãe por cicatriz uterina devida a uma cirurgia anterior.,entidade_diagnostico,"{""categoria"": ""entidade_diagnostico"", ""codigo_cid"": ""O342""}"
Diagnóstico CID-10 código O343: Assistência prestada à mãe por incompetência cervical.,entidade_diagnostico,"{""categoria"": ""entidade_diagnostico"", ""codigo_cid"": ""O343""}"
Diagnóstico CID-10 código O344: Assistência prestada à mãe por outras anormalidades do colo do útero.,entidade_diagnostico,"{""categoria"": ""entidade_diagnostico"", ""codigo_cid"": ""O344""}"
"Diagnóstico CID-10 código O359: Assistência prestada à mãe por lesão ou anormalidade fetais (suspeitadas), não especificadas.",entidade_diagnostico,"{""categoria"": ""entidade_diagnostico"", ""codigo_cid"": ""O359""}"
Diagnóstico CID-10 código O360: Assistência prestada à mãe por isoimunização Rh.,entidade_diagnostico,"{""categoria"": ""entidade_diagnostico"", ""codigo_cid"": ""O360""}"
Diagnóstico CID-10 código O363: Assistência prestada à mãe por sinais de hipóxia fetal.,entidade_diagnostico,"{""categoria"": ""entidade_diagnostico"", ""codigo_cid"": ""O363""}"
Diagnóstico CID-10 código O364: Assistência prestada à mãe por morte intra-uterina.,entidade_diagnostico,"{""categoria"": ""entidade_diagnostico"", ""codigo_cid"": ""O364""}"
Diagnóstico CID-10 código O365: Assistência prestada à mãe por insuficiência de crescimento fetal.,entidade_diagnostico,"{""categoria"": ""entidade_diagnostico"", ""codigo_cid"": ""O365""}"
Diagnóstico CID-10 código O366: Assistência prestada à mãe por crescimento fetal excessivo.,entidade_diagnostico,"{""categoria"": ""entidade_diagnostico"", ""codigo_cid"": ""O366""}"
Diagnóstico CID-10 código O368: Assistência prestada à mãe por outros problemas fetais especificados.,entidade_diagnostico,"{""categoria"": ""entidade_diagnostico"", ""codigo_cid"": ""O368""}"
Diagnóstico CID-10 código O369: Assistência prestada à mãe por problema fetal não especificado.,entidade_diagnostico,"{""categoria"": ""entidade_diagnostico"", ""codigo_cid"": ""O369""}"
Diagnóstico CID-10 código O410: Oligohidrâmnio.,entidade_diagnostico,"{""categoria"": ""entidade_diagnostico"", ""codigo_cid"": ""O410""}"
Diagnóstico CID-10 código O418: Outros transtornos especificados do líquido amniótico e das membranas.,entidade_diagnostico,"{""categoria"": ""entidade_diagnostico"", ""codigo_cid"": ""O418""}"
Diagnóstico CID-10 código O419: Transtornos do líquido amniótico e das membranas não especificados.,entidade_diagnostico,"{""categoria"": ""entidade_diagnostico"", ""codigo_cid"": ""O419""}"
"Diagnóstico CID-10 código O420: Ruptura prematura de membranas, com início do trabalho de parto dentro de 24 horas.",entidade_diagnostico,"{""categoria"": ""entidade_diagnostico"", ""codigo_cid"": ""O420""}"
"Diagnóstico CID-10 código O421: Ruptura prematura de membranas, com início do trabalho de parto depois das primeiras 24 horas.",entidade_diagnostico,"{""categoria"": ""entidade_diagnostico"", ""codigo_cid"": ""O421""}"
"Diagnóstico CID-10 código O422: Ruptura prematura de membranas, com trabalho de parto retardado por terapêutica.",entidade_diagnostico,"{""categoria"": ""entidade_diagnostico"", ""codigo_cid"": ""O422""}"
"Diagnóstico CID-10 código O429: Ruptura prematura de membranas, não especificada.",entidade_diagnostico,"{""categoria"": ""entidade_diagnostico"", ""codigo_cid"": ""O429""}"
Diagnóstico CID-10 código O430: Síndromes de transfusão placentária.,entidade_diagnostico,"{""categoria"": ""entidade_diagnostico"", ""codigo_cid"": ""O430""}"
Diagnóstico CID-10 código O441: Placenta prévia com hemorragia.,entidade_diagnostico,"{""categoria"": ""entidade_diagnostico"", ""codigo_cid"": ""O441""}"
Diagnóstico CID-10 código O458: Outro descolamento prematuro da placenta.,entidade_diagnostico,"{""categoria"": ""entidade_diagnostico"", ""codigo_cid"": ""O458""}"
"Diagnóstico CID-10 código O459: Descolamento prematuro da placenta, não especificado.",entidade_diagnostico,"{""categoria"": ""entidade_diagnostico"", ""codigo_cid"": ""O459""}"
Diagnóstico CID-10 código O470: Falso trabalho de parto antes de se completarem 37 semanas de gestação.,entidade_diagnostico,"{""categoria"": ""entidade_diagnostico"", ""codigo_cid"": ""O470""}"
Diagnóstico CID-10 código O471: Falso trabalho de parto na 37ª semana completa ou depois dela.,entidade_diagnostico,"{""categoria"": ""entidade_diagnostico"", ""codigo_cid"": ""O471""}"
"Diagnóstico CID-10 código O479: Falso trabalho de parto, não especificado.",entidade_diagnostico,"{""categoria"": ""entidade_diagnostico"", ""codigo_cid"": ""O479""}"
Diagnóstico CID-10 código O48: Gravidez prolongada.,entidade_diagnostico,"{""categoria"": ""entidade_diagnostico"", ""codigo_cid"": ""O48""}"
Diagnóstico CID-10 código O600: Trabalho de parto pré-termo sem parto.,entidade_diagnostico,"{""categoria"": ""entidade_diagnostico"", ""codigo_cid"": ""O600""}"
Diagnóstico CID-10 código O601: Trabalho de parto pré-termo com parto pré-termo.,entidade_diagnostico,"{""categoria"": ""entidade_diagnostico"", ""codigo_cid"": ""O601""}"
Diagnóstico CID-10 código O602: Trabalho de parto pré-termo com parto a termo.,entidade_diagnostico,"{""categoria"": ""entidade_diagnostico"", ""codigo_cid"": ""O602""}"
Diagnóstico CID-10 código O610: Falha na indução médica do trabalho de parto.,entidade_diagnostico,"{""categoria"": ""entidade_diagnostico"", ""codigo_cid"": ""O610""}"
Diagnóstico CID-10 código O618: Outras formas de falha na indução do trabalho de parto.,entidade_diagnostico,"{""categoria"": ""entidade_diagnostico"", ""codigo_cid"": ""O618""}"
"Diagnóstico CID-10 código O619: Falha na indução do trabalho de parto, não especificada.",entidade_diagnostico,"{""categoria"": ""entidade_diagnostico"", ""codigo_cid"": ""O619""}"
Diagnóstico CID-10 código O620: Contrações iniciais inadequadas.,entidade_diagnostico,"{""categoria"": ""entidade_diagnostico"", ""codigo_cid"": ""O620""}"
Diagnóstico CID-10 código O621: Inércia uterina secundária.,entidade_diagnostico,"{""categoria"": ""entidade_diagnostico"", ""codigo_cid"": ""O621""}"
Diagnóstico CID-10 código O622: Outras formas de inércia uterina.,entidade_diagnostico,"{""categoria"": ""entidade_diagnostico"", ""codigo_cid"": ""O622""}"
Diagnóstico CID-10 código O623: Trabalho de parto precipitado.,entidade_diagnostico,"{""categoria"": ""entidade_diagnostico"", ""codigo_cid"": ""O623""}"
"Diagnóstico CID-10 código O624: Contrações uterinas hipertônicas, incoordenadas ou prolongadas.",entidade_diagnostico,"{""categoria"": ""entidade_diagnostico"", ""codigo_cid"": ""O624""}"
Diagnóstico CID-10 código O628: Outras anormalidades da contração uterina.,entidade_diagnostico,"{""categoria"": ""entidade_diagnostico"", ""codigo_cid"": ""O628""}"
"Diagnóstico CID-10 código O629: Anormalidades da contração uterina, não especificadas.",entidade_diagnostico,"{""categoria"": ""entidade_diagnostico"", ""codigo_cid"": ""O629""}"
Diagnóstico CID-10 código O630: Prolongamento do primeiro período (dilatação).,entidade_diagnostico,"{""categoria"": ""entidade_diagnostico"", ""codigo_cid"": ""O630""}"
Diagnóstico CID-10 código O631: Prolongamento do segundo período (expulsão).,entidade_diagnostico,"{""categoria"": ""entidade_diagnostico"", ""codigo_cid"": ""O631""}"
"Diagnóstico CID-10 código O639: Trabalho de parto prolongado, não especificado.",entidade_diagnostico,"{""categoria"": ""entidade_diagnostico"", ""codigo_cid"": ""O639""}"
Diagnóstico CID-10 código O640: Obstrução do trabalho de parto devida à rotação incompleta do polo cefálico fetal.,entidade_diagnostico,"{""categoria"": ""entidade_diagnostico"", ""codigo_cid"": ""O640""}"
Diagnóstico CID-10 código O641: Obstrução do trabalho de parto devida à apresentação pélvica.,entidade_diagnostico,"{""categoria"": ""entidade_diagnostico"", ""codigo_cid"": ""O641""}"
"Diagnóstico CID-10 código O649: Obstrução do trabalho de parto devida a má-posição ou má-apresentação, não especificadas.",entidade_diagnostico,"{""categoria"": ""entidade_diagnostico"", ""codigo_cid"": ""O649""}"
"Diagnóstico CID-10 código O654: Obstrução do trabalho de parto devida a desproporção feto-pélvica, não especificada.",entidade_diagnostico,"{""categoria"": ""entidade_diagnostico"", ""codigo_cid"": ""O654""}"
Diagnóstico CID-10 código O658: Obstrução do trabalho de parto devida a outras anormalidades pélvicas maternas.,entidade_diagnostico,"{""categoria"": ""entidade_diagnostico"", ""codigo_cid"": ""O658""}"
Diagnóstico CID-10 código O659: Obstrução do trabalho de parto devida a anormalidades pélvicas maternas não especificadas.,entidade_diagnostico,"{""categoria"": ""entidade_diagnostico"", ""codigo_cid"": ""O659""}"
Diagnóstico CID-10 código O660: Obstrução do trabalho de parto devido a distócia de ombro.,entidade_diagnostico,"{""categoria"": ""entidade_diagnostico"", ""codigo_cid"": ""O660""}"
Diagnóstico CID-10 código O662: Obstrução do trabalho de parto por feto excepcionalmente grande.,entidade_diagnostico,"{""categoria"": ""entidade_diagnostico"", ""codigo_cid"": ""O662""}"
"Diagnóstico CID-10 código O664: Falha de tentativa de trabalho de parto, não especificada.",entidade_diagnostico,"{""categoria"": ""entidade_diagnostico"", ""codigo_cid"": ""O664""}"
"Diagnóstico CID-10 código O668: Outras formas de obstrução do trabalho de parto, especificadas.",entidade_diagnostico,"{""categoria"": ""entidade_diagnostico"", ""codigo_cid"": ""O668""}"
"Diagnóstico CID-10 código O669: Obstrução do trabalho de parto, não especificado.",entidade_diagnostico,"{""categoria"": ""entidade_diagnostico"", ""codigo_cid"": ""O669""}"
Diagnóstico CID-10 código O680: Trabalho de parto e parto complicados por anormalidade da freqüência cardíaca fetal.,entidade_diagnostico,"{""categoria"": ""entidade_diagnostico"", ""codigo_cid"": ""O680""}"
Diagnóstico CID-10 código O681: Trabalho de parto e parto complicados por mecônio no líquido amniótico.,entidade_diagnostico,"{""categoria"": ""entidade_diagnostico"", ""codigo_cid"": ""O681""}"
Diagnóstico CID-10 código O682: Trabalho de parto e parto complicados por anormalidade na freqüência cardíaca fetal com mecônio no líquido amniótico.,entidade_diagnostico,"{""categoria"": ""entidade_diagnostico"", ""codigo_cid"": ""O682""}"
Diagnóstico CID-10 código O688: Trabalho de parto e parto complicados por outras evidências de sofrimento fetal.,entidade_diagnostico,"{""categoria"": ""entidade_diagnostico"", ""codigo_cid"": ""O688""}"
"Diagnóstico CID-10 código O689: Trabalho de parto e parto complicados por sofrimento fetal, não especificado.",entidade_diagnostico,"{""categoria"": ""entidade_diagnostico"", ""codigo_cid"": ""O689""}"
"Diagnóstico CID-10 código O691: Trabalho de parto e parto complicados por circular de cordão, com compressão.",entidade_diagnostico,"{""categoria"": ""entidade_diagnostico"", ""codigo_cid"": ""O691""}"
Diagnóstico CID-10 código O700: Laceração de períneo de primeiro grau durante o parto.,entidade_diagnostico,"{""categoria"": ""entidade_diagnostico"", ""codigo_cid"": ""O700""}"
Diagnóstico CID-10 código O701: Laceração de períneo de segundo grau durante o parto.,entidade_diagnostico,"{""categoria"": ""entidade_diagnostico"", ""codigo_cid"": ""O701""}"
Diagnóstico CID-10 código O702: Laceração de períneo de terceiro grau durante o parto.,entidade_diagnostico,"{""categoria"": ""entidade_diagnostico"", ""codigo_cid"": ""O702""}"
"Diagnóstico CID-10 código O709: Laceração de períneo durante o parto, não especificada.",entidade_diagnostico,"{""categoria"": ""entidade_diagnostico"", ""codigo_cid"": ""O709""}"
Diagnóstico CID-10 código O710: Ruptura do útero antes do início do trabalho de parto.,entidade_diagnostico,"{""categoria"": ""entidade_diagnostico"", ""codigo_cid"": ""O710""}"
Diagnóstico CID-10 código O711: Ruptura do útero durante o trabalho de parto.,entidade_diagnostico,"{""categoria"": ""entidade_diagnostico"", ""codigo_cid"": ""O711""}"
Diagnóstico CID-10 código O715: Outras lesões obstétricas aos órgãos pélvicos.,entidade_diagnostico,"{""categoria"": ""entidade_diagnostico"", ""codigo_cid"": ""O715""}"
Diagnóstico CID-10 código O721: Outras hemorragias do pós-parto imediato.,entidade_diagnostico,"{""categoria"": ""entidade_diagnostico"", ""codigo_cid"": ""O721""}"
Diagnóstico CID-10 código O730: Retenção da placenta sem hemorragia.,entidade_diagnostico,"{""categoria"": ""entidade_diagnostico"", ""codigo_cid"": ""O730""}"
"Diagnóstico CID-10 código O731: Retenção de partes da placenta ou das membranas, sem hemorragia.",entidade_diagnostico,"{""categoria"": ""entidade_diagnostico"", ""codigo_cid"": ""O731""}"
Diagnóstico CID-10 código O750: Sofrimento materno durante o trabalho de parto e o parto.,entidade_diagnostico,"{""categoria"": ""entidade_diagnostico"", ""codigo_cid"": ""O750""}"
Diagnóstico CID-10 código O754: Outras complicações de procedimentos ou de cirurgia obstétrica.,entidade_diagnostico,"{""categoria"": ""entidade_diagnostico"", ""codigo_cid"": ""O754""}"
Diagnóstico CID-10 código O756: Demora do parto após ruptura espontânea ou não especificada das membranas.,entidade_diagnostico,"{""categoria"": ""entidade_diagnostico"", ""codigo_cid"": ""O756""}"
"Diagnóstico CID-10 código O759: Complicações do trabalho de parto e do parto, não especificadas.",entidade_diagnostico,"{""categoria"": ""entidade_diagnostico"", ""codigo_cid"": ""O759""}"
Diagnóstico CID-10 código O800: Parto espontâneo cefálico.,entidade_diagnostico,"{""categoria"": ""entidade_diagnostico"", ""codigo_cid"": ""O800""}"
Diagnóstico CID-10 código O801: Parto espontâneo pélvico.,entidade_diagnostico,"{""categoria"": ""entidade_diagnostico"", ""codigo_cid"": ""O801""}"
Diagnóstico CID-10 código O808: Outros tipos de parto único espontâneo.,entidade_diagnostico,"{""categoria"": ""entidade_diagnostico"", ""codigo_cid"": ""O808""}"
"Diagnóstico CID-10 código O809: Parto único espontâneo, não especificado.",entidade_diagnostico,"{""categoria"": ""entidade_diagnostico"", ""codigo_cid"": ""O809""}"
Diagnóstico CID-10 código O810: Parto por fórceps baixo.,entidade_diagnostico,"{""categoria"": ""entidade_diagnostico"", ""codigo_cid"": ""O810""}"
Diagnóstico CID-10 código O812: Fórceps da cavidade mediana com rotação.,entidade_diagnostico,"{""categoria"": ""entidade_diagnostico"", ""codigo_cid"": ""O812""}"
Diagnóstico CID-10 código O813: Outros tipos de parto por fórceps e os não especificados.,entidade_diagnostico,"{""categoria"": ""entidade_diagnostico"", ""codigo_cid"": ""O813""}"
Diagnóstico CID-10 código O814: Parto por vácuo-extrator.,entidade_diagnostico,"{""categoria"": ""entidade_diagnostico"", ""codigo_cid"": ""O814""}"
Diagnóstico CID-10 código O820: Parto por cesariana eletiva.,entidade_diagnostico,"{""categoria"": ""entidade_diagnostico"", ""codigo_cid"": ""O820""}"
Diagnóstico CID-10 código O821: Parto por cesariana de emergência.,entidade_diagnostico,"{""categoria"": ""entidade_diagnostico"", ""codigo_cid"": ""O821""}"
Diagnóstico CID-10 código O828: Outros tipos de parto único por cesariana.,entidade_diagnostico,"{""categoria"": ""entidade_diagnostico"", ""codigo_cid"": ""O828""}"
"Diagnóstico CID-10 código O829: Parto por cesariana, não especificada.",entidade_diagnostico,"{""categoria"": ""entidade_diagnostico"", ""codigo_cid"": ""O829""}"
Diagnóstico CID-10 código O833: Parto de gravidez intra-abdominal com feto viável.,entidade_diagnostico,"{""categoria"": ""entidade_diagnostico"", ""codigo_cid"": ""O833""}"
"Diagnóstico CID-10 código O842: Parto múltiplo, todos por cesariana.",entidade_diagnostico,"{""categoria"": ""entidade_diagnostico"", ""codigo_cid"": ""O842""}"
Diagnóstico CID-10 código O85: Infecção puerperal.,entidade_diagnostico,"{""categoria"": ""entidade_diagnostico"", ""codigo_cid"": ""O85""}"
Diagnóstico CID-10 código O860: Infecção da incisão cirúrgica de origem obstétrica.,entidade_diagnostico,"{""categoria"": ""entidade_diagnostico"", ""codigo_cid"": ""O860""}"
"Diagnóstico CID-10 código O908: Outras complicações do puerpério, não classificadas em outra parte.",entidade_diagnostico,"{""categoria"": ""entidade_diagnostico"", ""codigo_cid"": ""O908""}"
Diagnóstico CID-10 código O909: Complicação do puerpério não especificada.,entidade_diagnostico,"{""categoria"": ""entidade_diagnostico"", ""codigo_cid"": ""O909""}"
"Diagnóstico CID-10 código O981: Sífilis complicando a gravidez, o parto e o puerpério.",entidade_diagnostico,"{""categoria"": ""entidade_diagnostico"", ""codigo_cid"": ""O981""}"
"Diagnóstico CID-10 código O990: Anemia complicando a gravidez, o parto e o puerpério.",entidade_diagnostico,"{""categoria"": ""entidade_diagnostico"", ""codigo_cid"": ""O990""}"
"Diagnóstico CID-10 código O991: Outras doenças do sangue e dos órgãos hematopoéticos e alguns transtornos que comprometem o sistema imunológico, complicando a gravidez, o parto e o puerpério.",entidade_diagnostico,"{""categoria"": ""entidade_diagnostico"", ""codigo_cid"": ""O991""}"
"Diagnóstico CID-10 código O992: Doenças endócrinas, nutricionais e metabólicas complicando a gravidez, o parto e o puerpério.",entidade_diagnostico,"{""categoria"": ""entidade_diagnostico"", ""codigo_cid"": ""O992""}"
"Diagnóstico CID-10 código O993: Transtornos mentais e doenças do sistema nervoso complicando a gravidez, o parto e o puerpério.",entidade_diagnostico,"{""categoria"": ""entidade_diagnostico"", ""codigo_cid"": ""O993""}"
"Diagnóstico CID-10 código O994: Doenças do aparelho circulatório complicando a gravidez, o parto e o puerpério.",entidade_diagnostico,"{""categoria"": ""entidade_diagnostico"", ""codigo_cid"": ""O994""}"
"Diagnóstico CID-10 código O996: Doenças do aparelho digestivo complicando a gravidez, o parto e o puerpério.",entidade_diagnostico,"{""categoria"": ""entidade_diagnostico"", ""codigo_cid"": ""O996""}"
"Diagnóstico CID-10 código O998: Outras doenças e afecções especificadas complicando a gravidez, o parto e o puerpério.",entidade_diagnostico,"{""categoria"": ""entidade_diagnostico"", ""codigo_cid"": ""O998""}"
Diagnóstico CID-10 código P000: Feto e recém-nascido afetados por transtornos maternos hipertensivos.,entidade_diagnostico,"{""categoria"": ""entidade_diagnostico"", ""codigo_cid"": ""P000""}"
Diagnóstico CID-10 código P002: Feto e recém-nascido afetados por doenças infecciosas e parasitárias da mãe.,entidade_diagnostico,"{""categoria"": ""entidade_diagnostico"", ""codigo_cid"": ""P002""}"
Diagnóstico CID-10 código P008: Feto e recém-nascido afetados por outras afecções maternas.,entidade_diagnostico,"{""categoria"": ""entidade_diagnostico"", ""codigo_cid"": ""P008""}"
Diagnóstico CID-10 código P009: Feto e recém-nascido afetados por afecção materna não especificada.,entidade_diagnostico,"{""categoria"": ""entidade_diagnostico"", ""codigo_cid"": ""P009""}"
Diagnóstico CID-10 código P030: Feto e recém-nascido afetados por parto e extração pélvicas.,entidade_diagnostico,"{""categoria"": ""entidade_diagnostico"", ""codigo_cid"": ""P030""}"
Diagnóstico CID-10 código P039: Feto e recém-nascido afetados por complicações não especificadas do trabalho de parto e do parto.,entidade_diagnostico,"{""categoria"": ""entidade_diagnostico"", ""codigo_cid"": ""P039""}"
Diagnóstico CID-10 código P050: Recém-nascido de baixo peso para a idade gestacional.,entidade_diagnostico,"{""categoria"": ""entidade_diagnostico"", ""codigo_cid"": ""P050""}"
Diagnóstico CID-10 código P051: Pequeno para a idade gestacional.,entidade_diagnostico,"{""categoria"": ""entidade_diagnostico"", ""codigo_cid"": ""P051""}"
Diagnóstico CID-10 código P070: Recém-nascido com peso muito baixo.,entidade_diagnostico,"{""categoria"": ""entidade_diagnostico"", ""codigo_cid"": ""P070""}"
Diagnóstico CID-10 código P071: Outros recém-nascidos de peso baixo.,entidade_diagnostico,"{""categoria"": ""entidade_diagnostico"", ""codigo_cid"": ""P071""}"
Diagnóstico CID-10 código P072: Imaturidade extrema.,entidade_diagnostico,"{""categoria"": ""entidade_diagnostico"", ""codigo_cid"": ""P072""}"
Diagnóstico CID-10 código P073: Outros recém-nascidos de pré-termo.,entidade_diagnostico,"{""categoria"": ""entidade_diagnostico"", ""codigo_cid"": ""P073""}"
Diagnóstico CID-10 código P080: Recém-nascido de tamanho excessivamente grande.,entidade_diagnostico,"{""categoria"": ""entidade_diagnostico"", ""codigo_cid"": ""P080""}"
Diagnóstico CID-10 código P081: Outros recém-nascidos grandes para a idade gestacional.,entidade_diagnostico,"{""categoria"": ""entidade_diagnostico"", ""codigo_cid"": ""P081""}"
Diagnóstico CID-10 código P134: Fratura da clavícula devida a traumatismo de parto.,entidade_diagnostico,"{""categoria"": ""entidade_diagnostico"", ""codigo_cid"": ""P134""}"
Diagnóstico CID-10 código P200: Hipóxia intra-uterina diagnosticada antes do início do trabalho de parto.,entidade_diagnostico,"{""categoria"": ""entidade_diagnostico"", ""codigo_cid"": ""P200""}"
Diagnóstico CID-10 código P210: Asfixia grave ao nascer.,entidade_diagnostico,"{""categoria"": ""entidade_diagnostico"", ""codigo_cid"": ""P210""}"
Diagnóstico CID-10 código P211: Asfixia leve ou moderada ao nascer.,entidade_diagnostico,"{""categoria"": ""entidade_diagnostico"", ""codigo_cid"": ""P211""}"
"Diagnóstico CID-10 código P219: Asfixia ao nascer, não especificada.",entidade_diagnostico,"{""categoria"": ""entidade_diagnostico"", ""codigo_cid"": ""P219""}"
Diagnóstico CID-10 código P220: Síndrome da angústia respiratória do recém-nascido.,entidade_diagnostico,"{""categoria"": ""entidade_diagnostico"", ""codigo_cid"": ""P220""}"
Diagnóstico CID-10 código P221: Taquipnéia transitória do recém-nascido.,entidade_diagnostico,"{""categoria"": ""entidade_diagnostico"", ""codigo_cid"": ""P221""}"
Diagnóstico CID-10 código P228: Outros desconfortos respiratórios do recém-nascido.,entidade_diagnostico,"{""categoria"": ""entidade_diagnostico"", ""codigo_cid"": ""P228""}"
Diagnóstico CID-10 código P229: Desconforto respiratório não especificado do recém-nascido.,entidade_diagnostico,"{""categoria"": ""entidade_diagnostico"", ""codigo_cid"": ""P229""}"
Diagnóstico CID-10 código P285: Insuficiência respiratória do recém-nascido.,entidade_diagnostico,"{""categoria"": ""entidade_diagnostico"", ""codigo_cid"": ""P285""}"
"Diagnóstico CID-10 código P289: Afecção respiratória do recém-nascido, não especificada.",entidade_diagnostico,"{""categoria"": ""entidade_diagnostico"", ""codigo_cid"": ""P289""}"
Diagnóstico CID-10 código P298: Outros transtornos cardiovasculares originados no período perinatal.,entidade_diagnostico,"{""categoria"": ""entidade_diagnostico"", ""codigo_cid"": ""P298""}"
Diagnóstico CID-10 código P299: Transtornos cardiovasculares não especificados originados no período perinatal.,entidade_diagnostico,"{""categoria"": ""entidade_diagnostico"", ""codigo_cid"": ""P299""}"
Diagnóstico CID-10 código P350: Síndrome da rubéola congênita.,entidade_diagnostico,"{""categoria"": ""entidade_diagnostico"", ""codigo_cid"": ""P350""}"
Diagnóstico CID-10 código P351: Infecção congênita por citomegalovirus.,entidade_diagnostico,"{""categoria"": ""entidade_diagnostico"", ""codigo_cid"": ""P351""}"
Diagnóstico CID-10 código P358: Outras doenças virais congênitas.,entidade_diagnostico,"{""categoria"": ""entidade_diagnostico"", ""codigo_cid"": ""P358""}"
Diagnóstico CID-10 código P359: Doença viral congênita não especificada.,entidade_diagnostico,"{""categoria"": ""entidade_diagnostico"", ""codigo_cid"": ""P359""}"
Diagnóstico CID-10 código P361: Septicemia do recém-nascido devida a outros estreptococos e aos não especificados.,entidade_diagnostico,"{""categoria"": ""entidade_diagnostico"", ""codigo_cid"": ""P361""}"
Diagnóstico CID-10 código P368: Outras septicemias bacterianas do recém-nascido.,entidade_diagnostico,"{""categoria"": ""entidade_diagnostico"", ""codigo_cid"": ""P368""}"
Diagnóstico CID-10 código P369: Septicemia bacteriana não especificada do recém-nascido.,entidade_diagnostico,"{""categoria"": ""entidade_diagnostico"", ""codigo_cid"": ""P369""}"
Diagnóstico CID-10 código P371: Toxoplasmose congênita.,entidade_diagnostico,"{""categoria"": ""entidade_diagnostico"", ""codigo_cid"": ""P371""}"
Diagnóstico CID-10 código P378: Outras doenças infecciosas e parasitárias congênitas especificadas.,entidade_diagnostico,"{""categoria"": ""entidade_diagnostico"", ""codigo_cid"": ""P378""}"
Diagnóstico CID-10 código P392: Infecção intra-amniótica do feto não classificada em outra parte.,entidade_diagnostico,"{""categoria"": ""entidade_diagnostico"", ""codigo_cid"": ""P392""}"
Diagnóstico CID-10 código P398: Outras infecções especificadas próprias do período perinatal.,entidade_diagnostico,"{""categoria"": ""entidade_diagnostico"", ""codigo_cid"": ""P398""}"
Diagnóstico CID-10 código P399: Infecção própria do período perinatal não especificada.,entidade_diagnostico,"{""categoria"": ""entidade_diagnostico"", ""codigo_cid"": ""P399""}"
Diagnóstico CID-10 código P551: Isoimunização ABO do feto e do recém-nascido.,entidade_diagnostico,"{""categoria"": ""entidade_diagnostico"", ""codigo_cid"": ""P551""}"
Diagnóstico CID-10 código P559: Doença hemolítica não especificada do feto e do recém-nascido.,entidade_diagnostico,"{""categoria"": ""entidade_diagnostico"", ""codigo_cid"": ""P559""}"
Diagnóstico CID-10 código P588: Icterícia neonatal devida a outras hemólises excessivas especificadas.,entidade_diagnostico,"{""categoria"": ""entidade_diagnostico"", ""codigo_cid"": ""P588""}"
Diagnóstico CID-10 código P589: Icterícia neonatal devida a hemólise excessiva não especificada.,entidade_diagnostico,"{""categoria"": ""entidade_diagnostico"", ""codigo_cid"": ""P589""}"
Diagnóstico CID-10 código P590: Icterícia neonatal associada ao parto prematuro.,entidade_diagnostico,"{""categoria"": ""entidade_diagnostico"", ""codigo_cid"": ""P590""}"
Diagnóstico CID-10 código P598: Icterícia neonatal devida a outras causas especificadas.,entidade_diagnostico,"{""categoria"": ""entidade_diagnostico"", ""codigo_cid"": ""P598""}"
Diagnóstico CID-10 código P599: Icterícia neonatal não especificada.,entidade_diagnostico,"{""categoria"": ""entidade_diagnostico"", ""codigo_cid"": ""P599""}"
Diagnóstico CID-10 código P700: Síndrome do filho de mãe com diabetes gestacional.,entidade_diagnostico,"{""categoria"": ""entidade_diagnostico"", ""codigo_cid"": ""P700""}"
Diagnóstico CID-10 código P701: Síndrome do filho de mãe diabética.,entidade_diagnostico,"{""categoria"": ""entidade_diagnostico"", ""codigo_cid"": ""P701""}"
Diagnóstico CID-10 código P704: Outras hipoglicemias neonatais.,entidade_diagnostico,"{""categoria"": ""entidade_diagnostico"", ""codigo_cid"": ""P704""}"
Diagnóstico CID-10 código P749: Distúrbio metabólico transitório não especificado do recém-nascido.,entidade_diagnostico,"{""categoria"": ""entidade_diagnostico"", ""codigo_cid"": ""P749""}"
Diagnóstico CID-10 código P920: Vômitos no recém-nascido.,entidade_diagnostico,"{""categoria"": ""entidade_diagnostico"", ""codigo_cid"": ""P920""}"
Diagnóstico CID-10 código P922: Alimentação vagarosa do recém-nascido.,entidade_diagnostico,"{""categoria"": ""entidade_diagnostico"", ""codigo_cid"": ""P922""}"
Diagnóstico CID-10 código P925: Dificuldade neonatal na amamentação no peito.,entidade_diagnostico,"{""categoria"": ""entidade_diagnostico"", ""codigo_cid"": ""P925""}"
Diagnóstico CID-10 código P928: Outros problemas de alimentação do recém-nascido.,entidade_diagnostico,"{""categoria"": ""entidade_diagnostico"", ""codigo_cid"": ""P928""}"
Diagnóstico CID-10 código P95: Morte fetal de causa não especificada.,entidade_diagnostico,"{""categoria"": ""entidade_diagnostico"", ""codigo_cid"": ""P95""}"
Diagnóstico CID-10 código P968: Outras afecções especificadas originadas no período perinatal.,entidade_diagnostico,"{""categoria"": ""entidade_diagnostico"", ""codigo_cid"": ""P968""}"
Diagnóstico CID-10 código P969: Afecções originadas no período perinatal não especificadas.,entidade_diagnostico,"{""categoria"": ""entidade_diagnostico"", ""codigo_cid"": ""P969""}"
Diagnóstico CID-10 código Q038: Outra hidrocefalia congênita.,entidade_diagnostico,"{""categoria"": ""entidade_diagnostico"", ""codigo_cid"": ""Q038""}"
Diagnóstico CID-10 código Q059: Espinha bífida não especificada.,entidade_diagnostico,"{""categoria"": ""entidade_diagnostico"", ""codigo_cid"": ""Q059""}"
Diagnóstico CID-10 código Q103: Outras malformações congênitas das pálpebras.,entidade_diagnostico,"{""categoria"": ""entidade_diagnostico"", ""codigo_cid"": ""Q103""}"
Diagnóstico CID-10 código Q120: Catarata congênita.,entidade_diagnostico,"{""categoria"": ""entidade_diagnostico"", ""codigo_cid"": ""Q120""}"
Diagnóstico CID-10 código Q150: Glaucoma congênito.,entidade_diagnostico,"{""categoria"": ""entidade_diagnostico"", ""codigo_cid"": ""Q150""}"
Diagnóstico CID-10 código Q170: Pavilhão supranumerário.,entidade_diagnostico,"{""categoria"": ""entidade_diagnostico"", ""codigo_cid"": ""Q170""}"
Diagnóstico CID-10 código Q173: Outras deformidades da orelha.,entidade_diagnostico,"{""categoria"": ""entidade_diagnostico"", ""codigo_cid"": ""Q173""}"
Diagnóstico CID-10 código Q175: Orelhas proeminentes.,entidade_diagnostico,"{""categoria"": ""entidade_diagnostico"", ""codigo_cid"": ""Q175""}"
Diagnóstico CID-10 código Q178: Outras malformações congênitas especificadas da orelha.,entidade_diagnostico,"{""categoria"": ""entidade_diagnostico"", ""codigo_cid"": ""Q178""}"
"Diagnóstico CID-10 código Q180: Seio, fístula e cisto de origem branquial.",entidade_diagnostico,"{""categoria"": ""entidade_diagnostico"", ""codigo_cid"": ""Q180""}"
"Diagnóstico CID-10 código Q181: Seio, fístula e cisto pré-auricular.",entidade_diagnostico,"{""categoria"": ""entidade_diagnostico"", ""codigo_cid"": ""Q181""}"
Diagnóstico CID-10 código Q200: Tronco arterial comum.,entidade_diagnostico,"{""categoria"": ""entidade_diagnostico"", ""codigo_cid"": ""Q200""}"
Diagnóstico CID-10 código Q201: Ventrículo direito com dupla via de saída.,entidade_diagnostico,"{""categoria"": ""entidade_diagnostico"", ""codigo_cid"": ""Q201""}"
Diagnóstico CID-10 código Q204: Ventrículo com dupla via de entrada.,entidade_diagnostico,"{""categoria"": ""entidade_diagnostico"", ""codigo_cid"": ""Q204""}"
Diagnóstico CID-10 código Q210: Comunicação interventricular.,entidade_diagnostico,"{""categoria"": ""entidade_diagnostico"", ""codigo_cid"": ""Q210""}"
Diagnóstico CID-10 código Q211: Comunicação interatrial.,entidade_diagnostico,"{""categoria"": ""entidade_diagnostico"", ""codigo_cid"": ""Q211""}"
Diagnóstico CID-10 código Q212: Comunicação atrioventricular.,entidade_diagnostico,"{""categoria"": ""entidade_diagnostico"", ""codigo_cid"": ""Q212""}"
Diagnóstico CID-10 código Q213: Tetralogia de Fallot.,entidade_diagnostico,"{""categoria"": ""entidade_diagnostico"", ""codigo_cid"": ""Q213""}"
Diagnóstico CID-10 código Q219: Malformação congênita não especificada de septo cardíaco.,entidade_diagnostico,"{""categoria"": ""entidade_diagnostico"", ""codigo_cid"": ""Q219""}"
Diagnóstico CID-10 código Q220: Atresia da valva pulmonar.,entidade_diagnostico,"{""categoria"": ""entidade_diagnostico"", ""codigo_cid"": ""Q220""}"
Diagnóstico CID-10 código Q221: Estenose congênita da valva pulmonar.,entidade_diagnostico,"{""categoria"": ""entidade_diagnostico"", ""codigo_cid"": ""Q221""}"
Diagnóstico CID-10 código Q224: Estenose congênita da valva tricúspide.,entidade_diagnostico,"{""categoria"": ""entidade_diagnostico"", ""codigo_cid"": ""Q224""}"
Diagnóstico CID-10 código Q225: Anomalia de Ebstein.,entidade_diagnostico,"{""categoria"": ""entidade_diagnostico"", ""codigo_cid"": ""Q225""}"
Diagnóstico CID-10 código Q228: Outras malformações congênitas da valva tricúspide.,entidade_diagnostico,"{""categoria"": ""entidade_diagnostico"", ""codigo_cid"": ""Q228""}"
Diagnóstico CID-10 código Q230: Estenose congênita da valva aórtica.,entidade_diagnostico,"{""categoria"": ""entidade_diagnostico"", ""codigo_cid"": ""Q230""}"
Diagnóstico CID-10 código Q233: Insuficiência mitral congênita.,entidade_diagnostico,"{""categoria"": ""entidade_diagnostico"", ""codigo_cid"": ""Q233""}"
Diagnóstico CID-10 código Q234: Síndrome do coração esquerdo hipoplásico.,entidade_diagnostico,"{""categoria"": ""entidade_diagnostico"", ""codigo_cid"": ""Q234""}"
Diagnóstico CID-10 código Q249: Malformação não especificada do coração.,entidade_diagnostico,"{""categoria"": ""entidade_diagnostico"", ""codigo_cid"": ""Q249""}"
Diagnóstico CID-10 código Q250: Permeabilidade do canal arterial.,entidade_diagnostico,"{""categoria"": ""entidade_diagnostico"", ""codigo_cid"": ""Q250""}"
Diagnóstico CID-10 código Q251: Coartação da aorta.,entidade_diagnostico,"{""categoria"": ""entidade_diagnostico"", ""codigo_cid"": ""Q251""}"
Diagnóstico CID-10 código Q254: Outras malformações congênitas da aorta.,entidade_diagnostico,"{""categoria"": ""entidade_diagnostico"", ""codigo_cid"": ""Q254""}"
Diagnóstico CID-10 código Q255: Atresia da artéria pulmonar.,entidade_diagnostico,"{""categoria"": ""entidade_diagnostico"", ""codigo_cid"": ""Q255""}"
Diagnóstico CID-10 código Q256: Estenose da artéria pulmonar.,entidade_diagnostico,"{""categoria"": ""entidade_diagnostico"", ""codigo_cid"": ""Q256""}"
Diagnóstico CID-10 código Q257: Outras malformações congênitas da artéria pulmonar.,entidade_diagnostico,"{""categoria"": ""entidade_diagnostico"", ""codigo_cid"": ""Q257""}"
Diagnóstico CID-10 código Q258: Outras malformações congênitas das grandes artérias.,entidade_diagnostico,"{""categoria"": ""entidade_diagnostico"", ""codigo_cid"": ""Q258""}"
Diagnóstico CID-10 código Q259: Malformação congênita não especificada das grandes artérias.,entidade_diagnostico,"{""categoria"": ""entidade_diagnostico"", ""codigo_cid"": ""Q259""}"
Diagnóstico CID-10 código Q280: Malformação arteriovenosa de vasos pré-cerebrais.,entidade_diagnostico,"{""categoria"": ""entidade_diagnostico"", ""codigo_cid"": ""Q280""}"
Diagnóstico CID-10 código Q282: Malformação arteriovenosa dos vasos cerebrais.,entidade_diagnostico,"{""categoria"": ""entidade_diagnostico"", ""codigo_cid"": ""Q282""}"
Diagnóstico CID-10 código Q289: Malformação congênita não especificada do aparelho circulatório.,entidade_diagnostico,"{""categoria"": ""entidade_diagnostico"", ""codigo_cid"": ""Q289""}"
Diagnóstico CID-10 código Q308: Outras malformações congênitas do nariz.,entidade_diagnostico,"{""categoria"": ""entidade_diagnostico"", ""codigo_cid"": ""Q308""}"
Diagnóstico CID-10 código Q309: Malformação congênita não especificada do nariz.,entidade_diagnostico,"{""categoria"": ""entidade_diagnostico"", ""codigo_cid"": ""Q309""}"
Diagnóstico CID-10 código Q353: Fenda do palato mole.,entidade_diagnostico,"{""categoria"": ""entidade_diagnostico"", ""codigo_cid"": ""Q353""}"
Diagnóstico CID-10 código Q355: Fenda do palato duro com fenda do palato mole.,entidade_diagnostico,"{""categoria"": ""entidade_diagnostico"", ""codigo_cid"": ""Q355""}"
Diagnóstico CID-10 código Q359: Fenda palatina não especificada.,entidade_diagnostico,"{""categoria"": ""entidade_diagnostico"", ""codigo_cid"": ""Q359""}"
Diagnóstico CID-10 código Q360: Fenda labial bilateral.,entidade_diagnostico,"{""categoria"": ""entidade_diagnostico"", ""codigo_cid"": ""Q360""}"
Diagnóstico CID-10 código Q369: Fenda labial unilateral.,entidade_diagnostico,"{""categoria"": ""entidade_diagnostico"", ""codigo_cid"": ""Q369""}"
Diagnóstico CID-10 código Q370: Fenda do palato duro com fenda labial bilateral.,entidade_diagnostico,"{""categoria"": ""entidade_diagnostico"", ""codigo_cid"": ""Q370""}"
Diagnóstico CID-10 código Q371: Fenda do palato duro com fenda labial unilateral.,entidade_diagnostico,"{""categoria"": ""entidade_diagnostico"", ""codigo_cid"": ""Q371""}"
Diagnóstico CID-10 código Q374: Fenda dos palatos duro e mole com fenda labial bilateral.,entidade_diagnostico,"{""categoria"": ""entidade_diagnostico"", ""codigo_cid"": ""Q374""}"
Diagnóstico CID-10 código Q375: Fenda dos palatos duro e mole com fenda labial unilateral.,entidade_diagnostico,"{""categoria"": ""entidade_diagnostico"", ""codigo_cid"": ""Q375""}"
"Diagnóstico CID-10 código Q378: Fenda do palato com fenda labial bilateral, não especificada.",entidade_diagnostico,"{""categoria"": ""entidade_diagnostico"", ""codigo_cid"": ""Q378""}"
"Diagnóstico CID-10 código Q379: Fenda do palato com fenda labial unilateral, não especificada.",entidade_diagnostico,"{""categoria"": ""entidade_diagnostico"", ""codigo_cid"": ""Q379""}"
Diagnóstico CID-10 código Q381: Anquiloglossia.,entidade_diagnostico,"{""categoria"": ""entidade_diagnostico"", ""codigo_cid"": ""Q381""}"
Diagnóstico CID-10 código Q385: Malformações congênitas do palato não classificadas em outra parte.,entidade_diagnostico,"{""categoria"": ""entidade_diagnostico"", ""codigo_cid"": ""Q385""}"
"Diagnóstico CID-10 código Q390: Atresia de esôfago, sem fístula.",entidade_diagnostico,"{""categoria"": ""entidade_diagnostico"", ""codigo_cid"": ""Q390""}"
"Diagnóstico CID-10 código Q391: Atresia de esôfago, com fístula traqueoesofágica.",entidade_diagnostico,"{""categoria"": ""entidade_diagnostico"", ""codigo_cid"": ""Q391""}"
Diagnóstico CID-10 código Q431: Doença de Hirschsprung.,entidade_diagnostico,"{""categoria"": ""entidade_diagnostico"", ""codigo_cid"": ""Q431""}"
Diagnóstico CID-10 código Q442: Atresia das vias biliares.,entidade_diagnostico,"{""categoria"": ""entidade_diagnostico"", ""codigo_cid"": ""Q442""}"
Diagnóstico CID-10 código Q525: Fusão dos lábios vulvares.,entidade_diagnostico,"{""categoria"": ""entidade_diagnostico"", ""codigo_cid"": ""Q525""}"
Diagnóstico CID-10 código Q530: Testículo ectópico.,entidade_diagnostico,"{""categoria"": ""entidade_diagnostico"", ""codigo_cid"": ""Q530""}"
"Diagnóstico CID-10 código Q531: Testículo não-descido, unilateral.",entidade_diagnostico,"{""categoria"": ""entidade_diagnostico"", ""codigo_cid"": ""Q531""}"
"Diagnóstico CID-10 código Q532: Testículo não-descido, bilateral.",entidade_diagnostico,"{""categoria"": ""entidade_diagnostico"", ""codigo_cid"": ""Q532""}"
"Diagnóstico CID-10 código Q539: Testículo não-descido, não especificado.",entidade_diagnostico,"{""categoria"": ""entidade_diagnostico"", ""codigo_cid"": ""Q539""}"
Diagnóstico CID-10 código Q540: Hipospádia balânica.,entidade_diagnostico,"{""categoria"": ""entidade_diagnostico"", ""codigo_cid"": ""Q540""}"
Diagnóstico CID-10 código Q549: Hipospádia não especificada.,entidade_diagnostico,"{""categoria"": ""entidade_diagnostico"", ""codigo_cid"": ""Q549""}"
Diagnóstico CID-10 código Q556: Outras malformações congênitas do pênis.,entidade_diagnostico,"{""categoria"": ""entidade_diagnostico"", ""codigo_cid"": ""Q556""}"
Diagnóstico CID-10 código Q623: Outras anomalias obstrutivas da pelve renal e do ureter.,entidade_diagnostico,"{""categoria"": ""entidade_diagnostico"", ""codigo_cid"": ""Q623""}"
Diagnóstico CID-10 código Q641: Extrofia vesical.,entidade_diagnostico,"{""categoria"": ""entidade_diagnostico"", ""codigo_cid"": ""Q641""}"
Diagnóstico CID-10 código Q650: Luxação congênita unilateral do quadril.,entidade_diagnostico,"{""categoria"": ""entidade_diagnostico"", ""codigo_cid"": ""Q650""}"
Diagnóstico CID-10 código Q660: Pé torto eqüinovaro.,entidade_diagnostico,"{""categoria"": ""entidade_diagnostico"", ""codigo_cid"": ""Q660""}"
Diagnóstico CID-10 código Q668: Outras deformidades congênitas do pé.,entidade_diagnostico,"{""categoria"": ""entidade_diagnostico"", ""codigo_cid"": ""Q668""}"
Diagnóstico CID-10 código Q669: Deformidade congênita não especificada do pé.,entidade_diagnostico,"{""categoria"": ""entidade_diagnostico"", ""codigo_cid"": ""Q669""}"
Diagnóstico CID-10 código Q670: Assimetria facial.,entidade_diagnostico,"{""categoria"": ""entidade_diagnostico"", ""codigo_cid"": ""Q670""}"
Diagnóstico CID-10 código Q676: Tórax escavado.,entidade_diagnostico,"{""categoria"": ""entidade_diagnostico"", ""codigo_cid"": ""Q676""}"
Diagnóstico CID-10 código Q688: Outras deformidades osteomusculares congênitas.,entidade_diagnostico,"{""categoria"": ""entidade_diagnostico"", ""codigo_cid"": ""Q688""}"
Diagnóstico CID-10 código Q690: Dedo(s) da mão supranumerário(s).,entidade_diagnostico,"{""categoria"": ""entidade_diagnostico"", ""codigo_cid"": ""Q690""}"
Diagnóstico CID-10 código Q699: Polidactilia não especificada.,entidade_diagnostico,"{""categoria"": ""entidade_diagnostico"", ""codigo_cid"": ""Q699""}"
Diagnóstico CID-10 código Q748: Outras malformações congênitas especificadas de membro(s).,entidade_diagnostico,"{""categoria"": ""entidade_diagnostico"", ""codigo_cid"": ""Q748""}"
Diagnóstico CID-10 código Q749: Malformações congênitas não especificadas de membro(s).,entidade_diagnostico,"{""categoria"": ""entidade_diagnostico"", ""codigo_cid"": ""Q749""}"
Diagnóstico CID-10 código Q750: Craniossinostose.,entidade_diagnostico,"{""categoria"": ""entidade_diagnostico"", ""codigo_cid"": ""Q750""}"
Diagnóstico CID-10 código Q758: Outras malformações congênitas especificadas dos ossos do crânio e da face.,entidade_diagnostico,"{""categoria"": ""entidade_diagnostico"", ""codigo_cid"": ""Q758""}"
Diagnóstico CID-10 código Q759: Malformação congênita não especificada dos ossos do crânio e da face.,entidade_diagnostico,"{""categoria"": ""entidade_diagnostico"", ""codigo_cid"": ""Q759""}"
Diagnóstico CID-10 código Q780: Osteogênese imperfeita.,entidade_diagnostico,"{""categoria"": ""entidade_diagnostico"", ""codigo_cid"": ""Q780""}"
Diagnóstico CID-10 código Q790: Hérnia diafragmática congênita.,entidade_diagnostico,"{""categoria"": ""entidade_diagnostico"", ""codigo_cid"": ""Q790""}"
Diagnóstico CID-10 código Q831: Mama supranumerária.,entidade_diagnostico,"{""categoria"": ""entidade_diagnostico"", ""codigo_cid"": ""Q831""}"
Diagnóstico CID-10 código Q833: Mamilo acessório.,entidade_diagnostico,"{""categoria"": ""entidade_diagnostico"", ""codigo_cid"": ""Q833""}"
Diagnóstico CID-10 código Q870: Síndromes com malformações congênitas afetando predominantemente o aspecto da face.,entidade_diagnostico,"{""categoria"": ""entidade_diagnostico"", ""codigo_cid"": ""Q870""}"
Diagnóstico CID-10 código Q892: Malformações congênitas de outras glândulas endócrinas.,entidade_diagnostico,"{""categoria"": ""entidade_diagnostico"", ""codigo_cid"": ""Q892""}"
Diagnóstico CID-10 código Q899: Malformações congênitas não especificadas.,entidade_diagnostico,"{""categoria"": ""entidade_diagnostico"", ""codigo_cid"": ""Q899""}"
Diagnóstico CID-10 código R001: Bradicardia não especificada.,entidade_diagnostico,"{""categoria"": ""entidade_diagnostico"", ""codigo_cid"": ""R001""}"
"Diagnóstico CID-10 código R011: Sopro cardíaco, não especificado.",entidade_diagnostico,"{""categoria"": ""entidade_diagnostico"", ""codigo_cid"": ""R011""}"
Diagnóstico CID-10 código R02: Gangrena não classificada em outra parte.,entidade_diagnostico,"{""categoria"": ""entidade_diagnostico"", ""codigo_cid"": ""R02""}"
Diagnóstico CID-10 código R040: Epistaxis.,entidade_diagnostico,"{""categoria"": ""entidade_diagnostico"", ""codigo_cid"": ""R040""}"
Diagnóstico CID-10 código R042: Hemoptise.,entidade_diagnostico,"{""categoria"": ""entidade_diagnostico"", ""codigo_cid"": ""R042""}"
Diagnóstico CID-10 código R05: Tosse.,entidade_diagnostico,"{""categoria"": ""entidade_diagnostico"", ""codigo_cid"": ""R05""}"
Diagnóstico CID-10 código R060: Dispnéia.,entidade_diagnostico,"{""categoria"": ""entidade_diagnostico"", ""codigo_cid"": ""R060""}"
Diagnóstico CID-10 código R072: Dor precordial.,entidade_diagnostico,"{""categoria"": ""entidade_diagnostico"", ""codigo_cid"": ""R072""}"
Diagnóstico CID-10 código R073: Outra dor torácica.,entidade_diagnostico,"{""categoria"": ""entidade_diagnostico"", ""codigo_cid"": ""R073""}"
"Diagnóstico CID-10 código R074: Dor torácica, não especificada.",entidade_diagnostico,"{""categoria"": ""entidade_diagnostico"", ""codigo_cid"": ""R074""}"
Diagnóstico CID-10 código R100: Abdome agudo.,entidade_diagnostico,"{""categoria"": ""entidade_diagnostico"", ""codigo_cid"": ""R100""}"
Diagnóstico CID-10 código R101: Dor localizada no abdome superior.,entidade_diagnostico,"{""categoria"": ""entidade_diagnostico"", ""codigo_cid"": ""R101""}"
Diagnóstico CID-10 código R102: Dor pélvica e perineal.,entidade_diagnostico,"{""categoria"": ""entidade_diagnostico"", ""codigo_cid"": ""R102""}"
Diagnóstico CID-10 código R103: Dor localizada em outras partes do abdome inferior.,entidade_diagnostico,"{""categoria"": ""entidade_diagnostico"", ""codigo_cid"": ""R103""}"
Diagnóstico CID-10 código R104: Outras dores abdominais e as não especificadas.,entidade_diagnostico,"{""categoria"": ""entidade_diagnostico"", ""codigo_cid"": ""R104""}"
Diagnóstico CID-10 código R11: Náusea e vômitos.,entidade_diagnostico,"{""categoria"": ""entidade_diagnostico"", ""codigo_cid"": ""R11""}"
Diagnóstico CID-10 código R13: Disfagia.,entidade_diagnostico,"{""categoria"": ""entidade_diagnostico"", ""codigo_cid"": ""R13""}"
Diagnóstico CID-10 código R17: Icterícia não especificada.,entidade_diagnostico,"{""categoria"": ""entidade_diagnostico"", ""codigo_cid"": ""R17""}"
Diagnóstico CID-10 código R18: Ascite.,entidade_diagnostico,"{""categoria"": ""entidade_diagnostico"", ""codigo_cid"": ""R18""}"
"Diagnóstico CID-10 código R190: Massa, tumoração ou tumefação intra-abdominal e pélvica.",entidade_diagnostico,"{""categoria"": ""entidade_diagnostico"", ""codigo_cid"": ""R190""}"
Diagnóstico CID-10 código R194: Alteração do hábito intestinal.,entidade_diagnostico,"{""categoria"": ""entidade_diagnostico"", ""codigo_cid"": ""R194""}"
"Diagnóstico CID-10 código R220: Tumefação, massa ou tumoração localizadas da cabeça.",entidade_diagnostico,"{""categoria"": ""entidade_diagnostico"", ""codigo_cid"": ""R220""}"
"Diagnóstico CID-10 código R223: Tumefação, massa ou tumoração localizadas de membro superior.",entidade_diagnostico,"{""categoria"": ""entidade_diagnostico"", ""codigo_cid"": ""R223""}"
"Diagnóstico CID-10 código R224: Tumefação, massa ou tumoração localizadas no membro inferior.",entidade_diagnostico,"{""categoria"": ""entidade_diagnostico"", ""codigo_cid"": ""R224""}"
"Diagnóstico CID-10 código R229: Tumefação, massa ou tumoração não especificadas, localizadas.",entidade_diagnostico,"{""categoria"": ""entidade_diagnostico"", ""codigo_cid"": ""R229""}"
Diagnóstico CID-10 código R262: Dificuldade para andar não classificada em outra parte.,entidade_diagnostico,"{""categoria"": ""entidade_diagnostico"", ""codigo_cid"": ""R262""}"
Diagnóstico CID-10 código R300: Disúria.,entidade_diagnostico,"{""categoria"": ""entidade_diagnostico"", ""codigo_cid"": ""R300""}"
Diagnóstico CID-10 código R31: Hematúria não especificada.,entidade_diagnostico,"{""categoria"": ""entidade_diagnostico"", ""codigo_cid"": ""R31""}"
Diagnóstico CID-10 código R32: Incontinência urinária não especificada.,entidade_diagnostico,"{""categoria"": ""entidade_diagnostico"", ""codigo_cid"": ""R32""}"
Diagnóstico CID-10 código R33: Retenção urinária.,entidade_diagnostico,"{""categoria"": ""entidade_diagnostico"", ""codigo_cid"": ""R33""}"
Diagnóstico CID-10 código R398: Outros sintomas e sinais relativos ao aparelho urinário e os não especificados.,entidade_diagnostico,"{""categoria"": ""entidade_diagnostico"", ""codigo_cid"": ""R398""}"
Diagnóstico CID-10 código R410: Desorientação não especificada.,entidade_diagnostico,"{""categoria"": ""entidade_diagnostico"", ""codigo_cid"": ""R410""}"
Diagnóstico CID-10 código R418: Outros sintomas e sinais especificados relativos às funções cognitivas e à consciência.,entidade_diagnostico,"{""categoria"": ""entidade_diagnostico"", ""codigo_cid"": ""R418""}"
Diagnóstico CID-10 código R509: Febre não especificada.,entidade_diagnostico,"{""categoria"": ""entidade_diagnostico"", ""codigo_cid"": ""R509""}"
Diagnóstico CID-10 código R51: Cefaléia.,entidade_diagnostico,"{""categoria"": ""entidade_diagnostico"", ""codigo_cid"": ""R51""}"
Diagnóstico CID-10 código R520: Dor aguda.,entidade_diagnostico,"{""categoria"": ""entidade_diagnostico"", ""codigo_cid"": ""R520""}"
Diagnóstico CID-10 código R521: Dor crônica intratável.,entidade_diagnostico,"{""categoria"": ""entidade_diagnostico"", ""codigo_cid"": ""R521""}"
Diagnóstico CID-10 código R522: Outra dor crônica.,entidade_diagnostico,"{""categoria"": ""entidade_diagnostico"", ""codigo_cid"": ""R522""}"
Diagnóstico CID-10 código R529: Dor não especificada.,entidade_diagnostico,"{""categoria"": ""entidade_diagnostico"", ""codigo_cid"": ""R529""}"
"Diagnóstico CID-10 código R53: Mal estar, fadiga.",entidade_diagnostico,"{""categoria"": ""entidade_diagnostico"", ""codigo_cid"": ""R53""}"
Diagnóstico CID-10 código R55: Síncope e colapso.,entidade_diagnostico,"{""categoria"": ""entidade_diagnostico"", ""codigo_cid"": ""R55""}"
Diagnóstico CID-10 código R560: Convulsões febris.,entidade_diagnostico,"{""categoria"": ""entidade_diagnostico"", ""codigo_cid"": ""R560""}"
Diagnóstico CID-10 código R568: Outras convulsões e as não especificadas.,entidade_diagnostico,"{""categoria"": ""entidade_diagnostico"", ""codigo_cid"": ""R568""}"
Diagnóstico CID-10 código R570: Choque cardiogênico.,entidade_diagnostico,"{""categoria"": ""entidade_diagnostico"", ""codigo_cid"": ""R570""}"
Diagnóstico CID-10 código R571: Choque hipovolêmico.,entidade_diagnostico,"{""categoria"": ""entidade_diagnostico"", ""codigo_cid"": ""R571""}"
Diagnóstico CID-10 código R579: Choque não especificado.,entidade_diagnostico,"{""categoria"": ""entidade_diagnostico"", ""codigo_cid"": ""R579""}"
"Diagnóstico CID-10 código R599: Adenomegalia ou aumento de volume dos gânglios linfáticos, não especificado.",entidade_diagnostico,"{""categoria"": ""entidade_diagnostico"", ""codigo_cid"": ""R599""}"
Diagnóstico CID-10 código R610: Hiperidrose localizada.,entidade_diagnostico,"{""categoria"": ""entidade_diagnostico"", ""codigo_cid"": ""R610""}"
Diagnóstico CID-10 código R634: Perda de peso anormal.,entidade_diagnostico,"{""categoria"": ""entidade_diagnostico"", ""codigo_cid"": ""R634""}"
Diagnóstico CID-10 código R64: Caquexia.,entidade_diagnostico,"{""categoria"": ""entidade_diagnostico"", ""codigo_cid"": ""R64""}"
Diagnóstico CID-10 código R688: Outros sintomas e sinais gerais especificados.,entidade_diagnostico,"{""categoria"": ""entidade_diagnostico"", ""codigo_cid"": ""R688""}"
Diagnóstico CID-10 código R69: Causas desconhecidas e não especificadas de morbidade.,entidade_diagnostico,"{""categoria"": ""entidade_diagnostico"", ""codigo_cid"": ""R69""}"
"Diagnóstico CID-10 código R832: Achados anormais no líquido cefalorraquidiano - nível anormal de outras drogas, medicamentos e substâncias biológicas.",entidade_diagnostico,"{""categoria"": ""entidade_diagnostico"", ""codigo_cid"": ""R832""}"
"Diagnóstico CID-10 código R892: Achados anormais de material proveniente de outros órgãos, aparelhos, sistemas e tecidos - nível anormal de outras drogas, medicamentos e substâncias biológicas.",entidade_diagnostico,"{""categoria"": ""entidade_diagnostico"", ""codigo_cid"": ""R892""}"
Diagnóstico CID-10 código R900: Lesão intracraniana ocupando espaço.,entidade_diagnostico,"{""categoria"": ""entidade_diagnostico"", ""codigo_cid"": ""R900""}"
Diagnóstico CID-10 código R908: Outros resultados anormais de exames para diagnóstico por imagem do sistema nervoso central.,entidade_diagnostico,"{""categoria"": ""entidade_diagnostico"", ""codigo_cid"": ""R908""}"
"Diagnóstico CID-10 código R91: Achados anormais, de exames para diagnóstico por imagem, do pulmão.",entidade_diagnostico,"{""categoria"": ""entidade_diagnostico"", ""codigo_cid"": ""R91""}"
Diagnóstico CID-10 código R99: Outras causas mal definidas e as não especificadas de mortalidade.,entidade_diagnostico,"{""categoria"": ""entidade_diagnostico"", ""codigo_cid"": ""R99""}"
"Diagnóstico CID-10 código S009: Traumatismo superficial da cabeça, parte não especificada.",entidade_diagnostico,"{""categoria"": ""entidade_diagnostico"", ""codigo_cid"": ""S009""}"
Diagnóstico CID-10 código S011: Ferimento da pálpebra e da região periocular.,entidade_diagnostico,"{""categoria"": ""entidade_diagnostico"", ""codigo_cid"": ""S011""}"
Diagnóstico CID-10 código S013: Ferimento do ouvido.,entidade_diagnostico,"{""categoria"": ""entidade_diagnostico"", ""codigo_cid"": ""S013""}"
Diagnóstico CID-10 código S015: Ferimento do lábio e da cavidade oral.,entidade_diagnostico,"{""categoria"": ""entidade_diagnostico"", ""codigo_cid"": ""S015""}"
"Diagnóstico CID-10 código S018: Ferimento na cabeça, de outras localizações.",entidade_diagnostico,"{""categoria"": ""entidade_diagnostico"", ""codigo_cid"": ""S018""}"
Diagnóstico CID-10 código S021: Fratura da base do crânio.,entidade_diagnostico,"{""categoria"": ""entidade_diagnostico"", ""codigo_cid"": ""S021""}"
Diagnóstico CID-10 código S022: Fratura dos ossos nasais.,entidade_diagnostico,"{""categoria"": ""entidade_diagnostico"", ""codigo_cid"": ""S022""}"
Diagnóstico CID-10 código S023: Fratura do assoalho orbital.,entidade_diagnostico,"{""categoria"": ""entidade_diagnostico"", ""codigo_cid"": ""S023""}"
Diagnóstico CID-10 código S024: Fratura dos ossos malares e maxilares.,entidade_diagnostico,"{""categoria"": ""entidade_diagnostico"", ""codigo_cid"": ""S024""}"
Diagnóstico CID-10 código S026: Fratura de mandíbula.,entidade_diagnostico,"{""categoria"": ""entidade_diagnostico"", ""codigo_cid"": ""S026""}"
Diagnóstico CID-10 código S027: Fraturas múltiplas envolvendo os ossos do crânio e da face.,entidade_diagnostico,"{""categoria"": ""entidade_diagnostico"", ""codigo_cid"": ""S027""}"
Diagnóstico CID-10 código S028: Outras fraturas do crânio e dos ossos da face.,entidade_diagnostico,"{""categoria"": ""entidade_diagnostico"", ""codigo_cid"": ""S028""}"
"Diagnóstico CID-10 código S029: Fratura do crânio ou dos ossos da face, parte não especificada.",entidade_diagnostico,"{""categoria"": ""entidade_diagnostico"", ""codigo_cid"": ""S029""}"
Diagnóstico CID-10 código S052: Laceração e ruptura ocular com prolapso ou perda de tecido intra-ocular.,entidade_diagnostico,"{""categoria"": ""entidade_diagnostico"", ""codigo_cid"": ""S052""}"
Diagnóstico CID-10 código S056: Ferimento penetrante do globo ocular sem corpo estranho.,entidade_diagnostico,"{""categoria"": ""entidade_diagnostico"", ""codigo_cid"": ""S056""}"
"Diagnóstico CID-10 código S059: Traumatismo do olho e da órbita, não especificado.",entidade_diagnostico,"{""categoria"": ""entidade_diagnostico"", ""codigo_cid"": ""S059""}"
Diagnóstico CID-10 código S060: Concussão cerebral.,entidade_diagnostico,"{""categoria"": ""entidade_diagnostico"", ""codigo_cid"": ""S060""}"
Diagnóstico CID-10 código S061: Edema cerebral traumático.,entidade_diagnostico,"{""categoria"": ""entidade_diagnostico"", ""codigo_cid"": ""S061""}"
Diagnóstico CID-10 código S062: Traumatismo cerebral difuso.,entidade_diagnostico,"{""categoria"": ""entidade_diagnostico"", ""codigo_cid"": ""S062""}"
Diagnóstico CID-10 código S063: Traumatismo cerebral focal.,entidade_diagnostico,"{""categoria"": ""entidade_diagnostico"", ""codigo_cid"": ""S063""}"
Diagnóstico CID-10 código S064: Hemorragia epidural.,entidade_diagnostico,"{""categoria"": ""entidade_diagnostico"", ""codigo_cid"": ""S064""}"
Diagnóstico CID-10 código S065: Hemorragia subdural devida a traumatismo.,entidade_diagnostico,"{""categoria"": ""entidade_diagnostico"", ""codigo_cid"": ""S065""}"
Diagnóstico CID-10 código S066: Hemorragia subaracnóide devida a traumatismo.,entidade_diagnostico,"{""categoria"": ""entidade_diagnostico"", ""codigo_cid"": ""S066""}"
Diagnóstico CID-10 código S068: Outros traumatismos intracranianos.,entidade_diagnostico,"{""categoria"": ""entidade_diagnostico"", ""codigo_cid"": ""S068""}"
"Diagnóstico CID-10 código S069: Traumatismo intracraniano, não especificado.",entidade_diagnostico,"{""categoria"": ""entidade_diagnostico"", ""codigo_cid"": ""S069""}"
Diagnóstico CID-10 código S098: Outros traumatismos especificados da cabeça.,entidade_diagnostico,"{""categoria"": ""entidade_diagnostico"", ""codigo_cid"": ""S098""}"
Diagnóstico CID-10 código S099: Traumatismo não especificado da cabeça.,entidade_diagnostico,"{""categoria"": ""entidade_diagnostico"", ""codigo_cid"": ""S099""}"
Diagnóstico CID-10 código S122: Fratura de outras vértebras cervicais especificadas.,entidade_diagnostico,"{""categoria"": ""entidade_diagnostico"", ""codigo_cid"": ""S122""}"
Diagnóstico CID-10 código S143: Traumatismo do plexo braquial.,entidade_diagnostico,"{""categoria"": ""entidade_diagnostico"", ""codigo_cid"": ""S143""}"
Diagnóstico CID-10 código S220: Fratura de vértebra torácica.,entidade_diagnostico,"{""categoria"": ""entidade_diagnostico"", ""codigo_cid"": ""S220""}"
Diagnóstico CID-10 código S221: Fraturas múltiplas da coluna torácica.,entidade_diagnostico,"{""categoria"": ""entidade_diagnostico"", ""codigo_cid"": ""S221""}"
Diagnóstico CID-10 código S270: Pneumotórax traumático.,entidade_diagnostico,"{""categoria"": ""entidade_diagnostico"", ""codigo_cid"": ""S270""}"
Diagnóstico CID-10 código S271: Hemotórax traumático.,entidade_diagnostico,"{""categoria"": ""entidade_diagnostico"", ""codigo_cid"": ""S271""}"
Diagnóstico CID-10 código S272: Hemopneumotórax traumático.,entidade_diagnostico,"{""categoria"": ""entidade_diagnostico"", ""codigo_cid"": ""S272""}"
Diagnóstico CID-10 código S315: Ferimento de outros órgãos genitais externos e os não especificados.,entidade_diagnostico,"{""categoria"": ""entidade_diagnostico"", ""codigo_cid"": ""S315""}"
Diagnóstico CID-10 código S320: Fratura de vértebra lombar.,entidade_diagnostico,"{""categoria"": ""entidade_diagnostico"", ""codigo_cid"": ""S320""}"
Diagnóstico CID-10 código S324: Fratura do acetábulo.,entidade_diagnostico,"{""categoria"": ""entidade_diagnostico"", ""codigo_cid"": ""S324""}"
Diagnóstico CID-10 código S327: Fraturas múltiplas de coluna lombar e da pelve.,entidade_diagnostico,"{""categoria"": ""entidade_diagnostico"", ""codigo_cid"": ""S327""}"
Diagnóstico CID-10 código S328: Fratura de outras partes da coluna lombossacra e da pelve e de partes não especificadas.,entidade_diagnostico,"{""categoria"": ""entidade_diagnostico"", ""codigo_cid"": ""S328""}"
Diagnóstico CID-10 código S334: Ruptura traumática da sínfise púbica.,entidade_diagnostico,"{""categoria"": ""entidade_diagnostico"", ""codigo_cid"": ""S334""}"
Diagnóstico CID-10 código S360: Traumatismo do baço.,entidade_diagnostico,"{""categoria"": ""entidade_diagnostico"", ""codigo_cid"": ""S360""}"
Diagnóstico CID-10 código S364: Traumatismo do intestino delgado.,entidade_diagnostico,"{""categoria"": ""entidade_diagnostico"", ""codigo_cid"": ""S364""}"
Diagnóstico CID-10 código S420: Fratura da clavícula.,entidade_diagnostico,"{""categoria"": ""entidade_diagnostico"", ""codigo_cid"": ""S420""}"
Diagnóstico CID-10 código S422: Fratura da extremidade superior do úmero.,entidade_diagnostico,"{""categoria"": ""entidade_diagnostico"", ""codigo_cid"": ""S422""}"
Diagnóstico CID-10 código S423: Fratura da diáfise do úmero.,entidade_diagnostico,"{""categoria"": ""entidade_diagnostico"", ""codigo_cid"": ""S423""}"
Diagnóstico CID-10 código S424: Fratura da extremidade inferior do úmero.,entidade_diagnostico,"{""categoria"": ""entidade_diagnostico"", ""codigo_cid"": ""S424""}"
"Diagnóstico CID-10 código S427: Fraturas múltiplas da clavícula, da omoplata [escápula] e do úmero.",entidade_diagnostico,"{""categoria"": ""entidade_diagnostico"", ""codigo_cid"": ""S427""}"
"Diagnóstico CID-10 código S429: Fratura da cintura escapular, parte não especificada.",entidade_diagnostico,"{""categoria"": ""entidade_diagnostico"", ""codigo_cid"": ""S429""}"
Diagnóstico CID-10 código S430: Luxação da articulação do ombro.,entidade_diagnostico,"{""categoria"": ""entidade_diagnostico"", ""codigo_cid"": ""S430""}"
Diagnóstico CID-10 código S431: Luxação da articulação acromioclavicular.,entidade_diagnostico,"{""categoria"": ""entidade_diagnostico"", ""codigo_cid"": ""S431""}"
Diagnóstico CID-10 código S460: Traumatismo do tendão do manguito rotador do ombro.,entidade_diagnostico,"{""categoria"": ""entidade_diagnostico"", ""codigo_cid"": ""S460""}"
Diagnóstico CID-10 código S520: Fratura da extremidade superior do cúbito [ulna].,entidade_diagnostico,"{""categoria"": ""entidade_diagnostico"", ""codigo_cid"": ""S520""}"
Diagnóstico CID-10 código S521: Fratura da extremidade superior do rádio.,entidade_diagnostico,"{""categoria"": ""entidade_diagnostico"", ""codigo_cid"": ""S521""}"
Diagnóstico CID-10 código S522: Fratura da diáfise do cúbito [ulna].,entidade_diagnostico,"{""categoria"": ""entidade_diagnostico"", ""codigo_cid"": ""S522""}"
Diagnóstico CID-10 código S523: Fratura da diáfise do rádio.,entidade_diagnostico,"{""categoria"": ""entidade_diagnostico"", ""codigo_cid"": ""S523""}"
Diagnóstico CID-10 código S524: Fratura das diáfises do rádio e do cúbito [ulna].,entidade_diagnostico,"{""categoria"": ""entidade_diagnostico"", ""codigo_cid"": ""S524""}"
Diagnóstico CID-10 código S525: Fratura da extremidade distal do rádio.,entidade_diagnostico,"{""categoria"": ""entidade_diagnostico"", ""codigo_cid"": ""S525""}"
Diagnóstico CID-10 código S526: Fratura da extremidade distal do rádio e do cúbito [ulna].,entidade_diagnostico,"{""categoria"": ""entidade_diagnostico"", ""codigo_cid"": ""S526""}"
Diagnóstico CID-10 código S527: Fraturas múltiplas do antebraço.,entidade_diagnostico,"{""categoria"": ""entidade_diagnostico"", ""codigo_cid"": ""S527""}"
Diagnóstico CID-10 código S528: Fratura de outras partes do antebraço.,entidade_diagnostico,"{""categoria"": ""entidade_diagnostico"", ""codigo_cid"": ""S528""}"
"Diagnóstico CID-10 código S529: Fratura do antebraço, parte não especificada.",entidade_diagnostico,"{""categoria"": ""entidade_diagnostico"", ""codigo_cid"": ""S529""}"
"Diagnóstico CID-10 código S531: Luxação do cotovelo, não especificada.",entidade_diagnostico,"{""categoria"": ""entidade_diagnostico"", ""codigo_cid"": ""S531""}"
Diagnóstico CID-10 código S602: Contusão de outras partes do punho e da mão.,entidade_diagnostico,"{""categoria"": ""entidade_diagnostico"", ""codigo_cid"": ""S602""}"
Diagnóstico CID-10 código S611: Ferimento de dedo(s) com lesão da unha.,entidade_diagnostico,"{""categoria"": ""entidade_diagnostico"", ""codigo_cid"": ""S611""}"
Diagnóstico CID-10 código S620: Fratura do osso navicular [escafoíde] da mão.,entidade_diagnostico,"{""categoria"": ""entidade_diagnostico"", ""codigo_cid"": ""S620""}"
Diagnóstico CID-10 código S622: Fratura do primeiro metacarpiano.,entidade_diagnostico,"{""categoria"": ""entidade_diagnostico"", ""codigo_cid"": ""S622""}"
Diagnóstico CID-10 código S623: Fratura de outros ossos do metacarpo.,entidade_diagnostico,"{""categoria"": ""entidade_diagnostico"", ""codigo_cid"": ""S623""}"
Diagnóstico CID-10 código S624: Fraturas múltiplas de ossos metacarpianos.,entidade_diagnostico,"{""categoria"": ""entidade_diagnostico"", ""codigo_cid"": ""S624""}"
Diagnóstico CID-10 código S625: Fratura do polegar.,entidade_diagnostico,"{""categoria"": ""entidade_diagnostico"", ""codigo_cid"": ""S625""}"
Diagnóstico CID-10 código S626: Fratura de outros dedos.,entidade_diagnostico,"{""categoria"": ""entidade_diagnostico"", ""codigo_cid"": ""S626""}"
Diagnóstico CID-10 código S627: Fraturas múltiplas de dedo(s).,entidade_diagnostico,"{""categoria"": ""entidade_diagnostico"", ""codigo_cid"": ""S627""}"
Diagnóstico CID-10 código S628: Fratura de outras partes e de partes não especificadas do punho e da mão.,entidade_diagnostico,"{""categoria"": ""entidade_diagnostico"", ""codigo_cid"": ""S628""}"
Diagnóstico CID-10 código S633: Ruptura traumática de ligamento(s) do punho e do carpo.,entidade_diagnostico,"{""categoria"": ""entidade_diagnostico"", ""codigo_cid"": ""S633""}"
Diagnóstico CID-10 código S661: Traumatismo do músculo flexor e tendão de outro dedo ao nível do punho e da mão.,entidade_diagnostico,"{""categoria"": ""entidade_diagnostico"", ""codigo_cid"": ""S661""}"
Diagnóstico CID-10 código S663: Traumatismo do músculo extensor e tendão de outro dedo ao nível do punho e da mão.,entidade_diagnostico,"{""categoria"": ""entidade_diagnostico"", ""codigo_cid"": ""S663""}"
Diagnóstico CID-10 código S668: Traumatismo de outros músculos e tendões ao nível do punho e da mão.,entidade_diagnostico,"{""categoria"": ""entidade_diagnostico"", ""codigo_cid"": ""S668""}"
Diagnóstico CID-10 código S669: Traumatismo de músculo e tendão não especificado ao nível do punho e da mão.,entidade_diagnostico,"{""categoria"": ""entidade_diagnostico"", ""codigo_cid"": ""S669""}"
Diagnóstico CID-10 código S680: Amputação traumática do polegar (completa) (parcial).,entidade_diagnostico,"{""categoria"": ""entidade_diagnostico"", ""codigo_cid"": ""S680""}"
Diagnóstico CID-10 código S681: Amputação traumática de um outro dedo apenas (completa) (parcial).,entidade_diagnostico,"{""categoria"": ""entidade_diagnostico"", ""codigo_cid"": ""S681""}"
Diagnóstico CID-10 código S718: Ferimentos de outras partes e das não especificadas da cintura pélvica.,entidade_diagnostico,"{""categoria"": ""entidade_diagnostico"", ""codigo_cid"": ""S718""}"
Diagnóstico CID-10 código S720: Fratura do colo do fêmur.,entidade_diagnostico,"{""categoria"": ""entidade_diagnostico"", ""codigo_cid"": ""S720""}"
Diagnóstico CID-10 código S721: Fratura pertrocantérica.,entidade_diagnostico,"{""categoria"": ""entidade_diagnostico"", ""codigo_cid"": ""S721""}"
Diagnóstico CID-10 código S722: Fratura subtrocantérica.,entidade_diagnostico,"{""categoria"": ""entidade_diagnostico"", ""codigo_cid"": ""S722""}"
Diagnóstico CID-10 código S723: Fratura da diáfise do fêmur.,entidade_diagnostico,"{""categoria"": ""entidade_diagnostico"", ""codigo_cid"": ""S723""}"
Diagnóstico CID-10 código S724: Fratura da extremidade distal do fêmur.,entidade_diagnostico,"{""categoria"": ""entidade_diagnostico"", ""codigo_cid"": ""S724""}"
Diagnóstico CID-10 código S727: Fraturas múltiplas do fêmur.,entidade_diagnostico,"{""categoria"": ""entidade_diagnostico"", ""codigo_cid"": ""S727""}"
Diagnóstico CID-10 código S728: Fraturas de outras partes do fêmur.,entidade_diagnostico,"{""categoria"": ""entidade_diagnostico"", ""codigo_cid"": ""S728""}"
"Diagnóstico CID-10 código S729: Fratura do fêmur, parte não especificada.",entidade_diagnostico,"{""categoria"": ""entidade_diagnostico"", ""codigo_cid"": ""S729""}"
Diagnóstico CID-10 código S730: Luxação da articulação do quadril.,entidade_diagnostico,"{""categoria"": ""entidade_diagnostico"", ""codigo_cid"": ""S730""}"
Diagnóstico CID-10 código S810: Ferimento do joelho.,entidade_diagnostico,"{""categoria"": ""entidade_diagnostico"", ""codigo_cid"": ""S810""}"
Diagnóstico CID-10 código S818: Ferimento de outras partes da perna.,entidade_diagnostico,"{""categoria"": ""entidade_diagnostico"", ""codigo_cid"": ""S818""}"
Diagnóstico CID-10 código S820: Fratura da rótula [patela].,entidade_diagnostico,"{""categoria"": ""entidade_diagnostico"", ""codigo_cid"": ""S820""}"
Diagnóstico CID-10 código S821: Fratura da extremidade proximal da tíbia.,entidade_diagnostico,"{""categoria"": ""entidade_diagnostico"", ""codigo_cid"": ""S821""}"
Diagnóstico CID-10 código S822: Fratura da diáfise da tíbia.,entidade_diagnostico,"{""categoria"": ""entidade_diagnostico"", ""codigo_cid"": ""S822""}"
Diagnóstico CID-10 código S823: Fratura da extremidade distal da tíbia.,entidade_diagnostico,"{""categoria"": ""entidade_diagnostico"", ""codigo_cid"": ""S823""}"
Diagnóstico CID-10 código S824: Fratura do perônio [fíbula].,entidade_diagnostico,"{""categoria"": ""entidade_diagnostico"", ""codigo_cid"": ""S824""}"
Diagnóstico CID-10 código S825: Fratura do maléolo medial.,entidade_diagnostico,"{""categoria"": ""entidade_diagnostico"", ""codigo_cid"": ""S825""}"
Diagnóstico CID-10 código S826: Fratura do maléolo lateral.,entidade_diagnostico,"{""categoria"": ""entidade_diagnostico"", ""codigo_cid"": ""S826""}"
Diagnóstico CID-10 código S827: Fraturas múltiplas da perna.,entidade_diagnostico,"{""categoria"": ""entidade_diagnostico"", ""codigo_cid"": ""S827""}"
Diagnóstico CID-10 código S828: Fratura de outras partes da perna.,entidade_diagnostico,"{""categoria"": ""entidade_diagnostico"", ""codigo_cid"": ""S828""}"
"Diagnóstico CID-10 código S829: Fratura da perna, parte não especificada.",entidade_diagnostico,"{""categoria"": ""entidade_diagnostico"", ""codigo_cid"": ""S829""}"
"Diagnóstico CID-10 código S832: Ruptura do menisco, atual.",entidade_diagnostico,"{""categoria"": ""entidade_diagnostico"", ""codigo_cid"": ""S832""}"
Diagnóstico CID-10 código S834: Entorse e distensão envolvendo ligamento colateral (peronial) (tibial) do joelho.,entidade_diagnostico,"{""categoria"": ""entidade_diagnostico"", ""codigo_cid"": ""S834""}"
Diagnóstico CID-10 código S835: Entorse e distensão envolvendo ligamento cruzado (anterior) (posterior) do joelho.,entidade_diagnostico,"{""categoria"": ""entidade_diagnostico"", ""codigo_cid"": ""S835""}"
Diagnóstico CID-10 código S836: Entorse e distensão de outras partes e das não especificadas do joelho.,entidade_diagnostico,"{""categoria"": ""entidade_diagnostico"", ""codigo_cid"": ""S836""}"
Diagnóstico CID-10 código S837: Traumatismo de estruturas múltiplas do joelho.,entidade_diagnostico,"{""categoria"": ""entidade_diagnostico"", ""codigo_cid"": ""S837""}"
Diagnóstico CID-10 código S860: Traumatismo do tendão de Aquiles.,entidade_diagnostico,"{""categoria"": ""entidade_diagnostico"", ""codigo_cid"": ""S860""}"
Diagnóstico CID-10 código S910: Ferimento do tornozelo.,entidade_diagnostico,"{""categoria"": ""entidade_diagnostico"", ""codigo_cid"": ""S910""}"
Diagnóstico CID-10 código S913: Ferimento de outras partes do pé.,entidade_diagnostico,"{""categoria"": ""entidade_diagnostico"", ""codigo_cid"": ""S913""}"
Diagnóstico CID-10 código S920: Fratura do calcâneo.,entidade_diagnostico,"{""categoria"": ""entidade_diagnostico"", ""codigo_cid"": ""S920""}"
Diagnóstico CID-10 código S923: Fratura de ossos do metatarso.,entidade_diagnostico,"{""categoria"": ""entidade_diagnostico"", ""codigo_cid"": ""S923""}"
Diagnóstico CID-10 código S924: Fratura do hálux.,entidade_diagnostico,"{""categoria"": ""entidade_diagnostico"", ""codigo_cid"": ""S924""}"
Diagnóstico CID-10 código S929: Fratura do pé não especificada.,entidade_diagnostico,"{""categoria"": ""entidade_diagnostico"", ""codigo_cid"": ""S929""}"
Diagnóstico CID-10 código S930: Luxação da articulação do tornozelo.,entidade_diagnostico,"{""categoria"": ""entidade_diagnostico"", ""codigo_cid"": ""S930""}"
Diagnóstico CID-10 código T009: Traumatismos superficiais múltiplos não especificados.,entidade_diagnostico,"{""categoria"": ""entidade_diagnostico"", ""codigo_cid"": ""T009""}"
Diagnóstico CID-10 código T010: Ferimentos envolvendo a cabeça com o pescoço.,entidade_diagnostico,"{""categoria"": ""entidade_diagnostico"", ""codigo_cid"": ""T010""}"
Diagnóstico CID-10 código T012: Ferimentos envolvendo regiões múltiplas do(s) membro(s) superior(es).,entidade_diagnostico,"{""categoria"": ""entidade_diagnostico"", ""codigo_cid"": ""T012""}"
Diagnóstico CID-10 código T013: Ferimentos envolvendo múltiplas regiões do(s) membro(s) inferior(es).,entidade_diagnostico,"{""categoria"": ""entidade_diagnostico"", ""codigo_cid"": ""T013""}"
Diagnóstico CID-10 código T019: Ferimentos múltiplos não especificados.,entidade_diagnostico,"{""categoria"": ""entidade_diagnostico"", ""codigo_cid"": ""T019""}"
Diagnóstico CID-10 código T020: Fraturas envolvendo cabeça com pescoço.,entidade_diagnostico,"{""categoria"": ""entidade_diagnostico"", ""codigo_cid"": ""T020""}"
Diagnóstico CID-10 código T021: Fraturas envolvendo tórax com parte inferior do dorso e da pelve.,entidade_diagnostico,"{""categoria"": ""entidade_diagnostico"", ""codigo_cid"": ""T021""}"
Diagnóstico CID-10 código T022: Fraturas envolvendo regiões múltiplas de um membro superior.,entidade_diagnostico,"{""categoria"": ""entidade_diagnostico"", ""codigo_cid"": ""T022""}"
Diagnóstico CID-10 código T023: Fraturas envolvendo regiões múltiplas de um membro inferior.,entidade_diagnostico,"{""categoria"": ""entidade_diagnostico"", ""codigo_cid"": ""T023""}"
Diagnóstico CID-10 código T024: Fraturas envolvendo regiões múltiplas de ambos os membros superiores.,entidade_diagnostico,"{""categoria"": ""entidade_diagnostico"", ""codigo_cid"": ""T024""}"
Diagnóstico CID-10 código T025: Fraturas envolvendo regiões múltiplas de ambos os membros inferiores.,entidade_diagnostico,"{""categoria"": ""entidade_diagnostico"", ""codigo_cid"": ""T025""}"
Diagnóstico CID-10 código T028: Fraturas envolvendo outras combinações de regiões do corpo.,entidade_diagnostico,"{""categoria"": ""entidade_diagnostico"", ""codigo_cid"": ""T028""}"
Diagnóstico CID-10 código T029: Fraturas múltiplas não especificadas.,entidade_diagnostico,"{""categoria"": ""entidade_diagnostico"", ""codigo_cid"": ""T029""}"
"Diagnóstico CID-10 código T039: Luxações, entorses e distensões múltiplas, não especificadas.",entidade_diagnostico,"{""categoria"": ""entidade_diagnostico"", ""codigo_cid"": ""T039""}"
Diagnóstico CID-10 código T068: Outros traumatismos especificados envolvendo regiões múltiplas do corpo.,entidade_diagnostico,"{""categoria"": ""entidade_diagnostico"", ""codigo_cid"": ""T068""}"
Diagnóstico CID-10 código T07: Traumatismos múltiplos não especificados.,entidade_diagnostico,"{""categoria"": ""entidade_diagnostico"", ""codigo_cid"": ""T07""}"
"Diagnóstico CID-10 código T111: Ferimento do membro superior, nível não especificado.",entidade_diagnostico,"{""categoria"": ""entidade_diagnostico"", ""codigo_cid"": ""T111""}"
"Diagnóstico CID-10 código T131: Ferimento de membro inferior, nível não especificado.",entidade_diagnostico,"{""categoria"": ""entidade_diagnostico"", ""codigo_cid"": ""T131""}"
Diagnóstico CID-10 código T140: Traumatismo superficial de região não especificada do corpo.,entidade_diagnostico,"{""categoria"": ""entidade_diagnostico"", ""codigo_cid"": ""T140""}"
Diagnóstico CID-10 código T141: Ferimento de região não especificada do corpo.,entidade_diagnostico,"{""categoria"": ""entidade_diagnostico"", ""codigo_cid"": ""T141""}"
Diagnóstico CID-10 código T144: Traumatismo de nervo(s) de região não especificada do corpo.,entidade_diagnostico,"{""categoria"": ""entidade_diagnostico"", ""codigo_cid"": ""T144""}"
Diagnóstico CID-10 código T149: Traumatismo não especificado.,entidade_diagnostico,"{""categoria"": ""entidade_diagnostico"", ""codigo_cid"": ""T149""}"
Diagnóstico CID-10 código T16: Corpo estranho no ouvido.,entidade_diagnostico,"{""categoria"": ""entidade_diagnostico"", ""codigo_cid"": ""T16""}"
Diagnóstico CID-10 código T171: Corpo estranho na narina.,entidade_diagnostico,"{""categoria"": ""entidade_diagnostico"", ""codigo_cid"": ""T171""}"
Diagnóstico CID-10 código T174: Corpo estranho na traquéia.,entidade_diagnostico,"{""categoria"": ""entidade_diagnostico"", ""codigo_cid"": ""T174""}"
Diagnóstico CID-10 código T180: Corpo estranho na boca.,entidade_diagnostico,"{""categoria"": ""entidade_diagnostico"", ""codigo_cid"": ""T180""}"
Diagnóstico CID-10 código T181: Corpo estranho no esôfago.,entidade_diagnostico,"{""categoria"": ""entidade_diagnostico"", ""codigo_cid"": ""T181""}"
Diagnóstico CID-10 código T182: Corpo estranho no estômago.,entidade_diagnostico,"{""categoria"": ""entidade_diagnostico"", ""codigo_cid"": ""T182""}"
Diagnóstico CID-10 código T185: Corpo estranho no ânus e reto.,entidade_diagnostico,"{""categoria"": ""entidade_diagnostico"", ""codigo_cid"": ""T185""}"
Diagnóstico CID-10 código T188: Corpo estranho em outras partes e partes múltiplas do aparelho digestivo.,entidade_diagnostico,"{""categoria"": ""entidade_diagnostico"", ""codigo_cid"": ""T188""}"
Diagnóstico CID-10 código T189: Corpo estranho em parte não especificada do aparelho digestivo.,entidade_diagnostico,"{""categoria"": ""entidade_diagnostico"", ""codigo_cid"": ""T189""}"
Diagnóstico CID-10 código T191: Corpo estranho na bexiga.,entidade_diagnostico,"{""categoria"": ""entidade_diagnostico"", ""codigo_cid"": ""T191""}"
Diagnóstico CID-10 código T203: Queimadura de terceiro grau da cabeça e do pescoço.,entidade_diagnostico,"{""categoria"": ""entidade_diagnostico"", ""codigo_cid"": ""T203""}"
Diagnóstico CID-10 código T213: Queimadura de terceiro grau do tronco.,entidade_diagnostico,"{""categoria"": ""entidade_diagnostico"", ""codigo_cid"": ""T213""}"
"Diagnóstico CID-10 código T223: Queimadura de terceiro grau do ombro e do membro superior, exceto punho e mão.",entidade_diagnostico,"{""categoria"": ""entidade_diagnostico"", ""codigo_cid"": ""T223""}"
Diagnóstico CID-10 código T233: Queimadura de terceiro grau do punho e da mão.,entidade_diagnostico,"{""categoria"": ""entidade_diagnostico"", ""codigo_cid"": ""T233""}"
"Diagnóstico CID-10 código T243: Queimadura de terceiro grau do quadril e do membro inferior, exceto tornozelo e do pé.",entidade_diagnostico,"{""categoria"": ""entidade_diagnostico"", ""codigo_cid"": ""T243""}"
Diagnóstico CID-10 código T253: Queimadura de terceiro grau do tornozelo e do pé.,entidade_diagnostico,"{""categoria"": ""entidade_diagnostico"", ""codigo_cid"": ""T253""}"
"Diagnóstico CID-10 código T290: Queimaduras múltiplas, grau não especificado.",entidade_diagnostico,"{""categoria"": ""entidade_diagnostico"", ""codigo_cid"": ""T290""}"
"Diagnóstico CID-10 código T292: Queimaduras múltiplas, sem mencionar queimadura(s) ultrapassando o segundo grau.",entidade_diagnostico,"{""categoria"": ""entidade_diagnostico"", ""codigo_cid"": ""T292""}"
"Diagnóstico CID-10 código T293: Queimaduras múltiplas, mencionando ao menos uma queimadura de terceiro grau.",entidade_diagnostico,"{""categoria"": ""entidade_diagnostico"", ""codigo_cid"": ""T293""}"
"Diagnóstico CID-10 código T300: Queimadura, parte do corpo não especificada, grau não especificado.",entidade_diagnostico,"{""categoria"": ""entidade_diagnostico"", ""codigo_cid"": ""T300""}"
"Diagnóstico CID-10 código T302: Queimadura de segundo grau, parte do corpo não especificada.",entidade_diagnostico,"{""categoria"": ""entidade_diagnostico"", ""codigo_cid"": ""T302""}"
"Diagnóstico CID-10 código T303: Queimadura de terceiro grau, parte do corpo não especificada.",entidade_diagnostico,"{""categoria"": ""entidade_diagnostico"", ""codigo_cid"": ""T303""}"
Diagnóstico CID-10 código T310: Queimaduras envolvendo menos de 10% da superfície corporal.,entidade_diagnostico,"{""categoria"": ""entidade_diagnostico"", ""codigo_cid"": ""T310""}"
Diagnóstico CID-10 código T311: Queimaduras envolvendo de 10 - 19% da superfície corporal.,entidade_diagnostico,"{""categoria"": ""entidade_diagnostico"", ""codigo_cid"": ""T311""}"
Diagnóstico CID-10 código T424: Intoxicação por benzodiazepinas.,entidade_diagnostico,"{""categoria"": ""entidade_diagnostico"", ""codigo_cid"": ""T424""}"
Diagnóstico CID-10 código T439: Intoxicação por droga psicotrópica não especificada.,entidade_diagnostico,"{""categoria"": ""entidade_diagnostico"", ""codigo_cid"": ""T439""}"
Diagnóstico CID-10 código T455: Intoxicação por anticoagulantes.,entidade_diagnostico,"{""categoria"": ""entidade_diagnostico"", ""codigo_cid"": ""T455""}"
Diagnóstico CID-10 código T479: Intoxicação por substância não especificada que atua primariamente sobre o aparelho gastrointestinal.,entidade_diagnostico,"{""categoria"": ""entidade_diagnostico"", ""codigo_cid"": ""T479""}"
"Diagnóstico CID-10 código T509: Intoxicação por outras drogas, medicamentos e substâncias biológicas e as não especificadas.",entidade_diagnostico,"{""categoria"": ""entidade_diagnostico"", ""codigo_cid"": ""T509""}"
Diagnóstico CID-10 código T518: Efeito tóxico de outros álcoois.,entidade_diagnostico,"{""categoria"": ""entidade_diagnostico"", ""codigo_cid"": ""T518""}"
Diagnóstico CID-10 código T630: Efeito tóxico do veneno de serpente.,entidade_diagnostico,"{""categoria"": ""entidade_diagnostico"", ""codigo_cid"": ""T630""}"
Diagnóstico CID-10 código T632: Efeito tóxico do veneno de escorpião.,entidade_diagnostico,"{""categoria"": ""entidade_diagnostico"", ""codigo_cid"": ""T632""}"
Diagnóstico CID-10 código T633: Efeito tóxico do veneno de aranha.,entidade_diagnostico,"{""categoria"": ""entidade_diagnostico"", ""codigo_cid"": ""T633""}"
Diagnóstico CID-10 código T658: Efeito tóxico de outras substâncias especificadas.,entidade_diagnostico,"{""categoria"": ""entidade_diagnostico"", ""codigo_cid"": ""T658""}"
Diagnóstico CID-10 código T659: Efeito tóxico de substância não especificada.,entidade_diagnostico,"{""categoria"": ""entidade_diagnostico"", ""codigo_cid"": ""T659""}"
Diagnóstico CID-10 código T742: Abuso sexual.,entidade_diagnostico,"{""categoria"": ""entidade_diagnostico"", ""codigo_cid"": ""T742""}"
Diagnóstico CID-10 código T758: Outros efeitos especificados de causas externas.,entidade_diagnostico,"{""categoria"": ""entidade_diagnostico"", ""codigo_cid"": ""T758""}"
Diagnóstico CID-10 código T810: Hemorragia e hematoma complicando procedimento não classificado em outra parte.,entidade_diagnostico,"{""categoria"": ""entidade_diagnostico"", ""codigo_cid"": ""T810""}"
Diagnóstico CID-10 código T813: Deiscência de ferida cirúrgica não classificada em outra parte.,entidade_diagnostico,"{""categoria"": ""entidade_diagnostico"", ""codigo_cid"": ""T813""}"
Diagnóstico CID-10 código T814: Infecção subseqüente a procedimento não classificada em outra parte.,entidade_diagnostico,"{""categoria"": ""entidade_diagnostico"", ""codigo_cid"": ""T814""}"
Diagnóstico CID-10 código T818: Outras complicações de procedimentos não classificadas em outra parte.,entidade_diagnostico,"{""categoria"": ""entidade_diagnostico"", ""codigo_cid"": ""T818""}"
Diagnóstico CID-10 código T821: Complicação mecânica de dispositivo eletrônico cardíaco.,entidade_diagnostico,"{""categoria"": ""entidade_diagnostico"", ""codigo_cid"": ""T821""}"
"Diagnóstico CID-10 código T828: Outras complicações de dispositivos protéticos, implantes e enxertos cardíacos e vasculares.",entidade_diagnostico,"{""categoria"": ""entidade_diagnostico"", ""codigo_cid"": ""T828""}"
"Diagnóstico CID-10 código T829: Complicações não especificada de dispositivo protético, implante e enxerto cardíacos e vasculares.",entidade_diagnostico,"{""categoria"": ""entidade_diagnostico"", ""codigo_cid"": ""T829""}"
Diagnóstico CID-10 código T840: Complicação mecânica de prótese articular interna.,entidade_diagnostico,"{""categoria"": ""entidade_diagnostico"", ""codigo_cid"": ""T840""}"
Diagnóstico CID-10 código T841: Complicação mecânica de dispositivo de fixação interna de ossos dos membros.,entidade_diagnostico,"{""categoria"": ""entidade_diagnostico"", ""codigo_cid"": ""T841""}"
"Diagnóstico CID-10 código T844: Complicação mecânica de outros dispositivos, implantes e enxertos ortopédicos internos.",entidade_diagnostico,"{""categoria"": ""entidade_diagnostico"", ""codigo_cid"": ""T844""}"
Diagnóstico CID-10 código T845: Infecção e reação inflamatória devidas à prótese articular interna.,entidade_diagnostico,"{""categoria"": ""entidade_diagnostico"", ""codigo_cid"": ""T845""}"
Diagnóstico CID-10 código T846: Infecção e reação inflamatória devidas a dispositivo de fixação interna [qualquer local].,entidade_diagnostico,"{""categoria"": ""entidade_diagnostico"", ""codigo_cid"": ""T846""}"
"Diagnóstico CID-10 código T847: Infecção e reação inflamatória devidas a outros dispositivos protéticos, implantes e enxertos ortopédicos internos.",entidade_diagnostico,"{""categoria"": ""entidade_diagnostico"", ""codigo_cid"": ""T847""}"
"Diagnóstico CID-10 código T848: Outras complicações de dispositivos protéticos, implantes e enxertos ortopédicos internos.",entidade_diagnostico,"{""categoria"": ""entidade_diagnostico"", ""codigo_cid"": ""T848""}"
"Diagnóstico CID-10 código T849: Complicação não especificada de dispositivo protético, implante e enxerto ortopédicos internos.",entidade_diagnostico,"{""categoria"": ""entidade_diagnostico"", ""codigo_cid"": ""T849""}"
Diagnóstico CID-10 código T850: Complicação mecânica de shunt ventricular (comunicação) intracraniano.,entidade_diagnostico,"{""categoria"": ""entidade_diagnostico"", ""codigo_cid"": ""T850""}"
Diagnóstico CID-10 código T852: Complicação mecânica de lente intraocular.,entidade_diagnostico,"{""categoria"": ""entidade_diagnostico"", ""codigo_cid"": ""T852""}"
"Diagnóstico CID-10 código T858: Outras complicações de dispositivos protéticos, implantes e enxertos internos não classificados em outra parte.",entidade_diagnostico,"{""categoria"": ""entidade_diagnostico"", ""codigo_cid"": ""T858""}"
"Diagnóstico CID-10 código T859: Complicação não especificada de outros dispositivos protéticos, implantes e enxertos internos.",entidade_diagnostico,"{""categoria"": ""entidade_diagnostico"", ""codigo_cid"": ""T859""}"
Diagnóstico CID-10 código T860: Rejeição a transplante de medula óssea.,entidade_diagnostico,"{""categoria"": ""entidade_diagnostico"", ""codigo_cid"": ""T860""}"
Diagnóstico CID-10 código T861: Falência ou rejeição de transplante de rim.,entidade_diagnostico,"{""categoria"": ""entidade_diagnostico"", ""codigo_cid"": ""T861""}"
Diagnóstico CID-10 código T862: Falência ou rejeição de transplante de coração.,entidade_diagnostico,"{""categoria"": ""entidade_diagnostico"", ""codigo_cid"": ""T862""}"
Diagnóstico CID-10 código T864: Falência ou rejeição de transplante de fígado.,entidade_diagnostico,"{""categoria"": ""entidade_diagnostico"", ""codigo_cid"": ""T864""}"
Diagnóstico CID-10 código T868: Outra insuficiência ou rejeição de outros órgãos ou tecidos transplantados.,entidade_diagnostico,"{""categoria"": ""entidade_diagnostico"", ""codigo_cid"": ""T868""}"
Diagnóstico CID-10 código T869: Falência e rejeição a transplante de órgão ou tecido não especificado.,entidade_diagnostico,"{""categoria"": ""entidade_diagnostico"", ""codigo_cid"": ""T869""}"
Diagnóstico CID-10 código T874: Infecção de coto da amputação.,entidade_diagnostico,"{""categoria"": ""entidade_diagnostico"", ""codigo_cid"": ""T874""}"
Diagnóstico CID-10 código T885: Outras complicações de anestesia.,entidade_diagnostico,"{""categoria"": ""entidade_diagnostico"", ""codigo_cid"": ""T885""}"
Diagnóstico CID-10 código T888: Outras complicações de cuidados médicos e cirúrgicos especificados não classificados em outra parte.,entidade_diagnostico,"{""categoria"": ""entidade_diagnostico"", ""codigo_cid"": ""T888""}"
Diagnóstico CID-10 código T889: Complicação não especificada de cuidados médicos e cirúrgicos.,entidade_diagnostico,"{""categoria"": ""entidade_diagnostico"", ""codigo_cid"": ""T889""}"
Diagnóstico CID-10 código T905: Seqüelas de traumatismo intracraniano.,entidade_diagnostico,"{""categoria"": ""entidade_diagnostico"", ""codigo_cid"": ""T905""}"
Diagnóstico CID-10 código T908: Seqüelas de outros traumatismos especificados da cabeça.,entidade_diagnostico,"{""categoria"": ""entidade_diagnostico"", ""codigo_cid"": ""T908""}"
Diagnóstico CID-10 código T925: Seqüelas de traumatismo de músculo e tendão do membro superior.,entidade_diagnostico,"{""categoria"": ""entidade_diagnostico"", ""codigo_cid"": ""T925""}"
Diagnóstico CID-10 código T931: Seqüelas de fratura do fêmur.,entidade_diagnostico,"{""categoria"": ""entidade_diagnostico"", ""codigo_cid"": ""T931""}"
Diagnóstico CID-10 código T932: Seqüelas de outras fraturas do membro inferior.,entidade_diagnostico,"{""categoria"": ""entidade_diagnostico"", ""codigo_cid"": ""T932""}"
"Diagnóstico CID-10 código T959: Seqüelas de queimadura, corrosão e geladura de local não especificado.",entidade_diagnostico,"{""categoria"": ""entidade_diagnostico"", ""codigo_cid"": ""T959""}"
Diagnóstico CID-10 código T981: Seqüelas em outros efeitos de causas externas e os não especificados.,entidade_diagnostico,"{""categoria"": ""entidade_diagnostico"", ""codigo_cid"": ""T981""}"
Diagnóstico CID-10 código T983: Seqüelas de complicações dos cuidados médicos e cirúrgicos não classificados em outra parte.,entidade_diagnostico,"{""categoria"": ""entidade_diagnostico"", ""codigo_cid"": ""T983""}"
Diagnóstico CID-10 código Z000: Exame médico geral.,entidade_diagnostico,"{""categoria"": ""entidade_diagnostico"", ""codigo_cid"": ""Z000""}"
Diagnóstico CID-10 código Z001: Exame de rotina de saúde da criança.,entidade_diagnostico,"{""categoria"": ""entidade_diagnostico"", ""codigo_cid"": ""Z001""}"
Diagnóstico CID-10 código Z005: Exame de doador potencial de órgão e tecido.,entidade_diagnostico,"{""categoria"": ""entidade_diagnostico"", ""codigo_cid"": ""Z005""}"
Diagnóstico CID-10 código Z008: Outros exames gerais.,entidade_diagnostico,"{""categoria"": ""entidade_diagnostico"", ""codigo_cid"": ""Z008""}"
Diagnóstico CID-10 código Z010: Exame dos olhos e da visão.,entidade_diagnostico,"{""categoria"": ""entidade_diagnostico"", ""codigo_cid"": ""Z010""}"
Diagnóstico CID-10 código Z018: Outros exames especiais especificados.,entidade_diagnostico,"{""categoria"": ""entidade_diagnostico"", ""codigo_cid"": ""Z018""}"
Diagnóstico CID-10 código Z019: Exame especial não especificado.,entidade_diagnostico,"{""categoria"": ""entidade_diagnostico"", ""codigo_cid"": ""Z019""}"
Diagnóstico CID-10 código Z031: Observação por suspeita de neoplasia maligna.,entidade_diagnostico,"{""categoria"": ""entidade_diagnostico"", ""codigo_cid"": ""Z031""}"
Diagnóstico CID-10 código Z038: Observação por suspeita de outras doenças e afecções.,entidade_diagnostico,"{""categoria"": ""entidade_diagnostico"", ""codigo_cid"": ""Z038""}"
Diagnóstico CID-10 código Z039: Observação por suspeita de doença ou afecção não especificada.,entidade_diagnostico,"{""categoria"": ""entidade_diagnostico"", ""codigo_cid"": ""Z039""}"
Diagnóstico CID-10 código Z044: Exame e observação após alegação de estupro e sedução.,entidade_diagnostico,"{""categoria"": ""entidade_diagnostico"", ""codigo_cid"": ""Z044""}"
Diagnóstico CID-10 código Z048: Exame e observação por outras razões especificadas.,entidade_diagnostico,"{""categoria"": ""entidade_diagnostico"", ""codigo_cid"": ""Z048""}"
Diagnóstico CID-10 código Z121: Exame especial de rastreamento de neoplasia do trato intestinal.,entidade_diagnostico,"{""categoria"": ""entidade_diagnostico"", ""codigo_cid"": ""Z121""}"
Diagnóstico CID-10 código Z125: Exame especial de rastreamento de neoplasia da próstata.,entidade_diagnostico,"{""categoria"": ""entidade_diagnostico"", ""codigo_cid"": ""Z125""}"
Diagnóstico CID-10 código Z129: Exame especial de rastreamento de neoplasia não especificada.,entidade_diagnostico,"{""categoria"": ""entidade_diagnostico"", ""codigo_cid"": ""Z129""}"
Diagnóstico CID-10 código Z209: Contato com e exposição a doença transmissível não especificada.,entidade_diagnostico,"{""categoria"": ""entidade_diagnostico"", ""codigo_cid"": ""Z209""}"
Diagnóstico CID-10 código Z302: Esterilização.,entidade_diagnostico,"{""categoria"": ""entidade_diagnostico"", ""codigo_cid"": ""Z302""}"
Diagnóstico CID-10 código Z348: Supervisão de outra gravidez normal.,entidade_diagnostico,"{""categoria"": ""entidade_diagnostico"", ""codigo_cid"": ""Z348""}"
"Diagnóstico CID-10 código Z349: Supervisão de gravidez normal, não especificada.",entidade_diagnostico,"{""categoria"": ""entidade_diagnostico"", ""codigo_cid"": ""Z349""}"
Diagnóstico CID-10 código Z358: Supervisão de outras gravidezes de alto risco.,entidade_diagnostico,"{""categoria"": ""entidade_diagnostico"", ""codigo_cid"": ""Z358""}"
Diagnóstico CID-10 código Z359: Supervisão não especificada de gravidez de alto risco.,entidade_diagnostico,"{""categoria"": ""entidade_diagnostico"", ""codigo_cid"": ""Z359""}"
"Diagnóstico CID-10 código Z380: Criança única, nascida em hospital.",entidade_diagnostico,"{""categoria"": ""entidade_diagnostico"", ""codigo_cid"": ""Z380""}"
Diagnóstico CID-10 código Z390: Assistência e exame imediatamente após o parto.,entidade_diagnostico,"{""categoria"": ""entidade_diagnostico"", ""codigo_cid"": ""Z390""}"
Diagnóstico CID-10 código Z392: Seguimento pós-parto de rotina.,entidade_diagnostico,"{""categoria"": ""entidade_diagnostico"", ""codigo_cid"": ""Z392""}"
Diagnóstico CID-10 código Z418: Outros procedimentos para outros propósitos exceto cuidados de saúde.,entidade_diagnostico,"{""categoria"": ""entidade_diagnostico"", ""codigo_cid"": ""Z418""}"
Diagnóstico CID-10 código Z421: Seguimento envolvendo cirurgia plástica de mama.,entidade_diagnostico,"{""categoria"": ""entidade_diagnostico"", ""codigo_cid"": ""Z421""}"
Diagnóstico CID-10 código Z429: Seguimento envolvendo cirurgia plástica não especificada.,entidade_diagnostico,"{""categoria"": ""entidade_diagnostico"", ""codigo_cid"": ""Z429""}"
Diagnóstico CID-10 código Z436: Cuidados a outros orifícios artificiais das vias urinárias.,entidade_diagnostico,"{""categoria"": ""entidade_diagnostico"", ""codigo_cid"": ""Z436""}"
Diagnóstico CID-10 código Z470: Seguimento envolvendo remoção de placa de fratura e outros dispositivos de fixação interna.,entidade_diagnostico,"{""categoria"": ""entidade_diagnostico"", ""codigo_cid"": ""Z470""}"
Diagnóstico CID-10 código Z478: Outros seguimentos ortopédicos especificados.,entidade_diagnostico,"{""categoria"": ""entidade_diagnostico"", ""codigo_cid"": ""Z478""}"
Diagnóstico CID-10 código Z488: Outro seguimento cirúrgico especificado.,entidade_diagnostico,"{""categoria"": ""entidade_diagnostico"", ""codigo_cid"": ""Z488""}"
Diagnóstico CID-10 código Z489: Seguimento cirúrgico não especificado.,entidade_diagnostico,"{""categoria"": ""entidade_diagnostico"", ""codigo_cid"": ""Z489""}"
Diagnóstico CID-10 código Z511: Sessão de quimioterapia por neoplasia.,entidade_diagnostico,"{""categoria"": ""entidade_diagnostico"", ""codigo_cid"": ""Z511""}"
Diagnóstico CID-10 código Z518: Outro cuidado médico especificado.,entidade_diagnostico,"{""categoria"": ""entidade_diagnostico"", ""codigo_cid"": ""Z518""}"
Diagnóstico CID-10 código Z519: Cuidado médico não especificado.,entidade_diagnostico,"{""categoria"": ""entidade_diagnostico"", ""codigo_cid"": ""Z519""}"
Diagnóstico CID-10 código Z523: Doador de medula óssea.,entidade_diagnostico,"{""categoria"": ""entidade_diagnostico"", ""codigo_cid"": ""Z523""}"
Diagnóstico CID-10 código Z524: Doador de rim.,entidade_diagnostico,"{""categoria"": ""entidade_diagnostico"", ""codigo_cid"": ""Z524""}"
Diagnóstico CID-10 código Z525: Doador de córnea.,entidade_diagnostico,"{""categoria"": ""entidade_diagnostico"", ""codigo_cid"": ""Z525""}"
Diagnóstico CID-10 código Z526: Doador de fígado.,entidade_diagnostico,"{""categoria"": ""entidade_diagnostico"", ""codigo_cid"": ""Z526""}"
Diagnóstico CID-10 código Z528: Doador de outros órgãos ou tecidos.,entidade_diagnostico,"{""categoria"": ""entidade_diagnostico"", ""codigo_cid"": ""Z528""}"
Diagnóstico CID-10 código Z529: Doador de órgão ou tecido não especificado.,entidade_diagnostico,"{""categoria"": ""entidade_diagnostico"", ""codigo_cid"": ""Z529""}"
Diagnóstico CID-10 código Z530: Procedimento não realizado devido à contra-indicação.,entidade_diagnostico,"{""categoria"": ""entidade_diagnostico"", ""codigo_cid"": ""Z530""}"
Diagnóstico CID-10 código Z532: Procedimento não realizado devido à decisão do paciente por outras razões e as não especificadas.,entidade_diagnostico,"{""categoria"": ""entidade_diagnostico"", ""codigo_cid"": ""Z532""}"
Diagnóstico CID-10 código Z538: Procedimento não realizado por outras razões.,entidade_diagnostico,"{""categoria"": ""entidade_diagnostico"", ""codigo_cid"": ""Z538""}"
Diagnóstico CID-10 código Z539: Procedimento não realizado por razão não especificada.,entidade_diagnostico,"{""categoria"": ""entidade_diagnostico"", ""codigo_cid"": ""Z539""}"
Diagnóstico CID-10 código Z540: Convalescença após cirurgia.,entidade_diagnostico,"{""categoria"": ""entidade_diagnostico"", ""codigo_cid"": ""Z540""}"
Diagnóstico CID-10 código Z609: Problema não especificado relacionado com o meio social.,entidade_diagnostico,"{""categoria"": ""entidade_diagnostico"", ""codigo_cid"": ""Z609""}"
Diagnóstico CID-10 código Z741: Necessidade de assistência com cuidados pessoais.,entidade_diagnostico,"{""categoria"": ""entidade_diagnostico"", ""codigo_cid"": ""Z741""}"
Diagnóstico CID-10 código Z762: Supervisão de cuidado de saúde de outras crianças ou recém-nascidos sadios.,entidade_diagnostico,"{""categoria"": ""entidade_diagnostico"", ""codigo_cid"": ""Z762""}"
Diagnóstico CID-10 código Z763: Pessoa em boa saúde acompanhando pessoa doente.,entidade_diagnostico,"{""categoria"": ""entidade_diagnostico"", ""codigo_cid"": ""Z763""}"
Diagnóstico CID-10 código Z853: História pessoal de neoplasia maligna de mama.,entidade_diagnostico,"{""categoria"": ""entidade_diagnostico"", ""codigo_cid"": ""Z853""}"
Diagnóstico CID-10 código Z931: Gastrostomia.,entidade_diagnostico,"{""categoria"": ""entidade_diagnostico"", ""codigo_cid"": ""Z931""}"
Diagnóstico CID-10 código Z940: Rim transplantado.,entidade_diagnostico,"{""categoria"": ""entidade_diagnostico"", ""codigo_cid"": ""Z940""}"
Diagnóstico CID-10 código Z941: Coração transplantado.,entidade_diagnostico,"{""categoria"": ""entidade_diagnostico"", ""codigo_cid"": ""Z941""}"
Diagnóstico CID-10 código Z942: Pulmão transplantado.,entidade_diagnostico,"{""categoria"": ""entidade_diagnostico"", ""codigo_cid"": ""Z942""}"
Diagnóstico CID-10 código Z944: Fígado transplantado.,entidade_diagnostico,"{""categoria"": ""entidade_diagnostico"", ""codigo_cid"": ""Z944""}"
Diagnóstico CID-10 código Z948: Outros órgãos e tecidos transplantados.,entidade_diagnostico,"{""categoria"": ""entidade_diagnostico"", ""codigo_cid"": ""Z948""}"
Diagnóstico CID-10 código Z988: Outros estados pós-cirúrgicos especificados.,entidade_diagnostico,"{""categoria"": ""entidade_diagnostico"", ""codigo_cid"": ""Z988""}"
"Diagnóstico CID-10 código A08: Infecções intestinais virais, outras e as não especificadas.",entidade_diagnostico,"{""categoria"": ""entidade_diagnostico"", ""codigo_cid"": ""A08""}"
Diagnóstico CID-10 código A41: Outras septicemias.,entidade_diagnostico,"{""categoria"": ""entidade_diagnostico"", ""codigo_cid"": ""A41""}"
Diagnóstico CID-10 código A48: Outras doenças bacterianas não classificadas em outra parte.,entidade_diagnostico,"{""categoria"": ""entidade_diagnostico"", ""codigo_cid"": ""A48""}"
Diagnóstico CID-10 código A49: Infecção bacteriana de localização não especificada.,entidade_diagnostico,"{""categoria"": ""entidade_diagnostico"", ""codigo_cid"": ""A49""}"
Diagnóstico CID-10 código A50: Sífilis congênita.,entidade_diagnostico,"{""categoria"": ""entidade_diagnostico"", ""codigo_cid"": ""A50""}"
"Diagnóstico CID-10 código B34: Doenças por vírus, de localização não especificada.",entidade_diagnostico,"{""categoria"": ""entidade_diagnostico"", ""codigo_cid"": ""B34""}"
Diagnóstico CID-10 código C10: Neoplasia maligna da orofaringe.,entidade_diagnostico,"{""categoria"": ""entidade_diagnostico"", ""codigo_cid"": ""C10""}"
Diagnóstico CID-10 código C15: Neoplasia maligna do esôfago.,entidade_diagnostico,"{""categoria"": ""entidade_diagnostico"", ""codigo_cid"": ""C15""}"
Diagnóstico CID-10 código C16: Neoplasia maligna do estômago.,entidade_diagnostico,"{""categoria"": ""entidade_diagnostico"", ""codigo_cid"": ""C16""}"
Diagnóstico CID-10 código C17: Neoplasia maligna do intestino delgado.,entidade_diagnostico,"{""categoria"": ""entidade_diagnostico"", ""codigo_cid"": ""C17""}"
Diagnóstico CID-10 código C18: Neoplasia maligna do cólon.,entidade_diagnostico,"{""categoria"": ""entidade_diagnostico"", ""codigo_cid"": ""C18""}"
Diagnóstico CID-10 código C21: Neoplasia maligna do ânus e do canal anal.,entidade_diagnostico,"{""categoria"": ""entidade_diagnostico"", ""codigo_cid"": ""C21""}"
Diagnóstico CID-10 código C22: Neoplasia maligna do fígado e das vias biliares intra-hepáticas.,entidade_diagnostico,"{""categoria"": ""entidade_diagnostico"", ""codigo_cid"": ""C22""}"
Diagnóstico CID-10 código C25: Neoplasia maligna do pâncreas.,entidade_diagnostico,"{""categoria"": ""entidade_diagnostico"", ""codigo_cid"": ""C25""}"
Diagnóstico CID-10 código C32: Neoplasia maligna da laringe.,entidade_diagnostico,"{""categoria"": ""entidade_diagnostico"", ""codigo_cid"": ""C32""}"
Diagnóstico CID-10 código C34: Neoplasia maligna dos brônquios e dos pulmões.,entidade_diagnostico,"{""categoria"": ""entidade_diagnostico"", ""codigo_cid"": ""C34""}"
Diagnóstico CID-10 código C40: Neoplasia maligna dos ossos e cartilagens articulares dos membros.,entidade_diagnostico,"{""categoria"": ""entidade_diagnostico"", ""codigo_cid"": ""C40""}"
Diagnóstico CID-10 código C41: Neoplasia maligna dos ossos e das cartilagens articulares de outras localizações e de localizações não especificadas.,entidade_diagnostico,"{""categoria"": ""entidade_diagnostico"", ""codigo_cid"": ""C41""}"
Diagnóstico CID-10 código C43: Melanoma maligno da pele.,entidade_diagnostico,"{""categoria"": ""entidade_diagnostico"", ""codigo_cid"": ""C43""}"
Diagnóstico CID-10 código C44: Outras neoplasias malignas da pele.,entidade_diagnostico,"{""categoria"": ""entidade_diagnostico"", ""codigo_cid"": ""C44""}"
Diagnóstico CID-10 código C49: Neoplasia maligna do tecido conjuntivo e de outros tecidos moles.,entidade_diagnostico,"{""categoria"": ""entidade_diagnostico"", ""codigo_cid"": ""C49""}"
Diagnóstico CID-10 código C50: Neoplasia maligna da mama.,entidade_diagnostico,"{""categoria"": ""entidade_diagnostico"", ""codigo_cid"": ""C50""}"
Diagnóstico CID-10 código C51: Neoplasia maligna da vulva.,entidade_diagnostico,"{""categoria"": ""entidade_diagnostico"", ""codigo_cid"": ""C51""}"
Diagnóstico CID-10 código C53: Neoplasia maligna do colo do útero.,entidade_diagnostico,"{""categoria"": ""entidade_diagnostico"", ""codigo_cid"": ""C53""}"
Diagnóstico CID-10 código C54: Neoplasia maligna do corpo do útero.,entidade_diagnostico,"{""categoria"": ""entidade_diagnostico"", ""codigo_cid"": ""C54""}"
Diagnóstico CID-10 código C60: Neoplasia maligna do pênis.,entidade_diagnostico,"{""categoria"": ""entidade_diagnostico"", ""codigo_cid"": ""C60""}"
Diagnóstico CID-10 código C62: Neoplasia maligna dos testículos.,entidade_diagnostico,"{""categoria"": ""entidade_diagnostico"", ""codigo_cid"": ""C62""}"
Diagnóstico CID-10 código C67: Neoplasia maligna da bexiga.,entidade_diagnostico,"{""categoria"": ""entidade_diagnostico"", ""codigo_cid"": ""C67""}"
Diagnóstico CID-10 código C71: Neoplasia maligna do encéfalo.,entidade_diagnostico,"{""categoria"": ""entidade_diagnostico"", ""codigo_cid"": ""C71""}"
"Diagnóstico CID-10 código C72: Neoplasia maligna da medula espinhal, dos nervos cranianos e de outras partes do sistema nervoso central.",entidade_diagnostico,"{""categoria"": ""entidade_diagnostico"", ""codigo_cid"": ""C72""}"
Diagnóstico CID-10 código C74: Neoplasia maligna da glândula supra-renal [Glândula adrenal].,entidade_diagnostico,"{""categoria"": ""entidade_diagnostico"", ""codigo_cid"": ""C74""}"
Diagnóstico CID-10 código C76: Neoplasia maligna de outras localizações e de localizações mal definidas.,entidade_diagnostico,"{""categoria"": ""entidade_diagnostico"", ""codigo_cid"": ""C76""}"
Diagnóstico CID-10 código C81: Doença de Hodgkin.,entidade_diagnostico,"{""categoria"": ""entidade_diagnostico"", ""codigo_cid"": ""C81""}"
Diagnóstico CID-10 código C83: Linfoma não-Hodgkin difuso.,entidade_diagnostico,"{""categoria"": ""entidade_diagnostico"", ""codigo_cid"": ""C83""}"
Diagnóstico CID-10 código C90: Mieloma múltiplo e neoplasias malignas de plasmócitos.,entidade_diagnostico,"{""categoria"": ""entidade_diagnostico"", ""codigo_cid"": ""C90""}"
Diagnóstico CID-10 código C91: Leucemia linfóide.,entidade_diagnostico,"{""categoria"": ""entidade_diagnostico"", ""codigo_cid"": ""C91""}"
Diagnóstico CID-10 código C92: Leucemia mielóide.,entidade_diagnostico,"{""categoria"": ""entidade_diagnostico"", ""codigo_cid"": ""C92""}"
Diagnóstico CID-10 código D16: Neoplasia benigna de osso e de cartilagem articular.,entidade_diagnostico,"{""categoria"": ""entidade_diagnostico"", ""codigo_cid"": ""D16""}"
Diagnóstico CID-10 código D17: Neoplasia lipomatosa benigna.,entidade_diagnostico,"{""categoria"": ""entidade_diagnostico"", ""codigo_cid"": ""D17""}"
Diagnóstico CID-10 código D25: Leiomioma do útero.,entidade_diagnostico,"{""categoria"": ""entidade_diagnostico"", ""codigo_cid"": ""D25""}"
Diagnóstico CID-10 código D33: Neoplasia benigna do encéfalo e de outras partes do sistema nervoso central.,entidade_diagnostico,"{""categoria"": ""entidade_diagnostico"", ""codigo_cid"": ""D33""}"
Diagnóstico CID-10 código D43: Neoplasia de comportamento incerto ou desconhecido do encéfalo e do sistema nervoso central.,entidade_diagnostico,"{""categoria"": ""entidade_diagnostico"", ""codigo_cid"": ""D43""}"
Diagnóstico CID-10 código D46: Síndromes mielodisplásicas.,entidade_diagnostico,"{""categoria"": ""entidade_diagnostico"", ""codigo_cid"": ""D46""}"
Diagnóstico CID-10 código D48: Neoplasia de comportamento incerto ou desconhecido de outras localizações e de localizações não especificadas.,entidade_diagnostico,"{""categoria"": ""entidade_diagnostico"", ""codigo_cid"": ""D48""}"
Diagnóstico CID-10 código D64: Outras anemias.,entidade_diagnostico,"{""categoria"": ""entidade_diagnostico"", ""codigo_cid"": ""D64""}"
Diagnóstico CID-10 código E44: Desnutrição protéico-calórica de graus moderado e leve.,entidade_diagnostico,"{""categoria"": ""entidade_diagnostico"", ""codigo_cid"": ""E44""}"
Diagnóstico CID-10 código E66: Obesidade.,entidade_diagnostico,"{""categoria"": ""entidade_diagnostico"", ""codigo_cid"": ""E66""}"
Diagnóstico CID-10 código E87: Outros transtornos do equilíbrio hidroeletrolítico e ácido-básico.,entidade_diagnostico,"{""categoria"": ""entidade_diagnostico"", ""codigo_cid"": ""E87""}"
Diagnóstico CID-10 código F06: Outros transtornos mentais devidos a lesão e disfunção cerebral e a doença física.,entidade_diagnostico,"{""categoria"": ""entidade_diagnostico"", ""codigo_cid"": ""F06""}"
Diagnóstico CID-10 código F10: Transtornos mentais e comportamentais devidos ao uso de álcool.,entidade_diagnostico,"{""categoria"": ""entidade_diagnostico"", ""codigo_cid"": ""F10""}"
Diagnóstico CID-10 código F14: Transtornos mentais e comportamentais devidos ao uso da cocaína.,entidade_diagnostico,"{""categoria"": ""entidade_diagnostico"", ""codigo_cid"": ""F14""}"
Diagnóstico CID-10 código F19: Transtornos mentais e comportamentais devidos ao uso de múltiplas drogas e ao uso de outras substâncias psicoativas.,entidade_diagnostico,"{""categoria"": ""entidade_diagnostico"", ""codigo_cid"": ""F19""}"
Diagnóstico CID-10 código F20: Esquizofrenia.,entidade_diagnostico,"{""categoria"": ""entidade_diagnostico"", ""codigo_cid"": ""F20""}"
Diagnóstico CID-10 código F23: Transtornos psicóticos agudos e transitórios.,entidade_diagnostico,"{""categoria"": ""entidade_diagnostico"", ""codigo_cid"": ""F23""}"
Diagnóstico CID-10 código F31: Transtorno afetivo bipolar.,entidade_diagnostico,"{""categoria"": ""entidade_diagnostico"", ""codigo_cid"": ""F31""}"
Diagnóstico CID-10 código F32: Episódios depressivos.,entidade_diagnostico,"{""categoria"": ""entidade_diagnostico"", ""codigo_cid"": ""F32""}"
Diagnóstico CID-10 código F60: Transtornos específicos da personalidade.,entidade_diagnostico,"{""categoria"": ""entidade_diagnostico"", ""codigo_cid"": ""F60""}"
Diagnóstico CID-10 código F70: Retardo mental leve.,entidade_diagnostico,"{""categoria"": ""entidade_diagnostico"", ""codigo_cid"": ""F70""}"
Diagnóstico CID-10 código F71: Retardo mental moderado.,entidade_diagnostico,"{""categoria"": ""entidade_diagnostico"", ""codigo_cid"": ""F71""}"
Diagnóstico CID-10 código F72: Retardo mental grave.,entidade_diagnostico,"{""categoria"": ""entidade_diagnostico"", ""codigo_cid"": ""F72""}"
Diagnóstico CID-10 código F79: Retardo mental não especificado.,entidade_diagnostico,"{""categoria"": ""entidade_diagnostico"", ""codigo_cid"": ""F79""}"
Diagnóstico CID-10 código F84: Transtornos globais do desenvolvimento.,entidade_diagnostico,"{""categoria"": ""entidade_diagnostico"", ""codigo_cid"": ""F84""}"
Diagnóstico CID-10 código G40: Epilepsia.,entidade_diagnostico,"{""categoria"": ""entidade_diagnostico"", ""codigo_cid"": ""G40""}"
Diagnóstico CID-10 código G54: Transtornos das raízes e dos plexos nervosos.,entidade_diagnostico,"{""categoria"": ""entidade_diagnostico"", ""codigo_cid"": ""G54""}"
Diagnóstico CID-10 código G82: Paraplegia e tetraplegia.,entidade_diagnostico,"{""categoria"": ""entidade_diagnostico"", ""codigo_cid"": ""G82""}"
Diagnóstico CID-10 código G91: Hidrocefalia.,entidade_diagnostico,"{""categoria"": ""entidade_diagnostico"", ""codigo_cid"": ""G91""}"
Diagnóstico CID-10 código H02: Outros transtornos da pálpebra.,entidade_diagnostico,"{""categoria"": ""entidade_diagnostico"", ""codigo_cid"": ""H02""}"
Diagnóstico CID-10 código H25: Catarata senil.,entidade_diagnostico,"{""categoria"": ""entidade_diagnostico"", ""codigo_cid"": ""H25""}"
Diagnóstico CID-10 código I21: Infarto agudo do miocárdio.,entidade_diagnostico,"{""categoria"": ""entidade_diagnostico"", ""codigo_cid"": ""I21""}"
Diagnóstico CID-10 código I24: Outras doenças isquêmicas agudas do coração.,entidade_diagnostico,"{""categoria"": ""entidade_diagnostico"", ""codigo_cid"": ""I24""}"
Diagnóstico CID-10 código I26: Embolia pulmonar.,entidade_diagnostico,"{""categoria"": ""entidade_diagnostico"", ""codigo_cid"": ""I26""}"
Diagnóstico CID-10 código I46: Parada cardíaca.,entidade_diagnostico,"{""categoria"": ""entidade_diagnostico"", ""codigo_cid"": ""I46""}"
Diagnóstico CID-10 código I50: Insuficiência cardíaca.,entidade_diagnostico,"{""categoria"": ""entidade_diagnostico"", ""codigo_cid"": ""I50""}"
Diagnóstico CID-10 código I60: Hemorragia subaracnóide.,entidade_diagnostico,"{""categoria"": ""entidade_diagnostico"", ""codigo_cid"": ""I60""}"
Diagnóstico CID-10 código I69: Seqüelas de doenças cerebrovasculares.,entidade_diagnostico,"{""categoria"": ""entidade_diagnostico"", ""codigo_cid"": ""I69""}"
Diagnóstico CID-10 código I73: Outras doenças vasculares periféricas.,entidade_diagnostico,"{""categoria"": ""entidade_diagnostico"", ""codigo_cid"": ""I73""}"
Diagnóstico CID-10 código I74: Embolia e trombose arteriais.,entidade_diagnostico,"{""categoria"": ""entidade_diagnostico"", ""codigo_cid"": ""I74""}"
Diagnóstico CID-10 código I82: Outra embolia e trombose venosas.,entidade_diagnostico,"{""categoria"": ""entidade_diagnostico"", ""codigo_cid"": ""I82""}"
Diagnóstico CID-10 código I83: Varizes dos membros inferiores.,entidade_diagnostico,"{""categoria"": ""entidade_diagnostico"", ""codigo_cid"": ""I83""}"
Diagnóstico CID-10 código I84: Hemorróidas.,entidade_diagnostico,"{""categoria"": ""entidade_diagnostico"", ""codigo_cid"": ""I84""}"
Diagnóstico CID-10 código J11: Influenza [gripe] devida a vírus não identificado.,entidade_diagnostico,"{""categoria"": ""entidade_diagnostico"", ""codigo_cid"": ""J11""}"
Diagnóstico CID-10 código J15: Pneumonia bacteriana não classificada em outra parte.,entidade_diagnostico,"{""categoria"": ""entidade_diagnostico"", ""codigo_cid"": ""J15""}"
Diagnóstico CID-10 código J18: Pneumonia por microorganismo não especificada.,entidade_diagnostico,"{""categoria"": ""entidade_diagnostico"", ""codigo_cid"": ""J18""}"
Diagnóstico CID-10 código J20: Bronquite aguda.,entidade_diagnostico,"{""categoria"": ""entidade_diagnostico"", ""codigo_cid"": ""J20""}"
Diagnóstico CID-10 código J21: Bronquiolite aguda.,entidade_diagnostico,"{""categoria"": ""entidade_diagnostico"", ""codigo_cid"": ""J21""}"
Diagnóstico CID-10 código J35: Doenças crônicas das amígdalas e das adenóides.,entidade_diagnostico,"{""categoria"": ""entidade_diagnostico"", ""codigo_cid"": ""J35""}"
Diagnóstico CID-10 código J44: Outras doenças pulmonares obstrutivas crônicas.,entidade_diagnostico,"{""categoria"": ""entidade_diagnostico"", ""codigo_cid"": ""J44""}"
Diagnóstico CID-10 código J45: Asma.,entidade_diagnostico,"{""categoria"": ""entidade_diagnostico"", ""codigo_cid"": ""J45""}"
Diagnóstico CID-10 código J93: Pneumotórax.,entidade_diagnostico,"{""categoria"": ""entidade_diagnostico"", ""codigo_cid"": ""J93""}"
Diagnóstico CID-10 código J96: Insuficiência respiratória não classificada de outra parte.,entidade_diagnostico,"{""categoria"": ""entidade_diagnostico"", ""codigo_cid"": ""J96""}"
Diagnóstico CID-10 código K25: Úlcera gástrica.,entidade_diagnostico,"{""categoria"": ""entidade_diagnostico"", ""codigo_cid"": ""K25""}"
Diagnóstico CID-10 código K29: Gastrite e duodenite.,entidade_diagnostico,"{""categoria"": ""entidade_diagnostico"", ""codigo_cid"": ""K29""}"
Diagnóstico CID-10 código K35: Apendicite aguda.,entidade_diagnostico,"{""categoria"": ""entidade_diagnostico"", ""codigo_cid"": ""K35""}"
Diagnóstico CID-10 código K40: Hérnia inguinal.,entidade_diagnostico,"{""categoria"": ""entidade_diagnostico"", ""codigo_cid"": ""K40""}"
Diagnóstico CID-10 código K42: Hérnia umbilical.,entidade_diagnostico,"{""categoria"": ""entidade_diagnostico"", ""codigo_cid"": ""K42""}"
Diagnóstico CID-10 código K43: Hérnia ventral.,entidade_diagnostico,"{""categoria"": ""entidade_diagnostico"", ""codigo_cid"": ""K43""}"
Diagnóstico CID-10 código K50: Doença de Crohn [enterite regional].,entidade_diagnostico,"{""categoria"": ""entidade_diagnostico"", ""codigo_cid"": ""K50""}"
Diagnóstico CID-10 código K52: Outras gastroenterites e colites não-infecciosas.,entidade_diagnostico,"{""categoria"": ""entidade_diagnostico"", ""codigo_cid"": ""K52""}"
Diagnóstico CID-10 código K56: Íleo paralítico e obstrução intestinal sem hérnia.,entidade_diagnostico,"{""categoria"": ""entidade_diagnostico"", ""codigo_cid"": ""K56""}"
Diagnóstico CID-10 código K57: Doença diverticular do intestino.,entidade_diagnostico,"{""categoria"": ""entidade_diagnostico"", ""codigo_cid"": ""K57""}"
Diagnóstico CID-10 código K63: Outras doenças do intestino.,entidade_diagnostico,"{""categoria"": ""entidade_diagnostico"", ""codigo_cid"": ""K63""}"
Diagnóstico CID-10 código K65: Peritonite.,entidade_diagnostico,"{""categoria"": ""entidade_diagnostico"", ""codigo_cid"": ""K65""}"
Diagnóstico CID-10 código K74: Fibrose e cirrose hepáticas.,entidade_diagnostico,"{""categoria"": ""entidade_diagnostico"", ""codigo_cid"": ""K74""}"
Diagnóstico CID-10 código K80: Colelitíase.,entidade_diagnostico,"{""categoria"": ""entidade_diagnostico"", ""codigo_cid"": ""K80""}"
Diagnóstico CID-10 código K81: Colecistite.,entidade_diagnostico,"{""categoria"": ""entidade_diagnostico"", ""codigo_cid"": ""K81""}"
Diagnóstico CID-10 código K83: Outras doenças das vias biliares.,entidade_diagnostico,"{""categoria"": ""entidade_diagnostico"", ""codigo_cid"": ""K83""}"
"Diagnóstico CID-10 código K87: Transtornos da vesícula biliar, das vias biliares e do pâncreas em doenças classificadas em outra parte.",entidade_diagnostico,"{""categoria"": ""entidade_diagnostico"", ""codigo_cid"": ""K87""}"
Diagnóstico CID-10 código K92: Outras doenças do aparelho digestivo.,entidade_diagnostico,"{""categoria"": ""entidade_diagnostico"", ""codigo_cid"": ""K92""}"
"Diagnóstico CID-10 código L02: Abscesso cutâneo, furúnculo e antraz.",entidade_diagnostico,"{""categoria"": ""entidade_diagnostico"", ""codigo_cid"": ""L02""}"
Diagnóstico CID-10 código L08: Outras infecções localizadas da pele e do tecido subcutâneo.,entidade_diagnostico,"{""categoria"": ""entidade_diagnostico"", ""codigo_cid"": ""L08""}"
Diagnóstico CID-10 código M60: Miosite.,entidade_diagnostico,"{""categoria"": ""entidade_diagnostico"", ""codigo_cid"": ""M60""}"
Diagnóstico CID-10 código M86: Osteomielite.,entidade_diagnostico,"{""categoria"": ""entidade_diagnostico"", ""codigo_cid"": ""M86""}"
Diagnóstico CID-10 código N13: Uropatia obstrutiva e por refluxo.,entidade_diagnostico,"{""categoria"": ""entidade_diagnostico"", ""codigo_cid"": ""N13""}"
Diagnóstico CID-10 código N17: Insuficiência renal aguda.,entidade_diagnostico,"{""categoria"": ""entidade_diagnostico"", ""codigo_cid"": ""N17""}"
Diagnóstico CID-10 código N18: Insuficiência renal crônica.,entidade_diagnostico,"{""categoria"": ""entidade_diagnostico"", ""codigo_cid"": ""N18""}"
Diagnóstico CID-10 código N20: Calculose do rim e do ureter.,entidade_diagnostico,"{""categoria"": ""entidade_diagnostico"", ""codigo_cid"": ""N20""}"
Diagnóstico CID-10 código N39: Outros transtornos do trato urinário.,entidade_diagnostico,"{""categoria"": ""entidade_diagnostico"", ""codigo_cid"": ""N39""}"
Diagnóstico CID-10 código N43: Hidrocele e espermatocele.,entidade_diagnostico,"{""categoria"": ""entidade_diagnostico"", ""codigo_cid"": ""N43""}"
Diagnóstico CID-10 código N64: Outras doenças da mama.,entidade_diagnostico,"{""categoria"": ""entidade_diagnostico"", ""codigo_cid"": ""N64""}"
Diagnóstico CID-10 código N80: Endometriose.,entidade_diagnostico,"{""categoria"": ""entidade_diagnostico"", ""codigo_cid"": ""N80""}"
Diagnóstico CID-10 código N81: Prolapso genital feminino.,entidade_diagnostico,"{""categoria"": ""entidade_diagnostico"", ""codigo_cid"": ""N81""}"
Diagnóstico CID-10 código N84: Pólipo do trato genital feminino.,entidade_diagnostico,"{""categoria"": ""entidade_diagnostico"", ""codigo_cid"": ""N84""}"
Diagnóstico CID-10 código N87: Displasia do colo do útero.,entidade_diagnostico,"{""categoria"": ""entidade_diagnostico"", ""codigo_cid"": ""N87""}"
Diagnóstico CID-10 código O03: Aborto espontâneo.,entidade_diagnostico,"{""categoria"": ""entidade_diagnostico"", ""codigo_cid"": ""O03""}"
Diagnóstico CID-10 código O06: Aborto não especificado.,entidade_diagnostico,"{""categoria"": ""entidade_diagnostico"", ""codigo_cid"": ""O06""}"
Diagnóstico CID-10 código O14: Hipertensão gestacional [induzida pela gravidez] com proteinúria significativa.,entidade_diagnostico,"{""categoria"": ""entidade_diagnostico"", ""codigo_cid"": ""O14""}"
Diagnóstico CID-10 código O24: Diabetes mellitus na gravidez.,entidade_diagnostico,"{""categoria"": ""entidade_diagnostico"", ""codigo_cid"": ""O24""}"
Diagnóstico CID-10 código O41: Outros transtornos das membranas e do líquido amniótico.,entidade_diagnostico,"{""categoria"": ""entidade_diagnostico"", ""codigo_cid"": ""O41""}"
Diagnóstico CID-10 código O42: Ruptura prematura de membranas.,entidade_diagnostico,"{""categoria"": ""entidade_diagnostico"", ""codigo_cid"": ""O42""}"
Diagnóstico CID-10 código O45: Descolamento prematuro da placenta [abruptio placentae].,entidade_diagnostico,"{""categoria"": ""entidade_diagnostico"", ""codigo_cid"": ""O45""}"
Diagnóstico CID-10 código O68: Trabalho de parto e parto complicados por sofrimento fetal.,entidade_diagnostico,"{""categoria"": ""entidade_diagnostico"", ""codigo_cid"": ""O68""}"
Diagnóstico CID-10 código O80: Parto único espontâneo.,entidade_diagnostico,"{""categoria"": ""entidade_diagnostico"", ""codigo_cid"": ""O80""}"
Diagnóstico CID-10 código O82: Parto único por cesariana.,entidade_diagnostico,"{""categoria"": ""entidade_diagnostico"", ""codigo_cid"": ""O82""}"
Diagnóstico CID-10 código P59: Icterícia neonatal devida a outras causas e às não especificadas.,entidade_diagnostico,"{""categoria"": ""entidade_diagnostico"", ""codigo_cid"": ""P59""}"
Diagnóstico CID-10 código Q37: Fenda labial com fenda palatina.,entidade_diagnostico,"{""categoria"": ""entidade_diagnostico"", ""codigo_cid"": ""Q37""}"
Diagnóstico CID-10 código R10: Dor abdominal e pélvica.,entidade_diagnostico,"{""categoria"": ""entidade_diagnostico"", ""codigo_cid"": ""R10""}"
Diagnóstico CID-10 código R50: Febre de origem desconhecida e de outras origens.,entidade_diagnostico,"{""categoria"": ""entidade_diagnostico"", ""codigo_cid"": ""R50""}"
Diagnóstico CID-10 código R52: Dor não classificada em outra parte.,entidade_diagnostico,"{""categoria"": ""entidade_diagnostico"", ""codigo_cid"": ""R52""}"
"Diagnóstico CID-10 código R56: Convulsões, não classificadas em outra parte.",entidade_diagnostico,"{""categoria"": ""entidade_diagnostico"", ""codigo_cid"": ""R56""}"
Diagnóstico CID-10 código S06: Traumatismo intracraniano.,entidade_diagnostico,"{""categoria"": ""entidade_diagnostico"", ""codigo_cid"": ""S06""}"
Diagnóstico CID-10 código S09: Outros traumatismos da cabeça e os não especificados.,entidade_diagnostico,"{""categoria"": ""entidade_diagnostico"", ""codigo_cid"": ""S09""}"
Diagnóstico CID-10 código S32: Fratura da coluna lombar e da pelve.,entidade_diagnostico,"{""categoria"": ""entidade_diagnostico"", ""codigo_cid"": ""S32""}"
Diagnóstico CID-10 código S42: Fratura do ombro e do braço.,entidade_diagnostico,"{""categoria"": ""entidade_diagnostico"", ""codigo_cid"": ""S42""}"
Diagnóstico CID-10 código S52: Fratura do antebraço.,entidade_diagnostico,"{""categoria"": ""entidade_diagnostico"", ""codigo_cid"": ""S52""}"
Diagnóstico CID-10 código S62: Fratura ao nível do punho e da mão.,entidade_diagnostico,"{""categoria"": ""entidade_diagnostico"", ""codigo_cid"": ""S62""}"
Diagnóstico CID-10 código S66: Traumatismo de músculo e tendão ao nível do punho e da mão.,entidade_diagnostico,"{""categoria"": ""entidade_diagnostico"", ""codigo_cid"": ""S66""}"
Diagnóstico CID-10 código S72: Fratura do fêmur.,entidade_diagnostico,"{""categoria"": ""entidade_diagnostico"", ""codigo_cid"": ""S72""}"
"Diagnóstico CID-10 código S82: Fratura da perna, incluindo tornozelo.",entidade_diagnostico,"{""categoria"": ""entidade_diagnostico"", ""codigo_cid"": ""S82""}"
Diagnóstico CID-10 código S86: Traumatismos de músculo e de tendão ao nível da perna.,entidade_diagnostico,"{""categoria"": ""entidade_diagnostico"", ""codigo_cid"": ""S86""}"
Diagnóstico CID-10 código S92: Fratura do pé (exceto do tornozelo).,entidade_diagnostico,"{""categoria"": ""entidade_diagnostico"", ""codigo_cid"": ""S92""}"
Diagnóstico CID-10 código T14: Traumatismo de região não especificada do corpo.,entidade_diagnostico,"{""categoria"": ""entidade_diagnostico"", ""codigo_cid"": ""T14""}"
Diagnóstico CID-10 código T94: Seqüelas de traumatismos envolvendo múltiplas regiões do corpo e as não especificadas.,entidade_diagnostico,"{""categoria"": ""entidade_diagnostico"", ""codigo_cid"": ""T94""}"
Diagnóstico CID-10 código Z00: Exame geral e investigação de pessoas sem queixas ou diagnóstico relatado.,entidade_diagnostico,"{""categoria"": ""entidade_diagnostico"", ""codigo_cid"": ""Z00""}"
Diagnóstico CID-10 código Z01: Outros exames e investigações especiais de pessoas sem queixa ou diagnóstico relatado.,entidade_diagnostico,"{""categoria"": ""entidade_diagnostico"", ""codigo_cid"": ""Z01""}"
Diagnóstico CID-10 código Z34: Supervisão de gravidez normal.,entidade_diagnostico,"{""categoria"": ""entidade_diagnostico"", ""codigo_cid"": ""Z34""}"
Diagnóstico CID-10 código Z47: Outros cuidados de seguimento ortopédico.,entidade_diagnostico,"{""categoria"": ""entidade_diagnostico"", ""codigo_cid"": ""Z47""}"
Diagnóstico CID-10 código Z98: Outros estados pós-cirúrgicos.,entidade_diagnostico,"{""categoria"": ""entidade_diagnostico"", ""codigo_cid"": ""Z98""}"
