texto,categoria,metadados_json
"Estabelecimento de saúde: HOSPITAL MUNICIPAL ANTONIO GIGLIO. Código CNES: 0008028. Localização: OSASCO, São Paulo (SP). Tipo de unidade: HOSPITAL GERAL. Natureza jurídica: HOSPITAL_PÚBLICO. Porte: Grande.",entidade_hospital,"{""categoria"": ""entidade_hospital"", ""cnes"": ""0008028"", ""nome_oficial_tabela"": ""HOSPITAL MUNICIPAL ANTONIO GIGLIO"", ""uf"": ""SP"", ""municipio"": ""OSASCO"", ""desabilitado"": false}"
"Estabelecimento de saúde: HOSPITAL MATERNIDADE AMADOR AGUIAR. Código CNES: 0008036. Localização: OSASCO, São Paulo (SP). Tipo de unidade: HOSPITAL ESPECIALIZADO. Natureza jurídica: HOSPITAL_PÚBLICO. Porte: Grande.",entidade_hospital,"{""categoria"": ""entidade_hospital"", ""cnes"": ""0008036"", ""nome_oficial_tabela"": ""HOSPITAL MATERNIDADE AMADOR AGUIAR"", ""uf"": ""SP"", ""municipio"": ""OSASCO"", ""desabilitado"": false}"
"Estabelecimento de saúde: HOSPITAL REGIONAL DR VIVALDO MARTINS SIMOES OSASCO. Código CNES: 0008052. Localização: OSASCO, São Paulo (SP). Tipo de unidade: HOSPITAL GERAL. Natureza jurídica: HOSPITAL_PÚBLICO. Porte: Grande.",entidade_hospital,"{""categoria"": ""entidade_hospital"", ""cnes"": ""0008052"", ""nome_oficial_tabela"": ""HOSPITAL REGIONAL DR VIVALDO MARTINS SIMOES OSASCO"", ""uf"": ""SP"", ""municipio"": ""OSASCO"", ""desabilitado"": false}"
"Estabelecimento de saúde: PRONTO SOCORRO CONRADO CESARINO NUVOLINI. Código CNES: 0008087. Localização: OSASCO, São Paulo (SP). Tipo de unidade: PRONTO SOCORRO GERAL. Natureza jurídica: HOSPITAL_PÚBLICO. Porte: Médio.",entidade_hospital,"{""categoria"": ""entidade_hospital"", ""cnes"": ""0008087"", ""nome_oficial_tabela"": ""PRONTO SOCORRO CONRADO CESARINO NUVOLINI"", ""uf"": ""SP"", ""municipio"": ""OSASCO"", ""desabilitado"": false}"
"Estabelecimento de saúde: PRONTO SOCORRO DR ANTONIO FLAVIO FRANCA. Código CNES: 0008141. Localização: OSASCO, São Paulo (SP). Tipo de unidade: PRONTO SOCORRO GERAL. Natureza jurídica: HOSPITAL_PÚBLICO. Porte: Pequeno.",entidade_hospital,"{""categoria"": ""entidade_hospital"", ""cnes"": ""0008141"", ""nome_oficial_tabela"": ""PRONTO SOCORRO DR ANTONIO FLAVIO FRANCA"", ""uf"": ""SP"", ""municipio"": ""OSASCO"", ""desabilitado"": false}"
"Estabelecimento de saúde: CENTRO HOSPITALAR DE SANTO ANDRE DR NEWTON DA COSTA BRANDAO. Código CNES: 0008923. Localização: SANTO ANDRE, São Paulo (SP). Tipo de unidade: HOSPITAL GERAL. Natureza jurídica: HOSPITAL_PÚBLICO. Porte: Grande.",entidade_hospital,"{""categoria"": ""entidade_hospital"", ""cnes"": ""0008923"", ""nome_oficial_tabela"": ""CENTRO HOSPITALAR DE SANTO ANDRE DR NEWTON DA COSTA BRANDAO"", ""uf"": ""SP"", ""municipio"": ""SANTO ANDRE"", ""desabilitado"": false}"
"Estabelecimento de saúde: UPA SAO FRANCISCO XAVIER. Código CNES: 0009164. Localização: SAO JOSE DOS CAMPOS, São Paulo (SP). Tipo de unidade: UNIDADE MISTA. Natureza jurídica: HOSPITAL_PÚBLICO. Porte: Pequeno.",entidade_hospital,"{""categoria"": ""entidade_hospital"", ""cnes"": ""0009164"", ""nome_oficial_tabela"": ""UPA SAO FRANCISCO XAVIER"", ""uf"": ""SP"", ""municipio"": ""SAO JOSE DOS CAMPOS"", ""desabilitado"": false}"
"Estabelecimento de saúde: HOSPITAL MATERNO INFANTIL ANTONINHO DA ROCHA MARMO. Código CNES: 0009539. Localização: SAO JOSE DOS CAMPOS, São Paulo (SP). Tipo de unidade: HOSPITAL GERAL. Natureza jurídica: HOSPITAL_FILANTRÓPICO. Porte: Médio.",entidade_hospital,"{""categoria"": ""entidade_hospital"", ""cnes"": ""0009539"", ""nome_oficial_tabela"": ""HOSPITAL MATERNO INFANTIL ANTONINHO DA ROCHA MARMO"", ""uf"": ""SP"", ""municipio"": ""SAO JOSE DOS CAMPOS"", ""desabilitado"": false}"
"Estabelecimento de saúde: HOSPITAL PIO XII. Código CNES: 0009601. Localização: SAO JOSE DOS CAMPOS, São Paulo (SP). Tipo de unidade: HOSPITAL GERAL. Natureza jurídica: HOSPITAL_FILANTRÓPICO. Porte: Médio.",entidade_hospital,"{""categoria"": ""entidade_hospital"", ""cnes"": ""0009601"", ""nome_oficial_tabela"": ""HOSPITAL PIO XII"", ""uf"": ""SP"", ""municipio"": ""SAO JOSE DOS CAMPOS"", ""desabilitado"": false}"
"Estabelecimento de saúde: HOSPITAL MUNICIPAL DR JOSE DE CARVALHO FLORENCE. Código CNES: 0009628. Localização: SAO JOSE DOS CAMPOS, São Paulo (SP). Tipo de unidade: HOSPITAL GERAL. Natureza jurídica: HOSPITAL_PÚBLICO. Porte: Grande.",entidade_hospital,"{""categoria"": ""entidade_hospital"", ""cnes"": ""0009628"", ""nome_oficial_tabela"": ""HOSPITAL MUNICIPAL DR JOSE DE CARVALHO FLORENCE"", ""uf"": ""SP"", ""municipio"": ""SAO JOSE DOS CAMPOS"", ""desabilitado"": false}"
"Estabelecimento de saúde: ASSOCIACAO INSTITUTO CHUI DE PSIQUIATRIA. Código CNES: 0009636. Localização: SAO JOSE DOS CAMPOS, São Paulo (SP). Tipo de unidade: HOSPITAL ESPECIALIZADO. Natureza jurídica: HOSPITAL_FILANTRÓPICO. Porte: Grande.",entidade_hospital,"{""categoria"": ""entidade_hospital"", ""cnes"": ""0009636"", ""nome_oficial_tabela"": ""ASSOCIACAO INSTITUTO CHUI DE PSIQUIATRIA"", ""uf"": ""SP"", ""municipio"": ""SAO JOSE DOS CAMPOS"", ""desabilitado"": false}"
"Estabelecimento de saúde: HOSPITAL DE CLINICAS SUL. Código CNES: 0026417. Localização: SAO JOSE DOS CAMPOS, São Paulo (SP). Tipo de unidade: HOSPITAL GERAL. Natureza jurídica: HOSPITAL_PÚBLICO. Porte: Médio.",entidade_hospital,"{""categoria"": ""entidade_hospital"", ""cnes"": ""0026417"", ""nome_oficial_tabela"": ""HOSPITAL DE CLINICAS SUL"", ""uf"": ""SP"", ""municipio"": ""SAO JOSE DOS CAMPOS"", ""desabilitado"": false}"
"Estabelecimento de saúde: LA SERENITE. Código CNES: 0042021. Localização: CACAPAVA, São Paulo (SP). Tipo de unidade: HOSPITAL ESPECIALIZADO. Natureza jurídica: HOSPITAL_PRIVADO. Porte: Pequeno.",entidade_hospital,"{""categoria"": ""entidade_hospital"", ""cnes"": ""0042021"", ""nome_oficial_tabela"": ""LA SERENITE"", ""uf"": ""SP"", ""municipio"": ""CACAPAVA"", ""desabilitado"": false}"
"Estabelecimento de saúde: HOSPITAL FUNDACAO PENTEADO RIBEIRAO PRETO. Código CNES: 0080470. Localização: RIBEIRAO PRETO, São Paulo (SP). Tipo de unidade: HOSPITAL GERAL. Natureza jurídica: HOSPITAL_FILANTRÓPICO. Porte: Pequeno.",entidade_hospital,"{""categoria"": ""entidade_hospital"", ""cnes"": ""0080470"", ""nome_oficial_tabela"": ""HOSPITAL FUNDACAO PENTEADO RIBEIRAO PRETO"", ""uf"": ""SP"", ""municipio"": ""RIBEIRAO PRETO"", ""desabilitado"": false}"
"Estabelecimento de saúde: HOSPITAL UNIMED BOTUCATU II. Código CNES: 0081825. Localização: BOTUCATU, São Paulo (SP). Tipo de unidade: HOSPITAL GERAL. Natureza jurídica: HOSPITAL_PRIVADO. Porte: Médio.",entidade_hospital,"{""categoria"": ""entidade_hospital"", ""cnes"": ""0081825"", ""nome_oficial_tabela"": ""HOSPITAL UNIMED BOTUCATU II"", ""uf"": ""SP"", ""municipio"": ""BOTUCATU"", ""desabilitado"": false}"
"Estabelecimento de saúde: HOSPITAL REGIONAL DO LITORAL NORTE. Código CNES: 0092894. Localização: CARAGUATATUBA, São Paulo (SP). Tipo de unidade: HOSPITAL GERAL. Natureza jurídica: HOSPITAL_PÚBLICO. Porte: Grande.",entidade_hospital,"{""categoria"": ""entidade_hospital"", ""cnes"": ""0092894"", ""nome_oficial_tabela"": ""HOSPITAL REGIONAL DO LITORAL NORTE"", ""uf"": ""SP"", ""municipio"": ""CARAGUATATUBA"", ""desabilitado"": false}"
"Estabelecimento de saúde: HOSPITAL MUNICIPAL SANTA DULCE DOS POBRES. Código CNES: 0102075. Localização: SAO PAULO, São Paulo (SP). Tipo de unidade: HOSPITAL GERAL. Natureza jurídica: HOSPITAL_PÚBLICO. Porte: Médio. Também já foi registrado nos cadastros com o(s) nome(s): HOSPITAL MUNICIPAL BELA VISTA SANTA DULCE DOS POBRES; HOSPITAL MUNICIPAL DA BELA VISTA SANTA DULCE DOS POBRES.",entidade_hospital,"{""categoria"": ""entidade_hospital"", ""cnes"": ""0102075"", ""nome_oficial_tabela"": ""HOSPITAL MUNICIPAL SANTA DULCE DOS POBRES"", ""uf"": ""SP"", ""municipio"": ""SAO PAULO"", ""desabilitado"": false}"
"Estabelecimento de saúde: HOSPITAL MUNICIPAL BRASILANDIA. Código CNES: 0102105. Localização: SAO PAULO, São Paulo (SP). Tipo de unidade: HOSPITAL GERAL. Natureza jurídica: HOSPITAL_PÚBLICO. Porte: Grande.",entidade_hospital,"{""categoria"": ""entidade_hospital"", ""cnes"": ""0102105"", ""nome_oficial_tabela"": ""HOSPITAL MUNICIPAL BRASILANDIA"", ""uf"": ""SP"", ""municipio"": ""SAO PAULO"", ""desabilitado"": false}"
"Estabelecimento de saúde: HOSPITAL DE CAMPANHA POSTO AVANCADO COVID 19. Código CNES: 0105120. Localização: BAURU, São Paulo (SP). Tipo de unidade: HOSPITAL GERAL. Natureza jurídica: HOSPITAL_PÚBLICO. Porte: Pequeno.",entidade_hospital,"{""categoria"": ""entidade_hospital"", ""cnes"": ""0105120"", ""nome_oficial_tabela"": ""HOSPITAL DE CAMPANHA POSTO AVANCADO COVID 19"", ""uf"": ""SP"", ""municipio"": ""BAURU"", ""desabilitado"": false}"
"Estabelecimento de saúde: HOSPITAL DE CLINICAS ANJO GABRIEL. Código CNES: 0115509. Localização: MAIRIPORA, São Paulo (SP). Tipo de unidade: HOSPITAL GERAL. Natureza jurídica: HOSPITAL_PÚBLICO. Porte: Médio.",entidade_hospital,"{""categoria"": ""entidade_hospital"", ""cnes"": ""0115509"", ""nome_oficial_tabela"": ""HOSPITAL DE CLINICAS ANJO GABRIEL"", ""uf"": ""SP"", ""municipio"": ""MAIRIPORA"", ""desabilitado"": false}"
"Estabelecimento de saúde: HOSPITAL DE RETAGUARDA DO JARDIM PAULISTA. Código CNES: 0127604. Localização: BARUERI, São Paulo (SP). Tipo de unidade: HOSPITAL GERAL. Natureza jurídica: HOSPITAL_PÚBLICO. Porte: Médio.",entidade_hospital,"{""categoria"": ""entidade_hospital"", ""cnes"": ""0127604"", ""nome_oficial_tabela"": ""HOSPITAL DE RETAGUARDA DO JARDIM PAULISTA"", ""uf"": ""SP"", ""municipio"": ""BARUERI"", ""desabilitado"": false}"
"Estabelecimento de saúde: UNIDADE MISTA CIDADE NOVA PINDAMONHANGABA. Código CNES: 0136328. Localização: PINDAMONHANGABA, São Paulo (SP). Tipo de unidade: UNIDADE MISTA. Natureza jurídica: HOSPITAL_PÚBLICO. Porte: Pequeno.",entidade_hospital,"{""categoria"": ""entidade_hospital"", ""cnes"": ""0136328"", ""nome_oficial_tabela"": ""UNIDADE MISTA CIDADE NOVA PINDAMONHANGABA"", ""uf"": ""SP"", ""municipio"": ""PINDAMONHANGABA"", ""desabilitado"": false}"
"Estabelecimento de saúde: HOSP MUN BRIGADEIRO. Código CNES: 0158100. Localização: SAO PAULO, São Paulo (SP). Tipo de unidade: HOSPITAL GERAL. Natureza jurídica: HOSPITAL_PÚBLICO. Porte: Médio. Também já foi registrado nos cadastros com o(s) nome(s): HOSPITAL MUNICIPAL BRIGADEIRO.",entidade_hospital,"{""categoria"": ""entidade_hospital"", ""cnes"": ""0158100"", ""nome_oficial_tabela"": ""HOSP MUN BRIGADEIRO"", ""uf"": ""SP"", ""municipio"": ""SAO PAULO"", ""desabilitado"": false}"
"Estabelecimento de saúde: HOSPITAL MUNICIPAL GUARAPIRANGA. Código CNES: 0161438. Localização: SAO PAULO, São Paulo (SP). Tipo de unidade: HOSPITAL GERAL. Natureza jurídica: HOSPITAL_PÚBLICO. Porte: Grande.",entidade_hospital,"{""categoria"": ""entidade_hospital"", ""cnes"": ""0161438"", ""nome_oficial_tabela"": ""HOSPITAL MUNICIPAL GUARAPIRANGA"", ""uf"": ""SP"", ""municipio"": ""SAO PAULO"", ""desabilitado"": false}"
"Estabelecimento de saúde: HOSPITAL NOVA REABILITACAO. Código CNES: 0181145. Localização: ARACOIABA DA SERRA, São Paulo (SP). Tipo de unidade: HOSPITAL ESPECIALIZADO. Natureza jurídica: HOSPITAL_PRIVADO. Porte: Médio.",entidade_hospital,"{""categoria"": ""entidade_hospital"", ""cnes"": ""0181145"", ""nome_oficial_tabela"": ""HOSPITAL NOVA REABILITACAO"", ""uf"": ""SP"", ""municipio"": ""ARACOIABA DA SERRA"", ""desabilitado"": false}"
"Estabelecimento de saúde: HOSPITAL DE CAMPANHA COVID 19 CARLOS LOURENCO. Código CNES: 0197831. Localização: CAMPINAS, São Paulo (SP). Tipo de unidade: HOSPITAL GERAL. Natureza jurídica: HOSPITAL_PÚBLICO. Porte: Médio.",entidade_hospital,"{""categoria"": ""entidade_hospital"", ""cnes"": ""0197831"", ""nome_oficial_tabela"": ""HOSPITAL DE CAMPANHA COVID 19 CARLOS LOURENCO"", ""uf"": ""SP"", ""municipio"": ""CAMPINAS"", ""desabilitado"": false}"
"Estabelecimento de saúde: CLINICA TERAPEUTICA SONHO DE VIDA. Código CNES: 0235385. Localização: SAO BERNARDO DO CAMPO, São Paulo (SP). Tipo de unidade: HOSPITAL ESPECIALIZADO. Natureza jurídica: HOSPITAL_PRIVADO. Porte: Médio.",entidade_hospital,"{""categoria"": ""entidade_hospital"", ""cnes"": ""0235385"", ""nome_oficial_tabela"": ""CLINICA TERAPEUTICA SONHO DE VIDA"", ""uf"": ""SP"", ""municipio"": ""SAO BERNARDO DO CAMPO"", ""desabilitado"": false}"
"Estabelecimento de saúde: ESPACO MARIAZINHA. Código CNES: 0249491. Localização: EMBU DAS ARTES, São Paulo (SP). Tipo de unidade: HOSPITAL GERAL. Natureza jurídica: HOSPITAL_PRIVADO. Porte: Médio.",entidade_hospital,"{""categoria"": ""entidade_hospital"", ""cnes"": ""0249491"", ""nome_oficial_tabela"": ""ESPACO MARIAZINHA"", ""uf"": ""SP"", ""municipio"": ""EMBU DAS ARTES"", ""desabilitado"": false}"
"Estabelecimento de saúde: IMPAR SERVICOS HOSPITALARES FILIAL SANTA PAULA. Código CNES: 0255661. Localização: SAO PAULO, São Paulo (SP). Tipo de unidade: HOSPITAL GERAL. Natureza jurídica: HOSPITAL_PRIVADO. Porte: Grande.",entidade_hospital,"{""categoria"": ""entidade_hospital"", ""cnes"": ""0255661"", ""nome_oficial_tabela"": ""IMPAR SERVICOS HOSPITALARES FILIAL SANTA PAULA"", ""uf"": ""SP"", ""municipio"": ""SAO PAULO"", ""desabilitado"": false}"
"Estabelecimento de saúde: HOSPITAL DE CAMPANHA COVID 19 GUARATINGUETA. Código CNES: 0255874. Localização: GUARATINGUETA, São Paulo (SP). Tipo de unidade: HOSPITAL GERAL. Natureza jurídica: HOSPITAL_PÚBLICO. Porte: Pequeno.",entidade_hospital,"{""categoria"": ""entidade_hospital"", ""cnes"": ""0255874"", ""nome_oficial_tabela"": ""HOSPITAL DE CAMPANHA COVID 19 GUARATINGUETA"", ""uf"": ""SP"", ""municipio"": ""GUARATINGUETA"", ""desabilitado"": false}"
"Estabelecimento de saúde: HOSPITAL SANCTA MAGGIORE DUBAI. Código CNES: 0263192. Localização: SAO PAULO, São Paulo (SP). Tipo de unidade: HOSPITAL GERAL. Natureza jurídica: HOSPITAL_PRIVADO. Porte: Grande.",entidade_hospital,"{""categoria"": ""entidade_hospital"", ""cnes"": ""0263192"", ""nome_oficial_tabela"": ""HOSPITAL SANCTA MAGGIORE DUBAI"", ""uf"": ""SP"", ""municipio"": ""SAO PAULO"", ""desabilitado"": false}"
"Estabelecimento de saúde: HOSPITAL DE CLINICAS DE SAO SEBASTIAO COSTA SUL. Código CNES: 0265187. Localização: SAO SEBASTIAO, São Paulo (SP). Tipo de unidade: HOSPITAL GERAL. Natureza jurídica: HOSPITAL_PÚBLICO. Porte: Médio.",entidade_hospital,"{""categoria"": ""entidade_hospital"", ""cnes"": ""0265187"", ""nome_oficial_tabela"": ""HOSPITAL DE CLINICAS DE SAO SEBASTIAO COSTA SUL"", ""uf"": ""SP"", ""municipio"": ""SAO SEBASTIAO"", ""desabilitado"": false}"
"Estabelecimento de saúde: GRUPO ERIMUS. Código CNES: 0285641. Localização: ATIBAIA, São Paulo (SP). Tipo de unidade: HOSPITAL ESPECIALIZADO. Natureza jurídica: HOSPITAL_PRIVADO. Porte: Médio.",entidade_hospital,"{""categoria"": ""entidade_hospital"", ""cnes"": ""0285641"", ""nome_oficial_tabela"": ""GRUPO ERIMUS"", ""uf"": ""SP"", ""municipio"": ""ATIBAIA"", ""desabilitado"": false}"
"Estabelecimento de saúde: OCULARE ANDRADINA. Código CNES: 0297607. Localização: ANDRADINA, São Paulo (SP). Tipo de unidade: HOSPITAL ESPECIALIZADO. Natureza jurídica: HOSPITAL_PRIVADO. Porte: Pequeno.",entidade_hospital,"{""categoria"": ""entidade_hospital"", ""cnes"": ""0297607"", ""nome_oficial_tabela"": ""OCULARE ANDRADINA"", ""uf"": ""SP"", ""municipio"": ""ANDRADINA"", ""desabilitado"": false}"
"Estabelecimento de saúde: HOSPITAL DE CAMPANHA COVID 19 RIO CLARO. Código CNES: 0302961. Localização: RIO CLARO, São Paulo (SP). Tipo de unidade: HOSPITAL GERAL. Natureza jurídica: HOSPITAL_PÚBLICO. Porte: Pequeno.",entidade_hospital,"{""categoria"": ""entidade_hospital"", ""cnes"": ""0302961"", ""nome_oficial_tabela"": ""HOSPITAL DE CAMPANHA COVID 19 RIO CLARO"", ""uf"": ""SP"", ""municipio"": ""RIO CLARO"", ""desabilitado"": false}"
"Estabelecimento de saúde: GRUPO ANJOS DA VIDA. Código CNES: 0377295. Localização: PINDAMONHANGABA, São Paulo (SP). Tipo de unidade: HOSPITAL ESPECIALIZADO. Natureza jurídica: HOSPITAL_PRIVADO. Porte: Médio.",entidade_hospital,"{""categoria"": ""entidade_hospital"", ""cnes"": ""0377295"", ""nome_oficial_tabela"": ""GRUPO ANJOS DA VIDA"", ""uf"": ""SP"", ""municipio"": ""PINDAMONHANGABA"", ""desabilitado"": false}"
"Estabelecimento de saúde: HOSPITAL ORTO SERVICOS MEDICOS E CIRURGICOS. Código CNES: 0381454. Localização: SAO JOSE DOS CAMPOS, São Paulo (SP). Tipo de unidade: PRONTO SOCORRO ESPECIALIZADO. Natureza jurídica: HOSPITAL_PRIVADO. Porte: Pequeno.",entidade_hospital,"{""categoria"": ""entidade_hospital"", ""cnes"": ""0381454"", ""nome_oficial_tabela"": ""HOSPITAL ORTO SERVICOS MEDICOS E CIRURGICOS"", ""uf"": ""SP"", ""municipio"": ""SAO JOSE DOS CAMPOS"", ""desabilitado"": false}"
"Estabelecimento de saúde: HOSPITAL E PRONTO ATENDIMENTO SANCTA MAGGIORE RUSSIA. Código CNES: 0393290. Localização: SAO PAULO, São Paulo (SP). Tipo de unidade: HOSPITAL GERAL. Natureza jurídica: HOSPITAL_PRIVADO. Porte: Médio.",entidade_hospital,"{""categoria"": ""entidade_hospital"", ""cnes"": ""0393290"", ""nome_oficial_tabela"": ""HOSPITAL E PRONTO ATENDIMENTO SANCTA MAGGIORE RUSSIA"", ""uf"": ""SP"", ""municipio"": ""SAO PAULO"", ""desabilitado"": false}"
"Estabelecimento de saúde: CRIA CASA DE PARTO. Código CNES: 0414808. Localização: SAO PAULO, São Paulo (SP). Tipo de unidade: HOSPITAL GERAL. Natureza jurídica: HOSPITAL_PRIVADO. Porte: Pequeno.",entidade_hospital,"{""categoria"": ""entidade_hospital"", ""cnes"": ""0414808"", ""nome_oficial_tabela"": ""CRIA CASA DE PARTO"", ""uf"": ""SP"", ""municipio"": ""SAO PAULO"", ""desabilitado"": false}"
"Estabelecimento de saúde: REDE ONE CARE. Código CNES: 0419214. Localização: BAURU, São Paulo (SP). Tipo de unidade: HOSPITAL GERAL. Natureza jurídica: HOSPITAL_PRIVADO. Porte: Pequeno.",entidade_hospital,"{""categoria"": ""entidade_hospital"", ""cnes"": ""0419214"", ""nome_oficial_tabela"": ""REDE ONE CARE"", ""uf"": ""SP"", ""municipio"": ""BAURU"", ""desabilitado"": false}"
"Estabelecimento de saúde: HOSPITAL TERAPEUTICO RENOVARE. Código CNES: 0424870. Localização: CHARQUEADA, São Paulo (SP). Tipo de unidade: HOSPITAL GERAL. Natureza jurídica: HOSPITAL_PRIVADO. Porte: Pequeno.",entidade_hospital,"{""categoria"": ""entidade_hospital"", ""cnes"": ""0424870"", ""nome_oficial_tabela"": ""HOSPITAL TERAPEUTICO RENOVARE"", ""uf"": ""SP"", ""municipio"": ""CHARQUEADA"", ""desabilitado"": false}"
"Estabelecimento de saúde: HOSPITAL SAINT NICHOLAS MEDICAL. Código CNES: 0473561. Localização: SUZANO, São Paulo (SP). Tipo de unidade: HOSPITAL GERAL. Natureza jurídica: HOSPITAL_PRIVADO. Porte: Grande.",entidade_hospital,"{""categoria"": ""entidade_hospital"", ""cnes"": ""0473561"", ""nome_oficial_tabela"": ""HOSPITAL SAINT NICHOLAS MEDICAL"", ""uf"": ""SP"", ""municipio"": ""SUZANO"", ""desabilitado"": false}"
"Estabelecimento de saúde: PA SAO RAFAEL. Código CNES: 0478474. Localização: SAO PAULO, São Paulo (SP). Tipo de unidade: PRONTO SOCORRO GERAL. Natureza jurídica: HOSPITAL_PRIVADO. Porte: Pequeno.",entidade_hospital,"{""categoria"": ""entidade_hospital"", ""cnes"": ""0478474"", ""nome_oficial_tabela"": ""PA SAO RAFAEL"", ""uf"": ""SP"", ""municipio"": ""SAO PAULO"", ""desabilitado"": false}"
"Estabelecimento de saúde: HOSPITAL ESPORTE E SAUDE BR SURGERY. Código CNES: 0507733. Localização: SAO PAULO, São Paulo (SP). Tipo de unidade: HOSPITAL GERAL. Natureza jurídica: HOSPITAL_PRIVADO. Porte: Pequeno. Também já foi registrado nos cadastros com o(s) nome(s): HOSPITAL ESPORTE E SAUDE LTDA BR SURGERY.",entidade_hospital,"{""categoria"": ""entidade_hospital"", ""cnes"": ""0507733"", ""nome_oficial_tabela"": ""HOSPITAL ESPORTE E SAUDE BR SURGERY"", ""uf"": ""SP"", ""municipio"": ""SAO PAULO"", ""desabilitado"": false}"
"Estabelecimento de saúde: CENTRO TERAPEUTICO MENSAGEIRO DA PAS. Código CNES: 0561096. Localização: CEDRAL, São Paulo (SP). Tipo de unidade: UNIDADE MISTA. Natureza jurídica: HOSPITAL_PRIVADO. Porte: Médio.",entidade_hospital,"{""categoria"": ""entidade_hospital"", ""cnes"": ""0561096"", ""nome_oficial_tabela"": ""CENTRO TERAPEUTICO MENSAGEIRO DA PAS"", ""uf"": ""SP"", ""municipio"": ""CEDRAL"", ""desabilitado"": false}"
"Estabelecimento de saúde: AMHE MED SOROCABA. Código CNES: 0605484. Localização: SOROCABA, São Paulo (SP). Tipo de unidade: HOSPITAL GERAL. Natureza jurídica: HOSPITAL_PRIVADO. Porte: Grande.",entidade_hospital,"{""categoria"": ""entidade_hospital"", ""cnes"": ""0605484"", ""nome_oficial_tabela"": ""AMHE MED SOROCABA"", ""uf"": ""SP"", ""municipio"": ""SOROCABA"", ""desabilitado"": false}"
"Estabelecimento de saúde: HOSPITAL SAMARITANO DE SANTA BARBARA DOESTE. Código CNES: 0652601. Localização: SANTA BARBARA D'OESTE, São Paulo (SP). Tipo de unidade: HOSPITAL GERAL. Natureza jurídica: HOSPITAL_PRIVADO. Porte: Médio.",entidade_hospital,"{""categoria"": ""entidade_hospital"", ""cnes"": ""0652601"", ""nome_oficial_tabela"": ""HOSPITAL SAMARITANO DE SANTA BARBARA DOESTE"", ""uf"": ""SP"", ""municipio"": ""SANTA BARBARA D'OESTE"", ""desabilitado"": false}"
"Estabelecimento de saúde: HOSPITAL SAGRADA FAMILIA. Código CNES: 0653101. Localização: MAUA, São Paulo (SP). Tipo de unidade: HOSPITAL GERAL. Natureza jurídica: HOSPITAL_PRIVADO. Porte: Grande.",entidade_hospital,"{""categoria"": ""entidade_hospital"", ""cnes"": ""0653101"", ""nome_oficial_tabela"": ""HOSPITAL SAGRADA FAMILIA"", ""uf"": ""SP"", ""municipio"": ""MAUA"", ""desabilitado"": false}"
"Estabelecimento de saúde: HOSPITAL SAINT PATRICK. Código CNES: 0663913. Localização: SAO PAULO, São Paulo (SP). Tipo de unidade: HOSPITAL GERAL. Natureza jurídica: HOSPITAL_FILANTRÓPICO. Porte: Pequeno.",entidade_hospital,"{""categoria"": ""entidade_hospital"", ""cnes"": ""0663913"", ""nome_oficial_tabela"": ""HOSPITAL SAINT PATRICK"", ""uf"": ""SP"", ""municipio"": ""SAO PAULO"", ""desabilitado"": false}"
"Estabelecimento de saúde: CENTRO MEDICO. Código CNES: 0684910. Localização: SANTOS, São Paulo (SP). Tipo de unidade: HOSPITAL GERAL. Natureza jurídica: HOSPITAL_PRIVADO. Porte: Médio.",entidade_hospital,"{""categoria"": ""entidade_hospital"", ""cnes"": ""0684910"", ""nome_oficial_tabela"": ""CENTRO MEDICO"", ""uf"": ""SP"", ""municipio"": ""SANTOS"", ""desabilitado"": false}"
"Estabelecimento de saúde: HOSPITAL VIDAS ALTA COMPLEXIDADE. Código CNES: 0701394. Localização: SAO PAULO, São Paulo (SP). Tipo de unidade: HOSPITAL GERAL. Natureza jurídica: HOSPITAL_PRIVADO. Porte: Médio.",entidade_hospital,"{""categoria"": ""entidade_hospital"", ""cnes"": ""0701394"", ""nome_oficial_tabela"": ""HOSPITAL VIDAS ALTA COMPLEXIDADE"", ""uf"": ""SP"", ""municipio"": ""SAO PAULO"", ""desabilitado"": false}"
"Estabelecimento de saúde: IOU INSTITUTO DE OTORRINOLARINGOLOGIA E CABECA E PESCOCO D. Código CNES: 0743585. Localização: CAMPINAS, São Paulo (SP). Tipo de unidade: HOSPITAL GERAL. Natureza jurídica: HOSPITAL_FILANTRÓPICO. Porte: Pequeno.",entidade_hospital,"{""categoria"": ""entidade_hospital"", ""cnes"": ""0743585"", ""nome_oficial_tabela"": ""IOU INSTITUTO DE OTORRINOLARINGOLOGIA E CABECA E PESCOCO D"", ""uf"": ""SP"", ""municipio"": ""CAMPINAS"", ""desabilitado"": false}"
"Estabelecimento de saúde: HOSPITAL UNIMED REGIONAL JAU. Código CNES: 0789585. Localização: JAU, São Paulo (SP). Tipo de unidade: HOSPITAL GERAL. Natureza jurídica: HOSPITAL_PRIVADO. Porte: Grande.",entidade_hospital,"{""categoria"": ""entidade_hospital"", ""cnes"": ""0789585"", ""nome_oficial_tabela"": ""HOSPITAL UNIMED REGIONAL JAU"", ""uf"": ""SP"", ""municipio"": ""JAU"", ""desabilitado"": false}"
"Estabelecimento de saúde: HOSPITAL VILLAGE. Código CNES: 0837164. Localização: BARRETOS, São Paulo (SP). Tipo de unidade: HOSPITAL GERAL. Natureza jurídica: HOSPITAL_PRIVADO. Porte: Pequeno.",entidade_hospital,"{""categoria"": ""entidade_hospital"", ""cnes"": ""0837164"", ""nome_oficial_tabela"": ""HOSPITAL VILLAGE"", ""uf"": ""SP"", ""municipio"": ""BARRETOS"", ""desabilitado"": false}"
"Estabelecimento de saúde: PA PITANGUEIRAS. Código CNES: 0864560. Localização: PITANGUEIRAS, São Paulo (SP). Tipo de unidade: HOSPITAL GERAL. Natureza jurídica: HOSPITAL_PRIVADO. Porte: Pequeno. Também já foi registrado nos cadastros com o(s) nome(s): P A PITANGUEIRAS.",entidade_hospital,"{""categoria"": ""entidade_hospital"", ""cnes"": ""0864560"", ""nome_oficial_tabela"": ""PA PITANGUEIRAS"", ""uf"": ""SP"", ""municipio"": ""PITANGUEIRAS"", ""desabilitado"": false}"
"Estabelecimento de saúde: INSTITUTO REABILITANDO FAMILIAS. Código CNES: 0911046. Localização: TREMEMBE, São Paulo (SP). Tipo de unidade: HOSPITAL ESPECIALIZADO. Natureza jurídica: HOSPITAL_PRIVADO. Porte: Pequeno.",entidade_hospital,"{""categoria"": ""entidade_hospital"", ""cnes"": ""0911046"", ""nome_oficial_tabela"": ""INSTITUTO REABILITANDO FAMILIAS"", ""uf"": ""SP"", ""municipio"": ""TREMEMBE"", ""desabilitado"": false}"
"Estabelecimento de saúde: HOSPITAL UNIMED. Código CNES: 0911437. Localização: SAO JOSE DO RIO PARDO, São Paulo (SP). Tipo de unidade: HOSPITAL GERAL. Natureza jurídica: HOSPITAL_PRIVADO. Porte: Pequeno.",entidade_hospital,"{""categoria"": ""entidade_hospital"", ""cnes"": ""0911437"", ""nome_oficial_tabela"": ""HOSPITAL UNIMED"", ""uf"": ""SP"", ""municipio"": ""SAO JOSE DO RIO PARDO"", ""desabilitado"": false}"
"Estabelecimento de saúde: HOSPITAL NOVA REABILITACAO. Código CNES: 0932760. Localização: ARACOIABA DA SERRA, São Paulo (SP). Tipo de unidade: HOSPITAL ESPECIALIZADO. Natureza jurídica: HOSPITAL_PRIVADO. Porte: Pequeno.",entidade_hospital,"{""categoria"": ""entidade_hospital"", ""cnes"": ""0932760"", ""nome_oficial_tabela"": ""HOSPITAL NOVA REABILITACAO"", ""uf"": ""SP"", ""municipio"": ""ARACOIABA DA SERRA"", ""desabilitado"": false}"
"Estabelecimento de saúde: HOSPITAL SANTA ANA. Código CNES: 0940402. Localização: SAO CAETANO DO SUL, São Paulo (SP). Tipo de unidade: HOSPITAL GERAL. Natureza jurídica: HOSPITAL_PRIVADO. Porte: Grande.",entidade_hospital,"{""categoria"": ""entidade_hospital"", ""cnes"": ""0940402"", ""nome_oficial_tabela"": ""HOSPITAL SANTA ANA"", ""uf"": ""SP"", ""municipio"": ""SAO CAETANO DO SUL"", ""desabilitado"": false}"
"Estabelecimento de saúde: HOSPITAL E PRONTO ATENDIMENTO SANCTA MAGGIORE PARIS. Código CNES: 0955736. Localização: SAO PAULO, São Paulo (SP). Tipo de unidade: HOSPITAL GERAL. Natureza jurídica: HOSPITAL_PRIVADO. Porte: Médio.",entidade_hospital,"{""categoria"": ""entidade_hospital"", ""cnes"": ""0955736"", ""nome_oficial_tabela"": ""HOSPITAL E PRONTO ATENDIMENTO SANCTA MAGGIORE PARIS"", ""uf"": ""SP"", ""municipio"": ""SAO PAULO"", ""desabilitado"": false}"
"Estabelecimento de saúde: HOSPITAL UNIMED SAO CARLOS UNIDADE II. Código CNES: 0962589. Localização: SAO CARLOS, São Paulo (SP). Tipo de unidade: HOSPITAL GERAL. Natureza jurídica: HOSPITAL_PRIVADO. Porte: Médio.",entidade_hospital,"{""categoria"": ""entidade_hospital"", ""cnes"": ""0962589"", ""nome_oficial_tabela"": ""HOSPITAL UNIMED SAO CARLOS UNIDADE II"", ""uf"": ""SP"", ""municipio"": ""SAO CARLOS"", ""desabilitado"": false}"
"Estabelecimento de saúde: MATERNIDADE SAO LUIZ STAR. Código CNES: 0993956. Localização: SAO PAULO, São Paulo (SP). Tipo de unidade: HOSPITAL GERAL. Natureza jurídica: HOSPITAL_PRIVADO. Porte: Grande. Também já foi registrado nos cadastros com o(s) nome(s): SAO LUIZ MATERNIDADE.",entidade_hospital,"{""categoria"": ""entidade_hospital"", ""cnes"": ""0993956"", ""nome_oficial_tabela"": ""MATERNIDADE SAO LUIZ STAR"", ""uf"": ""SP"", ""municipio"": ""SAO PAULO"", ""desabilitado"": false}"
"Estabelecimento de saúde: MATERNIDADE DE CAMPINAS. Código CNES: 2022621. Localização: CAMPINAS, São Paulo (SP). Tipo de unidade: HOSPITAL GERAL. Natureza jurídica: HOSPITAL_FILANTRÓPICO. Porte: Grande.",entidade_hospital,"{""categoria"": ""entidade_hospital"", ""cnes"": ""2022621"", ""nome_oficial_tabela"": ""MATERNIDADE DE CAMPINAS"", ""uf"": ""SP"", ""municipio"": ""CAMPINAS"", ""desabilitado"": false}"
"Estabelecimento de saúde: HOSPITAL IRMAOS PENTEADO E SANTA CASA DE CAMPINAS. Código CNES: 2022648. Localização: CAMPINAS, São Paulo (SP). Tipo de unidade: HOSPITAL GERAL. Natureza jurídica: HOSPITAL_FILANTRÓPICO. Porte: Grande.",entidade_hospital,"{""categoria"": ""entidade_hospital"", ""cnes"": ""2022648"", ""nome_oficial_tabela"": ""HOSPITAL IRMAOS PENTEADO E SANTA CASA DE CAMPINAS"", ""uf"": ""SP"", ""municipio"": ""CAMPINAS"", ""desabilitado"": false}"
"Estabelecimento de saúde: CASA DE CARIDADE SAO VICENTE DE PAULO CAJURU. Código CNES: 2023016. Localização: CAJURU, São Paulo (SP). Tipo de unidade: HOSPITAL GERAL. Natureza jurídica: HOSPITAL_FILANTRÓPICO. Porte: Médio.",entidade_hospital,"{""categoria"": ""entidade_hospital"", ""cnes"": ""2023016"", ""nome_oficial_tabela"": ""CASA DE CARIDADE SAO VICENTE DE PAULO CAJURU"", ""uf"": ""SP"", ""municipio"": ""CAJURU"", ""desabilitado"": false}"
"Estabelecimento de saúde: HOSPITAL SAMARITANO DE CAMPINAS. Código CNES: 2023148. Localização: CAMPINAS, São Paulo (SP). Tipo de unidade: HOSPITAL GERAL. Natureza jurídica: HOSPITAL_FILANTRÓPICO. Porte: Grande.",entidade_hospital,"{""categoria"": ""entidade_hospital"", ""cnes"": ""2023148"", ""nome_oficial_tabela"": ""HOSPITAL SAMARITANO DE CAMPINAS"", ""uf"": ""SP"", ""municipio"": ""CAMPINAS"", ""desabilitado"": false}"
"Estabelecimento de saúde: HOSPITAL MUNICIPAL WALTER FERRARI. Código CNES: 2023474. Localização: JAGUARIUNA, São Paulo (SP). Tipo de unidade: HOSPITAL GERAL. Natureza jurídica: HOSPITAL_PÚBLICO. Porte: Grande.",entidade_hospital,"{""categoria"": ""entidade_hospital"", ""cnes"": ""2023474"", ""nome_oficial_tabela"": ""HOSPITAL MUNICIPAL WALTER FERRARI"", ""uf"": ""SP"", ""municipio"": ""JAGUARIUNA"", ""desabilitado"": false}"
"Estabelecimento de saúde: HOSPITAL SANTA SOFIA. Código CNES: 2023512. Localização: CAMPINAS, São Paulo (SP). Tipo de unidade: HOSPITAL GERAL. Natureza jurídica: HOSPITAL_PRIVADO. Porte: Médio.",entidade_hospital,"{""categoria"": ""entidade_hospital"", ""cnes"": ""2023512"", ""nome_oficial_tabela"": ""HOSPITAL SANTA SOFIA"", ""uf"": ""SP"", ""municipio"": ""CAMPINAS"", ""desabilitado"": false}"
"Estabelecimento de saúde: SANTA CASA DE MISERICORDIA DE ITATIBA. Código CNES: 2023709. Localização: ITATIBA, São Paulo (SP). Tipo de unidade: HOSPITAL GERAL. Natureza jurídica: HOSPITAL_FILANTRÓPICO. Porte: Grande.",entidade_hospital,"{""categoria"": ""entidade_hospital"", ""cnes"": ""2023709"", ""nome_oficial_tabela"": ""SANTA CASA DE MISERICORDIA DE ITATIBA"", ""uf"": ""SP"", ""municipio"": ""ITATIBA"", ""desabilitado"": false}"
"Estabelecimento de saúde: HOSPITAL MUNICIPAL DR AMADEU PAGLIUSO. Código CNES: 2023865. Localização: JABORANDI, São Paulo (SP). Tipo de unidade: HOSPITAL GERAL. Natureza jurídica: HOSPITAL_PÚBLICO. Porte: Pequeno.",entidade_hospital,"{""categoria"": ""entidade_hospital"", ""cnes"": ""2023865"", ""nome_oficial_tabela"": ""HOSPITAL MUNICIPAL DR AMADEU PAGLIUSO"", ""uf"": ""SP"", ""municipio"": ""JABORANDI"", ""desabilitado"": false}"
"Estabelecimento de saúde: HOSPITAL E MATERNIDADE DRA ADONIRAN CORREIA CAMPOS MONGAGUA. Código CNES: 2024438. Localização: MONGAGUA, São Paulo (SP). Tipo de unidade: HOSPITAL GERAL. Natureza jurídica: HOSPITAL_PÚBLICO. Porte: Médio. Também já foi registrado nos cadastros com o(s) nome(s): HOSPITAL E MATERNIDADE DR ADONIRAN CORREIA CAMPOS MONGAGUA; HOSPITAL MUNICIPAL DRA ADONIRAN CORREIA CAMPOS MONGAGUA.",entidade_hospital,"{""categoria"": ""entidade_hospital"", ""cnes"": ""2024438"", ""nome_oficial_tabela"": ""HOSPITAL E MATERNIDADE DRA ADONIRAN CORREIA CAMPOS MONGAGUA"", ""uf"": ""SP"", ""municipio"": ""MONGAGUA"", ""desabilitado"": false}"
"Estabelecimento de saúde: HOSPITAL E MATERNIDADE DE ASSIS. Código CNES: 2024624. Localização: ASSIS, São Paulo (SP). Tipo de unidade: HOSPITAL GERAL. Natureza jurídica: HOSPITAL_PRIVADO. Porte: Médio.",entidade_hospital,"{""categoria"": ""entidade_hospital"", ""cnes"": ""2024624"", ""nome_oficial_tabela"": ""HOSPITAL E MATERNIDADE DE ASSIS"", ""uf"": ""SP"", ""municipio"": ""ASSIS"", ""desabilitado"": false}"
"Estabelecimento de saúde: HOSPITAL UNIMED LIMEIRA. Código CNES: 2024632. Localização: LIMEIRA, São Paulo (SP). Tipo de unidade: HOSPITAL GERAL. Natureza jurídica: HOSPITAL_PRIVADO. Porte: Médio. Também já foi registrado nos cadastros com o(s) nome(s): HOSPITAL UNIMED DE LIMEIRA.",entidade_hospital,"{""categoria"": ""entidade_hospital"", ""cnes"": ""2024632"", ""nome_oficial_tabela"": ""HOSPITAL UNIMED LIMEIRA"", ""uf"": ""SP"", ""municipio"": ""LIMEIRA"", ""desabilitado"": false}"
"Estabelecimento de saúde: SANTA CASA DE CRUZEIRO. Código CNES: 2024691. Localização: CRUZEIRO, São Paulo (SP). Tipo de unidade: HOSPITAL GERAL. Natureza jurídica: HOSPITAL_FILANTRÓPICO. Porte: Grande.",entidade_hospital,"{""categoria"": ""entidade_hospital"", ""cnes"": ""2024691"", ""nome_oficial_tabela"": ""SANTA CASA DE CRUZEIRO"", ""uf"": ""SP"", ""municipio"": ""CRUZEIRO"", ""desabilitado"": false}"
"Estabelecimento de saúde: HOSPITAL E MATERNIDADE NOSSA SENHORA DA AJUDA. Código CNES: 2024756. Localização: CACAPAVA, São Paulo (SP). Tipo de unidade: HOSPITAL GERAL. Natureza jurídica: HOSPITAL_FILANTRÓPICO. Porte: Médio.",entidade_hospital,"{""categoria"": ""entidade_hospital"", ""cnes"": ""2024756"", ""nome_oficial_tabela"": ""HOSPITAL E MATERNIDADE NOSSA SENHORA DA AJUDA"", ""uf"": ""SP"", ""municipio"": ""CACAPAVA"", ""desabilitado"": false}"
"Estabelecimento de saúde: SANTA CASA DE MISERICORDIA SAO JOSE. Código CNES: 2024772. Localização: CACHOEIRA PAULISTA, São Paulo (SP). Tipo de unidade: HOSPITAL GERAL. Natureza jurídica: HOSPITAL_FILANTRÓPICO. Porte: Médio.",entidade_hospital,"{""categoria"": ""entidade_hospital"", ""cnes"": ""2024772"", ""nome_oficial_tabela"": ""SANTA CASA DE MISERICORDIA SAO JOSE"", ""uf"": ""SP"", ""municipio"": ""CACHOEIRA PAULISTA"", ""desabilitado"": false}"
"Estabelecimento de saúde: HOSPITAL DE CANCER DE SAO BERNARDO DO CAMPO PADRE ANCHIETA. Código CNES: 2025361. Localização: SAO BERNARDO DO CAMPO, São Paulo (SP). Tipo de unidade: HOSPITAL GERAL. Natureza jurídica: HOSPITAL_PÚBLICO. Porte: Médio. Também já foi registrado nos cadastros com o(s) nome(s): HOSPITAL ANCHIETA.",entidade_hospital,"{""categoria"": ""entidade_hospital"", ""cnes"": ""2025361"", ""nome_oficial_tabela"": ""HOSPITAL DE CANCER DE SAO BERNARDO DO CAMPO PADRE ANCHIETA"", ""uf"": ""SP"", ""municipio"": ""SAO BERNARDO DO CAMPO"", ""desabilitado"": false}"
"Estabelecimento de saúde: HOSPITAL E MATERNIDADE SANTA ISABEL DE JABOTICABAL. Código CNES: 2025477. Localização: JABOTICABAL, São Paulo (SP). Tipo de unidade: HOSPITAL GERAL. Natureza jurídica: HOSPITAL_FILANTRÓPICO. Porte: Médio.",entidade_hospital,"{""categoria"": ""entidade_hospital"", ""cnes"": ""2025477"", ""nome_oficial_tabela"": ""HOSPITAL E MATERNIDADE SANTA ISABEL DE JABOTICABAL"", ""uf"": ""SP"", ""municipio"": ""JABOTICABAL"", ""desabilitado"": false}"
"Estabelecimento de saúde: HOSPITAL DAS CLINICAS HCFAMEMA. Código CNES: 2025507. Localização: MARILIA, São Paulo (SP). Tipo de unidade: HOSPITAL GERAL. Natureza jurídica: HOSPITAL_FILANTRÓPICO. Porte: Grande.",entidade_hospital,"{""categoria"": ""entidade_hospital"", ""cnes"": ""2025507"", ""nome_oficial_tabela"": ""HOSPITAL DAS CLINICAS HCFAMEMA"", ""uf"": ""SP"", ""municipio"": ""MARILIA"", ""desabilitado"": false}"
"Estabelecimento de saúde: SANTA CASA DE SANTOS. Código CNES: 2025752. Localização: SANTOS, São Paulo (SP). Tipo de unidade: HOSPITAL GERAL. Natureza jurídica: HOSPITAL_FILANTRÓPICO. Porte: Grande.",entidade_hospital,"{""categoria"": ""entidade_hospital"", ""cnes"": ""2025752"", ""nome_oficial_tabela"": ""SANTA CASA DE SANTOS"", ""uf"": ""SP"", ""municipio"": ""SANTOS"", ""desabilitado"": false}"
"Estabelecimento de saúde: HOSPITAL ANA COSTA DE SANTOS. Código CNES: 2025760. Localização: SANTOS, São Paulo (SP). Tipo de unidade: HOSPITAL GERAL. Natureza jurídica: HOSPITAL_PRIVADO. Porte: Grande. Também já foi registrado nos cadastros com o(s) nome(s): HOSPITAL ANA COSTA.",entidade_hospital,"{""categoria"": ""entidade_hospital"", ""cnes"": ""2025760"", ""nome_oficial_tabela"": ""HOSPITAL ANA COSTA DE SANTOS"", ""uf"": ""SP"", ""municipio"": ""SANTOS"", ""desabilitado"": false}"
"Estabelecimento de saúde: HOSPITAL POLICLIN DE JACAREI. Código CNES: 2026074. Localização: JACAREI, São Paulo (SP). Tipo de unidade: HOSPITAL GERAL. Natureza jurídica: HOSPITAL_PRIVADO. Porte: Médio.",entidade_hospital,"{""categoria"": ""entidade_hospital"", ""cnes"": ""2026074"", ""nome_oficial_tabela"": ""HOSPITAL POLICLIN DE JACAREI"", ""uf"": ""SP"", ""municipio"": ""JACAREI"", ""desabilitado"": false}"
"Estabelecimento de saúde: HOSPITAL DE CLINICAS ANTONIO AFONSO. Código CNES: 2026112. Localização: JACAREI, São Paulo (SP). Tipo de unidade: HOSPITAL GERAL. Natureza jurídica: HOSPITAL_PRIVADO. Porte: Médio.",entidade_hospital,"{""categoria"": ""entidade_hospital"", ""cnes"": ""2026112"", ""nome_oficial_tabela"": ""HOSPITAL DE CLINICAS ANTONIO AFONSO"", ""uf"": ""SP"", ""municipio"": ""JACAREI"", ""desabilitado"": false}"
"Estabelecimento de saúde: SANTA CASA DE GUARIBA. Código CNES: 2026805. Localização: GUARIBA, São Paulo (SP). Tipo de unidade: HOSPITAL GERAL. Natureza jurídica: HOSPITAL_FILANTRÓPICO. Porte: Médio.",entidade_hospital,"{""categoria"": ""entidade_hospital"", ""cnes"": ""2026805"", ""nome_oficial_tabela"": ""SANTA CASA DE GUARIBA"", ""uf"": ""SP"", ""municipio"": ""GUARIBA"", ""desabilitado"": false}"
"Estabelecimento de saúde: SANTA CASA DE MISERICORDIA DE ITAPEVA. Código CNES: 2027186. Localização: ITAPEVA, São Paulo (SP). Tipo de unidade: HOSPITAL GERAL. Natureza jurídica: HOSPITAL_FILANTRÓPICO. Porte: Grande.",entidade_hospital,"{""categoria"": ""entidade_hospital"", ""cnes"": ""2027186"", ""nome_oficial_tabela"": ""SANTA CASA DE MISERICORDIA DE ITAPEVA"", ""uf"": ""SP"", ""municipio"": ""ITAPEVA"", ""desabilitado"": false}"
"Estabelecimento de saúde: CENTRO DE TRATAMENTO BEZERRA DE MENEZES SB DO CAMPO. Código CNES: 2027348. Localização: SAO BERNARDO DO CAMPO, São Paulo (SP). Tipo de unidade: HOSPITAL ESPECIALIZADO. Natureza jurídica: HOSPITAL_FILANTRÓPICO. Porte: Grande.",entidade_hospital,"{""categoria"": ""entidade_hospital"", ""cnes"": ""2027348"", ""nome_oficial_tabela"": ""CENTRO DE TRATAMENTO BEZERRA DE MENEZES SB DO CAMPO"", ""uf"": ""SP"", ""municipio"": ""SAO BERNARDO DO CAMPO"", ""desabilitado"": false}"
"Estabelecimento de saúde: HOSPITAL DA MULHER. Código CNES: 2027356. Localização: SAO BERNARDO DO CAMPO, São Paulo (SP). Tipo de unidade: HOSPITAL GERAL. Natureza jurídica: HOSPITAL_PÚBLICO. Porte: Grande. Também já foi registrado nos cadastros com o(s) nome(s): HOSPITAL MUNICIPAL UNIVERSITARIO.",entidade_hospital,"{""categoria"": ""entidade_hospital"", ""cnes"": ""2027356"", ""nome_oficial_tabela"": ""HOSPITAL DA MULHER"", ""uf"": ""SP"", ""municipio"": ""SAO BERNARDO DO CAMPO"", ""desabilitado"": false}"
"Estabelecimento de saúde: SANTA CASA DE MONTE ALTO. Código CNES: 2028204. Localização: MONTE ALTO, São Paulo (SP). Tipo de unidade: HOSPITAL GERAL. Natureza jurídica: HOSPITAL_FILANTRÓPICO. Porte: Médio.",entidade_hospital,"{""categoria"": ""entidade_hospital"", ""cnes"": ""2028204"", ""nome_oficial_tabela"": ""SANTA CASA DE MONTE ALTO"", ""uf"": ""SP"", ""municipio"": ""MONTE ALTO"", ""desabilitado"": false}"
"Estabelecimento de saúde: HOSPITAL REGIONAL DE TEODORO SAMPAIO. Código CNES: 2028239. Localização: TEODORO SAMPAIO, São Paulo (SP). Tipo de unidade: HOSPITAL GERAL. Natureza jurídica: HOSPITAL_FILANTRÓPICO. Porte: Médio.",entidade_hospital,"{""categoria"": ""entidade_hospital"", ""cnes"": ""2028239"", ""nome_oficial_tabela"": ""HOSPITAL REGIONAL DE TEODORO SAMPAIO"", ""uf"": ""SP"", ""municipio"": ""TEODORO SAMPAIO"", ""desabilitado"": false}"
"Estabelecimento de saúde: INSTITUTO DE INFECTOLOGIA EMILIO RIBAS. Código CNES: 2028840. Localização: SAO PAULO, São Paulo (SP). Tipo de unidade: HOSPITAL GERAL. Natureza jurídica: HOSPITAL_PÚBLICO. Porte: Grande. Também já foi registrado nos cadastros com o(s) nome(s): INSTITUTO DE INFECTOLOGIA EMILIO RIBAS SAO PAULO.",entidade_hospital,"{""categoria"": ""entidade_hospital"", ""cnes"": ""2028840"", ""nome_oficial_tabela"": ""INSTITUTO DE INFECTOLOGIA EMILIO RIBAS"", ""uf"": ""SP"", ""municipio"": ""SAO PAULO"", ""desabilitado"": false}"
"Estabelecimento de saúde: HOSPITAL PREVINA. Código CNES: 2032236. Localização: SAO PAULO, São Paulo (SP). Tipo de unidade: HOSPITAL GERAL. Natureza jurídica: HOSPITAL_PRIVADO. Porte: Pequeno. Também já foi registrado nos cadastros com o(s) nome(s): PREVINA.",entidade_hospital,"{""categoria"": ""entidade_hospital"", ""cnes"": ""2032236"", ""nome_oficial_tabela"": ""HOSPITAL PREVINA"", ""uf"": ""SP"", ""municipio"": ""SAO PAULO"", ""desabilitado"": false}"
"Estabelecimento de saúde: HOSPITAL DA LUZ 92. Código CNES: 2032481. Localização: SAO PAULO, São Paulo (SP). Tipo de unidade: HOSPITAL GERAL. Natureza jurídica: HOSPITAL_PRIVADO. Porte: Médio.",entidade_hospital,"{""categoria"": ""entidade_hospital"", ""cnes"": ""2032481"", ""nome_oficial_tabela"": ""HOSPITAL DA LUZ 92"", ""uf"": ""SP"", ""municipio"": ""SAO PAULO"", ""desabilitado"": false}"
"Estabelecimento de saúde: HOSPITAL CEPOG. Código CNES: 2035723. Localização: GUARATINGUETA, São Paulo (SP). Tipo de unidade: HOSPITAL GERAL. Natureza jurídica: HOSPITAL_PRIVADO. Porte: Médio.",entidade_hospital,"{""categoria"": ""entidade_hospital"", ""cnes"": ""2035723"", ""nome_oficial_tabela"": ""HOSPITAL CEPOG"", ""uf"": ""SP"", ""municipio"": ""GUARATINGUETA"", ""desabilitado"": false}"
"Estabelecimento de saúde: HOSPITAL E MATERNIDADE DE ARTUR NOGUEIRA. Código CNES: 2037297. Localização: ARTUR NOGUEIRA, São Paulo (SP). Tipo de unidade: HOSPITAL GERAL. Natureza jurídica: HOSPITAL_PÚBLICO. Porte: Pequeno.",entidade_hospital,"{""categoria"": ""entidade_hospital"", ""cnes"": ""2037297"", ""nome_oficial_tabela"": ""HOSPITAL E MATERNIDADE DE ARTUR NOGUEIRA"", ""uf"": ""SP"", ""municipio"": ""ARTUR NOGUEIRA"", ""desabilitado"": false}"
"Estabelecimento de saúde: PRONTO SOCORRO MUNICIPAL SANTA LUCIA. Código CNES: 2038048. Localização: SANTA LUCIA, São Paulo (SP). Tipo de unidade: PRONTO SOCORRO GERAL. Natureza jurídica: HOSPITAL_PÚBLICO. Porte: Pequeno.",entidade_hospital,"{""categoria"": ""entidade_hospital"", ""cnes"": ""2038048"", ""nome_oficial_tabela"": ""PRONTO SOCORRO MUNICIPAL SANTA LUCIA"", ""uf"": ""SP"", ""municipio"": ""SANTA LUCIA"", ""desabilitado"": false}"
"Estabelecimento de saúde: UMIS UNIDADE MISTA INTEGRADA A SAUDE SAO PEDRO. Código CNES: 2038315. Localização: SAO PEDRO, São Paulo (SP). Tipo de unidade: UNIDADE MISTA. Natureza jurídica: HOSPITAL_PÚBLICO. Porte: Pequeno.",entidade_hospital,"{""categoria"": ""entidade_hospital"", ""cnes"": ""2038315"", ""nome_oficial_tabela"": ""UMIS UNIDADE MISTA INTEGRADA A SAUDE SAO PEDRO"", ""uf"": ""SP"", ""municipio"": ""SAO PEDRO"", ""desabilitado"": false}"
"Estabelecimento de saúde: PRONTO ATENDIMENTO SAO JUDAS TADEU. Código CNES: 2038447. Localização: IPERO, São Paulo (SP). Tipo de unidade: PRONTO SOCORRO GERAL. Natureza jurídica: HOSPITAL_PÚBLICO. Porte: Pequeno.",entidade_hospital,"{""categoria"": ""entidade_hospital"", ""cnes"": ""2038447"", ""nome_oficial_tabela"": ""PRONTO ATENDIMENTO SAO JUDAS TADEU"", ""uf"": ""SP"", ""municipio"": ""IPERO"", ""desabilitado"": false}"
"Estabelecimento de saúde: PRONTO SOCORRO MUNICIPAL DE SUZANO. Código CNES: 2039001. Localização: SUZANO, São Paulo (SP). Tipo de unidade: PRONTO SOCORRO GERAL. Natureza jurídica: HOSPITAL_PÚBLICO. Porte: Médio.",entidade_hospital,"{""categoria"": ""entidade_hospital"", ""cnes"": ""2039001"", ""nome_oficial_tabela"": ""PRONTO SOCORRO MUNICIPAL DE SUZANO"", ""uf"": ""SP"", ""municipio"": ""SUZANO"", ""desabilitado"": false}"
"Estabelecimento de saúde: HOSPITAL MATERNIDADE JESUS JOSE E MARIA. Código CNES: 2040069. Localização: GUARULHOS, São Paulo (SP). Tipo de unidade: HOSPITAL ESPECIALIZADO. Natureza jurídica: HOSPITAL_FILANTRÓPICO. Porte: Grande.",entidade_hospital,"{""categoria"": ""entidade_hospital"", ""cnes"": ""2040069"", ""nome_oficial_tabela"": ""HOSPITAL MATERNIDADE JESUS JOSE E MARIA"", ""uf"": ""SP"", ""municipio"": ""GUARULHOS"", ""desabilitado"": false}"
"Estabelecimento de saúde: SECAO PRONTO SOCORRO CENTRAL SEPROS C. Código CNES: 2042894. Localização: SANTOS, São Paulo (SP). Tipo de unidade: PRONTO SOCORRO GERAL. Natureza jurídica: HOSPITAL_PÚBLICO. Porte: Médio.",entidade_hospital,"{""categoria"": ""entidade_hospital"", ""cnes"": ""2042894"", ""nome_oficial_tabela"": ""SECAO PRONTO SOCORRO CENTRAL SEPROS C"", ""uf"": ""SP"", ""municipio"": ""SANTOS"", ""desabilitado"": false}"
"Estabelecimento de saúde: PRONTO SOCORRO DR ALVARO J AZZUZ. Código CNES: 2043580. Localização: FRANCA, São Paulo (SP). Tipo de unidade: PRONTO SOCORRO GERAL. Natureza jurídica: HOSPITAL_PÚBLICO. Porte: Médio.",entidade_hospital,"{""categoria"": ""entidade_hospital"", ""cnes"": ""2043580"", ""nome_oficial_tabela"": ""PRONTO SOCORRO DR ALVARO J AZZUZ"", ""uf"": ""SP"", ""municipio"": ""FRANCA"", ""desabilitado"": false}"
"Estabelecimento de saúde: HOSPITAL DE OLHOS CLINICA ESPECIALIZADA. Código CNES: 2048132. Localização: BAURU, São Paulo (SP). Tipo de unidade: HOSPITAL ESPECIALIZADO. Natureza jurídica: HOSPITAL_PRIVADO. Porte: Pequeno.",entidade_hospital,"{""categoria"": ""entidade_hospital"", ""cnes"": ""2048132"", ""nome_oficial_tabela"": ""HOSPITAL DE OLHOS CLINICA ESPECIALIZADA"", ""uf"": ""SP"", ""municipio"": ""BAURU"", ""desabilitado"": false}"
"Estabelecimento de saúde: COMPLEXO DE SAUDE UNIMED SAO JOSE DO RIO PRETO. Código CNES: 2052474. Localização: SAO JOSE DO RIO PRETO, São Paulo (SP). Tipo de unidade: HOSPITAL GERAL. Natureza jurídica: HOSPITAL_PRIVADO. Porte: Pequeno.",entidade_hospital,"{""categoria"": ""entidade_hospital"", ""cnes"": ""2052474"", ""nome_oficial_tabela"": ""COMPLEXO DE SAUDE UNIMED SAO JOSE DO RIO PRETO"", ""uf"": ""SP"", ""municipio"": ""SAO JOSE DO RIO PRETO"", ""desabilitado"": false}"
"Estabelecimento de saúde: HOSPITAL SENHOR BOM JESUS. Código CNES: 2053500. Localização: MONTE AZUL PAULISTA, São Paulo (SP). Tipo de unidade: HOSPITAL GERAL. Natureza jurídica: HOSPITAL_FILANTRÓPICO. Porte: Médio.",entidade_hospital,"{""categoria"": ""entidade_hospital"", ""cnes"": ""2053500"", ""nome_oficial_tabela"": ""HOSPITAL SENHOR BOM JESUS"", ""uf"": ""SP"", ""municipio"": ""MONTE AZUL PAULISTA"", ""desabilitado"": false}"
"Estabelecimento de saúde: MATERNIDADE FERNANDO MAGALHAES. Código CNES: 2053519. Localização: MONTE AZUL PAULISTA, São Paulo (SP). Tipo de unidade: HOSPITAL GERAL. Natureza jurídica: HOSPITAL_FILANTRÓPICO. Porte: Médio.",entidade_hospital,"{""categoria"": ""entidade_hospital"", ""cnes"": ""2053519"", ""nome_oficial_tabela"": ""MATERNIDADE FERNANDO MAGALHAES"", ""uf"": ""SP"", ""municipio"": ""MONTE AZUL PAULISTA"", ""desabilitado"": false}"
"Estabelecimento de saúde: SANTA CASA DE MISERICORDIA DE SAO SIMAO. Código CNES: 2058243. Localização: SAO SIMAO, São Paulo (SP). Tipo de unidade: HOSPITAL GERAL. Natureza jurídica: HOSPITAL_FILANTRÓPICO. Porte: Médio.",entidade_hospital,"{""categoria"": ""entidade_hospital"", ""cnes"": ""2058243"", ""nome_oficial_tabela"": ""SANTA CASA DE MISERICORDIA DE SAO SIMAO"", ""uf"": ""SP"", ""municipio"": ""SAO SIMAO"", ""desabilitado"": false}"
"Estabelecimento de saúde: HOSPITAL E MATERNIDADE MUNICIPAL DR ACILIO CARRION GARCIA. Código CNES: 2058308. Localização: NOVA ODESSA, São Paulo (SP). Tipo de unidade: HOSPITAL GERAL. Natureza jurídica: HOSPITAL_PÚBLICO. Porte: Médio. Também já foi registrado nos cadastros com o(s) nome(s): HOSPITAL MUNICIPAL DR ACILIO CARREON GARCIA; HOSPITAL E MATERNIDADE DE NOVA ODESSA.",entidade_hospital,"{""categoria"": ""entidade_hospital"", ""cnes"": ""2058308"", ""nome_oficial_tabela"": ""HOSPITAL E MATERNIDADE MUNICIPAL DR ACILIO CARRION GARCIA"", ""uf"": ""SP"", ""municipio"": ""NOVA ODESSA"", ""desabilitado"": false}"
"Estabelecimento de saúde: HOSPITAL MANOEL DE ABREU BAURU. Código CNES: 2058332. Localização: BAURU, São Paulo (SP). Tipo de unidade: HOSPITAL GERAL. Natureza jurídica: HOSPITAL_PÚBLICO. Porte: Médio.",entidade_hospital,"{""categoria"": ""entidade_hospital"", ""cnes"": ""2058332"", ""nome_oficial_tabela"": ""HOSPITAL MANOEL DE ABREU BAURU"", ""uf"": ""SP"", ""municipio"": ""BAURU"", ""desabilitado"": false}"
"Estabelecimento de saúde: HOSPITAL MUNICIPAL DE QUELUZ. Código CNES: 2058340. Localização: QUELUZ, São Paulo (SP). Tipo de unidade: HOSPITAL GERAL. Natureza jurídica: HOSPITAL_PÚBLICO. Porte: Pequeno.",entidade_hospital,"{""categoria"": ""entidade_hospital"", ""cnes"": ""2058340"", ""nome_oficial_tabela"": ""HOSPITAL MUNICIPAL DE QUELUZ"", ""uf"": ""SP"", ""municipio"": ""QUELUZ"", ""desabilitado"": false}"
"Estabelecimento de saúde: HOSPITAL ISRAELITA ALBERT EINSTEIN. Código CNES: 2058391. Localização: SAO PAULO, São Paulo (SP). Tipo de unidade: HOSPITAL GERAL. Natureza jurídica: HOSPITAL_FILANTRÓPICO. Porte: Grande.",entidade_hospital,"{""categoria"": ""entidade_hospital"", ""cnes"": ""2058391"", ""nome_oficial_tabela"": ""HOSPITAL ISRAELITA ALBERT EINSTEIN"", ""uf"": ""SP"", ""municipio"": ""SAO PAULO"", ""desabilitado"": false}"
"Estabelecimento de saúde: UNIDADE MISTA DE SAUDE DE SILVEIRAS. Código CNES: 2058405. Localização: SILVEIRAS, São Paulo (SP). Tipo de unidade: UNIDADE MISTA. Natureza jurídica: HOSPITAL_PÚBLICO. Porte: Pequeno.",entidade_hospital,"{""categoria"": ""entidade_hospital"", ""cnes"": ""2058405"", ""nome_oficial_tabela"": ""UNIDADE MISTA DE SAUDE DE SILVEIRAS"", ""uf"": ""SP"", ""municipio"": ""SILVEIRAS"", ""desabilitado"": false}"
"Estabelecimento de saúde: HOSPITAL DO SERV PUB EST FCO MORATO DE OLIVEIRA SAO PAULO. Código CNES: 2058502. Localização: SAO PAULO, São Paulo (SP). Tipo de unidade: HOSPITAL GERAL. Natureza jurídica: HOSPITAL_PÚBLICO. Porte: Grande.",entidade_hospital,"{""categoria"": ""entidade_hospital"", ""cnes"": ""2058502"", ""nome_oficial_tabela"": ""HOSPITAL DO SERV PUB EST FCO MORATO DE OLIVEIRA SAO PAULO"", ""uf"": ""SP"", ""municipio"": ""SAO PAULO"", ""desabilitado"": false}"
"Estabelecimento de saúde: HOSPITAL MAHATMA GANDHI. Código CNES: 2058626. Localização: CATANDUVA, São Paulo (SP). Tipo de unidade: HOSPITAL ESPECIALIZADO. Natureza jurídica: HOSPITAL_FILANTRÓPICO. Porte: Grande.",entidade_hospital,"{""categoria"": ""entidade_hospital"", ""cnes"": ""2058626"", ""nome_oficial_tabela"": ""HOSPITAL MAHATMA GANDHI"", ""uf"": ""SP"", ""municipio"": ""CATANDUVA"", ""desabilitado"": false}"
"Estabelecimento de saúde: HOSPITAL PSIQUIATRICO ESPIRITA BEZERRA DE MENEZES P PRUDENT. Código CNES: 2058782. Localização: PRESIDENTE PRUDENTE, São Paulo (SP). Tipo de unidade: HOSPITAL ESPECIALIZADO. Natureza jurídica: HOSPITAL_FILANTRÓPICO. Porte: Grande.",entidade_hospital,"{""categoria"": ""entidade_hospital"", ""cnes"": ""2058782"", ""nome_oficial_tabela"": ""HOSPITAL PSIQUIATRICO ESPIRITA BEZERRA DE MENEZES P PRUDENT"", ""uf"": ""SP"", ""municipio"": ""PRESIDENTE PRUDENTE"", ""desabilitado"": false}"
"Estabelecimento de saúde: HOSPITAL MUNICIPAL DR WALDEMAR TEBALDI. Código CNES: 2058790. Localização: AMERICANA, São Paulo (SP). Tipo de unidade: HOSPITAL GERAL. Natureza jurídica: HOSPITAL_PÚBLICO. Porte: Grande.",entidade_hospital,"{""categoria"": ""entidade_hospital"", ""cnes"": ""2058790"", ""nome_oficial_tabela"": ""HOSPITAL MUNICIPAL DR WALDEMAR TEBALDI"", ""uf"": ""SP"", ""municipio"": ""AMERICANA"", ""desabilitado"": false}"
"Estabelecimento de saúde: HOSPITAL MATERNIDADE INTERLAGOS. Código CNES: 2065665. Localização: SAO PAULO, São Paulo (SP). Tipo de unidade: HOSPITAL ESPECIALIZADO. Natureza jurídica: HOSPITAL_PÚBLICO. Porte: Médio.",entidade_hospital,"{""categoria"": ""entidade_hospital"", ""cnes"": ""2065665"", ""nome_oficial_tabela"": ""HOSPITAL MATERNIDADE INTERLAGOS"", ""uf"": ""SP"", ""municipio"": ""SAO PAULO"", ""desabilitado"": false}"
"Estabelecimento de saúde: HOSPITAL GERAL DE PEDREIRA. Código CNES: 2066092. Localização: SAO PAULO, São Paulo (SP). Tipo de unidade: HOSPITAL GERAL. Natureza jurídica: HOSPITAL_PÚBLICO. Porte: Grande.",entidade_hospital,"{""categoria"": ""entidade_hospital"", ""cnes"": ""2066092"", ""nome_oficial_tabela"": ""HOSPITAL GERAL DE PEDREIRA"", ""uf"": ""SP"", ""municipio"": ""SAO PAULO"", ""desabilitado"": false}"
"Estabelecimento de saúde: HOSPITAL HELIOPOLIS UNIDADE DE GESTAO ASSISTENCIAL I. Código CNES: 2066572. Localização: SAO PAULO, São Paulo (SP). Tipo de unidade: HOSPITAL GERAL. Natureza jurídica: HOSPITAL_PÚBLICO. Porte: Grande. Também já foi registrado nos cadastros com o(s) nome(s): HOSPITAL HELIOPOLIS UNIDADE DE GESTAO ASSISTENCIAL I SP.",entidade_hospital,"{""categoria"": ""entidade_hospital"", ""cnes"": ""2066572"", ""nome_oficial_tabela"": ""HOSPITAL HELIOPOLIS UNIDADE DE GESTAO ASSISTENCIAL I"", ""uf"": ""SP"", ""municipio"": ""SAO PAULO"", ""desabilitado"": false}"
"Estabelecimento de saúde: HOSPITAL DE URGENCIA. Código CNES: 2069776. Localização: SAO BERNARDO DO CAMPO, São Paulo (SP). Tipo de unidade: HOSPITAL GERAL. Natureza jurídica: HOSPITAL_PÚBLICO. Porte: Grande.",entidade_hospital,"{""categoria"": ""entidade_hospital"", ""cnes"": ""2069776"", ""nome_oficial_tabela"": ""HOSPITAL DE URGENCIA"", ""uf"": ""SP"", ""municipio"": ""SAO BERNARDO DO CAMPO"", ""desabilitado"": false}"
"Estabelecimento de saúde: UNIMED HOSPITAL SAO DOMINGOS. Código CNES: 2070413. Localização: CATANDUVA, São Paulo (SP). Tipo de unidade: HOSPITAL GERAL. Natureza jurídica: HOSPITAL_PRIVADO. Porte: Grande.",entidade_hospital,"{""categoria"": ""entidade_hospital"", ""cnes"": ""2070413"", ""nome_oficial_tabela"": ""UNIMED HOSPITAL SAO DOMINGOS"", ""uf"": ""SP"", ""municipio"": ""CATANDUVA"", ""desabilitado"": false}"
"Estabelecimento de saúde: CAISM DR DAVID CAPISTRANO DA COSTA FILHO DA AGUA FUNDA SP. Código CNES: 2070766. Localização: SAO PAULO, São Paulo (SP). Tipo de unidade: HOSPITAL ESPECIALIZADO. Natureza jurídica: HOSPITAL_PÚBLICO. Porte: Grande.",entidade_hospital,"{""categoria"": ""entidade_hospital"", ""cnes"": ""2070766"", ""nome_oficial_tabela"": ""CAISM DR DAVID CAPISTRANO DA COSTA FILHO DA AGUA FUNDA SP"", ""uf"": ""SP"", ""municipio"": ""SAO PAULO"", ""desabilitado"": false}"
"Estabelecimento de saúde: HOSPITAL INFANTIL DARCY VARGAS UGA III SAO PAULO. Código CNES: 2071371. Localização: SAO PAULO, São Paulo (SP). Tipo de unidade: HOSPITAL ESPECIALIZADO. Natureza jurídica: HOSPITAL_PÚBLICO. Porte: Grande.",entidade_hospital,"{""categoria"": ""entidade_hospital"", ""cnes"": ""2071371"", ""nome_oficial_tabela"": ""HOSPITAL INFANTIL DARCY VARGAS UGA III SAO PAULO"", ""uf"": ""SP"", ""municipio"": ""SAO PAULO"", ""desabilitado"": false}"
"Estabelecimento de saúde: PRONTO ATENDIMENTO MUNICIPAL. Código CNES: 2071517. Localização: DRACENA, São Paulo (SP). Tipo de unidade: PRONTO SOCORRO GERAL. Natureza jurídica: HOSPITAL_PÚBLICO. Porte: Pequeno.",entidade_hospital,"{""categoria"": ""entidade_hospital"", ""cnes"": ""2071517"", ""nome_oficial_tabela"": ""PRONTO ATENDIMENTO MUNICIPAL"", ""uf"": ""SP"", ""municipio"": ""DRACENA"", ""desabilitado"": false}"
"Estabelecimento de saúde: HC DA FMUSP INSTITUTO DO CORACAO INCOR SAO PAULO. Código CNES: 2071568. Localização: SAO PAULO, São Paulo (SP). Tipo de unidade: HOSPITAL ESPECIALIZADO. Natureza jurídica: HOSPITAL_FILANTRÓPICO. Porte: Grande.",entidade_hospital,"{""categoria"": ""entidade_hospital"", ""cnes"": ""2071568"", ""nome_oficial_tabela"": ""HC DA FMUSP INSTITUTO DO CORACAO INCOR SAO PAULO"", ""uf"": ""SP"", ""municipio"": ""SAO PAULO"", ""desabilitado"": false}"
"Estabelecimento de saúde: UNIDADE MISTA DE SAUDE DE EMBUGUACU. Código CNES: 2072033. Localização: EMBU-GUACU, São Paulo (SP). Tipo de unidade: UNIDADE MISTA. Natureza jurídica: HOSPITAL_PÚBLICO. Porte: Pequeno.",entidade_hospital,"{""categoria"": ""entidade_hospital"", ""cnes"": ""2072033"", ""nome_oficial_tabela"": ""UNIDADE MISTA DE SAUDE DE EMBUGUACU"", ""uf"": ""SP"", ""municipio"": ""EMBU-GUACU"", ""desabilitado"": false}"
"Estabelecimento de saúde: HOSPITAL E MATERNIDADE MUNICIPAL SANTA ANA. Código CNES: 2072513. Localização: SANTANA DE PARNAIBA, São Paulo (SP). Tipo de unidade: HOSPITAL GERAL. Natureza jurídica: HOSPITAL_PÚBLICO. Porte: Médio.",entidade_hospital,"{""categoria"": ""entidade_hospital"", ""cnes"": ""2072513"", ""nome_oficial_tabela"": ""HOSPITAL E MATERNIDADE MUNICIPAL SANTA ANA"", ""uf"": ""SP"", ""municipio"": ""SANTANA DE PARNAIBA"", ""desabilitado"": false}"
"Estabelecimento de saúde: HOSP MUN MATERNIDADE PROFESSOR MARIO DEGNI. Código CNES: 2075717. Localização: SAO PAULO, São Paulo (SP). Tipo de unidade: HOSPITAL GERAL. Natureza jurídica: HOSPITAL_PÚBLICO. Porte: Médio.",entidade_hospital,"{""categoria"": ""entidade_hospital"", ""cnes"": ""2075717"", ""nome_oficial_tabela"": ""HOSP MUN MATERNIDADE PROFESSOR MARIO DEGNI"", ""uf"": ""SP"", ""municipio"": ""SAO PAULO"", ""desabilitado"": false}"
"Estabelecimento de saúde: HOSP DA STA CASA DE STO AMARO. Código CNES: 2075962. Localização: SAO PAULO, São Paulo (SP). Tipo de unidade: HOSPITAL GERAL. Natureza jurídica: HOSPITAL_FILANTRÓPICO. Porte: Grande.",entidade_hospital,"{""categoria"": ""entidade_hospital"", ""cnes"": ""2075962"", ""nome_oficial_tabela"": ""HOSP DA STA CASA DE STO AMARO"", ""uf"": ""SP"", ""municipio"": ""SAO PAULO"", ""desabilitado"": false}"
"Estabelecimento de saúde: HOSPITAL SAO LUIZ GONZAGA. Código CNES: 2076896. Localização: SAO PAULO, São Paulo (SP). Tipo de unidade: HOSPITAL GERAL. Natureza jurídica: HOSPITAL_FILANTRÓPICO. Porte: Grande.",entidade_hospital,"{""categoria"": ""entidade_hospital"", ""cnes"": ""2076896"", ""nome_oficial_tabela"": ""HOSPITAL SAO LUIZ GONZAGA"", ""uf"": ""SP"", ""municipio"": ""SAO PAULO"", ""desabilitado"": false}"
"Estabelecimento de saúde: HOSPITAL UNIVERSITARIO DA USP SAO PAULO. Código CNES: 2076926. Localização: SAO PAULO, São Paulo (SP). Tipo de unidade: HOSPITAL GERAL. Natureza jurídica: HOSPITAL_PÚBLICO. Porte: Grande.",entidade_hospital,"{""categoria"": ""entidade_hospital"", ""cnes"": ""2076926"", ""nome_oficial_tabela"": ""HOSPITAL UNIVERSITARIO DA USP SAO PAULO"", ""uf"": ""SP"", ""municipio"": ""SAO PAULO"", ""desabilitado"": false}"
"Estabelecimento de saúde: HOSPITAL DE ITATINGA. Código CNES: 2076942. Localização: ITATINGA, São Paulo (SP). Tipo de unidade: HOSPITAL GERAL. Natureza jurídica: HOSPITAL_FILANTRÓPICO. Porte: Pequeno.",entidade_hospital,"{""categoria"": ""entidade_hospital"", ""cnes"": ""2076942"", ""nome_oficial_tabela"": ""HOSPITAL DE ITATINGA"", ""uf"": ""SP"", ""municipio"": ""ITATINGA"", ""desabilitado"": false}"
"Estabelecimento de saúde: HOSPITAL OSWALDO CRUZ. Código CNES: 2076950. Localização: SAO PAULO, São Paulo (SP). Tipo de unidade: HOSPITAL GERAL. Natureza jurídica: HOSPITAL_FILANTRÓPICO. Porte: Grande.",entidade_hospital,"{""categoria"": ""entidade_hospital"", ""cnes"": ""2076950"", ""nome_oficial_tabela"": ""HOSPITAL OSWALDO CRUZ"", ""uf"": ""SP"", ""municipio"": ""SAO PAULO"", ""desabilitado"": false}"
"Estabelecimento de saúde: CASA DA CRIANCA BETINHO. Código CNES: 2076985. Localização: SAO PAULO, São Paulo (SP). Tipo de unidade: HOSPITAL GERAL. Natureza jurídica: HOSPITAL_FILANTRÓPICO. Porte: Médio.",entidade_hospital,"{""categoria"": ""entidade_hospital"", ""cnes"": ""2076985"", ""nome_oficial_tabela"": ""CASA DA CRIANCA BETINHO"", ""uf"": ""SP"", ""municipio"": ""SAO PAULO"", ""desabilitado"": false}"
"Estabelecimento de saúde: UNIDADE MISTA E MATERNIDADE CENTRAL. Código CNES: 2077078. Localização: EMBU DAS ARTES, São Paulo (SP). Tipo de unidade: HOSPITAL GERAL. Natureza jurídica: HOSPITAL_PÚBLICO. Porte: Médio.",entidade_hospital,"{""categoria"": ""entidade_hospital"", ""cnes"": ""2077078"", ""nome_oficial_tabela"": ""UNIDADE MISTA E MATERNIDADE CENTRAL"", ""uf"": ""SP"", ""municipio"": ""EMBU DAS ARTES"", ""desabilitado"": false}"
"Estabelecimento de saúde: UNIDADE MISTA DE ATENDIMENTO INFANTIL. Código CNES: 2077124. Localização: CARAPICUIBA, São Paulo (SP). Tipo de unidade: UNIDADE MISTA. Natureza jurídica: HOSPITAL_PÚBLICO. Porte: Pequeno.",entidade_hospital,"{""categoria"": ""entidade_hospital"", ""cnes"": ""2077124"", ""nome_oficial_tabela"": ""UNIDADE MISTA DE ATENDIMENTO INFANTIL"", ""uf"": ""SP"", ""municipio"": ""CARAPICUIBA"", ""desabilitado"": false}"
"Estabelecimento de saúde: HOSPITAL AMPARO MATERNAL. Código CNES: 2077388. Localização: SAO PAULO, São Paulo (SP). Tipo de unidade: HOSPITAL ESPECIALIZADO. Natureza jurídica: HOSPITAL_FILANTRÓPICO. Porte: Grande.",entidade_hospital,"{""categoria"": ""entidade_hospital"", ""cnes"": ""2077388"", ""nome_oficial_tabela"": ""HOSPITAL AMPARO MATERNAL"", ""uf"": ""SP"", ""municipio"": ""SAO PAULO"", ""desabilitado"": false}"
"Estabelecimento de saúde: HOSPITAL DE BASE DE SAO JOSE DO RIO PRETO. Código CNES: 2077396. Localização: SAO JOSE DO RIO PRETO, São Paulo (SP). Tipo de unidade: HOSPITAL GERAL. Natureza jurídica: HOSPITAL_FILANTRÓPICO. Porte: Grande.",entidade_hospital,"{""categoria"": ""entidade_hospital"", ""cnes"": ""2077396"", ""nome_oficial_tabela"": ""HOSPITAL DE BASE DE SAO JOSE DO RIO PRETO"", ""uf"": ""SP"", ""municipio"": ""SAO JOSE DO RIO PRETO"", ""desabilitado"": false}"
"Estabelecimento de saúde: CAISM PHILIPPE PINEL SAO PAULO. Código CNES: 2077418. Localização: SAO PAULO, São Paulo (SP). Tipo de unidade: HOSPITAL ESPECIALIZADO. Natureza jurídica: HOSPITAL_PÚBLICO. Porte: Grande.",entidade_hospital,"{""categoria"": ""entidade_hospital"", ""cnes"": ""2077418"", ""nome_oficial_tabela"": ""CAISM PHILIPPE PINEL SAO PAULO"", ""uf"": ""SP"", ""municipio"": ""SAO PAULO"", ""desabilitado"": false}"
"Estabelecimento de saúde: HOSPITAL GERAL HENRIQUE ALTIMEYER DE VILA ALPINA. Código CNES: 2077426. Localização: SAO PAULO, São Paulo (SP). Tipo de unidade: HOSPITAL GERAL. Natureza jurídica: HOSPITAL_PÚBLICO. Porte: Grande. Também já foi registrado nos cadastros com o(s) nome(s): HOSPITAL ESTADUAL DE VILA ALPINA ORG SOCIAL SECONCI SAO PAUL.",entidade_hospital,"{""categoria"": ""entidade_hospital"", ""cnes"": ""2077426"", ""nome_oficial_tabela"": ""HOSPITAL GERAL HENRIQUE ALTIMEYER DE VILA ALPINA"", ""uf"": ""SP"", ""municipio"": ""SAO PAULO"", ""desabilitado"": false}"
"Estabelecimento de saúde: HOSPITAL DR LEOPOLDO BEVILACQUA. Código CNES: 2077434. Localização: PARIQUERA-ACU, São Paulo (SP). Tipo de unidade: HOSPITAL GERAL. Natureza jurídica: HOSPITAL_PÚBLICO. Porte: Grande.",entidade_hospital,"{""categoria"": ""entidade_hospital"", ""cnes"": ""2077434"", ""nome_oficial_tabela"": ""HOSPITAL DR LEOPOLDO BEVILACQUA"", ""uf"": ""SP"", ""municipio"": ""PARIQUERA-ACU"", ""desabilitado"": false}"
"Estabelecimento de saúde: HOSP MUN PIRITUBA JOSE SOARES HUNGRIA. Código CNES: 2077450. Localização: SAO PAULO, São Paulo (SP). Tipo de unidade: HOSPITAL GERAL. Natureza jurídica: HOSPITAL_PÚBLICO. Porte: Médio.",entidade_hospital,"{""categoria"": ""entidade_hospital"", ""cnes"": ""2077450"", ""nome_oficial_tabela"": ""HOSP MUN PIRITUBA JOSE SOARES HUNGRIA"", ""uf"": ""SP"", ""municipio"": ""SAO PAULO"", ""desabilitado"": false}"
"Estabelecimento de saúde: HOSP DOM ALVARENGA. Código CNES: 2077469. Localização: SAO PAULO, São Paulo (SP). Tipo de unidade: HOSPITAL GERAL. Natureza jurídica: HOSPITAL_FILANTRÓPICO. Porte: Grande.",entidade_hospital,"{""categoria"": ""entidade_hospital"", ""cnes"": ""2077469"", ""nome_oficial_tabela"": ""HOSP DOM ALVARENGA"", ""uf"": ""SP"", ""municipio"": ""SAO PAULO"", ""desabilitado"": false}"
"Estabelecimento de saúde: HOSP STA MARCELINA SAO PAULO. Código CNES: 2077477. Localização: SAO PAULO, São Paulo (SP). Tipo de unidade: HOSPITAL GERAL. Natureza jurídica: HOSPITAL_FILANTRÓPICO. Porte: Grande. Também já foi registrado nos cadastros com o(s) nome(s): HOSPITAL SANTA MARCELINA SAO PAULO.",entidade_hospital,"{""categoria"": ""entidade_hospital"", ""cnes"": ""2077477"", ""nome_oficial_tabela"": ""HOSP STA MARCELINA SAO PAULO"", ""uf"": ""SP"", ""municipio"": ""SAO PAULO"", ""desabilitado"": false}"
"Estabelecimento de saúde: HOSPITAL SAO PAULO HOSPITAL DE ENSINO DA UNIFESP. Código CNES: 2077485. Localização: SAO PAULO, São Paulo (SP). Tipo de unidade: HOSPITAL GERAL. Natureza jurídica: HOSPITAL_FILANTRÓPICO. Porte: Grande. Também já foi registrado nos cadastros com o(s) nome(s): HOSPITAL SAO PAULO HOSPITAL DE ENSINO DA UNIFESP SAO PAULO.",entidade_hospital,"{""categoria"": ""entidade_hospital"", ""cnes"": ""2077485"", ""nome_oficial_tabela"": ""HOSPITAL SAO PAULO HOSPITAL DE ENSINO DA UNIFESP"", ""uf"": ""SP"", ""municipio"": ""SAO PAULO"", ""desabilitado"": false}"
"Estabelecimento de saúde: HOSPITAL GERAL DE SAO MATEUS SAO PAULO. Código CNES: 2077493. Localização: SAO PAULO, São Paulo (SP). Tipo de unidade: HOSPITAL GERAL. Natureza jurídica: HOSPITAL_PÚBLICO. Porte: Grande.",entidade_hospital,"{""categoria"": ""entidade_hospital"", ""cnes"": ""2077493"", ""nome_oficial_tabela"": ""HOSPITAL GERAL DE SAO MATEUS SAO PAULO"", ""uf"": ""SP"", ""municipio"": ""SAO PAULO"", ""desabilitado"": false}"
"Estabelecimento de saúde: HOSPITAL LEFORTE LIBERDADE. Código CNES: 2077507. Localização: SAO PAULO, São Paulo (SP). Tipo de unidade: HOSPITAL GERAL. Natureza jurídica: HOSPITAL_PRIVADO. Porte: Grande.",entidade_hospital,"{""categoria"": ""entidade_hospital"", ""cnes"": ""2077507"", ""nome_oficial_tabela"": ""HOSPITAL LEFORTE LIBERDADE"", ""uf"": ""SP"", ""municipio"": ""SAO PAULO"", ""desabilitado"": false}"
"Estabelecimento de saúde: HOSPITAL SAO VICENTE DE PAULA DE ARANDU. Código CNES: 2077515. Localização: ARANDU, São Paulo (SP). Tipo de unidade: HOSPITAL GERAL. Natureza jurídica: HOSPITAL_PÚBLICO. Porte: Pequeno.",entidade_hospital,"{""categoria"": ""entidade_hospital"", ""cnes"": ""2077515"", ""nome_oficial_tabela"": ""HOSPITAL SAO VICENTE DE PAULA DE ARANDU"", ""uf"": ""SP"", ""municipio"": ""ARANDU"", ""desabilitado"": false}"
"Estabelecimento de saúde: UNIDADE DE GESTAO ASSISTENCIAL II HOSPITAL IPIRANGA SP. Código CNES: 2077523. Localização: SAO PAULO, São Paulo (SP). Tipo de unidade: HOSPITAL GERAL. Natureza jurídica: HOSPITAL_PÚBLICO. Porte: Grande.",entidade_hospital,"{""categoria"": ""entidade_hospital"", ""cnes"": ""2077523"", ""nome_oficial_tabela"": ""UNIDADE DE GESTAO ASSISTENCIAL II HOSPITAL IPIRANGA SP"", ""uf"": ""SP"", ""municipio"": ""SAO PAULO"", ""desabilitado"": false}"
"Estabelecimento de saúde: A C CAMARGO CANCER CENTER. Código CNES: 2077531. Localização: SAO PAULO, São Paulo (SP). Tipo de unidade: HOSPITAL ESPECIALIZADO. Natureza jurídica: HOSPITAL_FILANTRÓPICO. Porte: Grande.",entidade_hospital,"{""categoria"": ""entidade_hospital"", ""cnes"": ""2077531"", ""nome_oficial_tabela"": ""A C CAMARGO CANCER CENTER"", ""uf"": ""SP"", ""municipio"": ""SAO PAULO"", ""desabilitado"": false}"
"Estabelecimento de saúde: HOSPITAL SAO CAMILO AGUAS DE LINDOIA. Código CNES: 2077558. Localização: AGUAS DE LINDOIA, São Paulo (SP). Tipo de unidade: HOSPITAL GERAL. Natureza jurídica: HOSPITAL_FILANTRÓPICO. Porte: Médio.",entidade_hospital,"{""categoria"": ""entidade_hospital"", ""cnes"": ""2077558"", ""nome_oficial_tabela"": ""HOSPITAL SAO CAMILO AGUAS DE LINDOIA"", ""uf"": ""SP"", ""municipio"": ""AGUAS DE LINDOIA"", ""desabilitado"": false}"
"Estabelecimento de saúde: CONJUNTO HOSPITALAR DO MANDAQUI SAO PAULO. Código CNES: 2077574. Localização: SAO PAULO, São Paulo (SP). Tipo de unidade: HOSPITAL GERAL. Natureza jurídica: HOSPITAL_PÚBLICO. Porte: Grande.",entidade_hospital,"{""categoria"": ""entidade_hospital"", ""cnes"": ""2077574"", ""nome_oficial_tabela"": ""CONJUNTO HOSPITALAR DO MANDAQUI SAO PAULO"", ""uf"": ""SP"", ""municipio"": ""SAO PAULO"", ""desabilitado"": false}"
"Estabelecimento de saúde: HOSPITAL NOSSA SENHORA DA PIEDADE. Código CNES: 2077582. Localização: LENCOIS PAULISTA, São Paulo (SP). Tipo de unidade: HOSPITAL GERAL. Natureza jurídica: HOSPITAL_FILANTRÓPICO. Porte: Médio.",entidade_hospital,"{""categoria"": ""entidade_hospital"", ""cnes"": ""2077582"", ""nome_oficial_tabela"": ""HOSPITAL NOSSA SENHORA DA PIEDADE"", ""uf"": ""SP"", ""municipio"": ""LENCOIS PAULISTA"", ""desabilitado"": false}"
"Estabelecimento de saúde: IBCC. Código CNES: 2077590. Localização: SAO PAULO, São Paulo (SP). Tipo de unidade: HOSPITAL ESPECIALIZADO. Natureza jurídica: HOSPITAL_FILANTRÓPICO. Porte: Grande.",entidade_hospital,"{""categoria"": ""entidade_hospital"", ""cnes"": ""2077590"", ""nome_oficial_tabela"": ""IBCC"", ""uf"": ""SP"", ""municipio"": ""SAO PAULO"", ""desabilitado"": false}"
"Estabelecimento de saúde: HOSPITAL PRESIDENTE. Código CNES: 2077604. Localização: SAO PAULO, São Paulo (SP). Tipo de unidade: HOSPITAL GERAL. Natureza jurídica: HOSPITAL_PRIVADO. Porte: Grande.",entidade_hospital,"{""categoria"": ""entidade_hospital"", ""cnes"": ""2077604"", ""nome_oficial_tabela"": ""HOSPITAL PRESIDENTE"", ""uf"": ""SP"", ""municipio"": ""SAO PAULO"", ""desabilitado"": false}"
"Estabelecimento de saúde: CENTRO INTEGR DE ASS E SAUDE NOSSA SENHORA DE FATIMA. Código CNES: 2077612. Localização: SAO PAULO, São Paulo (SP). Tipo de unidade: HOSPITAL ESPECIALIZADO. Natureza jurídica: HOSPITAL_FILANTRÓPICO. Porte: Grande.",entidade_hospital,"{""categoria"": ""entidade_hospital"", ""cnes"": ""2077612"", ""nome_oficial_tabela"": ""CENTRO INTEGR DE ASS E SAUDE NOSSA SENHORA DE FATIMA"", ""uf"": ""SP"", ""municipio"": ""SAO PAULO"", ""desabilitado"": false}"
"Estabelecimento de saúde: HOSPITAL GERAL SANTA MARCELINA DE ITAIM PAULISTA SAO PAULO. Código CNES: 2077620. Localização: SAO PAULO, São Paulo (SP). Tipo de unidade: HOSPITAL GERAL. Natureza jurídica: HOSPITAL_PÚBLICO. Porte: Grande.",entidade_hospital,"{""categoria"": ""entidade_hospital"", ""cnes"": ""2077620"", ""nome_oficial_tabela"": ""HOSPITAL GERAL SANTA MARCELINA DE ITAIM PAULISTA SAO PAULO"", ""uf"": ""SP"", ""municipio"": ""SAO PAULO"", ""desabilitado"": false}"
"Estabelecimento de saúde: HOSP MUN PROF DR WALDOMIRO DE PAULA. Código CNES: 2077639. Localização: SAO PAULO, São Paulo (SP). Tipo de unidade: HOSPITAL GERAL. Natureza jurídica: HOSPITAL_PÚBLICO. Porte: Grande.",entidade_hospital,"{""categoria"": ""entidade_hospital"", ""cnes"": ""2077639"", ""nome_oficial_tabela"": ""HOSP MUN PROF DR WALDOMIRO DE PAULA"", ""uf"": ""SP"", ""municipio"": ""SAO PAULO"", ""desabilitado"": false}"
"Estabelecimento de saúde: SANTA CASA DE MIS DE ADAMANTINA NA PROVIDENCIA DE DEUS. Código CNES: 2077647. Localização: ADAMANTINA, São Paulo (SP). Tipo de unidade: HOSPITAL GERAL. Natureza jurídica: HOSPITAL_FILANTRÓPICO. Porte: Grande.",entidade_hospital,"{""categoria"": ""entidade_hospital"", ""cnes"": ""2077647"", ""nome_oficial_tabela"": ""SANTA CASA DE MIS DE ADAMANTINA NA PROVIDENCIA DE DEUS"", ""uf"": ""SP"", ""municipio"": ""ADAMANTINA"", ""desabilitado"": false}"
"Estabelecimento de saúde: ASSOC AACD V CLEMENTINO. Código CNES: 2077655. Localização: SAO PAULO, São Paulo (SP). Tipo de unidade: HOSPITAL ESPECIALIZADO. Natureza jurídica: HOSPITAL_FILANTRÓPICO. Porte: Médio.",entidade_hospital,"{""categoria"": ""entidade_hospital"", ""cnes"": ""2077655"", ""nome_oficial_tabela"": ""ASSOC AACD V CLEMENTINO"", ""uf"": ""SP"", ""municipio"": ""SAO PAULO"", ""desabilitado"": false}"
"Estabelecimento de saúde: HOSPITAL GERAL DO GRAJAU PROF LIBER JOHN ALPHONSE DI DIO SP. Código CNES: 2077671. Localização: SAO PAULO, São Paulo (SP). Tipo de unidade: HOSPITAL GERAL. Natureza jurídica: HOSPITAL_PÚBLICO. Porte: Grande.",entidade_hospital,"{""categoria"": ""entidade_hospital"", ""cnes"": ""2077671"", ""nome_oficial_tabela"": ""HOSPITAL GERAL DO GRAJAU PROF LIBER JOHN ALPHONSE DI DIO SP"", ""uf"": ""SP"", ""municipio"": ""SAO PAULO"", ""desabilitado"": false}"
"Estabelecimento de saúde: HOSPITAL E MATERNIDADE LEONOR MENDES DE BARROS SAO PAULO. Código CNES: 2077701. Localização: SAO PAULO, São Paulo (SP). Tipo de unidade: HOSPITAL ESPECIALIZADO. Natureza jurídica: HOSPITAL_PÚBLICO. Porte: Grande.",entidade_hospital,"{""categoria"": ""entidade_hospital"", ""cnes"": ""2077701"", ""nome_oficial_tabela"": ""HOSPITAL E MATERNIDADE LEONOR MENDES DE BARROS SAO PAULO"", ""uf"": ""SP"", ""municipio"": ""SAO PAULO"", ""desabilitado"": false}"
"Estabelecimento de saúde: HOSP MONUMENTO CEHM. Código CNES: 2077752. Localização: SAO PAULO, São Paulo (SP). Tipo de unidade: HOSPITAL GERAL. Natureza jurídica: HOSPITAL_FILANTRÓPICO. Porte: Médio.",entidade_hospital,"{""categoria"": ""entidade_hospital"", ""cnes"": ""2077752"", ""nome_oficial_tabela"": ""HOSP MONUMENTO CEHM"", ""uf"": ""SP"", ""municipio"": ""SAO PAULO"", ""desabilitado"": false}"
"Estabelecimento de saúde: CENTRO DE REFERENCIA E TREINAMENTO DST AIDS SAO PAULO. Código CNES: 2077957. Localização: SAO PAULO, São Paulo (SP). Tipo de unidade: HOSPITAL ESPECIALIZADO. Natureza jurídica: HOSPITAL_PÚBLICO. Porte: Médio.",entidade_hospital,"{""categoria"": ""entidade_hospital"", ""cnes"": ""2077957"", ""nome_oficial_tabela"": ""CENTRO DE REFERENCIA E TREINAMENTO DST AIDS SAO PAULO"", ""uf"": ""SP"", ""municipio"": ""SAO PAULO"", ""desabilitado"": false}"
"Estabelecimento de saúde: HOSPITAL SAO LUCAS RIBEIRAO PRETO. Código CNES: 2077973. Localização: RIBEIRAO PRETO, São Paulo (SP). Tipo de unidade: HOSPITAL GERAL. Natureza jurídica: HOSPITAL_PRIVADO. Porte: Médio.",entidade_hospital,"{""categoria"": ""entidade_hospital"", ""cnes"": ""2077973"", ""nome_oficial_tabela"": ""HOSPITAL SAO LUCAS RIBEIRAO PRETO"", ""uf"": ""SP"", ""municipio"": ""RIBEIRAO PRETO"", ""desabilitado"": false}"
"Estabelecimento de saúde: HOSPITAL MILITAR DE AREA DE SAO PAULO. Código CNES: 2078007. Localização: SAO PAULO, São Paulo (SP). Tipo de unidade: HOSPITAL GERAL. Natureza jurídica: HOSPITAL_PÚBLICO. Porte: Pequeno.",entidade_hospital,"{""categoria"": ""entidade_hospital"", ""cnes"": ""2078007"", ""nome_oficial_tabela"": ""HOSPITAL MILITAR DE AREA DE SAO PAULO"", ""uf"": ""SP"", ""municipio"": ""SAO PAULO"", ""desabilitado"": false}"
"Estabelecimento de saúde: HC DA FMUSP HOSPITAL DAS CLINICAS SAO PAULO. Código CNES: 2078015. Localização: SAO PAULO, São Paulo (SP). Tipo de unidade: HOSPITAL GERAL. Natureza jurídica: HOSPITAL_FILANTRÓPICO. Porte: Grande.",entidade_hospital,"{""categoria"": ""entidade_hospital"", ""cnes"": ""2078015"", ""nome_oficial_tabela"": ""HC DA FMUSP HOSPITAL DAS CLINICAS SAO PAULO"", ""uf"": ""SP"", ""municipio"": ""SAO PAULO"", ""desabilitado"": false}"
"Estabelecimento de saúde: HOSPITAL SANTA TEREZA DE RIBEIRAO PRETO. Código CNES: 2078031. Localização: RIBEIRAO PRETO, São Paulo (SP). Tipo de unidade: HOSPITAL ESPECIALIZADO. Natureza jurídica: HOSPITAL_PÚBLICO. Porte: Grande.",entidade_hospital,"{""categoria"": ""entidade_hospital"", ""cnes"": ""2078031"", ""nome_oficial_tabela"": ""HOSPITAL SANTA TEREZA DE RIBEIRAO PRETO"", ""uf"": ""SP"", ""municipio"": ""RIBEIRAO PRETO"", ""desabilitado"": false}"
"Estabelecimento de saúde: INTERMEDICA HPS HOSPITAL PAULO SACRAMENTO. Código CNES: 2078066. Localização: JUNDIAI, São Paulo (SP). Tipo de unidade: HOSPITAL GERAL. Natureza jurídica: HOSPITAL_PRIVADO. Porte: Grande.",entidade_hospital,"{""categoria"": ""entidade_hospital"", ""cnes"": ""2078066"", ""nome_oficial_tabela"": ""INTERMEDICA HPS HOSPITAL PAULO SACRAMENTO"", ""uf"": ""SP"", ""municipio"": ""JUNDIAI"", ""desabilitado"": false}"
"Estabelecimento de saúde: SANTA CASA DE LEME. Código CNES: 2078074. Localização: LEME, São Paulo (SP). Tipo de unidade: HOSPITAL GERAL. Natureza jurídica: HOSPITAL_FILANTRÓPICO. Porte: Grande.",entidade_hospital,"{""categoria"": ""entidade_hospital"", ""cnes"": ""2078074"", ""nome_oficial_tabela"": ""SANTA CASA DE LEME"", ""uf"": ""SP"", ""municipio"": ""LEME"", ""desabilitado"": false}"
"Estabelecimento de saúde: HOSPITAL E MATERNIDADE METROPOLITANO. Código CNES: 2078082. Localização: SAO PAULO, São Paulo (SP). Tipo de unidade: HOSPITAL GERAL. Natureza jurídica: HOSPITAL_PRIVADO. Porte: Médio.",entidade_hospital,"{""categoria"": ""entidade_hospital"", ""cnes"": ""2078082"", ""nome_oficial_tabela"": ""HOSPITAL E MATERNIDADE METROPOLITANO"", ""uf"": ""SP"", ""municipio"": ""SAO PAULO"", ""desabilitado"": false}"
"Estabelecimento de saúde: HOSPITAL GERAL DE ITAPEVI. Código CNES: 2078104. Localização: ITAPEVI, São Paulo (SP). Tipo de unidade: HOSPITAL GERAL. Natureza jurídica: HOSPITAL_PÚBLICO. Porte: Grande.",entidade_hospital,"{""categoria"": ""entidade_hospital"", ""cnes"": ""2078104"", ""nome_oficial_tabela"": ""HOSPITAL GERAL DE ITAPEVI"", ""uf"": ""SP"", ""municipio"": ""ITAPEVI"", ""desabilitado"": false}"
"Estabelecimento de saúde: HOSPITAL SANTA RITA DE SALES OLIVEIRA. Código CNES: 2078112. Localização: SALES OLIVEIRA, São Paulo (SP). Tipo de unidade: HOSPITAL GERAL. Natureza jurídica: HOSPITAL_FILANTRÓPICO. Porte: Médio.",entidade_hospital,"{""categoria"": ""entidade_hospital"", ""cnes"": ""2078112"", ""nome_oficial_tabela"": ""HOSPITAL SANTA RITA DE SALES OLIVEIRA"", ""uf"": ""SP"", ""municipio"": ""SALES OLIVEIRA"", ""desabilitado"": false}"
"Estabelecimento de saúde: SANTA CASA DE PRESIDENTE VENCESLAU. Código CNES: 2078139. Localização: PRESIDENTE VENCESLAU, São Paulo (SP). Tipo de unidade: HOSPITAL GERAL. Natureza jurídica: HOSPITAL_FILANTRÓPICO. Porte: Grande.",entidade_hospital,"{""categoria"": ""entidade_hospital"", ""cnes"": ""2078139"", ""nome_oficial_tabela"": ""SANTA CASA DE PRESIDENTE VENCESLAU"", ""uf"": ""SP"", ""municipio"": ""PRESIDENTE VENCESLAU"", ""desabilitado"": false}"
"Estabelecimento de saúde: HOSPITAL UNIMED. Código CNES: 2078147. Localização: PRESIDENTE PRUDENTE, São Paulo (SP). Tipo de unidade: HOSPITAL GERAL. Natureza jurídica: HOSPITAL_PRIVADO. Porte: Grande. Também já foi registrado nos cadastros com o(s) nome(s): HOSPITAL E MATERNIDADE NOSSA SENHORA DAS GRACAS.",entidade_hospital,"{""categoria"": ""entidade_hospital"", ""cnes"": ""2078147"", ""nome_oficial_tabela"": ""HOSPITAL UNIMED"", ""uf"": ""SP"", ""municipio"": ""PRESIDENTE PRUDENTE"", ""desabilitado"": false}"
"Estabelecimento de saúde: HOSPITAL STELLA MARIS. Código CNES: 2078155. Localização: GUARULHOS, São Paulo (SP). Tipo de unidade: HOSPITAL GERAL. Natureza jurídica: HOSPITAL_FILANTRÓPICO. Porte: Médio.",entidade_hospital,"{""categoria"": ""entidade_hospital"", ""cnes"": ""2078155"", ""nome_oficial_tabela"": ""HOSPITAL STELLA MARIS"", ""uf"": ""SP"", ""municipio"": ""GUARULHOS"", ""desabilitado"": false}"
"Estabelecimento de saúde: UNIDADE MISTA DE SANTO ANTONIO DA ALEGRIA. Código CNES: 2078198. Localização: SANTO ANTONIO DA ALEGRIA, São Paulo (SP). Tipo de unidade: UNIDADE MISTA. Natureza jurídica: HOSPITAL_PÚBLICO. Porte: Pequeno.",entidade_hospital,"{""categoria"": ""entidade_hospital"", ""cnes"": ""2078198"", ""nome_oficial_tabela"": ""UNIDADE MISTA DE SANTO ANTONIO DA ALEGRIA"", ""uf"": ""SP"", ""municipio"": ""SANTO ANTONIO DA ALEGRIA"", ""desabilitado"": false}"
"Estabelecimento de saúde: NEXT SANTO ANDRE. Código CNES: 2078201. Localização: SANTO ANDRE, São Paulo (SP). Tipo de unidade: PRONTO SOCORRO GERAL. Natureza jurídica: HOSPITAL_PRIVADO. Porte: Pequeno.",entidade_hospital,"{""categoria"": ""entidade_hospital"", ""cnes"": ""2078201"", ""nome_oficial_tabela"": ""NEXT SANTO ANDRE"", ""uf"": ""SP"", ""municipio"": ""SANTO ANDRE"", ""desabilitado"": false}"
"Estabelecimento de saúde: HOSPITAL NOVO ATIBAIA. Código CNES: 2078228. Localização: ATIBAIA, São Paulo (SP). Tipo de unidade: HOSPITAL GERAL. Natureza jurídica: HOSPITAL_PRIVADO. Porte: Médio.",entidade_hospital,"{""categoria"": ""entidade_hospital"", ""cnes"": ""2078228"", ""nome_oficial_tabela"": ""HOSPITAL NOVO ATIBAIA"", ""uf"": ""SP"", ""municipio"": ""ATIBAIA"", ""desabilitado"": false}"
"Estabelecimento de saúde: SANTA CASA DE BIRIGUI. Código CNES: 2078252. Localização: BIRIGUI, São Paulo (SP). Tipo de unidade: HOSPITAL GERAL. Natureza jurídica: HOSPITAL_FILANTRÓPICO. Porte: Grande.",entidade_hospital,"{""categoria"": ""entidade_hospital"", ""cnes"": ""2078252"", ""nome_oficial_tabela"": ""SANTA CASA DE BIRIGUI"", ""uf"": ""SP"", ""municipio"": ""BIRIGUI"", ""desabilitado"": false}"
"Estabelecimento de saúde: CENTRO DE REFERENCIA DA SAUDE DA MULHER. Código CNES: 2078287. Localização: SAO PAULO, São Paulo (SP). Tipo de unidade: HOSPITAL ESPECIALIZADO. Natureza jurídica: HOSPITAL_PÚBLICO. Porte: Grande. Também já foi registrado nos cadastros com o(s) nome(s): CENTRO DE REFERENCIA DA SAUDE DA MULHER SAO PAULO.",entidade_hospital,"{""categoria"": ""entidade_hospital"", ""cnes"": ""2078287"", ""nome_oficial_tabela"": ""CENTRO DE REFERENCIA DA SAUDE DA MULHER"", ""uf"": ""SP"", ""municipio"": ""SAO PAULO"", ""desabilitado"": false}"
"Estabelecimento de saúde: SANTA CASA DE TAQUARITINGA. Código CNES: 2078295. Localização: TAQUARITINGA, São Paulo (SP). Tipo de unidade: HOSPITAL GERAL. Natureza jurídica: HOSPITAL_FILANTRÓPICO. Porte: Grande.",entidade_hospital,"{""categoria"": ""entidade_hospital"", ""cnes"": ""2078295"", ""nome_oficial_tabela"": ""SANTA CASA DE TAQUARITINGA"", ""uf"": ""SP"", ""municipio"": ""TAQUARITINGA"", ""desabilitado"": false}"
"Estabelecimento de saúde: HOSP MUN INFANTIL MENINO JESUS. Código CNES: 2078325. Localização: SAO PAULO, São Paulo (SP). Tipo de unidade: HOSPITAL ESPECIALIZADO. Natureza jurídica: HOSPITAL_PÚBLICO. Porte: Grande.",entidade_hospital,"{""categoria"": ""entidade_hospital"", ""cnes"": ""2078325"", ""nome_oficial_tabela"": ""HOSP MUN INFANTIL MENINO JESUS"", ""uf"": ""SP"", ""municipio"": ""SAO PAULO"", ""desabilitado"": false}"
"Estabelecimento de saúde: ASSOCIACAO HOSPITAL BENEFICENTE SAGRADO CORACAO DE JESUS. Código CNES: 2078341. Localização: MONTE MOR, São Paulo (SP). Tipo de unidade: HOSPITAL GERAL. Natureza jurídica: HOSPITAL_FILANTRÓPICO. Porte: Médio.",entidade_hospital,"{""categoria"": ""entidade_hospital"", ""cnes"": ""2078341"", ""nome_oficial_tabela"": ""ASSOCIACAO HOSPITAL BENEFICENTE SAGRADO CORACAO DE JESUS"", ""uf"": ""SP"", ""municipio"": ""MONTE MOR"", ""desabilitado"": false}"
"Estabelecimento de saúde: HOSPITAL VERA CRUZ. Código CNES: 2078376. Localização: CAMPINAS, São Paulo (SP). Tipo de unidade: HOSPITAL GERAL. Natureza jurídica: HOSPITAL_PRIVADO. Porte: Grande.",entidade_hospital,"{""categoria"": ""entidade_hospital"", ""cnes"": ""2078376"", ""nome_oficial_tabela"": ""HOSPITAL VERA CRUZ"", ""uf"": ""SP"", ""municipio"": ""CAMPINAS"", ""desabilitado"": false}"
"Estabelecimento de saúde: HOSPITAL ESPIRITA. Código CNES: 2078384. Localização: PENAPOLIS, São Paulo (SP). Tipo de unidade: HOSPITAL ESPECIALIZADO. Natureza jurídica: HOSPITAL_FILANTRÓPICO. Porte: Médio.",entidade_hospital,"{""categoria"": ""entidade_hospital"", ""cnes"": ""2078384"", ""nome_oficial_tabela"": ""HOSPITAL ESPIRITA"", ""uf"": ""SP"", ""municipio"": ""PENAPOLIS"", ""desabilitado"": false}"
"Estabelecimento de saúde: HOSP INDEPENDENCIA. Código CNES: 2078406. Localização: SAO PAULO, São Paulo (SP). Tipo de unidade: HOSPITAL GERAL. Natureza jurídica: HOSPITAL_PRIVADO. Porte: Grande.",entidade_hospital,"{""categoria"": ""entidade_hospital"", ""cnes"": ""2078406"", ""nome_oficial_tabela"": ""HOSP INDEPENDENCIA"", ""uf"": ""SP"", ""municipio"": ""SAO PAULO"", ""desabilitado"": false}"
"Estabelecimento de saúde: SANTA CASA DE GUAIRA. Código CNES: 2078414. Localização: GUAIRA, São Paulo (SP). Tipo de unidade: HOSPITAL GERAL. Natureza jurídica: HOSPITAL_FILANTRÓPICO. Porte: Médio.",entidade_hospital,"{""categoria"": ""entidade_hospital"", ""cnes"": ""2078414"", ""nome_oficial_tabela"": ""SANTA CASA DE GUAIRA"", ""uf"": ""SP"", ""municipio"": ""GUAIRA"", ""desabilitado"": false}"
"Estabelecimento de saúde: FUNBEPE PEDREIRA. Código CNES: 2078422. Localização: PEDREIRA, São Paulo (SP). Tipo de unidade: HOSPITAL GERAL. Natureza jurídica: HOSPITAL_PÚBLICO. Porte: Médio.",entidade_hospital,"{""categoria"": ""entidade_hospital"", ""cnes"": ""2078422"", ""nome_oficial_tabela"": ""FUNBEPE PEDREIRA"", ""uf"": ""SP"", ""municipio"": ""PEDREIRA"", ""desabilitado"": false}"
"Estabelecimento de saúde: HOSPITAL DAS CLINICAS DE FERNANDOPOLIS. Código CNES: 2078430. Localização: FERNANDOPOLIS, São Paulo (SP). Tipo de unidade: HOSPITAL GERAL. Natureza jurídica: HOSPITAL_PRIVADO. Porte: Pequeno.",entidade_hospital,"{""categoria"": ""entidade_hospital"", ""cnes"": ""2078430"", ""nome_oficial_tabela"": ""HOSPITAL DAS CLINICAS DE FERNANDOPOLIS"", ""uf"": ""SP"", ""municipio"": ""FERNANDOPOLIS"", ""desabilitado"": false}"
"Estabelecimento de saúde: SANTA CASA DE PATROCINIO PAULISTA. Código CNES: 2078449. Localização: PATROCINIO PAULISTA, São Paulo (SP). Tipo de unidade: HOSPITAL GERAL. Natureza jurídica: HOSPITAL_FILANTRÓPICO. Porte: Médio.",entidade_hospital,"{""categoria"": ""entidade_hospital"", ""cnes"": ""2078449"", ""nome_oficial_tabela"": ""SANTA CASA DE PATROCINIO PAULISTA"", ""uf"": ""SP"", ""municipio"": ""PATROCINIO PAULISTA"", ""desabilitado"": false}"
"Estabelecimento de saúde: HOSP STA VIRGINIA. Código CNES: 2078457. Localização: SAO PAULO, São Paulo (SP). Tipo de unidade: HOSPITAL GERAL. Natureza jurídica: HOSPITAL_FILANTRÓPICO. Porte: Médio. Também já foi registrado nos cadastros com o(s) nome(s): HOSPITAL SANTA VIRGINIA.",entidade_hospital,"{""categoria"": ""entidade_hospital"", ""cnes"": ""2078457"", ""nome_oficial_tabela"": ""HOSP STA VIRGINIA"", ""uf"": ""SP"", ""municipio"": ""SAO PAULO"", ""desabilitado"": false}"
"Estabelecimento de saúde: REAL SOCIEDADE PORTUGUESA DE BENEFICENCIA. Código CNES: 2078465. Localização: CAMPINAS, São Paulo (SP). Tipo de unidade: HOSPITAL GERAL. Natureza jurídica: HOSPITAL_FILANTRÓPICO. Porte: Grande.",entidade_hospital,"{""categoria"": ""entidade_hospital"", ""cnes"": ""2078465"", ""nome_oficial_tabela"": ""REAL SOCIEDADE PORTUGUESA DE BENEFICENCIA"", ""uf"": ""SP"", ""municipio"": ""CAMPINAS"", ""desabilitado"": false}"
"Estabelecimento de saúde: HOSPITAL DR LUIZ CAMARGO DA FONSECA E SILVA. Código CNES: 2078473. Localização: CUBATAO, São Paulo (SP). Tipo de unidade: HOSPITAL GERAL. Natureza jurídica: HOSPITAL_PÚBLICO. Porte: Grande.",entidade_hospital,"{""categoria"": ""entidade_hospital"", ""cnes"": ""2078473"", ""nome_oficial_tabela"": ""HOSPITAL DR LUIZ CAMARGO DA FONSECA E SILVA"", ""uf"": ""SP"", ""municipio"": ""CUBATAO"", ""desabilitado"": false}"
"Estabelecimento de saúde: HOSPITAL CENTRAL DO TATUAPE. Código CNES: 2078481. Localização: SAO PAULO, São Paulo (SP). Tipo de unidade: HOSPITAL GERAL. Natureza jurídica: HOSPITAL_PRIVADO. Porte: Médio. Também já foi registrado nos cadastros com o(s) nome(s): HOSPITAL AVICCENA.",entidade_hospital,"{""categoria"": ""entidade_hospital"", ""cnes"": ""2078481"", ""nome_oficial_tabela"": ""HOSPITAL CENTRAL DO TATUAPE"", ""uf"": ""SP"", ""municipio"": ""SAO PAULO"", ""desabilitado"": false}"
"Estabelecimento de saúde: SANTA CASA DE PENAPOLIS. Código CNES: 2078503. Localização: PENAPOLIS, São Paulo (SP). Tipo de unidade: HOSPITAL GERAL. Natureza jurídica: HOSPITAL_FILANTRÓPICO. Porte: Médio.",entidade_hospital,"{""categoria"": ""entidade_hospital"", ""cnes"": ""2078503"", ""nome_oficial_tabela"": ""SANTA CASA DE PENAPOLIS"", ""uf"": ""SP"", ""municipio"": ""PENAPOLIS"", ""desabilitado"": false}"
"Estabelecimento de saúde: HOSPITAL REGIONAL DE ILHA SOLTEIRA. Código CNES: 2078511. Localização: ILHA SOLTEIRA, São Paulo (SP). Tipo de unidade: HOSPITAL GERAL. Natureza jurídica: HOSPITAL_FILANTRÓPICO. Porte: Médio.",entidade_hospital,"{""categoria"": ""entidade_hospital"", ""cnes"": ""2078511"", ""nome_oficial_tabela"": ""HOSPITAL REGIONAL DE ILHA SOLTEIRA"", ""uf"": ""SP"", ""municipio"": ""ILHA SOLTEIRA"", ""desabilitado"": false}"
"Estabelecimento de saúde: HOSPITAL NOSSA SENHORA APARECIDA. Código CNES: 2078538. Localização: ITUPEVA, São Paulo (SP). Tipo de unidade: HOSPITAL GERAL. Natureza jurídica: HOSPITAL_PÚBLICO. Porte: Médio.",entidade_hospital,"{""categoria"": ""entidade_hospital"", ""cnes"": ""2078538"", ""nome_oficial_tabela"": ""HOSPITAL NOSSA SENHORA APARECIDA"", ""uf"": ""SP"", ""municipio"": ""ITUPEVA"", ""desabilitado"": false}"
"Estabelecimento de saúde: SANTA CASA SAO BENTO DO SAPUCAI. Código CNES: 2078546. Localização: SAO BENTO DO SAPUCAI, São Paulo (SP). Tipo de unidade: HOSPITAL GERAL. Natureza jurídica: HOSPITAL_FILANTRÓPICO. Porte: Médio.",entidade_hospital,"{""categoria"": ""entidade_hospital"", ""cnes"": ""2078546"", ""nome_oficial_tabela"": ""SANTA CASA SAO BENTO DO SAPUCAI"", ""uf"": ""SP"", ""municipio"": ""SAO BENTO DO SAPUCAI"", ""desabilitado"": false}"
"Estabelecimento de saúde: HOSPITAL GERAL DE ITAQUAQUECETUBA. Código CNES: 2078562. Localização: ITAQUAQUECETUBA, São Paulo (SP). Tipo de unidade: HOSPITAL GERAL. Natureza jurídica: HOSPITAL_PÚBLICO. Porte: Grande.",entidade_hospital,"{""categoria"": ""entidade_hospital"", ""cnes"": ""2078562"", ""nome_oficial_tabela"": ""HOSPITAL GERAL DE ITAQUAQUECETUBA"", ""uf"": ""SP"", ""municipio"": ""ITAQUAQUECETUBA"", ""desabilitado"": false}"
"Estabelecimento de saúde: HOSPITAL CANTAREIRA. Código CNES: 2078570. Localização: SAO PAULO, São Paulo (SP). Tipo de unidade: HOSPITAL GERAL. Natureza jurídica: HOSPITAL_FILANTRÓPICO. Porte: Grande.",entidade_hospital,"{""categoria"": ""entidade_hospital"", ""cnes"": ""2078570"", ""nome_oficial_tabela"": ""HOSPITAL CANTAREIRA"", ""uf"": ""SP"", ""municipio"": ""SAO PAULO"", ""desabilitado"": false}"
"Estabelecimento de saúde: HOSPITAL E MATERNIDADE SANTA MARIA CRUZ AZUL. Código CNES: 2078589. Localização: SAO PAULO, São Paulo (SP). Tipo de unidade: HOSPITAL GERAL. Natureza jurídica: HOSPITAL_FILANTRÓPICO. Porte: Grande.",entidade_hospital,"{""categoria"": ""entidade_hospital"", ""cnes"": ""2078589"", ""nome_oficial_tabela"": ""HOSPITAL E MATERNIDADE SANTA MARIA CRUZ AZUL"", ""uf"": ""SP"", ""municipio"": ""SAO PAULO"", ""desabilitado"": false}"
"Estabelecimento de saúde: UNIDADE REFERENCIADA OSWALDO CRUZ VERGUEIRO. Código CNES: 2078597. Localização: SAO PAULO, São Paulo (SP). Tipo de unidade: HOSPITAL GERAL. Natureza jurídica: HOSPITAL_FILANTRÓPICO. Porte: Grande.",entidade_hospital,"{""categoria"": ""entidade_hospital"", ""cnes"": ""2078597"", ""nome_oficial_tabela"": ""UNIDADE REFERENCIADA OSWALDO CRUZ VERGUEIRO"", ""uf"": ""SP"", ""municipio"": ""SAO PAULO"", ""desabilitado"": false}"
"Estabelecimento de saúde: HOSP DA AERONAUTICA DE SPHASP. Código CNES: 2078600. Localização: SAO PAULO, São Paulo (SP). Tipo de unidade: HOSPITAL GERAL. Natureza jurídica: HOSPITAL_PÚBLICO. Porte: Médio.",entidade_hospital,"{""categoria"": ""entidade_hospital"", ""cnes"": ""2078600"", ""nome_oficial_tabela"": ""HOSP DA AERONAUTICA DE SPHASP"", ""uf"": ""SP"", ""municipio"": ""SAO PAULO"", ""desabilitado"": false}"
"Estabelecimento de saúde: HOSPITAL E MATERNIDADE SAO MIGUEL. Código CNES: 2078619. Localização: SAO PAULO, São Paulo (SP). Tipo de unidade: HOSPITAL GERAL. Natureza jurídica: HOSPITAL_PRIVADO. Porte: Médio.",entidade_hospital,"{""categoria"": ""entidade_hospital"", ""cnes"": ""2078619"", ""nome_oficial_tabela"": ""HOSPITAL E MATERNIDADE SAO MIGUEL"", ""uf"": ""SP"", ""municipio"": ""SAO PAULO"", ""desabilitado"": false}"
"Estabelecimento de saúde: HOSPITAL SAO MIGUEL UNIDADE ERMELINO MATARAZZO. Código CNES: 2078627. Localização: SAO PAULO, São Paulo (SP). Tipo de unidade: HOSPITAL GERAL. Natureza jurídica: HOSPITAL_PRIVADO. Porte: Médio. Também já foi registrado nos cadastros com o(s) nome(s): DAY HOSPITAL DE ERMELINO MATARAZZO.",entidade_hospital,"{""categoria"": ""entidade_hospital"", ""cnes"": ""2078627"", ""nome_oficial_tabela"": ""HOSPITAL SAO MIGUEL UNIDADE ERMELINO MATARAZZO"", ""uf"": ""SP"", ""municipio"": ""SAO PAULO"", ""desabilitado"": false}"
"Estabelecimento de saúde: HOSPITAL ITAQUERA. Código CNES: 2078635. Localização: SAO PAULO, São Paulo (SP). Tipo de unidade: HOSPITAL GERAL. Natureza jurídica: HOSPITAL_PRIVADO. Porte: Grande.",entidade_hospital,"{""categoria"": ""entidade_hospital"", ""cnes"": ""2078635"", ""nome_oficial_tabela"": ""HOSPITAL ITAQUERA"", ""uf"": ""SP"", ""municipio"": ""SAO PAULO"", ""desabilitado"": false}"
"Estabelecimento de saúde: HOSPITAL MADRE THEODORA CAMPINAS. Código CNES: 2078678. Localização: CAMPINAS, São Paulo (SP). Tipo de unidade: HOSPITAL GERAL. Natureza jurídica: HOSPITAL_PRIVADO. Porte: Médio. Também já foi registrado nos cadastros com o(s) nome(s): HOSPITAL E MATERNIDADE MADRE THEODORA.",entidade_hospital,"{""categoria"": ""entidade_hospital"", ""cnes"": ""2078678"", ""nome_oficial_tabela"": ""HOSPITAL MADRE THEODORA CAMPINAS"", ""uf"": ""SP"", ""municipio"": ""CAMPINAS"", ""desabilitado"": false}"
"Estabelecimento de saúde: HOSPITAL SAO JORGE. Código CNES: 2078686. Localização: ITUVERAVA, São Paulo (SP). Tipo de unidade: HOSPITAL GERAL. Natureza jurídica: HOSPITAL_PRIVADO. Porte: Médio.",entidade_hospital,"{""categoria"": ""entidade_hospital"", ""cnes"": ""2078686"", ""nome_oficial_tabela"": ""HOSPITAL SAO JORGE"", ""uf"": ""SP"", ""municipio"": ""ITUVERAVA"", ""desabilitado"": false}"
"Estabelecimento de saúde: HOSPITAL SAMARITANO DE SOROCABA. Código CNES: 2078732. Localização: SOROCABA, São Paulo (SP). Tipo de unidade: HOSPITAL GERAL. Natureza jurídica: HOSPITAL_PRIVADO. Porte: Grande.",entidade_hospital,"{""categoria"": ""entidade_hospital"", ""cnes"": ""2078732"", ""nome_oficial_tabela"": ""HOSPITAL SAMARITANO DE SOROCABA"", ""uf"": ""SP"", ""municipio"": ""SOROCABA"", ""desabilitado"": false}"
"Estabelecimento de saúde: HOSPITAL SAO LUCAS DE SANTOS. Código CNES: 2078740. Localização: SANTOS, São Paulo (SP). Tipo de unidade: HOSPITAL GERAL. Natureza jurídica: HOSPITAL_PRIVADO. Porte: Médio.",entidade_hospital,"{""categoria"": ""entidade_hospital"", ""cnes"": ""2078740"", ""nome_oficial_tabela"": ""HOSPITAL SAO LUCAS DE SANTOS"", ""uf"": ""SP"", ""municipio"": ""SANTOS"", ""desabilitado"": false}"
"Estabelecimento de saúde: HOSPITAL SANTA ELISA. Código CNES: 2078759. Localização: JUNDIAI, São Paulo (SP). Tipo de unidade: HOSPITAL GERAL. Natureza jurídica: HOSPITAL_PRIVADO. Porte: Médio.",entidade_hospital,"{""categoria"": ""entidade_hospital"", ""cnes"": ""2078759"", ""nome_oficial_tabela"": ""HOSPITAL SANTA ELISA"", ""uf"": ""SP"", ""municipio"": ""JUNDIAI"", ""desabilitado"": false}"
"Estabelecimento de saúde: HOSPITAL PITANGUEIRAS. Código CNES: 2078767. Localização: JUNDIAI, São Paulo (SP). Tipo de unidade: HOSPITAL GERAL. Natureza jurídica: HOSPITAL_PRIVADO. Porte: Grande.",entidade_hospital,"{""categoria"": ""entidade_hospital"", ""cnes"": ""2078767"", ""nome_oficial_tabela"": ""HOSPITAL PITANGUEIRAS"", ""uf"": ""SP"", ""municipio"": ""JUNDIAI"", ""desabilitado"": false}"
"Estabelecimento de saúde: SANTA CASA DE ARACATUBA HOSPITAL SAGRADO CORACAO DE JESUS. Código CNES: 2078775. Localização: ARACATUBA, São Paulo (SP). Tipo de unidade: HOSPITAL GERAL. Natureza jurídica: HOSPITAL_FILANTRÓPICO. Porte: Grande.",entidade_hospital,"{""categoria"": ""entidade_hospital"", ""cnes"": ""2078775"", ""nome_oficial_tabela"": ""SANTA CASA DE ARACATUBA HOSPITAL SAGRADO CORACAO DE JESUS"", ""uf"": ""SP"", ""municipio"": ""ARACATUBA"", ""desabilitado"": false}"
"Estabelecimento de saúde: HOSPITAL MATERNIDADE RP. Código CNES: 2078791. Localização: RIBEIRAO PRETO, São Paulo (SP). Tipo de unidade: HOSPITAL ESPECIALIZADO. Natureza jurídica: HOSPITAL_PRIVADO. Porte: Médio.",entidade_hospital,"{""categoria"": ""entidade_hospital"", ""cnes"": ""2078791"", ""nome_oficial_tabela"": ""HOSPITAL MATERNIDADE RP"", ""uf"": ""SP"", ""municipio"": ""RIBEIRAO PRETO"", ""desabilitado"": false}"
"Estabelecimento de saúde: HOSPITAL OFTALMOLOGICO DE SOROCABA. Código CNES: 2078813. Localização: SOROCABA, São Paulo (SP). Tipo de unidade: HOSPITAL ESPECIALIZADO. Natureza jurídica: HOSPITAL_FILANTRÓPICO. Porte: Pequeno.",entidade_hospital,"{""categoria"": ""entidade_hospital"", ""cnes"": ""2078813"", ""nome_oficial_tabela"": ""HOSPITAL OFTALMOLOGICO DE SOROCABA"", ""uf"": ""SP"", ""municipio"": ""SOROCABA"", ""desabilitado"": false}"
"Estabelecimento de saúde: SANTA CASA ANNA CINTRA. Código CNES: 2078848. Localização: AMPARO, São Paulo (SP). Tipo de unidade: HOSPITAL GERAL. Natureza jurídica: HOSPITAL_FILANTRÓPICO. Porte: Médio. Também já foi registrado nos cadastros com o(s) nome(s): HOSPITAL MUNICIPAL SANTA CASA ANNA CINTRA.",entidade_hospital,"{""categoria"": ""entidade_hospital"", ""cnes"": ""2078848"", ""nome_oficial_tabela"": ""SANTA CASA ANNA CINTRA"", ""uf"": ""SP"", ""municipio"": ""AMPARO"", ""desabilitado"": false}"
"Estabelecimento de saúde: HOSPITAL SANTA IGNES. Código CNES: 2078872. Localização: INDAIATUBA, São Paulo (SP). Tipo de unidade: HOSPITAL GERAL. Natureza jurídica: HOSPITAL_PRIVADO. Porte: Médio.",entidade_hospital,"{""categoria"": ""entidade_hospital"", ""cnes"": ""2078872"", ""nome_oficial_tabela"": ""HOSPITAL SANTA IGNES"", ""uf"": ""SP"", ""municipio"": ""INDAIATUBA"", ""desabilitado"": false}"
"Estabelecimento de saúde: SANTA CASA PILAR DO SUL. Código CNES: 2078902. Localização: PILAR DO SUL, São Paulo (SP). Tipo de unidade: HOSPITAL GERAL. Natureza jurídica: HOSPITAL_FILANTRÓPICO. Porte: Médio.",entidade_hospital,"{""categoria"": ""entidade_hospital"", ""cnes"": ""2078902"", ""nome_oficial_tabela"": ""SANTA CASA PILAR DO SUL"", ""uf"": ""SP"", ""municipio"": ""PILAR DO SUL"", ""desabilitado"": false}"
"Estabelecimento de saúde: SANTA CASA DE APARECIDA DOESTE. Código CNES: 2078937. Localização: APARECIDA D'OESTE, São Paulo (SP). Tipo de unidade: HOSPITAL GERAL. Natureza jurídica: HOSPITAL_FILANTRÓPICO. Porte: Pequeno.",entidade_hospital,"{""categoria"": ""entidade_hospital"", ""cnes"": ""2078937"", ""nome_oficial_tabela"": ""SANTA CASA DE APARECIDA DOESTE"", ""uf"": ""SP"", ""municipio"": ""APARECIDA D'OESTE"", ""desabilitado"": false}"
"Estabelecimento de saúde: HOSPITAL NETTO CAMPELLO DE SERTAOZINHO. Código CNES: 2078961. Localização: SERTAOZINHO, São Paulo (SP). Tipo de unidade: HOSPITAL GERAL. Natureza jurídica: HOSPITAL_PRIVADO. Porte: Médio.",entidade_hospital,"{""categoria"": ""entidade_hospital"", ""cnes"": ""2078961"", ""nome_oficial_tabela"": ""HOSPITAL NETTO CAMPELLO DE SERTAOZINHO"", ""uf"": ""SP"", ""municipio"": ""SERTAOZINHO"", ""desabilitado"": false}"
"Estabelecimento de saúde: HOSPITAL CORACAO DE JESUS. Código CNES: 2078988. Localização: SANTO ANDRE, São Paulo (SP). Tipo de unidade: HOSPITAL GERAL. Natureza jurídica: HOSPITAL_PRIVADO. Porte: Médio.",entidade_hospital,"{""categoria"": ""entidade_hospital"", ""cnes"": ""2078988"", ""nome_oficial_tabela"": ""HOSPITAL CORACAO DE JESUS"", ""uf"": ""SP"", ""municipio"": ""SANTO ANDRE"", ""desabilitado"": false}"
"Estabelecimento de saúde: HOSP LEITO E PRONTO ATENDIMENTO AURELINO ALVES DOS SANTOS. Código CNES: 2079011. Localização: EMBU DAS ARTES, São Paulo (SP). Tipo de unidade: HOSPITAL GERAL. Natureza jurídica: HOSPITAL_PÚBLICO. Porte: Médio.",entidade_hospital,"{""categoria"": ""entidade_hospital"", ""cnes"": ""2079011"", ""nome_oficial_tabela"": ""HOSP LEITO E PRONTO ATENDIMENTO AURELINO ALVES DOS SANTOS"", ""uf"": ""SP"", ""municipio"": ""EMBU DAS ARTES"", ""desabilitado"": false}"
"Estabelecimento de saúde: HOSPITAL SAO PAULO RIBEIRAO PRETO. Código CNES: 2079038. Localização: RIBEIRAO PRETO, São Paulo (SP). Tipo de unidade: HOSPITAL GERAL. Natureza jurídica: HOSPITAL_PRIVADO. Porte: Médio.",entidade_hospital,"{""categoria"": ""entidade_hospital"", ""cnes"": ""2079038"", ""nome_oficial_tabela"": ""HOSPITAL SAO PAULO RIBEIRAO PRETO"", ""uf"": ""SP"", ""municipio"": ""RIBEIRAO PRETO"", ""desabilitado"": false}"
"Estabelecimento de saúde: UNIDADE MISTA DE SAUDE DE ROSEIRA DR PAULO GUIMARAES CASTRO. Código CNES: 2079046. Localização: ROSEIRA, São Paulo (SP). Tipo de unidade: UNIDADE MISTA. Natureza jurídica: HOSPITAL_PÚBLICO. Porte: Pequeno.",entidade_hospital,"{""categoria"": ""entidade_hospital"", ""cnes"": ""2079046"", ""nome_oficial_tabela"": ""UNIDADE MISTA DE SAUDE DE ROSEIRA DR PAULO GUIMARAES CASTRO"", ""uf"": ""SP"", ""municipio"": ""ROSEIRA"", ""desabilitado"": false}"
"Estabelecimento de saúde: HOSP 9 DE JULHO. Código CNES: 2079089. Localização: SAO PAULO, São Paulo (SP). Tipo de unidade: HOSPITAL GERAL. Natureza jurídica: HOSPITAL_PRIVADO. Porte: Grande.",entidade_hospital,"{""categoria"": ""entidade_hospital"", ""cnes"": ""2079089"", ""nome_oficial_tabela"": ""HOSP 9 DE JULHO"", ""uf"": ""SP"", ""municipio"": ""SAO PAULO"", ""desabilitado"": false}"
"Estabelecimento de saúde: SANTA CASA DE CAPAO BONITO. Código CNES: 2079097. Localização: CAPAO BONITO, São Paulo (SP). Tipo de unidade: HOSPITAL GERAL. Natureza jurídica: HOSPITAL_FILANTRÓPICO. Porte: Médio.",entidade_hospital,"{""categoria"": ""entidade_hospital"", ""cnes"": ""2079097"", ""nome_oficial_tabela"": ""SANTA CASA DE CAPAO BONITO"", ""uf"": ""SP"", ""municipio"": ""CAPAO BONITO"", ""desabilitado"": false}"
"Estabelecimento de saúde: CENTRO DE REF DA SAUDE DA MULHER DE R PRETO MATER. Código CNES: 2079119. Localização: RIBEIRAO PRETO, São Paulo (SP). Tipo de unidade: HOSPITAL ESPECIALIZADO. Natureza jurídica: HOSPITAL_PÚBLICO. Porte: Médio.",entidade_hospital,"{""categoria"": ""entidade_hospital"", ""cnes"": ""2079119"", ""nome_oficial_tabela"": ""CENTRO DE REF DA SAUDE DA MULHER DE R PRETO MATER"", ""uf"": ""SP"", ""municipio"": ""RIBEIRAO PRETO"", ""desabilitado"": false}"
"Estabelecimento de saúde: HOSPITAL SIRIO LIBANES. Código CNES: 2079127. Localização: SAO PAULO, São Paulo (SP). Tipo de unidade: HOSPITAL GERAL. Natureza jurídica: HOSPITAL_FILANTRÓPICO. Porte: Grande.",entidade_hospital,"{""categoria"": ""entidade_hospital"", ""cnes"": ""2079127"", ""nome_oficial_tabela"": ""HOSPITAL SIRIO LIBANES"", ""uf"": ""SP"", ""municipio"": ""SAO PAULO"", ""desabilitado"": false}"
"Estabelecimento de saúde: SANTA CASA DE MISERICORDIA DE TATUI. Código CNES: 2079135. Localização: TATUI, São Paulo (SP). Tipo de unidade: HOSPITAL GERAL. Natureza jurídica: HOSPITAL_FILANTRÓPICO. Porte: Grande.",entidade_hospital,"{""categoria"": ""entidade_hospital"", ""cnes"": ""2079135"", ""nome_oficial_tabela"": ""SANTA CASA DE MISERICORDIA DE TATUI"", ""uf"": ""SP"", ""municipio"": ""TATUI"", ""desabilitado"": false}"
"Estabelecimento de saúde: MATERNIDADE MUNICIPAL. Código CNES: 2079178. Localização: SALTO DE PIRAPORA, São Paulo (SP). Tipo de unidade: HOSPITAL ESPECIALIZADO. Natureza jurídica: HOSPITAL_PÚBLICO. Porte: Pequeno.",entidade_hospital,"{""categoria"": ""entidade_hospital"", ""cnes"": ""2079178"", ""nome_oficial_tabela"": ""MATERNIDADE MUNICIPAL"", ""uf"": ""SP"", ""municipio"": ""SALTO DE PIRAPORA"", ""desabilitado"": false}"
"Estabelecimento de saúde: HOSP MUN MAT ESC DR MARIO DE MORAES A SILVA. Código CNES: 2079186. Localização: SAO PAULO, São Paulo (SP). Tipo de unidade: HOSPITAL ESPECIALIZADO. Natureza jurídica: HOSPITAL_PÚBLICO. Porte: Grande.",entidade_hospital,"{""categoria"": ""entidade_hospital"", ""cnes"": ""2079186"", ""nome_oficial_tabela"": ""HOSP MUN MAT ESC DR MARIO DE MORAES A SILVA"", ""uf"": ""SP"", ""municipio"": ""SAO PAULO"", ""desabilitado"": false}"
"Estabelecimento de saúde: HOSPITAL NESTOR GOULART REIS AMERICO BRASILIENSE. Código CNES: 2079194. Localização: AMERICO BRASILIENSE, São Paulo (SP). Tipo de unidade: HOSPITAL GERAL. Natureza jurídica: HOSPITAL_PÚBLICO. Porte: Médio.",entidade_hospital,"{""categoria"": ""entidade_hospital"", ""cnes"": ""2079194"", ""nome_oficial_tabela"": ""HOSPITAL NESTOR GOULART REIS AMERICO BRASILIENSE"", ""uf"": ""SP"", ""municipio"": ""AMERICO BRASILIENSE"", ""desabilitado"": false}"
"Estabelecimento de saúde: LAR ESPIRITA MARIA DE NAZARE MOJI MIRIM. Código CNES: 2079208. Localização: MOGI MIRIM, São Paulo (SP). Tipo de unidade: HOSPITAL GERAL. Natureza jurídica: HOSPITAL_FILANTRÓPICO. Porte: Médio.",entidade_hospital,"{""categoria"": ""entidade_hospital"", ""cnes"": ""2079208"", ""nome_oficial_tabela"": ""LAR ESPIRITA MARIA DE NAZARE MOJI MIRIM"", ""uf"": ""SP"", ""municipio"": ""MOGI MIRIM"", ""desabilitado"": false}"
"Estabelecimento de saúde: HOSPITAL E MATERNIDADE JOSE FORTUNA. Código CNES: 2079216. Localização: CASTILHO, São Paulo (SP). Tipo de unidade: HOSPITAL GERAL. Natureza jurídica: HOSPITAL_FILANTRÓPICO. Porte: Médio.",entidade_hospital,"{""categoria"": ""entidade_hospital"", ""cnes"": ""2079216"", ""nome_oficial_tabela"": ""HOSPITAL E MATERNIDADE JOSE FORTUNA"", ""uf"": ""SP"", ""municipio"": ""CASTILHO"", ""desabilitado"": false}"
"Estabelecimento de saúde: HOSPITAL SAO JOSE. Código CNES: 2079224. Localização: ITAPUI, São Paulo (SP). Tipo de unidade: HOSPITAL GERAL. Natureza jurídica: HOSPITAL_PÚBLICO. Porte: Médio.",entidade_hospital,"{""categoria"": ""entidade_hospital"", ""cnes"": ""2079224"", ""nome_oficial_tabela"": ""HOSPITAL SAO JOSE"", ""uf"": ""SP"", ""municipio"": ""ITAPUI"", ""desabilitado"": false}"
"Estabelecimento de saúde: HOSPITAL SANTA BARBARA. Código CNES: 2079232. Localização: SANTA BARBARA D'OESTE, São Paulo (SP). Tipo de unidade: HOSPITAL GERAL. Natureza jurídica: HOSPITAL_FILANTRÓPICO. Porte: Grande.",entidade_hospital,"{""categoria"": ""entidade_hospital"", ""cnes"": ""2079232"", ""nome_oficial_tabela"": ""HOSPITAL SANTA BARBARA"", ""uf"": ""SP"", ""municipio"": ""SANTA BARBARA D'OESTE"", ""desabilitado"": false}"
"Estabelecimento de saúde: HOSPITAL GERAL JESUS TEIXEIRA DA COSTA GUAIANASES SAO PAULO. Código CNES: 2079240. Localização: SAO PAULO, São Paulo (SP). Tipo de unidade: HOSPITAL GERAL. Natureza jurídica: HOSPITAL_PÚBLICO. Porte: Grande.",entidade_hospital,"{""categoria"": ""entidade_hospital"", ""cnes"": ""2079240"", ""nome_oficial_tabela"": ""HOSPITAL GERAL JESUS TEIXEIRA DA COSTA GUAIANASES SAO PAULO"", ""uf"": ""SP"", ""municipio"": ""SAO PAULO"", ""desabilitado"": false}"
"Estabelecimento de saúde: HOSPITAL RIBEIRAO PRETO. Código CNES: 2079275. Localização: RIBEIRAO PRETO, São Paulo (SP). Tipo de unidade: HOSPITAL GERAL. Natureza jurídica: HOSPITAL_PRIVADO. Porte: Grande.",entidade_hospital,"{""categoria"": ""entidade_hospital"", ""cnes"": ""2079275"", ""nome_oficial_tabela"": ""HOSPITAL RIBEIRAO PRETO"", ""uf"": ""SP"", ""municipio"": ""RIBEIRAO PRETO"", ""desabilitado"": false}"
"Estabelecimento de saúde: SANTA CASA DE PANORAMA. Código CNES: 2079283. Localização: PANORAMA, São Paulo (SP). Tipo de unidade: HOSPITAL GERAL. Natureza jurídica: HOSPITAL_FILANTRÓPICO. Porte: Médio.",entidade_hospital,"{""categoria"": ""entidade_hospital"", ""cnes"": ""2079283"", ""nome_oficial_tabela"": ""SANTA CASA DE PANORAMA"", ""uf"": ""SP"", ""municipio"": ""PANORAMA"", ""desabilitado"": false}"
"Estabelecimento de saúde: SANTA CASA DE PALMEIRA DOESTE. Código CNES: 2079291. Localização: PALMEIRA D'OESTE, São Paulo (SP). Tipo de unidade: HOSPITAL GERAL. Natureza jurídica: HOSPITAL_FILANTRÓPICO. Porte: Pequeno.",entidade_hospital,"{""categoria"": ""entidade_hospital"", ""cnes"": ""2079291"", ""nome_oficial_tabela"": ""SANTA CASA DE PALMEIRA DOESTE"", ""uf"": ""SP"", ""municipio"": ""PALMEIRA D'OESTE"", ""desabilitado"": false}"
"Estabelecimento de saúde: HOSPITAL SAO ROQUE CABREUVA. Código CNES: 2079313. Localização: CABREUVA, São Paulo (SP). Tipo de unidade: HOSPITAL GERAL. Natureza jurídica: HOSPITAL_FILANTRÓPICO. Porte: Pequeno.",entidade_hospital,"{""categoria"": ""entidade_hospital"", ""cnes"": ""2079313"", ""nome_oficial_tabela"": ""HOSPITAL SAO ROQUE CABREUVA"", ""uf"": ""SP"", ""municipio"": ""CABREUVA"", ""desabilitado"": false}"
"Estabelecimento de saúde: HOSPITAL GPACI SOROCABA. Código CNES: 2079321. Localização: SOROCABA, São Paulo (SP). Tipo de unidade: HOSPITAL ESPECIALIZADO. Natureza jurídica: HOSPITAL_FILANTRÓPICO. Porte: Médio.",entidade_hospital,"{""categoria"": ""entidade_hospital"", ""cnes"": ""2079321"", ""nome_oficial_tabela"": ""HOSPITAL GPACI SOROCABA"", ""uf"": ""SP"", ""municipio"": ""SOROCABA"", ""desabilitado"": false}"
"Estabelecimento de saúde: SANTA CASA DE IGARAPAVA. Código CNES: 2079348. Localização: IGARAPAVA, São Paulo (SP). Tipo de unidade: HOSPITAL GERAL. Natureza jurídica: HOSPITAL_FILANTRÓPICO. Porte: Médio.",entidade_hospital,"{""categoria"": ""entidade_hospital"", ""cnes"": ""2079348"", ""nome_oficial_tabela"": ""SANTA CASA DE IGARAPAVA"", ""uf"": ""SP"", ""municipio"": ""IGARAPAVA"", ""desabilitado"": false}"
"Estabelecimento de saúde: SANTA CASA DE TANABI. Código CNES: 2079356. Localização: TANABI, São Paulo (SP). Tipo de unidade: HOSPITAL GERAL. Natureza jurídica: HOSPITAL_FILANTRÓPICO. Porte: Médio.",entidade_hospital,"{""categoria"": ""entidade_hospital"", ""cnes"": ""2079356"", ""nome_oficial_tabela"": ""SANTA CASA DE TANABI"", ""uf"": ""SP"", ""municipio"": ""TANABI"", ""desabilitado"": false}"
"Estabelecimento de saúde: SANTA CASA DE MISERICORDIA DE SERRANA. Código CNES: 2079364. Localização: SERRANA, São Paulo (SP). Tipo de unidade: HOSPITAL GERAL. Natureza jurídica: HOSPITAL_FILANTRÓPICO. Porte: Pequeno.",entidade_hospital,"{""categoria"": ""entidade_hospital"", ""cnes"": ""2079364"", ""nome_oficial_tabela"": ""SANTA CASA DE MISERICORDIA DE SERRANA"", ""uf"": ""SP"", ""municipio"": ""SERRANA"", ""desabilitado"": false}"
"Estabelecimento de saúde: SANTA CASA DE SALESOPOLIS. Código CNES: 2079380. Localização: SALESOPOLIS, São Paulo (SP). Tipo de unidade: HOSPITAL GERAL. Natureza jurídica: HOSPITAL_FILANTRÓPICO. Porte: Pequeno.",entidade_hospital,"{""categoria"": ""entidade_hospital"", ""cnes"": ""2079380"", ""nome_oficial_tabela"": ""SANTA CASA DE SALESOPOLIS"", ""uf"": ""SP"", ""municipio"": ""SALESOPOLIS"", ""desabilitado"": false}"
"Estabelecimento de saúde: SANTA CASA DE MISERICORDIA SAO MIGUEL TABATINGA SP. Código CNES: 2079399. Localização: TABATINGA, São Paulo (SP). Tipo de unidade: HOSPITAL GERAL. Natureza jurídica: HOSPITAL_FILANTRÓPICO. Porte: Médio. Também já foi registrado nos cadastros com o(s) nome(s): SANTA CASA DE MISERICORDIA TABATINGA SP.",entidade_hospital,"{""categoria"": ""entidade_hospital"", ""cnes"": ""2079399"", ""nome_oficial_tabela"": ""SANTA CASA DE MISERICORDIA SAO MIGUEL TABATINGA SP"", ""uf"": ""SP"", ""municipio"": ""TABATINGA"", ""desabilitado"": false}"
"Estabelecimento de saúde: SANTA CASA SAO VICENTE DE PAULO BOA ESPERANCA DO SUL. Código CNES: 2079402. Localização: BOA ESPERANCA DO SUL, São Paulo (SP). Tipo de unidade: HOSPITAL GERAL. Natureza jurídica: HOSPITAL_FILANTRÓPICO. Porte: Pequeno.",entidade_hospital,"{""categoria"": ""entidade_hospital"", ""cnes"": ""2079402"", ""nome_oficial_tabela"": ""SANTA CASA SAO VICENTE DE PAULO BOA ESPERANCA DO SUL"", ""uf"": ""SP"", ""municipio"": ""BOA ESPERANCA DO SUL"", ""desabilitado"": false}"
"Estabelecimento de saúde: COMPLEXO HOSPITALAR PADRE BENTO DE GUARULHOS. Código CNES: 2079410. Localização: GUARULHOS, São Paulo (SP). Tipo de unidade: HOSPITAL GERAL. Natureza jurídica: HOSPITAL_PÚBLICO. Porte: Grande.",entidade_hospital,"{""categoria"": ""entidade_hospital"", ""cnes"": ""2079410"", ""nome_oficial_tabela"": ""COMPLEXO HOSPITALAR PADRE BENTO DE GUARULHOS"", ""uf"": ""SP"", ""municipio"": ""GUARULHOS"", ""desabilitado"": false}"
"Estabelecimento de saúde: SANTA CASA SALTO DE PIRAPORA. Código CNES: 2079429. Localização: SALTO DE PIRAPORA, São Paulo (SP). Tipo de unidade: HOSPITAL GERAL. Natureza jurídica: HOSPITAL_FILANTRÓPICO. Porte: Médio.",entidade_hospital,"{""categoria"": ""entidade_hospital"", ""cnes"": ""2079429"", ""nome_oficial_tabela"": ""SANTA CASA SALTO DE PIRAPORA"", ""uf"": ""SP"", ""municipio"": ""SALTO DE PIRAPORA"", ""desabilitado"": false}"
"Estabelecimento de saúde: HOSPITAL BENEFICENTE DE MARACAI. Código CNES: 2079437. Localização: MARACAI, São Paulo (SP). Tipo de unidade: HOSPITAL GERAL. Natureza jurídica: HOSPITAL_FILANTRÓPICO. Porte: Médio.",entidade_hospital,"{""categoria"": ""entidade_hospital"", ""cnes"": ""2079437"", ""nome_oficial_tabela"": ""HOSPITAL BENEFICENTE DE MARACAI"", ""uf"": ""SP"", ""municipio"": ""MARACAI"", ""desabilitado"": false}"
"Estabelecimento de saúde: HOSPITAL SANTA ISABEL. Código CNES: 2079445. Localização: SAO PAULO, São Paulo (SP). Tipo de unidade: HOSPITAL GERAL. Natureza jurídica: HOSPITAL_FILANTRÓPICO. Porte: Médio.",entidade_hospital,"{""categoria"": ""entidade_hospital"", ""cnes"": ""2079445"", ""nome_oficial_tabela"": ""HOSPITAL SANTA ISABEL"", ""uf"": ""SP"", ""municipio"": ""SAO PAULO"", ""desabilitado"": false}"
"Estabelecimento de saúde: SANTA CASA DE MISERICORDIA SAO FRANCISCO BURITAMA. Código CNES: 2079461. Localização: BURITAMA, São Paulo (SP). Tipo de unidade: HOSPITAL GERAL. Natureza jurídica: HOSPITAL_FILANTRÓPICO. Porte: Médio.",entidade_hospital,"{""categoria"": ""entidade_hospital"", ""cnes"": ""2079461"", ""nome_oficial_tabela"": ""SANTA CASA DE MISERICORDIA SAO FRANCISCO BURITAMA"", ""uf"": ""SP"", ""municipio"": ""BURITAMA"", ""desabilitado"": false}"
"Estabelecimento de saúde: SANTA CASA DE CRAVINHOS. Código CNES: 2079496. Localização: CRAVINHOS, São Paulo (SP). Tipo de unidade: HOSPITAL GERAL. Natureza jurídica: HOSPITAL_FILANTRÓPICO. Porte: Pequeno.",entidade_hospital,"{""categoria"": ""entidade_hospital"", ""cnes"": ""2079496"", ""nome_oficial_tabela"": ""SANTA CASA DE CRAVINHOS"", ""uf"": ""SP"", ""municipio"": ""CRAVINHOS"", ""desabilitado"": false}"
"Estabelecimento de saúde: SANTA CASA DE MIS E MATERNIDADE N SRA DA CONCEICAO CUNHA. Código CNES: 2079518. Localização: CUNHA, São Paulo (SP). Tipo de unidade: HOSPITAL GERAL. Natureza jurídica: HOSPITAL_FILANTRÓPICO. Porte: Médio.",entidade_hospital,"{""categoria"": ""entidade_hospital"", ""cnes"": ""2079518"", ""nome_oficial_tabela"": ""SANTA CASA DE MIS E MATERNIDADE N SRA DA CONCEICAO CUNHA"", ""uf"": ""SP"", ""municipio"": ""CUNHA"", ""desabilitado"": false}"
"Estabelecimento de saúde: MATERNIDADE SANTA JOANA. Código CNES: 2079542. Localização: SAO PAULO, São Paulo (SP). Tipo de unidade: HOSPITAL ESPECIALIZADO. Natureza jurídica: HOSPITAL_PRIVADO. Porte: Grande.",entidade_hospital,"{""categoria"": ""entidade_hospital"", ""cnes"": ""2079542"", ""nome_oficial_tabela"": ""MATERNIDADE SANTA JOANA"", ""uf"": ""SP"", ""municipio"": ""SAO PAULO"", ""desabilitado"": false}"
"Estabelecimento de saúde: SANTA CASA DE SANTA ADELIA. Código CNES: 2079550. Localização: SANTA ADELIA, São Paulo (SP). Tipo de unidade: HOSPITAL GERAL. Natureza jurídica: HOSPITAL_FILANTRÓPICO. Porte: Médio.",entidade_hospital,"{""categoria"": ""entidade_hospital"", ""cnes"": ""2079550"", ""nome_oficial_tabela"": ""SANTA CASA DE SANTA ADELIA"", ""uf"": ""SP"", ""municipio"": ""SANTA ADELIA"", ""desabilitado"": false}"
"Estabelecimento de saúde: HOSPITAL SAO JOAO REGISTRO. Código CNES: 2079593. Localização: REGISTRO, São Paulo (SP). Tipo de unidade: HOSPITAL GERAL. Natureza jurídica: HOSPITAL_FILANTRÓPICO. Porte: Grande.",entidade_hospital,"{""categoria"": ""entidade_hospital"", ""cnes"": ""2079593"", ""nome_oficial_tabela"": ""HOSPITAL SAO JOAO REGISTRO"", ""uf"": ""SP"", ""municipio"": ""REGISTRO"", ""desabilitado"": false}"
"Estabelecimento de saúde: HOSPITAL E MATERNIDADE DR CHRISTOVAO DA GAMA. Código CNES: 2079607. Localização: SANTO ANDRE, São Paulo (SP). Tipo de unidade: HOSPITAL GERAL. Natureza jurídica: HOSPITAL_PRIVADO. Porte: Grande.",entidade_hospital,"{""categoria"": ""entidade_hospital"", ""cnes"": ""2079607"", ""nome_oficial_tabela"": ""HOSPITAL E MATERNIDADE DR CHRISTOVAO DA GAMA"", ""uf"": ""SP"", ""municipio"": ""SANTO ANDRE"", ""desabilitado"": false}"
"Estabelecimento de saúde: HOSPITAL MUNICIPAL DE IBIUNA IBIUNA SP. Código CNES: 2079615. Localização: IBIUNA, São Paulo (SP). Tipo de unidade: HOSPITAL GERAL. Natureza jurídica: HOSPITAL_PÚBLICO. Porte: Médio.",entidade_hospital,"{""categoria"": ""entidade_hospital"", ""cnes"": ""2079615"", ""nome_oficial_tabela"": ""HOSPITAL MUNICIPAL DE IBIUNA IBIUNA SP"", ""uf"": ""SP"", ""municipio"": ""IBIUNA"", ""desabilitado"": false}"
"Estabelecimento de saúde: CENTRO MEDICO DE CAMPINAS. Código CNES: 2079666. Localização: CAMPINAS, São Paulo (SP). Tipo de unidade: HOSPITAL GERAL. Natureza jurídica: HOSPITAL_FILANTRÓPICO. Porte: Grande.",entidade_hospital,"{""categoria"": ""entidade_hospital"", ""cnes"": ""2079666"", ""nome_oficial_tabela"": ""CENTRO MEDICO DE CAMPINAS"", ""uf"": ""SP"", ""municipio"": ""CAMPINAS"", ""desabilitado"": false}"
"Estabelecimento de saúde: CENTRO MEDICO MONTE SINAI OURINHOS. Código CNES: 2079674. Localização: OURINHOS, São Paulo (SP). Tipo de unidade: HOSPITAL GERAL. Natureza jurídica: HOSPITAL_PRIVADO. Porte: Pequeno.",entidade_hospital,"{""categoria"": ""entidade_hospital"", ""cnes"": ""2079674"", ""nome_oficial_tabela"": ""CENTRO MEDICO MONTE SINAI OURINHOS"", ""uf"": ""SP"", ""municipio"": ""OURINHOS"", ""desabilitado"": false}"
"Estabelecimento de saúde: SANTA CASA DE NEVES PAULISTA. Código CNES: 2079682. Localização: NEVES PAULISTA, São Paulo (SP). Tipo de unidade: HOSPITAL GERAL. Natureza jurídica: HOSPITAL_FILANTRÓPICO. Porte: Médio.",entidade_hospital,"{""categoria"": ""entidade_hospital"", ""cnes"": ""2079682"", ""nome_oficial_tabela"": ""SANTA CASA DE NEVES PAULISTA"", ""uf"": ""SP"", ""municipio"": ""NEVES PAULISTA"", ""desabilitado"": false}"
"Estabelecimento de saúde: SANTA CASA DE MISERICORDIA DE SAO LUIZ DO PARAITINGA. Código CNES: 2079690. Localização: SAO LUIS DO PARAITINGA, São Paulo (SP). Tipo de unidade: HOSPITAL GERAL. Natureza jurídica: HOSPITAL_FILANTRÓPICO. Porte: Médio.",entidade_hospital,"{""categoria"": ""entidade_hospital"", ""cnes"": ""2079690"", ""nome_oficial_tabela"": ""SANTA CASA DE MISERICORDIA DE SAO LUIZ DO PARAITINGA"", ""uf"": ""SP"", ""municipio"": ""SAO LUIS DO PARAITINGA"", ""desabilitado"": false}"
"Estabelecimento de saúde: HOSPITAL DR RENATO SILVA DE SOCORRO. Código CNES: 2079704. Localização: SOCORRO, São Paulo (SP). Tipo de unidade: HOSPITAL GERAL. Natureza jurídica: HOSPITAL_FILANTRÓPICO. Porte: Médio.",entidade_hospital,"{""categoria"": ""entidade_hospital"", ""cnes"": ""2079704"", ""nome_oficial_tabela"": ""HOSPITAL DR RENATO SILVA DE SOCORRO"", ""uf"": ""SP"", ""municipio"": ""SOCORRO"", ""desabilitado"": false}"
"Estabelecimento de saúde: HOSPITAL GUILHERME ALVARO SANTOS. Código CNES: 2079720. Localização: SANTOS, São Paulo (SP). Tipo de unidade: HOSPITAL GERAL. Natureza jurídica: HOSPITAL_PÚBLICO. Porte: Grande.",entidade_hospital,"{""categoria"": ""entidade_hospital"", ""cnes"": ""2079720"", ""nome_oficial_tabela"": ""HOSPITAL GUILHERME ALVARO SANTOS"", ""uf"": ""SP"", ""municipio"": ""SANTOS"", ""desabilitado"": false}"
"Estabelecimento de saúde: CASA CAIRBAR SCHUTEL. Código CNES: 2079763. Localização: ARARAQUARA, São Paulo (SP). Tipo de unidade: HOSPITAL ESPECIALIZADO. Natureza jurídica: HOSPITAL_FILANTRÓPICO. Porte: Médio.",entidade_hospital,"{""categoria"": ""entidade_hospital"", ""cnes"": ""2079763"", ""nome_oficial_tabela"": ""CASA CAIRBAR SCHUTEL"", ""uf"": ""SP"", ""municipio"": ""ARARAQUARA"", ""desabilitado"": false}"
"Estabelecimento de saúde: HOSPITAL DAS CLINICAS DA UNICAMP DE CAMPINAS. Código CNES: 2079798. Localização: CAMPINAS, São Paulo (SP). Tipo de unidade: HOSPITAL GERAL. Natureza jurídica: HOSPITAL_PÚBLICO. Porte: Grande.",entidade_hospital,"{""categoria"": ""entidade_hospital"", ""cnes"": ""2079798"", ""nome_oficial_tabela"": ""HOSPITAL DAS CLINICAS DA UNICAMP DE CAMPINAS"", ""uf"": ""SP"", ""municipio"": ""CAMPINAS"", ""desabilitado"": false}"
"Estabelecimento de saúde: HOSPITAL GERAL PIRAJUSSARA. Código CNES: 2079828. Localização: TABOAO DA SERRA, São Paulo (SP). Tipo de unidade: HOSPITAL GERAL. Natureza jurídica: HOSPITAL_PÚBLICO. Porte: Grande. Também já foi registrado nos cadastros com o(s) nome(s): HOSPITAL GERAL PIRAJUSSARA TABOAO DA SERRA.",entidade_hospital,"{""categoria"": ""entidade_hospital"", ""cnes"": ""2079828"", ""nome_oficial_tabela"": ""HOSPITAL GERAL PIRAJUSSARA"", ""uf"": ""SP"", ""municipio"": ""TABOAO DA SERRA"", ""desabilitado"": false}"
"Estabelecimento de saúde: SANTA CASA DE MISERICORDIA ITAPOLIS. Código CNES: 2079836. Localização: ITAPOLIS, São Paulo (SP). Tipo de unidade: HOSPITAL GERAL. Natureza jurídica: HOSPITAL_FILANTRÓPICO. Porte: Médio.",entidade_hospital,"{""categoria"": ""entidade_hospital"", ""cnes"": ""2079836"", ""nome_oficial_tabela"": ""SANTA CASA DE MISERICORDIA ITAPOLIS"", ""uf"": ""SP"", ""municipio"": ""ITAPOLIS"", ""desabilitado"": false}"
"Estabelecimento de saúde: SANTA CASA DE PIRACAIA. Código CNES: 2079852. Localização: PIRACAIA, São Paulo (SP). Tipo de unidade: HOSPITAL GERAL. Natureza jurídica: HOSPITAL_FILANTRÓPICO. Porte: Médio.",entidade_hospital,"{""categoria"": ""entidade_hospital"", ""cnes"": ""2079852"", ""nome_oficial_tabela"": ""SANTA CASA DE PIRACAIA"", ""uf"": ""SP"", ""municipio"": ""PIRACAIA"", ""desabilitado"": false}"
"Estabelecimento de saúde: HOSPITAL E MATERNIDADE DE SUZANO. Código CNES: 2079860. Localização: SUZANO, São Paulo (SP). Tipo de unidade: HOSPITAL GERAL. Natureza jurídica: HOSPITAL_FILANTRÓPICO. Porte: Médio. Também já foi registrado nos cadastros com o(s) nome(s): SANTA CASA DE SUZANO.",entidade_hospital,"{""categoria"": ""entidade_hospital"", ""cnes"": ""2079860"", ""nome_oficial_tabela"": ""HOSPITAL E MATERNIDADE DE SUZANO"", ""uf"": ""SP"", ""municipio"": ""SUZANO"", ""desabilitado"": false}"
"Estabelecimento de saúde: SANTA CASA DE TAQUARITUBA. Código CNES: 2079879. Localização: TAQUARITUBA, São Paulo (SP). Tipo de unidade: HOSPITAL GERAL. Natureza jurídica: HOSPITAL_FILANTRÓPICO. Porte: Médio.",entidade_hospital,"{""categoria"": ""entidade_hospital"", ""cnes"": ""2079879"", ""nome_oficial_tabela"": ""SANTA CASA DE TAQUARITUBA"", ""uf"": ""SP"", ""municipio"": ""TAQUARITUBA"", ""desabilitado"": false}"
"Estabelecimento de saúde: HOSPITAL CRUZEIRO DO SUL. Código CNES: 2079887. Localização: OSASCO, São Paulo (SP). Tipo de unidade: HOSPITAL GERAL. Natureza jurídica: HOSPITAL_PRIVADO. Porte: Grande.",entidade_hospital,"{""categoria"": ""entidade_hospital"", ""cnes"": ""2079887"", ""nome_oficial_tabela"": ""HOSPITAL CRUZEIRO DO SUL"", ""uf"": ""SP"", ""municipio"": ""OSASCO"", ""desabilitado"": false}"
"Estabelecimento de saúde: SANTA CASA DE MISERICORDIA DE JALES. Código CNES: 2079895. Localização: JALES, São Paulo (SP). Tipo de unidade: HOSPITAL GERAL. Natureza jurídica: HOSPITAL_FILANTRÓPICO. Porte: Grande.",entidade_hospital,"{""categoria"": ""entidade_hospital"", ""cnes"": ""2079895"", ""nome_oficial_tabela"": ""SANTA CASA DE MISERICORDIA DE JALES"", ""uf"": ""SP"", ""municipio"": ""JALES"", ""desabilitado"": false}"
"Estabelecimento de saúde: HOSP BENEFICENTE DE PIRANGI. Código CNES: 2079909. Localização: PIRANGI, São Paulo (SP). Tipo de unidade: HOSPITAL GERAL. Natureza jurídica: HOSPITAL_FILANTRÓPICO. Porte: Médio.",entidade_hospital,"{""categoria"": ""entidade_hospital"", ""cnes"": ""2079909"", ""nome_oficial_tabela"": ""HOSP BENEFICENTE DE PIRANGI"", ""uf"": ""SP"", ""municipio"": ""PIRANGI"", ""desabilitado"": false}"
"Estabelecimento de saúde: SANTA CASA DE LOUVEIRA. Código CNES: 2079917. Localização: LOUVEIRA, São Paulo (SP). Tipo de unidade: HOSPITAL GERAL. Natureza jurídica: HOSPITAL_FILANTRÓPICO. Porte: Médio.",entidade_hospital,"{""categoria"": ""entidade_hospital"", ""cnes"": ""2079917"", ""nome_oficial_tabela"": ""SANTA CASA DE LOUVEIRA"", ""uf"": ""SP"", ""municipio"": ""LOUVEIRA"", ""desabilitado"": false}"
"Estabelecimento de saúde: SANTA CASA DE PORTO FELIZ. Código CNES: 2079925. Localização: PORTO FELIZ, São Paulo (SP). Tipo de unidade: HOSPITAL GERAL. Natureza jurídica: HOSPITAL_FILANTRÓPICO. Porte: Médio.",entidade_hospital,"{""categoria"": ""entidade_hospital"", ""cnes"": ""2079925"", ""nome_oficial_tabela"": ""SANTA CASA DE PORTO FELIZ"", ""uf"": ""SP"", ""municipio"": ""PORTO FELIZ"", ""desabilitado"": false}"
"Estabelecimento de saúde: SANTA CASA DE URANIA. Código CNES: 2079968. Localização: URANIA, São Paulo (SP). Tipo de unidade: HOSPITAL GERAL. Natureza jurídica: HOSPITAL_FILANTRÓPICO. Porte: Médio.",entidade_hospital,"{""categoria"": ""entidade_hospital"", ""cnes"": ""2079968"", ""nome_oficial_tabela"": ""SANTA CASA DE URANIA"", ""uf"": ""SP"", ""municipio"": ""URANIA"", ""desabilitado"": false}"
"Estabelecimento de saúde: SANTA CASA DE LARANJAL PAULISTA. Código CNES: 2079976. Localização: LARANJAL PAULISTA, São Paulo (SP). Tipo de unidade: HOSPITAL GERAL. Natureza jurídica: HOSPITAL_FILANTRÓPICO. Porte: Médio.",entidade_hospital,"{""categoria"": ""entidade_hospital"", ""cnes"": ""2079976"", ""nome_oficial_tabela"": ""SANTA CASA DE LARANJAL PAULISTA"", ""uf"": ""SP"", ""municipio"": ""LARANJAL PAULISTA"", ""desabilitado"": false}"
"Estabelecimento de saúde: NOTRE DAME INTERMEDICA SAUDE S A. Código CNES: 2080001. Localização: TABOAO DA SERRA, São Paulo (SP). Tipo de unidade: HOSPITAL GERAL. Natureza jurídica: HOSPITAL_PRIVADO. Porte: Médio.",entidade_hospital,"{""categoria"": ""entidade_hospital"", ""cnes"": ""2080001"", ""nome_oficial_tabela"": ""NOTRE DAME INTERMEDICA SAUDE S A"", ""uf"": ""SP"", ""municipio"": ""TABOAO DA SERRA"", ""desabilitado"": false}"
"Estabelecimento de saúde: HOSPITAL MUNICIPAL DE DIADEMA HMD. Código CNES: 2080028. Localização: DIADEMA, São Paulo (SP). Tipo de unidade: HOSPITAL GERAL. Natureza jurídica: HOSPITAL_PÚBLICO. Porte: Grande.",entidade_hospital,"{""categoria"": ""entidade_hospital"", ""cnes"": ""2080028"", ""nome_oficial_tabela"": ""HOSPITAL MUNICIPAL DE DIADEMA HMD"", ""uf"": ""SP"", ""municipio"": ""DIADEMA"", ""desabilitado"": false}"
"Estabelecimento de saúde: SANTA CASA DE SAO JOAQUIM DA BARRA. Código CNES: 2080044. Localização: SAO JOAQUIM DA BARRA, São Paulo (SP). Tipo de unidade: HOSPITAL GERAL. Natureza jurídica: HOSPITAL_FILANTRÓPICO. Porte: Grande.",entidade_hospital,"{""categoria"": ""entidade_hospital"", ""cnes"": ""2080044"", ""nome_oficial_tabela"": ""SANTA CASA DE SAO JOAQUIM DA BARRA"", ""uf"": ""SP"", ""municipio"": ""SAO JOAQUIM DA BARRA"", ""desabilitado"": false}"
"Estabelecimento de saúde: HOSPITAL NOSSA SENHORA APARECIDA. Código CNES: 2080052. Localização: MOGI DAS CRUZES, São Paulo (SP). Tipo de unidade: HOSPITAL GERAL. Natureza jurídica: HOSPITAL_FILANTRÓPICO. Porte: Grande.",entidade_hospital,"{""categoria"": ""entidade_hospital"", ""cnes"": ""2080052"", ""nome_oficial_tabela"": ""HOSPITAL NOSSA SENHORA APARECIDA"", ""uf"": ""SP"", ""municipio"": ""MOGI DAS CRUZES"", ""desabilitado"": false}"
"Estabelecimento de saúde: HOSPITAL DR OSIRIS FLORINDO COELHO. Código CNES: 2080079. Localização: FERRAZ DE VASCONCELOS, São Paulo (SP). Tipo de unidade: HOSPITAL GERAL. Natureza jurídica: HOSPITAL_PÚBLICO. Porte: Grande.",entidade_hospital,"{""categoria"": ""entidade_hospital"", ""cnes"": ""2080079"", ""nome_oficial_tabela"": ""HOSPITAL DR OSIRIS FLORINDO COELHO"", ""uf"": ""SP"", ""municipio"": ""FERRAZ DE VASCONCELOS"", ""desabilitado"": false}"
"Estabelecimento de saúde: SANTA CASA DE MISERICORDIA DE TIETE. Código CNES: 2080087. Localização: TIETE, São Paulo (SP). Tipo de unidade: HOSPITAL GERAL. Natureza jurídica: HOSPITAL_FILANTRÓPICO. Porte: Médio.",entidade_hospital,"{""categoria"": ""entidade_hospital"", ""cnes"": ""2080087"", ""nome_oficial_tabela"": ""SANTA CASA DE MISERICORDIA DE TIETE"", ""uf"": ""SP"", ""municipio"": ""TIETE"", ""desabilitado"": false}"
"Estabelecimento de saúde: SANTA CASA DE JOSE BONIFACIO. Código CNES: 2080095. Localização: JOSE BONIFACIO, São Paulo (SP). Tipo de unidade: HOSPITAL GERAL. Natureza jurídica: HOSPITAL_FILANTRÓPICO. Porte: Médio.",entidade_hospital,"{""categoria"": ""entidade_hospital"", ""cnes"": ""2080095"", ""nome_oficial_tabela"": ""SANTA CASA DE JOSE BONIFACIO"", ""uf"": ""SP"", ""municipio"": ""JOSE BONIFACIO"", ""desabilitado"": false}"
"Estabelecimento de saúde: SANTA CASA DE POPULINA. Código CNES: 2080109. Localização: POPULINA, São Paulo (SP). Tipo de unidade: HOSPITAL GERAL. Natureza jurídica: HOSPITAL_FILANTRÓPICO. Porte: Pequeno.",entidade_hospital,"{""categoria"": ""entidade_hospital"", ""cnes"": ""2080109"", ""nome_oficial_tabela"": ""SANTA CASA DE POPULINA"", ""uf"": ""SP"", ""municipio"": ""POPULINA"", ""desabilitado"": false}"
"Estabelecimento de saúde: HOSPITAL PSIQUIATRICO ALLAN KARDEC FRANCA SP. Código CNES: 2080117. Localização: FRANCA, São Paulo (SP). Tipo de unidade: HOSPITAL ESPECIALIZADO. Natureza jurídica: HOSPITAL_FILANTRÓPICO. Porte: Médio.",entidade_hospital,"{""categoria"": ""entidade_hospital"", ""cnes"": ""2080117"", ""nome_oficial_tabela"": ""HOSPITAL PSIQUIATRICO ALLAN KARDEC FRANCA SP"", ""uf"": ""SP"", ""municipio"": ""FRANCA"", ""desabilitado"": false}"
"Estabelecimento de saúde: INSTITUTO DO CANCER ARNALDO VIEIRA DE CARVALHO. Código CNES: 2080125. Localização: SAO PAULO, São Paulo (SP). Tipo de unidade: HOSPITAL ESPECIALIZADO. Natureza jurídica: HOSPITAL_FILANTRÓPICO. Porte: Médio. Também já foi registrado nos cadastros com o(s) nome(s): INST DO CANCER ARNALDO VIEIRA DE CARVALHO.",entidade_hospital,"{""categoria"": ""entidade_hospital"", ""cnes"": ""2080125"", ""nome_oficial_tabela"": ""INSTITUTO DO CANCER ARNALDO VIEIRA DE CARVALHO"", ""uf"": ""SP"", ""municipio"": ""SAO PAULO"", ""desabilitado"": false}"
"Estabelecimento de saúde: HOSPITAL E MATERNIDADE BENEFICENCIA PORTUGUESA. Código CNES: 2080133. Localização: SANTO ANDRE, São Paulo (SP). Tipo de unidade: HOSPITAL GERAL. Natureza jurídica: HOSPITAL_FILANTRÓPICO. Porte: Médio.",entidade_hospital,"{""categoria"": ""entidade_hospital"", ""cnes"": ""2080133"", ""nome_oficial_tabela"": ""HOSPITAL E MATERNIDADE BENEFICENCIA PORTUGUESA"", ""uf"": ""SP"", ""municipio"": ""SANTO ANDRE"", ""desabilitado"": false}"
"Estabelecimento de saúde: HOSPITAL DA CRIANCA. Código CNES: 2080168. Localização: SAO PAULO, São Paulo (SP). Tipo de unidade: HOSPITAL ESPECIALIZADO. Natureza jurídica: HOSPITAL_PRIVADO. Porte: Médio.",entidade_hospital,"{""categoria"": ""entidade_hospital"", ""cnes"": ""2080168"", ""nome_oficial_tabela"": ""HOSPITAL DA CRIANCA"", ""uf"": ""SP"", ""municipio"": ""SAO PAULO"", ""desabilitado"": false}"
"Estabelecimento de saúde: HOSPITAL MUNICIPAL. Código CNES: 2080184. Localização: ITU, São Paulo (SP). Tipo de unidade: HOSPITAL GERAL. Natureza jurídica: HOSPITAL_PÚBLICO. Porte: Médio.",entidade_hospital,"{""categoria"": ""entidade_hospital"", ""cnes"": ""2080184"", ""nome_oficial_tabela"": ""HOSPITAL MUNICIPAL"", ""uf"": ""SP"", ""municipio"": ""ITU"", ""desabilitado"": false}"
"Estabelecimento de saúde: HOSP EST ESPEC EM REABILIT DR FRANCISCO RIBEIRO ARANTES. Código CNES: 2080192. Localização: ITU, São Paulo (SP). Tipo de unidade: HOSPITAL ESPECIALIZADO. Natureza jurídica: HOSPITAL_PÚBLICO. Porte: Grande.",entidade_hospital,"{""categoria"": ""entidade_hospital"", ""cnes"": ""2080192"", ""nome_oficial_tabela"": ""HOSP EST ESPEC EM REABILIT DR FRANCISCO RIBEIRO ARANTES"", ""uf"": ""SP"", ""municipio"": ""ITU"", ""desabilitado"": false}"
"Estabelecimento de saúde: HOSPITAL ITATIBA. Código CNES: 2080206. Localização: ITATIBA, São Paulo (SP). Tipo de unidade: HOSPITAL GERAL. Natureza jurídica: HOSPITAL_PRIVADO. Porte: Pequeno.",entidade_hospital,"{""categoria"": ""entidade_hospital"", ""cnes"": ""2080206"", ""nome_oficial_tabela"": ""HOSPITAL ITATIBA"", ""uf"": ""SP"", ""municipio"": ""ITATIBA"", ""desabilitado"": false}"
"Estabelecimento de saúde: SANTA CASA DE CACONDE. Código CNES: 2080222. Localização: CACONDE, São Paulo (SP). Tipo de unidade: HOSPITAL GERAL. Natureza jurídica: HOSPITAL_FILANTRÓPICO. Porte: Médio.",entidade_hospital,"{""categoria"": ""entidade_hospital"", ""cnes"": ""2080222"", ""nome_oficial_tabela"": ""SANTA CASA DE CACONDE"", ""uf"": ""SP"", ""municipio"": ""CACONDE"", ""desabilitado"": false}"
"Estabelecimento de saúde: HOSPITAL ESTADUAL MARIO COVAS DE SANTO ANDRE. Código CNES: 2080273. Localização: SANTO ANDRE, São Paulo (SP). Tipo de unidade: HOSPITAL GERAL. Natureza jurídica: HOSPITAL_PÚBLICO. Porte: Grande.",entidade_hospital,"{""categoria"": ""entidade_hospital"", ""cnes"": ""2080273"", ""nome_oficial_tabela"": ""HOSPITAL ESTADUAL MARIO COVAS DE SANTO ANDRE"", ""uf"": ""SP"", ""municipio"": ""SANTO ANDRE"", ""desabilitado"": false}"
"Estabelecimento de saúde: HOSPITAL SAO JOSE DE HERCULANDIA. Código CNES: 2080281. Localização: HERCULANDIA, São Paulo (SP). Tipo de unidade: HOSPITAL GERAL. Natureza jurídica: HOSPITAL_FILANTRÓPICO. Porte: Médio.",entidade_hospital,"{""categoria"": ""entidade_hospital"", ""cnes"": ""2080281"", ""nome_oficial_tabela"": ""HOSPITAL SAO JOSE DE HERCULANDIA"", ""uf"": ""SP"", ""municipio"": ""HERCULANDIA"", ""desabilitado"": false}"
"Estabelecimento de saúde: HOSPITAL GERAL DE GUARULHOS PROF DR WALDEMAR DE CARVALHO. Código CNES: 2080338. Localização: GUARULHOS, São Paulo (SP). Tipo de unidade: HOSPITAL GERAL. Natureza jurídica: HOSPITAL_PÚBLICO. Porte: Grande.",entidade_hospital,"{""categoria"": ""entidade_hospital"", ""cnes"": ""2080338"", ""nome_oficial_tabela"": ""HOSPITAL GERAL DE GUARULHOS PROF DR WALDEMAR DE CARVALHO"", ""uf"": ""SP"", ""municipio"": ""GUARULHOS"", ""desabilitado"": false}"
"Estabelecimento de saúde: HOSP MUN DR CARMINO CARICCHIO. Código CNES: 2080346. Localização: SAO PAULO, São Paulo (SP). Tipo de unidade: HOSPITAL GERAL. Natureza jurídica: HOSPITAL_PÚBLICO. Porte: Grande.",entidade_hospital,"{""categoria"": ""entidade_hospital"", ""cnes"": ""2080346"", ""nome_oficial_tabela"": ""HOSP MUN DR CARMINO CARICCHIO"", ""uf"": ""SP"", ""municipio"": ""SAO PAULO"", ""desabilitado"": false}"
"Estabelecimento de saúde: HOSPITAL SANTO ANTONIO SANTOS. Código CNES: 2080354. Localização: SANTOS, São Paulo (SP). Tipo de unidade: HOSPITAL ESPECIALIZADO. Natureza jurídica: HOSPITAL_FILANTRÓPICO. Porte: Grande.",entidade_hospital,"{""categoria"": ""entidade_hospital"", ""cnes"": ""2080354"", ""nome_oficial_tabela"": ""HOSPITAL SANTO ANTONIO SANTOS"", ""uf"": ""SP"", ""municipio"": ""SANTOS"", ""desabilitado"": false}"
"Estabelecimento de saúde: CASA DE SAUDE DE INDIAPORA. Código CNES: 2080362. Localização: INDIAPORA, São Paulo (SP). Tipo de unidade: HOSPITAL GERAL. Natureza jurídica: HOSPITAL_FILANTRÓPICO. Porte: Médio.",entidade_hospital,"{""categoria"": ""entidade_hospital"", ""cnes"": ""2080362"", ""nome_oficial_tabela"": ""CASA DE SAUDE DE INDIAPORA"", ""uf"": ""SP"", ""municipio"": ""INDIAPORA"", ""desabilitado"": false}"
"Estabelecimento de saúde: SANTA CASA DE PIRAJUI. Código CNES: 2080370. Localização: PIRAJUI, São Paulo (SP). Tipo de unidade: HOSPITAL GERAL. Natureza jurídica: HOSPITAL_FILANTRÓPICO. Porte: Médio.",entidade_hospital,"{""categoria"": ""entidade_hospital"", ""cnes"": ""2080370"", ""nome_oficial_tabela"": ""SANTA CASA DE PIRAJUI"", ""uf"": ""SP"", ""municipio"": ""PIRAJUI"", ""desabilitado"": false}"
"Estabelecimento de saúde: HOSPITAL IMACULADA CONCEICAO. Código CNES: 2080400. Localização: RIBEIRAO PRETO, São Paulo (SP). Tipo de unidade: HOSPITAL GERAL. Natureza jurídica: HOSPITAL_FILANTRÓPICO. Porte: Grande. Também já foi registrado nos cadastros com o(s) nome(s): HOSPITAL IMACULADA CONCEICAO RIBEIRAO PRETO.",entidade_hospital,"{""categoria"": ""entidade_hospital"", ""cnes"": ""2080400"", ""nome_oficial_tabela"": ""HOSPITAL IMACULADA CONCEICAO"", ""uf"": ""SP"", ""municipio"": ""RIBEIRAO PRETO"", ""desabilitado"": false}"
"Estabelecimento de saúde: HOSPITAL MUNICIPAL DA CRIANCA E DO ADOLESCENTE HMCA. Código CNES: 2080427. Localização: GUARULHOS, São Paulo (SP). Tipo de unidade: HOSPITAL ESPECIALIZADO. Natureza jurídica: HOSPITAL_PÚBLICO. Porte: Médio.",entidade_hospital,"{""categoria"": ""entidade_hospital"", ""cnes"": ""2080427"", ""nome_oficial_tabela"": ""HOSPITAL MUNICIPAL DA CRIANCA E DO ADOLESCENTE HMCA"", ""uf"": ""SP"", ""municipio"": ""GUARULHOS"", ""desabilitado"": false}"
"Estabelecimento de saúde: IRMANDADE DA SANTA CASA DE MISERICORDIA SAO VICENTE DE PAULO. Código CNES: 2080443. Localização: SAO MANUEL, São Paulo (SP). Tipo de unidade: HOSPITAL GERAL. Natureza jurídica: HOSPITAL_FILANTRÓPICO. Porte: Médio. Também já foi registrado nos cadastros com o(s) nome(s): HOSPITAL DA CASA PIA SAO VICENTE DE PAULA.",entidade_hospital,"{""categoria"": ""entidade_hospital"", ""cnes"": ""2080443"", ""nome_oficial_tabela"": ""IRMANDADE DA SANTA CASA DE MISERICORDIA SAO VICENTE DE PAULO"", ""uf"": ""SP"", ""municipio"": ""SAO MANUEL"", ""desabilitado"": false}"
"Estabelecimento de saúde: IRMANDADE DA SANTA CASA DE MISERICORDIA DE IPUA. Código CNES: 2080451. Localização: IPUA, São Paulo (SP). Tipo de unidade: HOSPITAL GERAL. Natureza jurídica: HOSPITAL_FILANTRÓPICO. Porte: Médio. Também já foi registrado nos cadastros com o(s) nome(s): SANTA CASA DE IPUA.",entidade_hospital,"{""categoria"": ""entidade_hospital"", ""cnes"": ""2080451"", ""nome_oficial_tabela"": ""IRMANDADE DA SANTA CASA DE MISERICORDIA DE IPUA"", ""uf"": ""SP"", ""municipio"": ""IPUA"", ""desabilitado"": false}"
"Estabelecimento de saúde: SANTA CASA DE MISERICORDIA DE PEDREGULHO. Código CNES: 2080478. Localização: PEDREGULHO, São Paulo (SP). Tipo de unidade: HOSPITAL GERAL. Natureza jurídica: HOSPITAL_FILANTRÓPICO. Porte: Médio.",entidade_hospital,"{""categoria"": ""entidade_hospital"", ""cnes"": ""2080478"", ""nome_oficial_tabela"": ""SANTA CASA DE MISERICORDIA DE PEDREGULHO"", ""uf"": ""SP"", ""municipio"": ""PEDREGULHO"", ""desabilitado"": false}"
"Estabelecimento de saúde: HOSPITAL DA CRUZ VERMELHA BRASILEIRA. Código CNES: 2080494. Localização: SAO PAULO, São Paulo (SP). Tipo de unidade: HOSPITAL GERAL. Natureza jurídica: HOSPITAL_FILANTRÓPICO. Porte: Médio.",entidade_hospital,"{""categoria"": ""entidade_hospital"", ""cnes"": ""2080494"", ""nome_oficial_tabela"": ""HOSPITAL DA CRUZ VERMELHA BRASILEIRA"", ""uf"": ""SP"", ""municipio"": ""SAO PAULO"", ""desabilitado"": false}"
"Estabelecimento de saúde: SANTA CASA DE ALVARES MACHADO. Código CNES: 2080508. Localização: ALVARES MACHADO, São Paulo (SP). Tipo de unidade: HOSPITAL GERAL. Natureza jurídica: HOSPITAL_FILANTRÓPICO. Porte: Pequeno.",entidade_hospital,"{""categoria"": ""entidade_hospital"", ""cnes"": ""2080508"", ""nome_oficial_tabela"": ""SANTA CASA DE ALVARES MACHADO"", ""uf"": ""SP"", ""municipio"": ""ALVARES MACHADO"", ""desabilitado"": false}"
"Estabelecimento de saúde: HOSPITAL IAMADA. Código CNES: 2080516. Localização: PRESIDENTE PRUDENTE, São Paulo (SP). Tipo de unidade: HOSPITAL GERAL. Natureza jurídica: HOSPITAL_PRIVADO. Porte: Grande. Também já foi registrado nos cadastros com o(s) nome(s): HOSPITAL GERAL IAMADA PRES PRUDENTE.",entidade_hospital,"{""categoria"": ""entidade_hospital"", ""cnes"": ""2080516"", ""nome_oficial_tabela"": ""HOSPITAL IAMADA"", ""uf"": ""SP"", ""municipio"": ""PRESIDENTE PRUDENTE"", ""desabilitado"": false}"
"Estabelecimento de saúde: HOSPITAL E MATERNIDADE REGIONAL REGENTE FEIJO. Código CNES: 2080524. Localização: REGENTE FEIJO, São Paulo (SP). Tipo de unidade: HOSPITAL GERAL. Natureza jurídica: HOSPITAL_FILANTRÓPICO. Porte: Médio.",entidade_hospital,"{""categoria"": ""entidade_hospital"", ""cnes"": ""2080524"", ""nome_oficial_tabela"": ""HOSPITAL E MATERNIDADE REGIONAL REGENTE FEIJO"", ""uf"": ""SP"", ""municipio"": ""REGENTE FEIJO"", ""desabilitado"": false}"
"Estabelecimento de saúde: SANTA CASA HOSP DR ARISTOTELES OLIVEIRA MARTINS PRES PRUDENT. Código CNES: 2080532. Localização: PRESIDENTE PRUDENTE, São Paulo (SP). Tipo de unidade: HOSPITAL GERAL. Natureza jurídica: HOSPITAL_FILANTRÓPICO. Porte: Grande.",entidade_hospital,"{""categoria"": ""entidade_hospital"", ""cnes"": ""2080532"", ""nome_oficial_tabela"": ""SANTA CASA HOSP DR ARISTOTELES OLIVEIRA MARTINS PRES PRUDENT"", ""uf"": ""SP"", ""municipio"": ""PRESIDENTE PRUDENTE"", ""desabilitado"": false}"
"Estabelecimento de saúde: HOSPITAL ANA COSTA CUBATAO. Código CNES: 2080540. Localização: CUBATAO, São Paulo (SP). Tipo de unidade: HOSPITAL GERAL. Natureza jurídica: HOSPITAL_PRIVADO. Porte: Pequeno.",entidade_hospital,"{""categoria"": ""entidade_hospital"", ""cnes"": ""2080540"", ""nome_oficial_tabela"": ""HOSPITAL ANA COSTA CUBATAO"", ""uf"": ""SP"", ""municipio"": ""CUBATAO"", ""desabilitado"": false}"
"Estabelecimento de saúde: HOSPITAL BP. Código CNES: 2080575. Localização: SAO PAULO, São Paulo (SP). Tipo de unidade: HOSPITAL GERAL. Natureza jurídica: HOSPITAL_FILANTRÓPICO. Porte: Grande.",entidade_hospital,"{""categoria"": ""entidade_hospital"", ""cnes"": ""2080575"", ""nome_oficial_tabela"": ""HOSPITAL BP"", ""uf"": ""SP"", ""municipio"": ""SAO PAULO"", ""desabilitado"": false}"
"Estabelecimento de saúde: HOSP MUN TIDE SETUBAL. Código CNES: 2080583. Localização: SAO PAULO, São Paulo (SP). Tipo de unidade: HOSPITAL GERAL. Natureza jurídica: HOSPITAL_PÚBLICO. Porte: Grande.",entidade_hospital,"{""categoria"": ""entidade_hospital"", ""cnes"": ""2080583"", ""nome_oficial_tabela"": ""HOSP MUN TIDE SETUBAL"", ""uf"": ""SP"", ""municipio"": ""SAO PAULO"", ""desabilitado"": false}"
"Estabelecimento de saúde: HOSPITAL IFOR. Código CNES: 2080591. Localização: SAO BERNARDO DO CAMPO, São Paulo (SP). Tipo de unidade: HOSPITAL GERAL. Natureza jurídica: HOSPITAL_PRIVADO. Porte: Médio.",entidade_hospital,"{""categoria"": ""entidade_hospital"", ""cnes"": ""2080591"", ""nome_oficial_tabela"": ""HOSPITAL IFOR"", ""uf"": ""SP"", ""municipio"": ""SAO BERNARDO DO CAMPO"", ""desabilitado"": false}"
"Estabelecimento de saúde: HOSPITAL PADRE NICANOR MERINO TORRINHA. Código CNES: 2080605. Localização: TORRINHA, São Paulo (SP). Tipo de unidade: HOSPITAL GERAL. Natureza jurídica: HOSPITAL_FILANTRÓPICO. Porte: Pequeno.",entidade_hospital,"{""categoria"": ""entidade_hospital"", ""cnes"": ""2080605"", ""nome_oficial_tabela"": ""HOSPITAL PADRE NICANOR MERINO TORRINHA"", ""uf"": ""SP"", ""municipio"": ""TORRINHA"", ""desabilitado"": false}"
"Estabelecimento de saúde: HOSPITAL E MATERNIDADE CENTRAL SAO CAETANO DE SUL. Código CNES: 2080613. Localização: SAO CAETANO DO SUL, São Paulo (SP). Tipo de unidade: HOSPITAL GERAL. Natureza jurídica: HOSPITAL_PRIVADO. Porte: Médio.",entidade_hospital,"{""categoria"": ""entidade_hospital"", ""cnes"": ""2080613"", ""nome_oficial_tabela"": ""HOSPITAL E MATERNIDADE CENTRAL SAO CAETANO DE SUL"", ""uf"": ""SP"", ""municipio"": ""SAO CAETANO DO SUL"", ""desabilitado"": false}"
"Estabelecimento de saúde: SANTA CASA POMPEIA. Código CNES: 2080621. Localização: POMPEIA, São Paulo (SP). Tipo de unidade: HOSPITAL GERAL. Natureza jurídica: HOSPITAL_FILANTRÓPICO. Porte: Médio.",entidade_hospital,"{""categoria"": ""entidade_hospital"", ""cnes"": ""2080621"", ""nome_oficial_tabela"": ""SANTA CASA POMPEIA"", ""uf"": ""SP"", ""municipio"": ""POMPEIA"", ""desabilitado"": false}"
"Estabelecimento de saúde: SANTA CASA DE TUPA. Código CNES: 2080664. Localização: TUPA, São Paulo (SP). Tipo de unidade: HOSPITAL GERAL. Natureza jurídica: HOSPITAL_FILANTRÓPICO. Porte: Grande.",entidade_hospital,"{""categoria"": ""entidade_hospital"", ""cnes"": ""2080664"", ""nome_oficial_tabela"": ""SANTA CASA DE TUPA"", ""uf"": ""SP"", ""municipio"": ""TUPA"", ""desabilitado"": false}"
"Estabelecimento de saúde: HOSPITAL DAS CLINICAS LUZIA DE PINHO MELO. Código CNES: 2080680. Localização: MOGI DAS CRUZES, São Paulo (SP). Tipo de unidade: HOSPITAL GERAL. Natureza jurídica: HOSPITAL_PÚBLICO. Porte: Grande. Também já foi registrado nos cadastros com o(s) nome(s): HOSPITAL DAS CLINICAS LUZIA DE PINHO MELO MOGI DAS CRUZES.",entidade_hospital,"{""categoria"": ""entidade_hospital"", ""cnes"": ""2080680"", ""nome_oficial_tabela"": ""HOSPITAL DAS CLINICAS LUZIA DE PINHO MELO"", ""uf"": ""SP"", ""municipio"": ""MOGI DAS CRUZES"", ""desabilitado"": false}"
"Estabelecimento de saúde: HOSPITAL UNIMED PIRACICABA. Código CNES: 2080699. Localização: PIRACICABA, São Paulo (SP). Tipo de unidade: HOSPITAL GERAL. Natureza jurídica: HOSPITAL_PRIVADO. Porte: Grande.",entidade_hospital,"{""categoria"": ""entidade_hospital"", ""cnes"": ""2080699"", ""nome_oficial_tabela"": ""HOSPITAL UNIMED PIRACICABA"", ""uf"": ""SP"", ""municipio"": ""PIRACICABA"", ""desabilitado"": false}"
"Estabelecimento de saúde: HOSPITAL SAO JOSE SAO VICENTE. Código CNES: 2080729. Localização: SAO VICENTE, São Paulo (SP). Tipo de unidade: HOSPITAL GERAL. Natureza jurídica: HOSPITAL_FILANTRÓPICO. Porte: Médio.",entidade_hospital,"{""categoria"": ""entidade_hospital"", ""cnes"": ""2080729"", ""nome_oficial_tabela"": ""HOSPITAL SAO JOSE SAO VICENTE"", ""uf"": ""SP"", ""municipio"": ""SAO VICENTE"", ""desabilitado"": false}"
"Estabelecimento de saúde: HOSPITAL SAO VICENTE DE GALIA. Código CNES: 2080737. Localização: GALIA, São Paulo (SP). Tipo de unidade: HOSPITAL GERAL. Natureza jurídica: HOSPITAL_FILANTRÓPICO. Porte: Médio.",entidade_hospital,"{""categoria"": ""entidade_hospital"", ""cnes"": ""2080737"", ""nome_oficial_tabela"": ""HOSPITAL SAO VICENTE DE GALIA"", ""uf"": ""SP"", ""municipio"": ""GALIA"", ""desabilitado"": false}"
"Estabelecimento de saúde: SANTA CASA DE SANTA CRUZ DAS PALMEIRAS. Código CNES: 2080745. Localização: SANTA CRUZ DAS PALMEIRAS, São Paulo (SP). Tipo de unidade: HOSPITAL GERAL. Natureza jurídica: HOSPITAL_FILANTRÓPICO. Porte: Médio.",entidade_hospital,"{""categoria"": ""entidade_hospital"", ""cnes"": ""2080745"", ""nome_oficial_tabela"": ""SANTA CASA DE SANTA CRUZ DAS PALMEIRAS"", ""uf"": ""SP"", ""municipio"": ""SANTA CRUZ DAS PALMEIRAS"", ""desabilitado"": false}"
"Estabelecimento de saúde: SAO JOAQUIM HOSPITAL E MATERNIDADE. Código CNES: 2080753. Localização: FRANCA, São Paulo (SP). Tipo de unidade: HOSPITAL GERAL. Natureza jurídica: HOSPITAL_PRIVADO. Porte: Grande. Também já foi registrado nos cadastros com o(s) nome(s): HOSPITAL E MATERNIDADE SAO JOAQUIM.",entidade_hospital,"{""categoria"": ""entidade_hospital"", ""cnes"": ""2080753"", ""nome_oficial_tabela"": ""SAO JOAQUIM HOSPITAL E MATERNIDADE"", ""uf"": ""SP"", ""municipio"": ""FRANCA"", ""desabilitado"": false}"
"Estabelecimento de saúde: HOSPITAL DO CORACAO DO IMC. Código CNES: 2080761. Localização: SAO JOSE DO RIO PRETO, São Paulo (SP). Tipo de unidade: HOSPITAL ESPECIALIZADO. Natureza jurídica: HOSPITAL_PRIVADO. Porte: Médio.",entidade_hospital,"{""categoria"": ""entidade_hospital"", ""cnes"": ""2080761"", ""nome_oficial_tabela"": ""HOSPITAL DO CORACAO DO IMC"", ""uf"": ""SP"", ""municipio"": ""SAO JOSE DO RIO PRETO"", ""desabilitado"": false}"
"Estabelecimento de saúde: HOSP MUN V NHOCUNE ALEXANDRE ZAIO. Código CNES: 2080788. Localização: SAO PAULO, São Paulo (SP). Tipo de unidade: HOSPITAL GERAL. Natureza jurídica: HOSPITAL_PÚBLICO. Porte: Médio.",entidade_hospital,"{""categoria"": ""entidade_hospital"", ""cnes"": ""2080788"", ""nome_oficial_tabela"": ""HOSP MUN V NHOCUNE ALEXANDRE ZAIO"", ""uf"": ""SP"", ""municipio"": ""SAO PAULO"", ""desabilitado"": false}"
"Estabelecimento de saúde: HOSP MAT SAO CRISTOVAO. Código CNES: 2080796. Localização: SAO PAULO, São Paulo (SP). Tipo de unidade: HOSPITAL GERAL. Natureza jurídica: HOSPITAL_FILANTRÓPICO. Porte: Grande.",entidade_hospital,"{""categoria"": ""entidade_hospital"", ""cnes"": ""2080796"", ""nome_oficial_tabela"": ""HOSP MAT SAO CRISTOVAO"", ""uf"": ""SP"", ""municipio"": ""SAO PAULO"", ""desabilitado"": false}"
"Estabelecimento de saúde: HOSPITAL SAMARITANO. Código CNES: 2080818. Localização: SAO PAULO, São Paulo (SP). Tipo de unidade: HOSPITAL GERAL. Natureza jurídica: HOSPITAL_PRIVADO. Porte: Grande.",entidade_hospital,"{""categoria"": ""entidade_hospital"", ""cnes"": ""2080818"", ""nome_oficial_tabela"": ""HOSPITAL SAMARITANO"", ""uf"": ""SP"", ""municipio"": ""SAO PAULO"", ""desabilitado"": false}"
"Estabelecimento de saúde: HOSPITAL SAO JOSE DE ITAJOBI. Código CNES: 2080826. Localização: ITAJOBI, São Paulo (SP). Tipo de unidade: HOSPITAL GERAL. Natureza jurídica: HOSPITAL_FILANTRÓPICO. Porte: Médio.",entidade_hospital,"{""categoria"": ""entidade_hospital"", ""cnes"": ""2080826"", ""nome_oficial_tabela"": ""HOSPITAL SAO JOSE DE ITAJOBI"", ""uf"": ""SP"", ""municipio"": ""ITAJOBI"", ""desabilitado"": false}"
"Estabelecimento de saúde: SANTA CASA DE MISERICORDIA DE CANDIDO MOTA. Código CNES: 2080842. Localização: CANDIDO MOTA, São Paulo (SP). Tipo de unidade: HOSPITAL GERAL. Natureza jurídica: HOSPITAL_FILANTRÓPICO. Porte: Médio.",entidade_hospital,"{""categoria"": ""entidade_hospital"", ""cnes"": ""2080842"", ""nome_oficial_tabela"": ""SANTA CASA DE MISERICORDIA DE CANDIDO MOTA"", ""uf"": ""SP"", ""municipio"": ""CANDIDO MOTA"", ""desabilitado"": false}"
"Estabelecimento de saúde: SANTA CASA DE PAULO DE FARIA. Código CNES: 2080869. Localização: PAULO DE FARIA, São Paulo (SP). Tipo de unidade: HOSPITAL GERAL. Natureza jurídica: HOSPITAL_FILANTRÓPICO. Porte: Médio.",entidade_hospital,"{""categoria"": ""entidade_hospital"", ""cnes"": ""2080869"", ""nome_oficial_tabela"": ""SANTA CASA DE PAULO DE FARIA"", ""uf"": ""SP"", ""municipio"": ""PAULO DE FARIA"", ""desabilitado"": false}"
"Estabelecimento de saúde: AHBB BILAC. Código CNES: 2080915. Localização: BILAC, São Paulo (SP). Tipo de unidade: HOSPITAL GERAL. Natureza jurídica: HOSPITAL_FILANTRÓPICO. Porte: Médio. Também já foi registrado nos cadastros com o(s) nome(s): HOSPITAL PADRE BERNARDO BRAAKIUS.",entidade_hospital,"{""categoria"": ""entidade_hospital"", ""cnes"": ""2080915"", ""nome_oficial_tabela"": ""AHBB BILAC"", ""uf"": ""SP"", ""municipio"": ""BILAC"", ""desabilitado"": false}"
"Estabelecimento de saúde: HOSPITAL SAO VICENTE. Código CNES: 2080923. Localização: SAO JOSE DO RIO PARDO, São Paulo (SP). Tipo de unidade: HOSPITAL GERAL. Natureza jurídica: HOSPITAL_FILANTRÓPICO. Porte: Grande.",entidade_hospital,"{""categoria"": ""entidade_hospital"", ""cnes"": ""2080923"", ""nome_oficial_tabela"": ""HOSPITAL SAO VICENTE"", ""uf"": ""SP"", ""municipio"": ""SAO JOSE DO RIO PARDO"", ""desabilitado"": false}"
"Estabelecimento de saúde: SANTA CASA DE SAO CARLOS. Código CNES: 2080931. Localização: SAO CARLOS, São Paulo (SP). Tipo de unidade: HOSPITAL GERAL. Natureza jurídica: HOSPITAL_FILANTRÓPICO. Porte: Grande.",entidade_hospital,"{""categoria"": ""entidade_hospital"", ""cnes"": ""2080931"", ""nome_oficial_tabela"": ""SANTA CASA DE SAO CARLOS"", ""uf"": ""SP"", ""municipio"": ""SAO CARLOS"", ""desabilitado"": false}"
"Estabelecimento de saúde: SANTA CASA DE MISERICORDIA DE PALMITAL. Código CNES: 2080958. Localização: PALMITAL, São Paulo (SP). Tipo de unidade: HOSPITAL GERAL. Natureza jurídica: HOSPITAL_FILANTRÓPICO. Porte: Médio.",entidade_hospital,"{""categoria"": ""entidade_hospital"", ""cnes"": ""2080958"", ""nome_oficial_tabela"": ""SANTA CASA DE MISERICORDIA DE PALMITAL"", ""uf"": ""SP"", ""municipio"": ""PALMITAL"", ""desabilitado"": false}"
"Estabelecimento de saúde: SANTA CASA DE ESTRELA DOESTE. Código CNES: 2080966. Localização: ESTRELA D'OESTE, São Paulo (SP). Tipo de unidade: HOSPITAL GERAL. Natureza jurídica: HOSPITAL_FILANTRÓPICO. Porte: Médio.",entidade_hospital,"{""categoria"": ""entidade_hospital"", ""cnes"": ""2080966"", ""nome_oficial_tabela"": ""SANTA CASA DE ESTRELA DOESTE"", ""uf"": ""SP"", ""municipio"": ""ESTRELA D'OESTE"", ""desabilitado"": false}"
"Estabelecimento de saúde: HOSPITAL PAULISTA. Código CNES: 2080974. Localização: SAO PAULO, São Paulo (SP). Tipo de unidade: HOSPITAL ESPECIALIZADO. Natureza jurídica: HOSPITAL_PRIVADO. Porte: Médio. Também já foi registrado nos cadastros com o(s) nome(s): HOSP PAULISTA DE OTORRINOLARINGOLOGIA.",entidade_hospital,"{""categoria"": ""entidade_hospital"", ""cnes"": ""2080974"", ""nome_oficial_tabela"": ""HOSPITAL PAULISTA"", ""uf"": ""SP"", ""municipio"": ""SAO PAULO"", ""desabilitado"": false}"
"Estabelecimento de saúde: HOSPITAL DE CLEMENTINA. Código CNES: 2080982. Localização: CLEMENTINA, São Paulo (SP). Tipo de unidade: HOSPITAL GERAL. Natureza jurídica: HOSPITAL_FILANTRÓPICO. Porte: Médio.",entidade_hospital,"{""categoria"": ""entidade_hospital"", ""cnes"": ""2080982"", ""nome_oficial_tabela"": ""HOSPITAL DE CLEMENTINA"", ""uf"": ""SP"", ""municipio"": ""CLEMENTINA"", ""desabilitado"": false}"
"Estabelecimento de saúde: HOSPITAL ESPIRITA DE MARILIA. Código CNES: 2080990. Localização: MARILIA, São Paulo (SP). Tipo de unidade: HOSPITAL ESPECIALIZADO. Natureza jurídica: HOSPITAL_FILANTRÓPICO. Porte: Grande.",entidade_hospital,"{""categoria"": ""entidade_hospital"", ""cnes"": ""2080990"", ""nome_oficial_tabela"": ""HOSPITAL ESPIRITA DE MARILIA"", ""uf"": ""SP"", ""municipio"": ""MARILIA"", ""desabilitado"": false}"
"Estabelecimento de saúde: HOSPITAL SAO FRANCISCO. Código CNES: 2081016. Localização: MOGI GUACU, São Paulo (SP). Tipo de unidade: HOSPITAL GERAL. Natureza jurídica: HOSPITAL_PRIVADO. Porte: Grande.",entidade_hospital,"{""categoria"": ""entidade_hospital"", ""cnes"": ""2081016"", ""nome_oficial_tabela"": ""HOSPITAL SAO FRANCISCO"", ""uf"": ""SP"", ""municipio"": ""MOGI GUACU"", ""desabilitado"": false}"
"Estabelecimento de saúde: HOSPITAL UNIMED DE RIO CLARO. Código CNES: 2081032. Localização: RIO CLARO, São Paulo (SP). Tipo de unidade: HOSPITAL GERAL. Natureza jurídica: HOSPITAL_PRIVADO. Porte: Médio.",entidade_hospital,"{""categoria"": ""entidade_hospital"", ""cnes"": ""2081032"", ""nome_oficial_tabela"": ""HOSPITAL UNIMED DE RIO CLARO"", ""uf"": ""SP"", ""municipio"": ""RIO CLARO"", ""desabilitado"": false}"
"Estabelecimento de saúde: HOSPITAL UNIMED DE ARARAS. Código CNES: 2081040. Localização: ARARAS, São Paulo (SP). Tipo de unidade: HOSPITAL GERAL. Natureza jurídica: HOSPITAL_PRIVADO. Porte: Médio.",entidade_hospital,"{""categoria"": ""entidade_hospital"", ""cnes"": ""2081040"", ""nome_oficial_tabela"": ""HOSPITAL UNIMED DE ARARAS"", ""uf"": ""SP"", ""municipio"": ""ARARAS"", ""desabilitado"": false}"
"Estabelecimento de saúde: HOSPITAL MUNICIPAL DE PAULINIA. Código CNES: 2081059. Localização: PAULINIA, São Paulo (SP). Tipo de unidade: HOSPITAL GERAL. Natureza jurídica: HOSPITAL_PÚBLICO. Porte: Grande.",entidade_hospital,"{""categoria"": ""entidade_hospital"", ""cnes"": ""2081059"", ""nome_oficial_tabela"": ""HOSPITAL MUNICIPAL DE PAULINIA"", ""uf"": ""SP"", ""municipio"": ""PAULINIA"", ""desabilitado"": false}"
"Estabelecimento de saúde: CTO. Código CNES: 2081075. Localização: INDAIATUBA, São Paulo (SP). Tipo de unidade: HOSPITAL ESPECIALIZADO. Natureza jurídica: HOSPITAL_PRIVADO. Porte: Pequeno.",entidade_hospital,"{""categoria"": ""entidade_hospital"", ""cnes"": ""2081075"", ""nome_oficial_tabela"": ""CTO"", ""uf"": ""SP"", ""municipio"": ""INDAIATUBA"", ""desabilitado"": false}"
"Estabelecimento de saúde: SANTA CASA DE ASSIS. Código CNES: 2081083. Localização: ASSIS, São Paulo (SP). Tipo de unidade: HOSPITAL GERAL. Natureza jurídica: HOSPITAL_FILANTRÓPICO. Porte: Grande.",entidade_hospital,"{""categoria"": ""entidade_hospital"", ""cnes"": ""2081083"", ""nome_oficial_tabela"": ""SANTA CASA DE ASSIS"", ""uf"": ""SP"", ""municipio"": ""ASSIS"", ""desabilitado"": false}"
"Estabelecimento de saúde: HOSPITAL MUNICIPAL DE ITAPIRA. Código CNES: 2081091. Localização: ITAPIRA, São Paulo (SP). Tipo de unidade: HOSPITAL GERAL. Natureza jurídica: HOSPITAL_PÚBLICO. Porte: Médio.",entidade_hospital,"{""categoria"": ""entidade_hospital"", ""cnes"": ""2081091"", ""nome_oficial_tabela"": ""HOSPITAL MUNICIPAL DE ITAPIRA"", ""uf"": ""SP"", ""municipio"": ""ITAPIRA"", ""desabilitado"": false}"
"Estabelecimento de saúde: SANTA CASA DE VALPARAISO. Código CNES: 2081105. Localização: VALPARAISO, São Paulo (SP). Tipo de unidade: HOSPITAL GERAL. Natureza jurídica: HOSPITAL_FILANTRÓPICO. Porte: Médio.",entidade_hospital,"{""categoria"": ""entidade_hospital"", ""cnes"": ""2081105"", ""nome_oficial_tabela"": ""SANTA CASA DE VALPARAISO"", ""uf"": ""SP"", ""municipio"": ""VALPARAISO"", ""desabilitado"": false}"
"Estabelecimento de saúde: HOSPITAL SANTA FILOMENA DE RIO CLARO. Código CNES: 2081113. Localização: RIO CLARO, São Paulo (SP). Tipo de unidade: HOSPITAL GERAL. Natureza jurídica: HOSPITAL_PRIVADO. Porte: Médio.",entidade_hospital,"{""categoria"": ""entidade_hospital"", ""cnes"": ""2081113"", ""nome_oficial_tabela"": ""HOSPITAL SANTA FILOMENA DE RIO CLARO"", ""uf"": ""SP"", ""municipio"": ""RIO CLARO"", ""desabilitado"": false}"
"Estabelecimento de saúde: HOSPITAL SANTA LYDIA RIBEIRAO PRETO. Código CNES: 2081164. Localização: RIBEIRAO PRETO, São Paulo (SP). Tipo de unidade: HOSPITAL GERAL. Natureza jurídica: HOSPITAL_FILANTRÓPICO. Porte: Médio.",entidade_hospital,"{""categoria"": ""entidade_hospital"", ""cnes"": ""2081164"", ""nome_oficial_tabela"": ""HOSPITAL SANTA LYDIA RIBEIRAO PRETO"", ""uf"": ""SP"", ""municipio"": ""RIBEIRAO PRETO"", ""desabilitado"": false}"
"Estabelecimento de saúde: HOSPITAL E MATERNIDADE SAO LUCAS. Código CNES: 2081202. Localização: RIBEIRAO PIRES, São Paulo (SP). Tipo de unidade: HOSPITAL GERAL. Natureza jurídica: HOSPITAL_PÚBLICO. Porte: Médio.",entidade_hospital,"{""categoria"": ""entidade_hospital"", ""cnes"": ""2081202"", ""nome_oficial_tabela"": ""HOSPITAL E MATERNIDADE SAO LUCAS"", ""uf"": ""SP"", ""municipio"": ""RIBEIRAO PIRES"", ""desabilitado"": false}"
"Estabelecimento de saúde: SANTA CASA DE PARAPUA. Código CNES: 2081229. Localização: PARAPUA, São Paulo (SP). Tipo de unidade: HOSPITAL GERAL. Natureza jurídica: HOSPITAL_FILANTRÓPICO. Porte: Médio.",entidade_hospital,"{""categoria"": ""entidade_hospital"", ""cnes"": ""2081229"", ""nome_oficial_tabela"": ""SANTA CASA DE PARAPUA"", ""uf"": ""SP"", ""municipio"": ""PARAPUA"", ""desabilitado"": false}"
"Estabelecimento de saúde: HOSPITAL SAO PAULO DE RINOPOLIS. Código CNES: 2081237. Localização: RINOPOLIS, São Paulo (SP). Tipo de unidade: HOSPITAL GERAL. Natureza jurídica: HOSPITAL_FILANTRÓPICO. Porte: Médio.",entidade_hospital,"{""categoria"": ""entidade_hospital"", ""cnes"": ""2081237"", ""nome_oficial_tabela"": ""HOSPITAL SAO PAULO DE RINOPOLIS"", ""uf"": ""SP"", ""municipio"": ""RINOPOLIS"", ""desabilitado"": false}"
"Estabelecimento de saúde: SANTA CASA DE SUD MENNUCCI. Código CNES: 2081245. Localização: SUD MENNUCCI, São Paulo (SP). Tipo de unidade: HOSPITAL GERAL. Natureza jurídica: HOSPITAL_FILANTRÓPICO. Porte: Médio.",entidade_hospital,"{""categoria"": ""entidade_hospital"", ""cnes"": ""2081245"", ""nome_oficial_tabela"": ""SANTA CASA DE SUD MENNUCCI"", ""uf"": ""SP"", ""municipio"": ""SUD MENNUCCI"", ""desabilitado"": false}"
"Estabelecimento de saúde: HOSPITAL SAO LUIZ DE ARARAS. Código CNES: 2081253. Localização: ARARAS, São Paulo (SP). Tipo de unidade: HOSPITAL GERAL. Natureza jurídica: HOSPITAL_FILANTRÓPICO. Porte: Grande.",entidade_hospital,"{""categoria"": ""entidade_hospital"", ""cnes"": ""2081253"", ""nome_oficial_tabela"": ""HOSPITAL SAO LUIZ DE ARARAS"", ""uf"": ""SP"", ""municipio"": ""ARARAS"", ""desabilitado"": false}"
"Estabelecimento de saúde: HOSPITAL SAO LUIZ. Código CNES: 2081261. Localização: BOITUVA, São Paulo (SP). Tipo de unidade: HOSPITAL GERAL. Natureza jurídica: HOSPITAL_FILANTRÓPICO. Porte: Médio.",entidade_hospital,"{""categoria"": ""entidade_hospital"", ""cnes"": ""2081261"", ""nome_oficial_tabela"": ""HOSPITAL SAO LUIZ"", ""uf"": ""SP"", ""municipio"": ""BOITUVA"", ""desabilitado"": false}"
"Estabelecimento de saúde: HOSPITAL DO CORACAO. Código CNES: 2081288. Localização: SAO PAULO, São Paulo (SP). Tipo de unidade: HOSPITAL GERAL. Natureza jurídica: HOSPITAL_FILANTRÓPICO. Porte: Grande.",entidade_hospital,"{""categoria"": ""entidade_hospital"", ""cnes"": ""2081288"", ""nome_oficial_tabela"": ""HOSPITAL DO CORACAO"", ""uf"": ""SP"", ""municipio"": ""SAO PAULO"", ""desabilitado"": false}"
"Estabelecimento de saúde: HOSPITAL JOAO DEPIERI DE CAJOBI. Código CNES: 2081296. Localização: CAJOBI, São Paulo (SP). Tipo de unidade: HOSPITAL GERAL. Natureza jurídica: HOSPITAL_FILANTRÓPICO. Porte: Médio.",entidade_hospital,"{""categoria"": ""entidade_hospital"", ""cnes"": ""2081296"", ""nome_oficial_tabela"": ""HOSPITAL JOAO DEPIERI DE CAJOBI"", ""uf"": ""SP"", ""municipio"": ""CAJOBI"", ""desabilitado"": false}"
"Estabelecimento de saúde: HOSPITAL SAO LOURENCO. Código CNES: 2081342. Localização: URUPES, São Paulo (SP). Tipo de unidade: HOSPITAL GERAL. Natureza jurídica: HOSPITAL_FILANTRÓPICO. Porte: Médio.",entidade_hospital,"{""categoria"": ""entidade_hospital"", ""cnes"": ""2081342"", ""nome_oficial_tabela"": ""HOSPITAL SAO LOURENCO"", ""uf"": ""SP"", ""municipio"": ""URUPES"", ""desabilitado"": false}"
"Estabelecimento de saúde: HOSPITAL DE PIRAJU. Código CNES: 2081350. Localização: PIRAJU, São Paulo (SP). Tipo de unidade: HOSPITAL GERAL. Natureza jurídica: HOSPITAL_FILANTRÓPICO. Porte: Médio.",entidade_hospital,"{""categoria"": ""entidade_hospital"", ""cnes"": ""2081350"", ""nome_oficial_tabela"": ""HOSPITAL DE PIRAJU"", ""uf"": ""SP"", ""municipio"": ""PIRAJU"", ""desabilitado"": false}"
"Estabelecimento de saúde: SANTA CASA DE VOTUPORANGA. Código CNES: 2081377. Localização: VOTUPORANGA, São Paulo (SP). Tipo de unidade: HOSPITAL GERAL. Natureza jurídica: HOSPITAL_FILANTRÓPICO. Porte: Grande.",entidade_hospital,"{""categoria"": ""entidade_hospital"", ""cnes"": ""2081377"", ""nome_oficial_tabela"": ""SANTA CASA DE VOTUPORANGA"", ""uf"": ""SP"", ""municipio"": ""VOTUPORANGA"", ""desabilitado"": false}"
"Estabelecimento de saúde: SANTA CASA DE TUPI PAULISTA. Código CNES: 2081385. Localização: TUPI PAULISTA, São Paulo (SP). Tipo de unidade: HOSPITAL GERAL. Natureza jurídica: HOSPITAL_FILANTRÓPICO. Porte: Médio.",entidade_hospital,"{""categoria"": ""entidade_hospital"", ""cnes"": ""2081385"", ""nome_oficial_tabela"": ""SANTA CASA DE TUPI PAULISTA"", ""uf"": ""SP"", ""municipio"": ""TUPI PAULISTA"", ""desabilitado"": false}"
"Estabelecimento de saúde: HOSPITAL SANTA ROSA DE LIMA DE SERRA NEGRA. Código CNES: 2081393. Localização: SERRA NEGRA, São Paulo (SP). Tipo de unidade: HOSPITAL GERAL. Natureza jurídica: HOSPITAL_FILANTRÓPICO. Porte: Médio.",entidade_hospital,"{""categoria"": ""entidade_hospital"", ""cnes"": ""2081393"", ""nome_oficial_tabela"": ""HOSPITAL SANTA ROSA DE LIMA DE SERRA NEGRA"", ""uf"": ""SP"", ""municipio"": ""SERRA NEGRA"", ""desabilitado"": false}"
"Estabelecimento de saúde: UNIDADE MISTA DE SAUDE DE JARINU MONSENHOR JACOB CONTI. Código CNES: 2081407. Localização: JARINU, São Paulo (SP). Tipo de unidade: UNIDADE MISTA. Natureza jurídica: HOSPITAL_PÚBLICO. Porte: Pequeno.",entidade_hospital,"{""categoria"": ""entidade_hospital"", ""cnes"": ""2081407"", ""nome_oficial_tabela"": ""UNIDADE MISTA DE SAUDE DE JARINU MONSENHOR JACOB CONTI"", ""uf"": ""SP"", ""municipio"": ""JARINU"", ""desabilitado"": false}"
"Estabelecimento de saúde: SANTA CASA DE LUCELIA. Código CNES: 2081431. Localização: LUCELIA, São Paulo (SP). Tipo de unidade: HOSPITAL GERAL. Natureza jurídica: HOSPITAL_FILANTRÓPICO. Porte: Médio.",entidade_hospital,"{""categoria"": ""entidade_hospital"", ""cnes"": ""2081431"", ""nome_oficial_tabela"": ""SANTA CASA DE LUCELIA"", ""uf"": ""SP"", ""municipio"": ""LUCELIA"", ""desabilitado"": false}"
"Estabelecimento de saúde: SANTA CASA DE LIMEIRA. Código CNES: 2081458. Localização: LIMEIRA, São Paulo (SP). Tipo de unidade: HOSPITAL GERAL. Natureza jurídica: HOSPITAL_FILANTRÓPICO. Porte: Grande.",entidade_hospital,"{""categoria"": ""entidade_hospital"", ""cnes"": ""2081458"", ""nome_oficial_tabela"": ""SANTA CASA DE LIMEIRA"", ""uf"": ""SP"", ""municipio"": ""LIMEIRA"", ""desabilitado"": false}"
"Estabelecimento de saúde: HOSPITAL NOSSA SENHORA DA DIVINA PROVIDENCIA. Código CNES: 2081466. Localização: JACI, São Paulo (SP). Tipo de unidade: HOSPITAL GERAL. Natureza jurídica: HOSPITAL_FILANTRÓPICO. Porte: Grande.",entidade_hospital,"{""categoria"": ""entidade_hospital"", ""cnes"": ""2081466"", ""nome_oficial_tabela"": ""HOSPITAL NOSSA SENHORA DA DIVINA PROVIDENCIA"", ""uf"": ""SP"", ""municipio"": ""JACI"", ""desabilitado"": false}"
"Estabelecimento de saúde: BOLDRINI CAMPINAS. Código CNES: 2081482. Localização: CAMPINAS, São Paulo (SP). Tipo de unidade: HOSPITAL ESPECIALIZADO. Natureza jurídica: HOSPITAL_FILANTRÓPICO. Porte: Médio.",entidade_hospital,"{""categoria"": ""entidade_hospital"", ""cnes"": ""2081482"", ""nome_oficial_tabela"": ""BOLDRINI CAMPINAS"", ""uf"": ""SP"", ""municipio"": ""CAMPINAS"", ""desabilitado"": false}"
"Estabelecimento de saúde: HOSPITAL MUNICIPAL DR MARIO GATTI CAMPINAS. Código CNES: 2081490. Localização: CAMPINAS, São Paulo (SP). Tipo de unidade: HOSPITAL GERAL. Natureza jurídica: HOSPITAL_PÚBLICO. Porte: Grande.",entidade_hospital,"{""categoria"": ""entidade_hospital"", ""cnes"": ""2081490"", ""nome_oficial_tabela"": ""HOSPITAL MUNICIPAL DR MARIO GATTI CAMPINAS"", ""uf"": ""SP"", ""municipio"": ""CAMPINAS"", ""desabilitado"": false}"
"Estabelecimento de saúde: SANTA CASA DE MISERICORDIA DE GUARATINGUETA. Código CNES: 2081512. Localização: GUARATINGUETA, São Paulo (SP). Tipo de unidade: HOSPITAL GERAL. Natureza jurídica: HOSPITAL_FILANTRÓPICO. Porte: Grande.",entidade_hospital,"{""categoria"": ""entidade_hospital"", ""cnes"": ""2081512"", ""nome_oficial_tabela"": ""SANTA CASA DE MISERICORDIA DE GUARATINGUETA"", ""uf"": ""SP"", ""municipio"": ""GUARATINGUETA"", ""desabilitado"": false}"
"Estabelecimento de saúde: HOSPITAL E MATERNIDADE DE GUARACAI. Código CNES: 2081520. Localização: GUARACAI, São Paulo (SP). Tipo de unidade: HOSPITAL GERAL. Natureza jurídica: HOSPITAL_FILANTRÓPICO. Porte: Médio.",entidade_hospital,"{""categoria"": ""entidade_hospital"", ""cnes"": ""2081520"", ""nome_oficial_tabela"": ""HOSPITAL E MATERNIDADE DE GUARACAI"", ""uf"": ""SP"", ""municipio"": ""GUARACAI"", ""desabilitado"": false}"
"Estabelecimento de saúde: SHAM CM 13. Código CNES: 2081539. Localização: SAO BERNARDO DO CAMPO, São Paulo (SP). Tipo de unidade: PRONTO SOCORRO GERAL. Natureza jurídica: HOSPITAL_PRIVADO. Porte: Pequeno. Também já foi registrado nos cadastros com o(s) nome(s): HOSPITAL SANTA HELENA ASSISTENCIA MEDICA SB DO CAMPO.",entidade_hospital,"{""categoria"": ""entidade_hospital"", ""cnes"": ""2081539"", ""nome_oficial_tabela"": ""SHAM CM 13"", ""uf"": ""SP"", ""municipio"": ""SAO BERNARDO DO CAMPO"", ""desabilitado"": false}"
"Estabelecimento de saúde: SANTA CASA DE MISERICORDIA DE ITARARE. Código CNES: 2081555. Localização: ITARARE, São Paulo (SP). Tipo de unidade: HOSPITAL GERAL. Natureza jurídica: HOSPITAL_FILANTRÓPICO. Porte: Médio.",entidade_hospital,"{""categoria"": ""entidade_hospital"", ""cnes"": ""2081555"", ""nome_oficial_tabela"": ""SANTA CASA DE MISERICORDIA DE ITARARE"", ""uf"": ""SP"", ""municipio"": ""ITARARE"", ""desabilitado"": false}"
"Estabelecimento de saúde: CLINICA DE REPOUSO SANTA ROSA ESPIRITO SANTO DO PINHAL. Código CNES: 2081563. Localização: ESPIRITO SANTO DO PINHAL, São Paulo (SP). Tipo de unidade: HOSPITAL ESPECIALIZADO. Natureza jurídica: HOSPITAL_PRIVADO. Porte: Médio.",entidade_hospital,"{""categoria"": ""entidade_hospital"", ""cnes"": ""2081563"", ""nome_oficial_tabela"": ""CLINICA DE REPOUSO SANTA ROSA ESPIRITO SANTO DO PINHAL"", ""uf"": ""SP"", ""municipio"": ""ESPIRITO SANTO DO PINHAL"", ""desabilitado"": false}"
"Estabelecimento de saúde: SANTA CASA DE RIOLANDIA. Código CNES: 2081571. Localização: RIOLANDIA, São Paulo (SP). Tipo de unidade: HOSPITAL GERAL. Natureza jurídica: HOSPITAL_FILANTRÓPICO. Porte: Médio.",entidade_hospital,"{""categoria"": ""entidade_hospital"", ""cnes"": ""2081571"", ""nome_oficial_tabela"": ""SANTA CASA DE RIOLANDIA"", ""uf"": ""SP"", ""municipio"": ""RIOLANDIA"", ""desabilitado"": false}"
"Estabelecimento de saúde: SANTA CASA DE MISERICORDIA SAO LUCAS. Código CNES: 2081598. Localização: TAPIRATIBA, São Paulo (SP). Tipo de unidade: HOSPITAL GERAL. Natureza jurídica: HOSPITAL_FILANTRÓPICO. Porte: Médio.",entidade_hospital,"{""categoria"": ""entidade_hospital"", ""cnes"": ""2081598"", ""nome_oficial_tabela"": ""SANTA CASA DE MISERICORDIA SAO LUCAS"", ""uf"": ""SP"", ""municipio"": ""TAPIRATIBA"", ""desabilitado"": false}"
"Estabelecimento de saúde: HOSPITAL FRANCA. Código CNES: 2081601. Localização: FRANCA, São Paulo (SP). Tipo de unidade: HOSPITAL GERAL. Natureza jurídica: HOSPITAL_PRIVADO. Porte: Médio.",entidade_hospital,"{""categoria"": ""entidade_hospital"", ""cnes"": ""2081601"", ""nome_oficial_tabela"": ""HOSPITAL FRANCA"", ""uf"": ""SP"", ""municipio"": ""FRANCA"", ""desabilitado"": false}"
"Estabelecimento de saúde: HOSPITAL CARLOS CHAGAS. Código CNES: 2081628. Localização: GUARULHOS, São Paulo (SP). Tipo de unidade: HOSPITAL GERAL. Natureza jurídica: HOSPITAL_PRIVADO. Porte: Grande.",entidade_hospital,"{""categoria"": ""entidade_hospital"", ""cnes"": ""2081628"", ""nome_oficial_tabela"": ""HOSPITAL CARLOS CHAGAS"", ""uf"": ""SP"", ""municipio"": ""GUARULHOS"", ""desabilitado"": false}"
"Estabelecimento de saúde: HOSPITAL FREI GALVAO. Código CNES: 2081636. Localização: SANTOS, São Paulo (SP). Tipo de unidade: HOSPITAL GERAL. Natureza jurídica: HOSPITAL_PRIVADO. Porte: Médio.",entidade_hospital,"{""categoria"": ""entidade_hospital"", ""cnes"": ""2081636"", ""nome_oficial_tabela"": ""HOSPITAL FREI GALVAO"", ""uf"": ""SP"", ""municipio"": ""SANTOS"", ""desabilitado"": false}"
"Estabelecimento de saúde: HOSPITAL FREI GALVAO. Código CNES: 2081644. Localização: GUARATINGUETA, São Paulo (SP). Tipo de unidade: HOSPITAL GERAL. Natureza jurídica: HOSPITAL_FILANTRÓPICO. Porte: Grande.",entidade_hospital,"{""categoria"": ""entidade_hospital"", ""cnes"": ""2081644"", ""nome_oficial_tabela"": ""HOSPITAL FREI GALVAO"", ""uf"": ""SP"", ""municipio"": ""GUARATINGUETA"", ""desabilitado"": false}"
"Estabelecimento de saúde: SANTA CASA DE GENERAL SALGADO. Código CNES: 2081652. Localização: GENERAL SALGADO, São Paulo (SP). Tipo de unidade: HOSPITAL GERAL. Natureza jurídica: HOSPITAL_FILANTRÓPICO. Porte: Médio.",entidade_hospital,"{""categoria"": ""entidade_hospital"", ""cnes"": ""2081652"", ""nome_oficial_tabela"": ""SANTA CASA DE GENERAL SALGADO"", ""uf"": ""SP"", ""municipio"": ""GENERAL SALGADO"", ""desabilitado"": false}"
"Estabelecimento de saúde: SANTA CASA DE IPAUCU. Código CNES: 2081660. Localização: IPAUSSU, São Paulo (SP). Tipo de unidade: HOSPITAL GERAL. Natureza jurídica: HOSPITAL_FILANTRÓPICO. Porte: Médio.",entidade_hospital,"{""categoria"": ""entidade_hospital"", ""cnes"": ""2081660"", ""nome_oficial_tabela"": ""SANTA CASA DE IPAUCU"", ""uf"": ""SP"", ""municipio"": ""IPAUSSU"", ""desabilitado"": false}"
"Estabelecimento de saúde: CONJUNTO HOSPITALAR SOROCABA. Código CNES: 2081695. Localização: SOROCABA, São Paulo (SP). Tipo de unidade: HOSPITAL GERAL. Natureza jurídica: HOSPITAL_PÚBLICO. Porte: Grande.",entidade_hospital,"{""categoria"": ""entidade_hospital"", ""cnes"": ""2081695"", ""nome_oficial_tabela"": ""CONJUNTO HOSPITALAR SOROCABA"", ""uf"": ""SP"", ""municipio"": ""SOROCABA"", ""desabilitado"": false}"
"Estabelecimento de saúde: SANTA CASA DESCALVADO. Código CNES: 2081717. Localização: DESCALVADO, São Paulo (SP). Tipo de unidade: HOSPITAL GERAL. Natureza jurídica: HOSPITAL_FILANTRÓPICO. Porte: Médio.",entidade_hospital,"{""categoria"": ""entidade_hospital"", ""cnes"": ""2081717"", ""nome_oficial_tabela"": ""SANTA CASA DESCALVADO"", ""uf"": ""SP"", ""municipio"": ""DESCALVADO"", ""desabilitado"": false}"
"Estabelecimento de saúde: CAIS CLEMENTE FERREIRA DE LINS. Código CNES: 2081725. Localização: LINS, São Paulo (SP). Tipo de unidade: HOSPITAL GERAL. Natureza jurídica: HOSPITAL_PÚBLICO. Porte: Grande.",entidade_hospital,"{""categoria"": ""entidade_hospital"", ""cnes"": ""2081725"", ""nome_oficial_tabela"": ""CAIS CLEMENTE FERREIRA DE LINS"", ""uf"": ""SP"", ""municipio"": ""LINS"", ""desabilitado"": false}"
"Estabelecimento de saúde: SEARA HOSPITAL PSIQUIATRICO. Código CNES: 2081733. Localização: AMERICANA, São Paulo (SP). Tipo de unidade: HOSPITAL ESPECIALIZADO. Natureza jurídica: HOSPITAL_FILANTRÓPICO. Porte: Médio.",entidade_hospital,"{""categoria"": ""entidade_hospital"", ""cnes"": ""2081733"", ""nome_oficial_tabela"": ""SEARA HOSPITAL PSIQUIATRICO"", ""uf"": ""SP"", ""municipio"": ""AMERICANA"", ""desabilitado"": false}"
"Estabelecimento de saúde: HOSPITAL SBC. Código CNES: 2081741. Localização: SAO PAULO, São Paulo (SP). Tipo de unidade: HOSPITAL GERAL. Natureza jurídica: HOSPITAL_FILANTRÓPICO. Porte: Médio.",entidade_hospital,"{""categoria"": ""entidade_hospital"", ""cnes"": ""2081741"", ""nome_oficial_tabela"": ""HOSPITAL SBC"", ""uf"": ""SP"", ""municipio"": ""SAO PAULO"", ""desabilitado"": false}"
"Estabelecimento de saúde: SANTA CASA DE AURIFLAMA. Código CNES: 2081768. Localização: AURIFLAMA, São Paulo (SP). Tipo de unidade: HOSPITAL GERAL. Natureza jurídica: HOSPITAL_FILANTRÓPICO. Porte: Médio.",entidade_hospital,"{""categoria"": ""entidade_hospital"", ""cnes"": ""2081768"", ""nome_oficial_tabela"": ""SANTA CASA DE AURIFLAMA"", ""uf"": ""SP"", ""municipio"": ""AURIFLAMA"", ""desabilitado"": false}"
"Estabelecimento de saúde: HOSPITAL SANTA THEREZINHA BROTAS. Código CNES: 2081784. Localização: BROTAS, São Paulo (SP). Tipo de unidade: HOSPITAL GERAL. Natureza jurídica: HOSPITAL_FILANTRÓPICO. Porte: Médio.",entidade_hospital,"{""categoria"": ""entidade_hospital"", ""cnes"": ""2081784"", ""nome_oficial_tabela"": ""HOSPITAL SANTA THEREZINHA BROTAS"", ""uf"": ""SP"", ""municipio"": ""BROTAS"", ""desabilitado"": false}"
"Estabelecimento de saúde: SANTA CASA DE MACAUBAL. Código CNES: 2081792. Localização: MACAUBAL, São Paulo (SP). Tipo de unidade: HOSPITAL GERAL. Natureza jurídica: HOSPITAL_FILANTRÓPICO. Porte: Pequeno.",entidade_hospital,"{""categoria"": ""entidade_hospital"", ""cnes"": ""2081792"", ""nome_oficial_tabela"": ""SANTA CASA DE MACAUBAL"", ""uf"": ""SP"", ""municipio"": ""MACAUBAL"", ""desabilitado"": false}"
"Estabelecimento de saúde: HOSPITAL PADRE JOAO W BRAEM. Código CNES: 2081806. Localização: ALTO ALEGRE, São Paulo (SP). Tipo de unidade: HOSPITAL GERAL. Natureza jurídica: HOSPITAL_PÚBLICO. Porte: Pequeno.",entidade_hospital,"{""categoria"": ""entidade_hospital"", ""cnes"": ""2081806"", ""nome_oficial_tabela"": ""HOSPITAL PADRE JOAO W BRAEM"", ""uf"": ""SP"", ""municipio"": ""ALTO ALEGRE"", ""desabilitado"": false}"
"Estabelecimento de saúde: SANTA CASA DE GUARARAPES. Código CNES: 2081814. Localização: GUARARAPES, São Paulo (SP). Tipo de unidade: HOSPITAL GERAL. Natureza jurídica: HOSPITAL_FILANTRÓPICO. Porte: Médio.",entidade_hospital,"{""categoria"": ""entidade_hospital"", ""cnes"": ""2081814"", ""nome_oficial_tabela"": ""SANTA CASA DE GUARARAPES"", ""uf"": ""SP"", ""municipio"": ""GUARARAPES"", ""desabilitado"": false}"
"Estabelecimento de saúde: UNIDADE MISTA DE PEDRO DE TOLEDO SP. Código CNES: 2081830. Localização: PEDRO DE TOLEDO, São Paulo (SP). Tipo de unidade: UNIDADE MISTA. Natureza jurídica: HOSPITAL_PÚBLICO. Porte: Pequeno.",entidade_hospital,"{""categoria"": ""entidade_hospital"", ""cnes"": ""2081830"", ""nome_oficial_tabela"": ""UNIDADE MISTA DE PEDRO DE TOLEDO SP"", ""uf"": ""SP"", ""municipio"": ""PEDRO DE TOLEDO"", ""desabilitado"": false}"
"Estabelecimento de saúde: UNIDADE MISTA DE IGUAPE. Código CNES: 2081857. Localização: IGUAPE, São Paulo (SP). Tipo de unidade: UNIDADE MISTA. Natureza jurídica: HOSPITAL_PÚBLICO. Porte: Pequeno.",entidade_hospital,"{""categoria"": ""entidade_hospital"", ""cnes"": ""2081857"", ""nome_oficial_tabela"": ""UNIDADE MISTA DE IGUAPE"", ""uf"": ""SP"", ""municipio"": ""IGUAPE"", ""desabilitado"": false}"
"Estabelecimento de saúde: HOSPITAL ALBERT SABIN ATIBAIA. Código CNES: 2081865. Localização: ATIBAIA, São Paulo (SP). Tipo de unidade: HOSPITAL GERAL. Natureza jurídica: HOSPITAL_PRIVADO. Porte: Médio.",entidade_hospital,"{""categoria"": ""entidade_hospital"", ""cnes"": ""2081865"", ""nome_oficial_tabela"": ""HOSPITAL ALBERT SABIN ATIBAIA"", ""uf"": ""SP"", ""municipio"": ""ATIBAIA"", ""desabilitado"": false}"
"Estabelecimento de saúde: HOSPITAL E MATERNIDADE DE RANCHARIA. Código CNES: 2081873. Localização: RANCHARIA, São Paulo (SP). Tipo de unidade: HOSPITAL GERAL. Natureza jurídica: HOSPITAL_FILANTRÓPICO. Porte: Grande.",entidade_hospital,"{""categoria"": ""entidade_hospital"", ""cnes"": ""2081873"", ""nome_oficial_tabela"": ""HOSPITAL E MATERNIDADE DE RANCHARIA"", ""uf"": ""SP"", ""municipio"": ""RANCHARIA"", ""desabilitado"": false}"
"Estabelecimento de saúde: HOSPITAL E MATERNIDADE SAO JOSE DO ABC. Código CNES: 2081881. Localização: SANTO ANDRE, São Paulo (SP). Tipo de unidade: HOSPITAL GERAL. Natureza jurídica: HOSPITAL_PRIVADO. Porte: Grande.",entidade_hospital,"{""categoria"": ""entidade_hospital"", ""cnes"": ""2081881"", ""nome_oficial_tabela"": ""HOSPITAL E MATERNIDADE SAO JOSE DO ABC"", ""uf"": ""SP"", ""municipio"": ""SANTO ANDRE"", ""desabilitado"": false}"
"Estabelecimento de saúde: HOSPITAL DE CARIDADE DE VARGEM GRANDE DO SUL. Código CNES: 2081903. Localização: VARGEM GRANDE DO SUL, São Paulo (SP). Tipo de unidade: HOSPITAL GERAL. Natureza jurídica: HOSPITAL_FILANTRÓPICO. Porte: Médio.",entidade_hospital,"{""categoria"": ""entidade_hospital"", ""cnes"": ""2081903"", ""nome_oficial_tabela"": ""HOSPITAL DE CARIDADE DE VARGEM GRANDE DO SUL"", ""uf"": ""SP"", ""municipio"": ""VARGEM GRANDE DO SUL"", ""desabilitado"": false}"
"Estabelecimento de saúde: HOSPITAL SANTA TEREZA. Código CNES: 2081938. Localização: CAMPINAS, São Paulo (SP). Tipo de unidade: HOSPITAL GERAL. Natureza jurídica: HOSPITAL_PRIVADO. Porte: Grande.",entidade_hospital,"{""categoria"": ""entidade_hospital"", ""cnes"": ""2081938"", ""nome_oficial_tabela"": ""HOSPITAL SANTA TEREZA"", ""uf"": ""SP"", ""municipio"": ""CAMPINAS"", ""desabilitado"": false}"
"Estabelecimento de saúde: CASA DE SAUDE. Código CNES: 2081946. Localização: CAMPINAS, São Paulo (SP). Tipo de unidade: HOSPITAL GERAL. Natureza jurídica: HOSPITAL_PRIVADO. Porte: Grande.",entidade_hospital,"{""categoria"": ""entidade_hospital"", ""cnes"": ""2081946"", ""nome_oficial_tabela"": ""CASA DE SAUDE"", ""uf"": ""SP"", ""municipio"": ""CAMPINAS"", ""desabilitado"": false}"
"Estabelecimento de saúde: HOSP MUN JABAQUARA ARTUR RIBEIRO DE SABOYA. Código CNES: 2081970. Localização: SAO PAULO, São Paulo (SP). Tipo de unidade: HOSPITAL GERAL. Natureza jurídica: HOSPITAL_PÚBLICO. Porte: Grande.",entidade_hospital,"{""categoria"": ""entidade_hospital"", ""cnes"": ""2081970"", ""nome_oficial_tabela"": ""HOSP MUN JABAQUARA ARTUR RIBEIRO DE SABOYA"", ""uf"": ""SP"", ""municipio"": ""SAO PAULO"", ""desabilitado"": false}"
"Estabelecimento de saúde: HOSPITAL SAO SEBASTIAO DE BORBOREMA. Código CNES: 2081989. Localização: BORBOREMA, São Paulo (SP). Tipo de unidade: HOSPITAL GERAL. Natureza jurídica: HOSPITAL_FILANTRÓPICO. Porte: Médio.",entidade_hospital,"{""categoria"": ""entidade_hospital"", ""cnes"": ""2081989"", ""nome_oficial_tabela"": ""HOSPITAL SAO SEBASTIAO DE BORBOREMA"", ""uf"": ""SP"", ""municipio"": ""BORBOREMA"", ""desabilitado"": false}"
"Estabelecimento de saúde: SANTA CASA DE CARDOSO. Código CNES: 2082071. Localização: CARDOSO, São Paulo (SP). Tipo de unidade: HOSPITAL GERAL. Natureza jurídica: HOSPITAL_FILANTRÓPICO. Porte: Médio.",entidade_hospital,"{""categoria"": ""entidade_hospital"", ""cnes"": ""2082071"", ""nome_oficial_tabela"": ""SANTA CASA DE CARDOSO"", ""uf"": ""SP"", ""municipio"": ""CARDOSO"", ""desabilitado"": false}"
"Estabelecimento de saúde: HOSPITAL DR ADHEMAR DE BARROS APIAI. Código CNES: 2082098. Localização: APIAI, São Paulo (SP). Tipo de unidade: HOSPITAL GERAL. Natureza jurídica: HOSPITAL_FILANTRÓPICO. Porte: Médio.",entidade_hospital,"{""categoria"": ""entidade_hospital"", ""cnes"": ""2082098"", ""nome_oficial_tabela"": ""HOSPITAL DR ADHEMAR DE BARROS APIAI"", ""uf"": ""SP"", ""municipio"": ""APIAI"", ""desabilitado"": false}"
"Estabelecimento de saúde: HOSPITAL MODELO SOROCABA. Código CNES: 2082101. Localização: SOROCABA, São Paulo (SP). Tipo de unidade: HOSPITAL GERAL. Natureza jurídica: HOSPITAL_PRIVADO. Porte: Médio.",entidade_hospital,"{""categoria"": ""entidade_hospital"", ""cnes"": ""2082101"", ""nome_oficial_tabela"": ""HOSPITAL MODELO SOROCABA"", ""uf"": ""SP"", ""municipio"": ""SOROCABA"", ""desabilitado"": false}"
"Estabelecimento de saúde: HOSPITAL E MATERNIDADE CELSO PIERRO. Código CNES: 2082128. Localização: CAMPINAS, São Paulo (SP). Tipo de unidade: HOSPITAL GERAL. Natureza jurídica: HOSPITAL_FILANTRÓPICO. Porte: Grande.",entidade_hospital,"{""categoria"": ""entidade_hospital"", ""cnes"": ""2082128"", ""nome_oficial_tabela"": ""HOSPITAL E MATERNIDADE CELSO PIERRO"", ""uf"": ""SP"", ""municipio"": ""CAMPINAS"", ""desabilitado"": false}"
"Estabelecimento de saúde: HOSPITAL SAO FRANCISCO DE AMERICANA. Código CNES: 2082179. Localização: AMERICANA, São Paulo (SP). Tipo de unidade: HOSPITAL GERAL. Natureza jurídica: HOSPITAL_FILANTRÓPICO. Porte: Grande.",entidade_hospital,"{""categoria"": ""entidade_hospital"", ""cnes"": ""2082179"", ""nome_oficial_tabela"": ""HOSPITAL SAO FRANCISCO DE AMERICANA"", ""uf"": ""SP"", ""municipio"": ""AMERICANA"", ""desabilitado"": false}"
"Estabelecimento de saúde: HOSPITAL DAS CLINICAS FAEPA RIBEIRAO PRETO. Código CNES: 2082187. Localização: RIBEIRAO PRETO, São Paulo (SP). Tipo de unidade: HOSPITAL GERAL. Natureza jurídica: HOSPITAL_FILANTRÓPICO. Porte: Grande.",entidade_hospital,"{""categoria"": ""entidade_hospital"", ""cnes"": ""2082187"", ""nome_oficial_tabela"": ""HOSPITAL DAS CLINICAS FAEPA RIBEIRAO PRETO"", ""uf"": ""SP"", ""municipio"": ""RIBEIRAO PRETO"", ""desabilitado"": false}"
"Estabelecimento de saúde: BENEFICENCIA PORTUGUESA DE AMPARO. Código CNES: 2082195. Localização: AMPARO, São Paulo (SP). Tipo de unidade: HOSPITAL GERAL. Natureza jurídica: HOSPITAL_FILANTRÓPICO. Porte: Médio.",entidade_hospital,"{""categoria"": ""entidade_hospital"", ""cnes"": ""2082195"", ""nome_oficial_tabela"": ""BENEFICENCIA PORTUGUESA DE AMPARO"", ""uf"": ""SP"", ""municipio"": ""AMPARO"", ""desabilitado"": false}"
"Estabelecimento de saúde: PS E MATERNIDADE NAIR FONSECA LEITAO ARANTES. Código CNES: 2082209. Localização: BARUERI, São Paulo (SP). Tipo de unidade: PRONTO SOCORRO ESPECIALIZADO. Natureza jurídica: HOSPITAL_PÚBLICO. Porte: Grande.",entidade_hospital,"{""categoria"": ""entidade_hospital"", ""cnes"": ""2082209"", ""nome_oficial_tabela"": ""PS E MATERNIDADE NAIR FONSECA LEITAO ARANTES"", ""uf"": ""SP"", ""municipio"": ""BARUERI"", ""desabilitado"": false}"
"Estabelecimento de saúde: HOSPITAL KATIA DE SOUZA RODRIGUES TAIPASSP SAO PAULO. Código CNES: 2082225. Localização: SAO PAULO, São Paulo (SP). Tipo de unidade: HOSPITAL GERAL. Natureza jurídica: HOSPITAL_PÚBLICO. Porte: Grande. Também já foi registrado nos cadastros com o(s) nome(s): HOSPITAL KATIA DE SOUZA RODRIGUES TAIPAS SAO PAULO.",entidade_hospital,"{""categoria"": ""entidade_hospital"", ""cnes"": ""2082225"", ""nome_oficial_tabela"": ""HOSPITAL KATIA DE SOUZA RODRIGUES TAIPASSP SAO PAULO"", ""uf"": ""SP"", ""municipio"": ""SAO PAULO"", ""desabilitado"": false}"
"Estabelecimento de saúde: CASAS ANDRE LUIZ GUARULHOS. Código CNES: 2082276. Localização: GUARULHOS, São Paulo (SP). Tipo de unidade: HOSPITAL ESPECIALIZADO. Natureza jurídica: HOSPITAL_FILANTRÓPICO. Porte: Grande.",entidade_hospital,"{""categoria"": ""entidade_hospital"", ""cnes"": ""2082276"", ""nome_oficial_tabela"": ""CASAS ANDRE LUIZ GUARULHOS"", ""uf"": ""SP"", ""municipio"": ""GUARULHOS"", ""desabilitado"": false}"
"Estabelecimento de saúde: SANTA CASA DE GRAMA. Código CNES: 2082284. Localização: SAO SEBASTIAO DA GRAMA, São Paulo (SP). Tipo de unidade: HOSPITAL GERAL. Natureza jurídica: HOSPITAL_FILANTRÓPICO. Porte: Médio.",entidade_hospital,"{""categoria"": ""entidade_hospital"", ""cnes"": ""2082284"", ""nome_oficial_tabela"": ""SANTA CASA DE GRAMA"", ""uf"": ""SP"", ""municipio"": ""SAO SEBASTIAO DA GRAMA"", ""desabilitado"": false}"
"Estabelecimento de saúde: HOSPITAL LACAN. Código CNES: 2082292. Localização: SAO BERNARDO DO CAMPO, São Paulo (SP). Tipo de unidade: HOSPITAL ESPECIALIZADO. Natureza jurídica: HOSPITAL_FILANTRÓPICO. Porte: Grande.",entidade_hospital,"{""categoria"": ""entidade_hospital"", ""cnes"": ""2082292"", ""nome_oficial_tabela"": ""HOSPITAL LACAN"", ""uf"": ""SP"", ""municipio"": ""SAO BERNARDO DO CAMPO"", ""desabilitado"": false}"
"Estabelecimento de saúde: SANTA CASA DE CASA BRANCA. Código CNES: 2082306. Localização: CASA BRANCA, São Paulo (SP). Tipo de unidade: HOSPITAL GERAL. Natureza jurídica: HOSPITAL_FILANTRÓPICO. Porte: Médio.",entidade_hospital,"{""categoria"": ""entidade_hospital"", ""cnes"": ""2082306"", ""nome_oficial_tabela"": ""SANTA CASA DE CASA BRANCA"", ""uf"": ""SP"", ""municipio"": ""CASA BRANCA"", ""desabilitado"": false}"
"Estabelecimento de saúde: HOSPITAL ALBERT SABIN. Código CNES: 2082314. Localização: SAO PAULO, São Paulo (SP). Tipo de unidade: HOSPITAL GERAL. Natureza jurídica: HOSPITAL_PRIVADO. Porte: Médio. Também já foi registrado nos cadastros com o(s) nome(s): HOSP ALBERT SABIN.",entidade_hospital,"{""categoria"": ""entidade_hospital"", ""cnes"": ""2082314"", ""nome_oficial_tabela"": ""HOSPITAL ALBERT SABIN"", ""uf"": ""SP"", ""municipio"": ""SAO PAULO"", ""desabilitado"": false}"
"Estabelecimento de saúde: HOSPITAL DONA BALBINA. Código CNES: 2082322. Localização: PORTO FERREIRA, São Paulo (SP). Tipo de unidade: HOSPITAL GERAL. Natureza jurídica: HOSPITAL_FILANTRÓPICO. Porte: Médio.",entidade_hospital,"{""categoria"": ""entidade_hospital"", ""cnes"": ""2082322"", ""nome_oficial_tabela"": ""HOSPITAL DONA BALBINA"", ""uf"": ""SP"", ""municipio"": ""PORTO FERREIRA"", ""desabilitado"": false}"
"Estabelecimento de saúde: HOSPITAL NOSSA SENHORA DE FATIMA. Código CNES: 2082330. Localização: SAO CAETANO DO SUL, São Paulo (SP). Tipo de unidade: HOSPITAL GERAL. Natureza jurídica: HOSPITAL_FILANTRÓPICO. Porte: Grande.",entidade_hospital,"{""categoria"": ""entidade_hospital"", ""cnes"": ""2082330"", ""nome_oficial_tabela"": ""HOSPITAL NOSSA SENHORA DE FATIMA"", ""uf"": ""SP"", ""municipio"": ""SAO CAETANO DO SUL"", ""desabilitado"": false}"
"Estabelecimento de saúde: HOSPITAL DE CLINICAS DR RADAMES NARDINI. Código CNES: 2082349. Localização: MAUA, São Paulo (SP). Tipo de unidade: HOSPITAL GERAL. Natureza jurídica: HOSPITAL_PÚBLICO. Porte: Grande.",entidade_hospital,"{""categoria"": ""entidade_hospital"", ""cnes"": ""2082349"", ""nome_oficial_tabela"": ""HOSPITAL DE CLINICAS DR RADAMES NARDINI"", ""uf"": ""SP"", ""municipio"": ""MAUA"", ""desabilitado"": false}"
"Estabelecimento de saúde: HOSPITAL MUNICIPAL DE BEBEDOURO JULIA PINTO CALDEIRA. Código CNES: 2082381. Localização: BEBEDOURO, São Paulo (SP). Tipo de unidade: HOSPITAL GERAL. Natureza jurídica: HOSPITAL_PÚBLICO. Porte: Médio.",entidade_hospital,"{""categoria"": ""entidade_hospital"", ""cnes"": ""2082381"", ""nome_oficial_tabela"": ""HOSPITAL MUNICIPAL DE BEBEDOURO JULIA PINTO CALDEIRA"", ""uf"": ""SP"", ""municipio"": ""BEBEDOURO"", ""desabilitado"": false}"
"Estabelecimento de saúde: SANTA CASA DE CHAVANTES. Código CNES: 2082438. Localização: CHAVANTES, São Paulo (SP). Tipo de unidade: HOSPITAL GERAL. Natureza jurídica: HOSPITAL_FILANTRÓPICO. Porte: Médio.",entidade_hospital,"{""categoria"": ""entidade_hospital"", ""cnes"": ""2082438"", ""nome_oficial_tabela"": ""SANTA CASA DE CHAVANTES"", ""uf"": ""SP"", ""municipio"": ""CHAVANTES"", ""desabilitado"": false}"
"Estabelecimento de saúde: CLINICA NOSSO LAR. Código CNES: 2082446. Localização: ADAMANTINA, São Paulo (SP). Tipo de unidade: HOSPITAL ESPECIALIZADO. Natureza jurídica: HOSPITAL_FILANTRÓPICO. Porte: Médio.",entidade_hospital,"{""categoria"": ""entidade_hospital"", ""cnes"": ""2082446"", ""nome_oficial_tabela"": ""CLINICA NOSSO LAR"", ""uf"": ""SP"", ""municipio"": ""ADAMANTINA"", ""desabilitado"": false}"
"Estabelecimento de saúde: CASA DA CRIANCA DE TUPA. Código CNES: 2082454. Localização: TUPA, São Paulo (SP). Tipo de unidade: HOSPITAL ESPECIALIZADO. Natureza jurídica: HOSPITAL_FILANTRÓPICO. Porte: Grande.",entidade_hospital,"{""categoria"": ""entidade_hospital"", ""cnes"": ""2082454"", ""nome_oficial_tabela"": ""CASA DA CRIANCA DE TUPA"", ""uf"": ""SP"", ""municipio"": ""TUPA"", ""desabilitado"": false}"
"Estabelecimento de saúde: HOSPITAL UNIMED LEME. Código CNES: 2082462. Localização: LEME, São Paulo (SP). Tipo de unidade: HOSPITAL GERAL. Natureza jurídica: HOSPITAL_PRIVADO. Porte: Médio.",entidade_hospital,"{""categoria"": ""entidade_hospital"", ""cnes"": ""2082462"", ""nome_oficial_tabela"": ""HOSPITAL UNIMED LEME"", ""uf"": ""SP"", ""municipio"": ""LEME"", ""desabilitado"": false}"
"Estabelecimento de saúde: HOSPITAL SAO LEOPOLDO MANDIC. Código CNES: 2082470. Localização: ARARAS, São Paulo (SP). Tipo de unidade: HOSPITAL GERAL. Natureza jurídica: HOSPITAL_FILANTRÓPICO. Porte: Grande.",entidade_hospital,"{""categoria"": ""entidade_hospital"", ""cnes"": ""2082470"", ""nome_oficial_tabela"": ""HOSPITAL SAO LEOPOLDO MANDIC"", ""uf"": ""SP"", ""municipio"": ""ARARAS"", ""desabilitado"": false}"
"Estabelecimento de saúde: SANTA CASA HOSPITAL JESUS MARIA JOSE. Código CNES: 2082497. Localização: BERNARDINO DE CAMPOS, São Paulo (SP). Tipo de unidade: HOSPITAL GERAL. Natureza jurídica: HOSPITAL_FILANTRÓPICO. Porte: Médio.",entidade_hospital,"{""categoria"": ""entidade_hospital"", ""cnes"": ""2082497"", ""nome_oficial_tabela"": ""SANTA CASA HOSPITAL JESUS MARIA JOSE"", ""uf"": ""SP"", ""municipio"": ""BERNARDINO DE CAMPOS"", ""desabilitado"": false}"
"Estabelecimento de saúde: SANTA CASA DE PARAGUACU PAULISTA. Código CNES: 2082519. Localização: PARAGUACU PAULISTA, São Paulo (SP). Tipo de unidade: HOSPITAL GERAL. Natureza jurídica: HOSPITAL_FILANTRÓPICO. Porte: Grande.",entidade_hospital,"{""categoria"": ""entidade_hospital"", ""cnes"": ""2082519"", ""nome_oficial_tabela"": ""SANTA CASA DE PARAGUACU PAULISTA"", ""uf"": ""SP"", ""municipio"": ""PARAGUACU PAULISTA"", ""desabilitado"": false}"
"Estabelecimento de saúde: SANTA CASA DE ARARAQUARA. Código CNES: 2082527. Localização: ARARAQUARA, São Paulo (SP). Tipo de unidade: HOSPITAL GERAL. Natureza jurídica: HOSPITAL_FILANTRÓPICO. Porte: Grande.",entidade_hospital,"{""categoria"": ""entidade_hospital"", ""cnes"": ""2082527"", ""nome_oficial_tabela"": ""SANTA CASA DE ARARAQUARA"", ""uf"": ""SP"", ""municipio"": ""ARARAQUARA"", ""desabilitado"": false}"
"Estabelecimento de saúde: HOSP STA RITA. Código CNES: 2082535. Localização: SAO PAULO, São Paulo (SP). Tipo de unidade: HOSPITAL GERAL. Natureza jurídica: HOSPITAL_PRIVADO. Porte: Grande. Também já foi registrado nos cadastros com o(s) nome(s): HOSPITAL SANTA RITA.",entidade_hospital,"{""categoria"": ""entidade_hospital"", ""cnes"": ""2082535"", ""nome_oficial_tabela"": ""HOSP STA RITA"", ""uf"": ""SP"", ""municipio"": ""SAO PAULO"", ""desabilitado"": false}"
"Estabelecimento de saúde: SANTA CASA DE IBIRA. Código CNES: 2082551. Localização: IBIRA, São Paulo (SP). Tipo de unidade: HOSPITAL GERAL. Natureza jurídica: HOSPITAL_FILANTRÓPICO. Porte: Médio.",entidade_hospital,"{""categoria"": ""entidade_hospital"", ""cnes"": ""2082551"", ""nome_oficial_tabela"": ""SANTA CASA DE IBIRA"", ""uf"": ""SP"", ""municipio"": ""IBIRA"", ""desabilitado"": false}"
"Estabelecimento de saúde: SANTA CASA DE MISERICORDIA DE OSVALDO CRUZ. Código CNES: 2082586. Localização: OSVALDO CRUZ, São Paulo (SP). Tipo de unidade: HOSPITAL GERAL. Natureza jurídica: HOSPITAL_FILANTRÓPICO. Porte: Médio.",entidade_hospital,"{""categoria"": ""entidade_hospital"", ""cnes"": ""2082586"", ""nome_oficial_tabela"": ""SANTA CASA DE MISERICORDIA DE OSVALDO CRUZ"", ""uf"": ""SP"", ""municipio"": ""OSVALDO CRUZ"", ""desabilitado"": false}"
"Estabelecimento de saúde: COMPLEXO HOSPITALAR DE CLINICAS. Código CNES: 2082594. Localização: SAO CAETANO DO SUL, São Paulo (SP). Tipo de unidade: HOSPITAL GERAL. Natureza jurídica: HOSPITAL_PÚBLICO. Porte: Grande. Também já foi registrado nos cadastros com o(s) nome(s): COMPLEXO HOSPITALAR MUNICIPAL.",entidade_hospital,"{""categoria"": ""entidade_hospital"", ""cnes"": ""2082594"", ""nome_oficial_tabela"": ""COMPLEXO HOSPITALAR DE CLINICAS"", ""uf"": ""SP"", ""municipio"": ""SAO CAETANO DO SUL"", ""desabilitado"": false}"
"Estabelecimento de saúde: HOSPITAL HB SAUDE. Código CNES: 2082608. Localização: MIRASSOL, São Paulo (SP). Tipo de unidade: HOSPITAL GERAL. Natureza jurídica: HOSPITAL_PRIVADO. Porte: Médio.",entidade_hospital,"{""categoria"": ""entidade_hospital"", ""cnes"": ""2082608"", ""nome_oficial_tabela"": ""HOSPITAL HB SAUDE"", ""uf"": ""SP"", ""municipio"": ""MIRASSOL"", ""desabilitado"": false}"
"Estabelecimento de saúde: HOSPITAL JAPONES SANTA CRUZ. Código CNES: 2082624. Localização: SAO PAULO, São Paulo (SP). Tipo de unidade: HOSPITAL GERAL. Natureza jurídica: HOSPITAL_FILANTRÓPICO. Porte: Grande.",entidade_hospital,"{""categoria"": ""entidade_hospital"", ""cnes"": ""2082624"", ""nome_oficial_tabela"": ""HOSPITAL JAPONES SANTA CRUZ"", ""uf"": ""SP"", ""municipio"": ""SAO PAULO"", ""desabilitado"": false}"
"Estabelecimento de saúde: HOSPITAL E MATERNIDADE SAO JOSE BARRA BONITA. Código CNES: 2082632. Localização: BARRA BONITA, São Paulo (SP). Tipo de unidade: HOSPITAL GERAL. Natureza jurídica: HOSPITAL_FILANTRÓPICO. Porte: Médio.",entidade_hospital,"{""categoria"": ""entidade_hospital"", ""cnes"": ""2082632"", ""nome_oficial_tabela"": ""HOSPITAL E MATERNIDADE SAO JOSE BARRA BONITA"", ""uf"": ""SP"", ""municipio"": ""BARRA BONITA"", ""desabilitado"": false}"
"Estabelecimento de saúde: SANTA CASA DE CARIDADE E MATERNIDADE IBITINGA. Código CNES: 2082640. Localização: IBITINGA, São Paulo (SP). Tipo de unidade: HOSPITAL GERAL. Natureza jurídica: HOSPITAL_FILANTRÓPICO. Porte: Grande.",entidade_hospital,"{""categoria"": ""entidade_hospital"", ""cnes"": ""2082640"", ""nome_oficial_tabela"": ""SANTA CASA DE CARIDADE E MATERNIDADE IBITINGA"", ""uf"": ""SP"", ""municipio"": ""IBITINGA"", ""desabilitado"": false}"
"Estabelecimento de saúde: SANTA CASA DE NOVA GRANADA. Código CNES: 2082659. Localização: NOVA GRANADA, São Paulo (SP). Tipo de unidade: HOSPITAL GERAL. Natureza jurídica: HOSPITAL_FILANTRÓPICO. Porte: Médio.",entidade_hospital,"{""categoria"": ""entidade_hospital"", ""cnes"": ""2082659"", ""nome_oficial_tabela"": ""SANTA CASA DE NOVA GRANADA"", ""uf"": ""SP"", ""municipio"": ""NOVA GRANADA"", ""desabilitado"": false}"
"Estabelecimento de saúde: SANTA CASA DE MONTE APRAZIVEL. Código CNES: 2082667. Localização: MONTE APRAZIVEL, São Paulo (SP). Tipo de unidade: HOSPITAL GERAL. Natureza jurídica: HOSPITAL_FILANTRÓPICO. Porte: Médio.",entidade_hospital,"{""categoria"": ""entidade_hospital"", ""cnes"": ""2082667"", ""nome_oficial_tabela"": ""SANTA CASA DE MONTE APRAZIVEL"", ""uf"": ""SP"", ""municipio"": ""MONTE APRAZIVEL"", ""desabilitado"": false}"
"Estabelecimento de saúde: ASSOCIACAO DE AMPARO AO EXCEPCIONAL RITINHA PRATES. Código CNES: 2082675. Localização: ARACATUBA, São Paulo (SP). Tipo de unidade: HOSPITAL GERAL. Natureza jurídica: HOSPITAL_FILANTRÓPICO. Porte: Médio.",entidade_hospital,"{""categoria"": ""entidade_hospital"", ""cnes"": ""2082675"", ""nome_oficial_tabela"": ""ASSOCIACAO DE AMPARO AO EXCEPCIONAL RITINHA PRATES"", ""uf"": ""SP"", ""municipio"": ""ARACATUBA"", ""desabilitado"": false}"
"Estabelecimento de saúde: SANTA CASA DE ANDRADINA. Código CNES: 2082691. Localização: ANDRADINA, São Paulo (SP). Tipo de unidade: HOSPITAL GERAL. Natureza jurídica: HOSPITAL_FILANTRÓPICO. Porte: Grande.",entidade_hospital,"{""categoria"": ""entidade_hospital"", ""cnes"": ""2082691"", ""nome_oficial_tabela"": ""SANTA CASA DE ANDRADINA"", ""uf"": ""SP"", ""municipio"": ""ANDRADINA"", ""desabilitado"": false}"
"Estabelecimento de saúde: HOSPITAL E MATERNIDADE SOTERO DE SOUZA. Código CNES: 2082721. Localização: SAO ROQUE, São Paulo (SP). Tipo de unidade: HOSPITAL GERAL. Natureza jurídica: HOSPITAL_FILANTRÓPICO. Porte: Médio.",entidade_hospital,"{""categoria"": ""entidade_hospital"", ""cnes"": ""2082721"", ""nome_oficial_tabela"": ""HOSPITAL E MATERNIDADE SOTERO DE SOUZA"", ""uf"": ""SP"", ""municipio"": ""SAO ROQUE"", ""desabilitado"": false}"
"Estabelecimento de saúde: HOSPITAL ANGATUBA. Código CNES: 2082748. Localização: ANGATUBA, São Paulo (SP). Tipo de unidade: HOSPITAL GERAL. Natureza jurídica: HOSPITAL_FILANTRÓPICO. Porte: Médio.",entidade_hospital,"{""categoria"": ""entidade_hospital"", ""cnes"": ""2082748"", ""nome_oficial_tabela"": ""HOSPITAL ANGATUBA"", ""uf"": ""SP"", ""municipio"": ""ANGATUBA"", ""desabilitado"": false}"
"Estabelecimento de saúde: SANTA CASA DE SALTO GRANDE. Código CNES: 2082756. Localização: SALTO GRANDE, São Paulo (SP). Tipo de unidade: HOSPITAL GERAL. Natureza jurídica: HOSPITAL_FILANTRÓPICO. Porte: Médio.",entidade_hospital,"{""categoria"": ""entidade_hospital"", ""cnes"": ""2082756"", ""nome_oficial_tabela"": ""SANTA CASA DE SALTO GRANDE"", ""uf"": ""SP"", ""municipio"": ""SALTO GRANDE"", ""desabilitado"": false}"
"Estabelecimento de saúde: BENEFICENCIA HOSPITALAR DE CESARIO LANGE. Código CNES: 2082780. Localização: CESARIO LANGE, São Paulo (SP). Tipo de unidade: HOSPITAL GERAL. Natureza jurídica: HOSPITAL_FILANTRÓPICO. Porte: Médio.",entidade_hospital,"{""categoria"": ""entidade_hospital"", ""cnes"": ""2082780"", ""nome_oficial_tabela"": ""BENEFICENCIA HOSPITALAR DE CESARIO LANGE"", ""uf"": ""SP"", ""municipio"": ""CESARIO LANGE"", ""desabilitado"": false}"
"Estabelecimento de saúde: CONDERG HOSPITAL REGIONAL DE DIVINOLANDIA. Código CNES: 2082810. Localização: DIVINOLANDIA, São Paulo (SP). Tipo de unidade: HOSPITAL GERAL. Natureza jurídica: HOSPITAL_PÚBLICO. Porte: Grande.",entidade_hospital,"{""categoria"": ""entidade_hospital"", ""cnes"": ""2082810"", ""nome_oficial_tabela"": ""CONDERG HOSPITAL REGIONAL DE DIVINOLANDIA"", ""uf"": ""SP"", ""municipio"": ""DIVINOLANDIA"", ""desabilitado"": false}"
"Estabelecimento de saúde: HOSP MUN PROFESSOR DOUTOR ALIPIO CORREA NETTO. Código CNES: 2082829. Localização: SAO PAULO, São Paulo (SP). Tipo de unidade: HOSPITAL GERAL. Natureza jurídica: HOSPITAL_PÚBLICO. Porte: Grande.",entidade_hospital,"{""categoria"": ""entidade_hospital"", ""cnes"": ""2082829"", ""nome_oficial_tabela"": ""HOSP MUN PROFESSOR DOUTOR ALIPIO CORREA NETTO"", ""uf"": ""SP"", ""municipio"": ""SAO PAULO"", ""desabilitado"": false}"
"Estabelecimento de saúde: SANTA CASA DE OLIMPIA. Código CNES: 2082845. Localização: OLIMPIA, São Paulo (SP). Tipo de unidade: HOSPITAL GERAL. Natureza jurídica: HOSPITAL_FILANTRÓPICO. Porte: Médio.",entidade_hospital,"{""categoria"": ""entidade_hospital"", ""cnes"": ""2082845"", ""nome_oficial_tabela"": ""SANTA CASA DE OLIMPIA"", ""uf"": ""SP"", ""municipio"": ""OLIMPIA"", ""desabilitado"": false}"
"Estabelecimento de saúde: HOSPITAL MAJOR ANTONIO CANDIDO BATATAIS. Código CNES: 2082853. Localização: BATATAIS, São Paulo (SP). Tipo de unidade: HOSPITAL GERAL. Natureza jurídica: HOSPITAL_FILANTRÓPICO. Porte: Grande.",entidade_hospital,"{""categoria"": ""entidade_hospital"", ""cnes"": ""2082853"", ""nome_oficial_tabela"": ""HOSPITAL MAJOR ANTONIO CANDIDO BATATAIS"", ""uf"": ""SP"", ""municipio"": ""BATATAIS"", ""desabilitado"": false}"
"Estabelecimento de saúde: HOSP MUNICIPAL DE URGENCIAS HMU. Código CNES: 2082861. Localização: GUARULHOS, São Paulo (SP). Tipo de unidade: HOSPITAL GERAL. Natureza jurídica: HOSPITAL_PÚBLICO. Porte: Grande.",entidade_hospital,"{""categoria"": ""entidade_hospital"", ""cnes"": ""2082861"", ""nome_oficial_tabela"": ""HOSP MUNICIPAL DE URGENCIAS HMU"", ""uf"": ""SP"", ""municipio"": ""GUARULHOS"", ""desabilitado"": false}"
"Estabelecimento de saúde: SANTA CASA DE RIO CLARO. Código CNES: 2082888. Localização: RIO CLARO, São Paulo (SP). Tipo de unidade: HOSPITAL GERAL. Natureza jurídica: HOSPITAL_FILANTRÓPICO. Porte: Grande.",entidade_hospital,"{""categoria"": ""entidade_hospital"", ""cnes"": ""2082888"", ""nome_oficial_tabela"": ""SANTA CASA DE RIO CLARO"", ""uf"": ""SP"", ""municipio"": ""RIO CLARO"", ""desabilitado"": false}"
"Estabelecimento de saúde: CASA DE SAUDE STELLA MARIS. Código CNES: 2082926. Localização: CARAGUATATUBA, São Paulo (SP). Tipo de unidade: HOSPITAL GERAL. Natureza jurídica: HOSPITAL_FILANTRÓPICO. Porte: Grande.",entidade_hospital,"{""categoria"": ""entidade_hospital"", ""cnes"": ""2082926"", ""nome_oficial_tabela"": ""CASA DE SAUDE STELLA MARIS"", ""uf"": ""SP"", ""municipio"": ""CARAGUATATUBA"", ""desabilitado"": false}"
"Estabelecimento de saúde: SANTA CASA DE MISERICORDIA DE TAGUAI. Código CNES: 2082934. Localização: TAGUAI, São Paulo (SP). Tipo de unidade: HOSPITAL GERAL. Natureza jurídica: HOSPITAL_FILANTRÓPICO. Porte: Médio.",entidade_hospital,"{""categoria"": ""entidade_hospital"", ""cnes"": ""2082934"", ""nome_oficial_tabela"": ""SANTA CASA DE MISERICORDIA DE TAGUAI"", ""uf"": ""SP"", ""municipio"": ""TAGUAI"", ""desabilitado"": false}"
"Estabelecimento de saúde: SANTA CASA DE MACATUBA. Código CNES: 2082942. Localização: MACATUBA, São Paulo (SP). Tipo de unidade: HOSPITAL GERAL. Natureza jurídica: HOSPITAL_FILANTRÓPICO. Porte: Médio.",entidade_hospital,"{""categoria"": ""entidade_hospital"", ""cnes"": ""2082942"", ""nome_oficial_tabela"": ""SANTA CASA DE MACATUBA"", ""uf"": ""SP"", ""municipio"": ""MACATUBA"", ""desabilitado"": false}"
"Estabelecimento de saúde: HOSPITAL MUNICIPAL SANTO ANTONIO. Código CNES: 2082985. Localização: TAIUVA, São Paulo (SP). Tipo de unidade: UNIDADE MISTA. Natureza jurídica: HOSPITAL_PÚBLICO. Porte: Pequeno.",entidade_hospital,"{""categoria"": ""entidade_hospital"", ""cnes"": ""2082985"", ""nome_oficial_tabela"": ""HOSPITAL MUNICIPAL SANTO ANTONIO"", ""uf"": ""SP"", ""municipio"": ""TAIUVA"", ""desabilitado"": false}"
"Estabelecimento de saúde: HOSPITAL ESTADUAL DE MIRANDOPOLIS DR OSWALDO BRANDI FARIA. Código CNES: 2083019. Localização: MIRANDOPOLIS, São Paulo (SP). Tipo de unidade: HOSPITAL GERAL. Natureza jurídica: HOSPITAL_PÚBLICO. Porte: Médio.",entidade_hospital,"{""categoria"": ""entidade_hospital"", ""cnes"": ""2083019"", ""nome_oficial_tabela"": ""HOSPITAL ESTADUAL DE MIRANDOPOLIS DR OSWALDO BRANDI FARIA"", ""uf"": ""SP"", ""municipio"": ""MIRANDOPOLIS"", ""desabilitado"": false}"
"Estabelecimento de saúde: SANTA CASA DE MISERICORDIA DE PEREIRA BARRETO. Código CNES: 2083027. Localização: PEREIRA BARRETO, São Paulo (SP). Tipo de unidade: HOSPITAL GERAL. Natureza jurídica: HOSPITAL_FILANTRÓPICO. Porte: Médio.",entidade_hospital,"{""categoria"": ""entidade_hospital"", ""cnes"": ""2083027"", ""nome_oficial_tabela"": ""SANTA CASA DE MISERICORDIA DE PEREIRA BARRETO"", ""uf"": ""SP"", ""municipio"": ""PEREIRA BARRETO"", ""desabilitado"": false}"
"Estabelecimento de saúde: SANTA CASA DE APARECIDA. Código CNES: 2083051. Localização: APARECIDA, São Paulo (SP). Tipo de unidade: HOSPITAL GERAL. Natureza jurídica: HOSPITAL_FILANTRÓPICO. Porte: Grande.",entidade_hospital,"{""categoria"": ""entidade_hospital"", ""cnes"": ""2083051"", ""nome_oficial_tabela"": ""SANTA CASA DE APARECIDA"", ""uf"": ""SP"", ""municipio"": ""APARECIDA"", ""desabilitado"": false}"
"Estabelecimento de saúde: HOSPITAL AMARAL CARVALHO JAU. Código CNES: 2083086. Localização: JAU, São Paulo (SP). Tipo de unidade: HOSPITAL ESPECIALIZADO. Natureza jurídica: HOSPITAL_FILANTRÓPICO. Porte: Grande.",entidade_hospital,"{""categoria"": ""entidade_hospital"", ""cnes"": ""2083086"", ""nome_oficial_tabela"": ""HOSPITAL AMARAL CARVALHO JAU"", ""uf"": ""SP"", ""municipio"": ""JAU"", ""desabilitado"": false}"
"Estabelecimento de saúde: HOSPITAL REGIONAL DE ASSIS. Código CNES: 2083094. Localização: ASSIS, São Paulo (SP). Tipo de unidade: HOSPITAL GERAL. Natureza jurídica: HOSPITAL_PÚBLICO. Porte: Grande.",entidade_hospital,"{""categoria"": ""entidade_hospital"", ""cnes"": ""2083094"", ""nome_oficial_tabela"": ""HOSPITAL REGIONAL DE ASSIS"", ""uf"": ""SP"", ""municipio"": ""ASSIS"", ""desabilitado"": false}"
"Estabelecimento de saúde: SANTA CASA DE MARILIA. Código CNES: 2083116. Localização: MARILIA, São Paulo (SP). Tipo de unidade: HOSPITAL GERAL. Natureza jurídica: HOSPITAL_FILANTRÓPICO. Porte: Grande.",entidade_hospital,"{""categoria"": ""entidade_hospital"", ""cnes"": ""2083116"", ""nome_oficial_tabela"": ""SANTA CASA DE MARILIA"", ""uf"": ""SP"", ""municipio"": ""MARILIA"", ""desabilitado"": false}"
"Estabelecimento de saúde: IRMANDADE DA SANTA CASA DE MISERICORDIA DE SANTA ISABEL. Código CNES: 2083140. Localização: SANTA ISABEL, São Paulo (SP). Tipo de unidade: HOSPITAL GERAL. Natureza jurídica: HOSPITAL_FILANTRÓPICO. Porte: Médio.",entidade_hospital,"{""categoria"": ""entidade_hospital"", ""cnes"": ""2083140"", ""nome_oficial_tabela"": ""IRMANDADE DA SANTA CASA DE MISERICORDIA DE SANTA ISABEL"", ""uf"": ""SP"", ""municipio"": ""SANTA ISABEL"", ""desabilitado"": false}"
"Estabelecimento de saúde: BEZERRA DE MENEZES RIO CLARO. Código CNES: 2083159. Localização: RIO CLARO, São Paulo (SP). Tipo de unidade: HOSPITAL ESPECIALIZADO. Natureza jurídica: HOSPITAL_FILANTRÓPICO. Porte: Grande.",entidade_hospital,"{""categoria"": ""entidade_hospital"", ""cnes"": ""2083159"", ""nome_oficial_tabela"": ""BEZERRA DE MENEZES RIO CLARO"", ""uf"": ""SP"", ""municipio"": ""RIO CLARO"", ""desabilitado"": false}"
"Estabelecimento de saúde: SANTA CASA PIEDADE. Código CNES: 2083175. Localização: PIEDADE, São Paulo (SP). Tipo de unidade: HOSPITAL GERAL. Natureza jurídica: HOSPITAL_FILANTRÓPICO. Porte: Médio.",entidade_hospital,"{""categoria"": ""entidade_hospital"", ""cnes"": ""2083175"", ""nome_oficial_tabela"": ""SANTA CASA PIEDADE"", ""uf"": ""SP"", ""municipio"": ""PIEDADE"", ""desabilitado"": false}"
"Estabelecimento de saúde: HOSPITAL ALPHA MED. Código CNES: 2083191. Localização: CARAPICUIBA, São Paulo (SP). Tipo de unidade: HOSPITAL GERAL. Natureza jurídica: HOSPITAL_PRIVADO. Porte: Médio. Também já foi registrado nos cadastros com o(s) nome(s): HOSPITAL ALPHA MED CARAPICUIBA.",entidade_hospital,"{""categoria"": ""entidade_hospital"", ""cnes"": ""2083191"", ""nome_oficial_tabela"": ""HOSPITAL ALPHA MED"", ""uf"": ""SP"", ""municipio"": ""CARAPICUIBA"", ""desabilitado"": false}"
"Estabelecimento de saúde: HOSPITAL TERRA ROXA. Código CNES: 2083213. Localização: TERRA ROXA, São Paulo (SP). Tipo de unidade: HOSPITAL GERAL. Natureza jurídica: HOSPITAL_FILANTRÓPICO. Porte: Médio.",entidade_hospital,"{""categoria"": ""entidade_hospital"", ""cnes"": ""2083213"", ""nome_oficial_tabela"": ""HOSPITAL TERRA ROXA"", ""uf"": ""SP"", ""municipio"": ""TERRA ROXA"", ""desabilitado"": false}"
"Estabelecimento de saúde: HOSPITAL SANTA HELENA SAO BERNARDO DO CAMPO. Código CNES: 2083248. Localização: SAO BERNARDO DO CAMPO, São Paulo (SP). Tipo de unidade: HOSPITAL GERAL. Natureza jurídica: HOSPITAL_PRIVADO. Porte: Médio. Também já foi registrado nos cadastros com o(s) nome(s): HOSPITAL SANTA HELENA SAO BERNARDO.",entidade_hospital,"{""categoria"": ""entidade_hospital"", ""cnes"": ""2083248"", ""nome_oficial_tabela"": ""HOSPITAL SANTA HELENA SAO BERNARDO DO CAMPO"", ""uf"": ""SP"", ""municipio"": ""SAO BERNARDO DO CAMPO"", ""desabilitado"": false}"
"Estabelecimento de saúde: HOSPITAL SANTANA. Código CNES: 2083256. Localização: MOGI DAS CRUZES, São Paulo (SP). Tipo de unidade: HOSPITAL GERAL. Natureza jurídica: HOSPITAL_PRIVADO. Porte: Médio.",entidade_hospital,"{""categoria"": ""entidade_hospital"", ""cnes"": ""2083256"", ""nome_oficial_tabela"": ""HOSPITAL SANTANA"", ""uf"": ""SP"", ""municipio"": ""MOGI DAS CRUZES"", ""desabilitado"": false}"
"Estabelecimento de saúde: HOSPITAL MUNICIPAL JOAQUIM RAIMUNDO GOMES GUAPIARA. Código CNES: 2083264. Localização: GUAPIARA, São Paulo (SP). Tipo de unidade: HOSPITAL GERAL. Natureza jurídica: HOSPITAL_PÚBLICO. Porte: Pequeno.",entidade_hospital,"{""categoria"": ""entidade_hospital"", ""cnes"": ""2083264"", ""nome_oficial_tabela"": ""HOSPITAL MUNICIPAL JOAQUIM RAIMUNDO GOMES GUAPIARA"", ""uf"": ""SP"", ""municipio"": ""GUAPIARA"", ""desabilitado"": false}"
"Estabelecimento de saúde: HOSPITAL MUNICIPAL DE BERTIOGA. Código CNES: 2083272. Localização: BERTIOGA, São Paulo (SP). Tipo de unidade: HOSPITAL GERAL. Natureza jurídica: HOSPITAL_PÚBLICO. Porte: Médio.",entidade_hospital,"{""categoria"": ""entidade_hospital"", ""cnes"": ""2083272"", ""nome_oficial_tabela"": ""HOSPITAL MUNICIPAL DE BERTIOGA"", ""uf"": ""SP"", ""municipio"": ""BERTIOGA"", ""desabilitado"": false}"
"Estabelecimento de saúde: HOSPITAL UNIMED SAO CARLOS. Código CNES: 2083299. Localização: SAO CARLOS, São Paulo (SP). Tipo de unidade: HOSPITAL GERAL. Natureza jurídica: HOSPITAL_PRIVADO. Porte: Médio.",entidade_hospital,"{""categoria"": ""entidade_hospital"", ""cnes"": ""2083299"", ""nome_oficial_tabela"": ""HOSPITAL UNIMED SAO CARLOS"", ""uf"": ""SP"", ""municipio"": ""SAO CARLOS"", ""desabilitado"": false}"
"Estabelecimento de saúde: SANTA CASA DE PONTAL. Código CNES: 2083493. Localização: PONTAL, São Paulo (SP). Tipo de unidade: HOSPITAL GERAL. Natureza jurídica: HOSPITAL_FILANTRÓPICO. Porte: Médio.",entidade_hospital,"{""categoria"": ""entidade_hospital"", ""cnes"": ""2083493"", ""nome_oficial_tabela"": ""SANTA CASA DE PONTAL"", ""uf"": ""SP"", ""municipio"": ""PONTAL"", ""desabilitado"": false}"
"Estabelecimento de saúde: SANTA CASA DE AVARE. Código CNES: 2083604. Localização: AVARE, São Paulo (SP). Tipo de unidade: HOSPITAL GERAL. Natureza jurídica: HOSPITAL_FILANTRÓPICO. Porte: Grande.",entidade_hospital,"{""categoria"": ""entidade_hospital"", ""cnes"": ""2083604"", ""nome_oficial_tabela"": ""SANTA CASA DE AVARE"", ""uf"": ""SP"", ""municipio"": ""AVARE"", ""desabilitado"": false}"
"Estabelecimento de saúde: SANTA CASA DE MISERICORDIA DE FRANCISCO MORATO. Código CNES: 2083876. Localização: FRANCISCO MORATO, São Paulo (SP). Tipo de unidade: HOSPITAL GERAL. Natureza jurídica: HOSPITAL_FILANTRÓPICO. Porte: Médio. Também já foi registrado nos cadastros com o(s) nome(s): SANTA CASA DE FRANCISCO MORATO.",entidade_hospital,"{""categoria"": ""entidade_hospital"", ""cnes"": ""2083876"", ""nome_oficial_tabela"": ""SANTA CASA DE MISERICORDIA DE FRANCISCO MORATO"", ""uf"": ""SP"", ""municipio"": ""FRANCISCO MORATO"", ""desabilitado"": false}"
"Estabelecimento de saúde: SANTA CASA DE GUARA. Código CNES: 2083973. Localização: GUARA, São Paulo (SP). Tipo de unidade: HOSPITAL GERAL. Natureza jurídica: HOSPITAL_FILANTRÓPICO. Porte: Médio.",entidade_hospital,"{""categoria"": ""entidade_hospital"", ""cnes"": ""2083973"", ""nome_oficial_tabela"": ""SANTA CASA DE GUARA"", ""uf"": ""SP"", ""municipio"": ""GUARA"", ""desabilitado"": false}"
"Estabelecimento de saúde: HOSPITAL ESTADUAL SUMARE. Código CNES: 2083981. Localização: SUMARE, São Paulo (SP). Tipo de unidade: HOSPITAL GERAL. Natureza jurídica: HOSPITAL_PÚBLICO. Porte: Grande.",entidade_hospital,"{""categoria"": ""entidade_hospital"", ""cnes"": ""2083981"", ""nome_oficial_tabela"": ""HOSPITAL ESTADUAL SUMARE"", ""uf"": ""SP"", ""municipio"": ""SUMARE"", ""desabilitado"": false}"
"Estabelecimento de saúde: UNIDADE MISTA DE SAUDE DR JOSE ORLANDO S BORGATTO. Código CNES: 2084007. Localização: BOM JESUS DOS PERDOES, São Paulo (SP). Tipo de unidade: UNIDADE MISTA. Natureza jurídica: HOSPITAL_PÚBLICO. Porte: Pequeno.",entidade_hospital,"{""categoria"": ""entidade_hospital"", ""cnes"": ""2084007"", ""nome_oficial_tabela"": ""UNIDADE MISTA DE SAUDE DR JOSE ORLANDO S BORGATTO"", ""uf"": ""SP"", ""municipio"": ""BOM JESUS DOS PERDOES"", ""desabilitado"": false}"
"Estabelecimento de saúde: HOSPITAL MUNICIPAL DE NAZARE PAULISTA. Código CNES: 2084023. Localização: NAZARE PAULISTA, São Paulo (SP). Tipo de unidade: HOSPITAL GERAL. Natureza jurídica: HOSPITAL_PÚBLICO. Porte: Pequeno.",entidade_hospital,"{""categoria"": ""entidade_hospital"", ""cnes"": ""2084023"", ""nome_oficial_tabela"": ""HOSPITAL MUNICIPAL DE NAZARE PAULISTA"", ""uf"": ""SP"", ""municipio"": ""NAZARE PAULISTA"", ""desabilitado"": false}"
"Estabelecimento de saúde: SANTA CASA DE MISERICORDIA DE SANTA CRUZ DO RIO PARDO. Código CNES: 2084058. Localização: SANTA CRUZ DO RIO PARDO, São Paulo (SP). Tipo de unidade: HOSPITAL GERAL. Natureza jurídica: HOSPITAL_FILANTRÓPICO. Porte: Grande. Também já foi registrado nos cadastros com o(s) nome(s): SANTA CASA MISER STACRUZ RIO PARDO.",entidade_hospital,"{""categoria"": ""entidade_hospital"", ""cnes"": ""2084058"", ""nome_oficial_tabela"": ""SANTA CASA DE MISERICORDIA DE SANTA CRUZ DO RIO PARDO"", ""uf"": ""SP"", ""municipio"": ""SANTA CRUZ DO RIO PARDO"", ""desabilitado"": false}"
"Estabelecimento de saúde: HOSP MARIA VALLE PEREIRA DE TABAPUA. Código CNES: 2084074. Localização: TABAPUA, São Paulo (SP). Tipo de unidade: HOSPITAL GERAL. Natureza jurídica: HOSPITAL_FILANTRÓPICO. Porte: Médio.",entidade_hospital,"{""categoria"": ""entidade_hospital"", ""cnes"": ""2084074"", ""nome_oficial_tabela"": ""HOSP MARIA VALLE PEREIRA DE TABAPUA"", ""uf"": ""SP"", ""municipio"": ""TABAPUA"", ""desabilitado"": false}"
"Estabelecimento de saúde: HOSPITAL BARTIRA. Código CNES: 2084090. Localização: SANTO ANDRE, São Paulo (SP). Tipo de unidade: HOSPITAL GERAL. Natureza jurídica: HOSPITAL_PRIVADO. Porte: Grande.",entidade_hospital,"{""categoria"": ""entidade_hospital"", ""cnes"": ""2084090"", ""nome_oficial_tabela"": ""HOSPITAL BARTIRA"", ""uf"": ""SP"", ""municipio"": ""SANTO ANDRE"", ""desabilitado"": false}"
"Estabelecimento de saúde: PRO SAUDE HOSPITAL GERAL ARARAS. Código CNES: 2084120. Localização: ARARAS, São Paulo (SP). Tipo de unidade: HOSPITAL GERAL. Natureza jurídica: HOSPITAL_FILANTRÓPICO. Porte: Pequeno.",entidade_hospital,"{""categoria"": ""entidade_hospital"", ""cnes"": ""2084120"", ""nome_oficial_tabela"": ""PRO SAUDE HOSPITAL GERAL ARARAS"", ""uf"": ""SP"", ""municipio"": ""ARARAS"", ""desabilitado"": false}"
"Estabelecimento de saúde: HOSPITAL MUNICIPAL DR BENEDITO MONTENEGRO. Código CNES: 2084139. Localização: SAO PAULO, São Paulo (SP). Tipo de unidade: HOSPITAL GERAL. Natureza jurídica: HOSPITAL_PÚBLICO. Porte: Médio. Também já foi registrado nos cadastros com o(s) nome(s): HOSPITAL MUNICIPAL DR BENEDICTO MONTENEGRO; HOSP MUN J IVA BENEDITO MONTENEGRO.",entidade_hospital,"{""categoria"": ""entidade_hospital"", ""cnes"": ""2084139"", ""nome_oficial_tabela"": ""HOSPITAL MUNICIPAL DR BENEDITO MONTENEGRO"", ""uf"": ""SP"", ""municipio"": ""SAO PAULO"", ""desabilitado"": false}"
"Estabelecimento de saúde: HOSPITAL DA REABILITACAO DO ABC. Código CNES: 2084147. Localização: SAO BERNARDO DO CAMPO, São Paulo (SP). Tipo de unidade: HOSPITAL ESPECIALIZADO. Natureza jurídica: HOSPITAL_PRIVADO. Porte: Pequeno.",entidade_hospital,"{""categoria"": ""entidade_hospital"", ""cnes"": ""2084147"", ""nome_oficial_tabela"": ""HOSPITAL DA REABILITACAO DO ABC"", ""uf"": ""SP"", ""municipio"": ""SAO BERNARDO DO CAMPO"", ""desabilitado"": false}"
"Estabelecimento de saúde: HOSPITAL ESTADUAL DE DIADEMA HOSPITAL SERRARIA. Código CNES: 2084163. Localização: DIADEMA, São Paulo (SP). Tipo de unidade: HOSPITAL GERAL. Natureza jurídica: HOSPITAL_PÚBLICO. Porte: Grande.",entidade_hospital,"{""categoria"": ""entidade_hospital"", ""cnes"": ""2084163"", ""nome_oficial_tabela"": ""HOSPITAL ESTADUAL DE DIADEMA HOSPITAL SERRARIA"", ""uf"": ""SP"", ""municipio"": ""DIADEMA"", ""desabilitado"": false}"
"Estabelecimento de saúde: HOSPITAL E MATERNIDADE SAO JOSE. Código CNES: 2084171. Localização: SERTAOZINHO, São Paulo (SP). Tipo de unidade: HOSPITAL GERAL. Natureza jurídica: HOSPITAL_FILANTRÓPICO. Porte: Grande.",entidade_hospital,"{""categoria"": ""entidade_hospital"", ""cnes"": ""2084171"", ""nome_oficial_tabela"": ""HOSPITAL E MATERNIDADE SAO JOSE"", ""uf"": ""SP"", ""municipio"": ""SERTAOZINHO"", ""desabilitado"": false}"
"Estabelecimento de saúde: HOSPITAL UNIMED DE OURINHOS. Código CNES: 2084201. Localização: OURINHOS, São Paulo (SP). Tipo de unidade: HOSPITAL GERAL. Natureza jurídica: HOSPITAL_PRIVADO. Porte: Médio.",entidade_hospital,"{""categoria"": ""entidade_hospital"", ""cnes"": ""2084201"", ""nome_oficial_tabela"": ""HOSPITAL UNIMED DE OURINHOS"", ""uf"": ""SP"", ""municipio"": ""OURINHOS"", ""desabilitado"": false}"
"Estabelecimento de saúde: SANTA CASA DE MISERICORDIA DONA CAROLINA MALHEIROS SJBV. Código CNES: 2084228. Localização: SAO JOAO DA BOA VISTA, São Paulo (SP). Tipo de unidade: HOSPITAL GERAL. Natureza jurídica: HOSPITAL_FILANTRÓPICO. Porte: Grande.",entidade_hospital,"{""categoria"": ""entidade_hospital"", ""cnes"": ""2084228"", ""nome_oficial_tabela"": ""SANTA CASA DE MISERICORDIA DONA CAROLINA MALHEIROS SJBV"", ""uf"": ""SP"", ""municipio"": ""SAO JOAO DA BOA VISTA"", ""desabilitado"": false}"
"Estabelecimento de saúde: CENTRO ESP EM REABILITACAO DR ARNALDO PEZZUTI CAVALCANTI MOG. Código CNES: 2084236. Localização: MOGI DAS CRUZES, São Paulo (SP). Tipo de unidade: HOSPITAL GERAL. Natureza jurídica: HOSPITAL_PÚBLICO. Porte: Grande.",entidade_hospital,"{""categoria"": ""entidade_hospital"", ""cnes"": ""2084236"", ""nome_oficial_tabela"": ""CENTRO ESP EM REABILITACAO DR ARNALDO PEZZUTI CAVALCANTI MOG"", ""uf"": ""SP"", ""municipio"": ""MOGI DAS CRUZES"", ""desabilitado"": false}"
"Estabelecimento de saúde: IRPSI. Código CNES: 2084244. Localização: INDAIATUBA, São Paulo (SP). Tipo de unidade: HOSPITAL ESPECIALIZADO. Natureza jurídica: HOSPITAL_FILANTRÓPICO. Porte: Grande.",entidade_hospital,"{""categoria"": ""entidade_hospital"", ""cnes"": ""2084244"", ""nome_oficial_tabela"": ""IRPSI"", ""uf"": ""SP"", ""municipio"": ""INDAIATUBA"", ""desabilitado"": false}"
"Estabelecimento de saúde: SOBRAPAR CAMPINAS. Código CNES: 2084252. Localização: CAMPINAS, São Paulo (SP). Tipo de unidade: HOSPITAL ESPECIALIZADO. Natureza jurídica: HOSPITAL_FILANTRÓPICO. Porte: Pequeno.",entidade_hospital,"{""categoria"": ""entidade_hospital"", ""cnes"": ""2084252"", ""nome_oficial_tabela"": ""SOBRAPAR CAMPINAS"", ""uf"": ""SP"", ""municipio"": ""CAMPINAS"", ""desabilitado"": false}"
"Estabelecimento de saúde: SANTA CASA DE MISERICORDIA DE ITAPIRA. Código CNES: 2084287. Localização: ITAPIRA, São Paulo (SP). Tipo de unidade: HOSPITAL GERAL. Natureza jurídica: HOSPITAL_FILANTRÓPICO. Porte: Médio.",entidade_hospital,"{""categoria"": ""entidade_hospital"", ""cnes"": ""2084287"", ""nome_oficial_tabela"": ""SANTA CASA DE MISERICORDIA DE ITAPIRA"", ""uf"": ""SP"", ""municipio"": ""ITAPIRA"", ""desabilitado"": false}"
"Estabelecimento de saúde: HOSPITAL UNIMED RIO PRETO. Código CNES: 2084309. Localização: VOTUPORANGA, São Paulo (SP). Tipo de unidade: HOSPITAL GERAL. Natureza jurídica: HOSPITAL_PRIVADO. Porte: Médio. Também já foi registrado nos cadastros com o(s) nome(s): CASA DE SAUDE.",entidade_hospital,"{""categoria"": ""entidade_hospital"", ""cnes"": ""2084309"", ""nome_oficial_tabela"": ""HOSPITAL UNIMED RIO PRETO"", ""uf"": ""SP"", ""municipio"": ""VOTUPORANGA"", ""desabilitado"": false}"
"Estabelecimento de saúde: CLINICA FAZENDA PALMEIRAS. Código CNES: 2084317. Localização: AMPARO, São Paulo (SP). Tipo de unidade: HOSPITAL ESPECIALIZADO. Natureza jurídica: HOSPITAL_FILANTRÓPICO. Porte: Grande.",entidade_hospital,"{""categoria"": ""entidade_hospital"", ""cnes"": ""2084317"", ""nome_oficial_tabela"": ""CLINICA FAZENDA PALMEIRAS"", ""uf"": ""SP"", ""municipio"": ""AMPARO"", ""desabilitado"": false}"
"Estabelecimento de saúde: HOSP IGESP PAULISTA. Código CNES: 2084333. Localização: SAO PAULO, São Paulo (SP). Tipo de unidade: HOSPITAL GERAL. Natureza jurídica: HOSPITAL_PRIVADO. Porte: Grande. Também já foi registrado nos cadastros com o(s) nome(s): HOSP IGESP.",entidade_hospital,"{""categoria"": ""entidade_hospital"", ""cnes"": ""2084333"", ""nome_oficial_tabela"": ""HOSP IGESP PAULISTA"", ""uf"": ""SP"", ""municipio"": ""SAO PAULO"", ""desabilitado"": false}"
"Estabelecimento de saúde: HOSPITAL E MATERNIDADE NOSSA SENHORA DO ROSARIO. Código CNES: 2084368. Localização: SAO PAULO, São Paulo (SP). Tipo de unidade: HOSPITAL GERAL. Natureza jurídica: HOSPITAL_PRIVADO. Porte: Médio.",entidade_hospital,"{""categoria"": ""entidade_hospital"", ""cnes"": ""2084368"", ""nome_oficial_tabela"": ""HOSPITAL E MATERNIDADE NOSSA SENHORA DO ROSARIO"", ""uf"": ""SP"", ""municipio"": ""SAO PAULO"", ""desabilitado"": false}"
"Estabelecimento de saúde: HOSPITAL PAULISTANO. Código CNES: 2084376. Localização: SAO PAULO, São Paulo (SP). Tipo de unidade: HOSPITAL GERAL. Natureza jurídica: HOSPITAL_PRIVADO. Porte: Grande.",entidade_hospital,"{""categoria"": ""entidade_hospital"", ""cnes"": ""2084376"", ""nome_oficial_tabela"": ""HOSPITAL PAULISTANO"", ""uf"": ""SP"", ""municipio"": ""SAO PAULO"", ""desabilitado"": false}"
"Estabelecimento de saúde: INSTITUTO BEZERRA DE MENEZES ESPIRITO SANTO DO PINHAL. Código CNES: 2084384. Localização: ESPIRITO SANTO DO PINHAL, São Paulo (SP). Tipo de unidade: HOSPITAL ESPECIALIZADO. Natureza jurídica: HOSPITAL_FILANTRÓPICO. Porte: Grande.",entidade_hospital,"{""categoria"": ""entidade_hospital"", ""cnes"": ""2084384"", ""nome_oficial_tabela"": ""INSTITUTO BEZERRA DE MENEZES ESPIRITO SANTO DO PINHAL"", ""uf"": ""SP"", ""municipio"": ""ESPIRITO SANTO DO PINHAL"", ""desabilitado"": false}"
"Estabelecimento de saúde: SANTA CASA DE RIBEIRAO PRETO. Código CNES: 2084414. Localização: RIBEIRAO PRETO, São Paulo (SP). Tipo de unidade: HOSPITAL GERAL. Natureza jurídica: HOSPITAL_FILANTRÓPICO. Porte: Grande.",entidade_hospital,"{""categoria"": ""entidade_hospital"", ""cnes"": ""2084414"", ""nome_oficial_tabela"": ""SANTA CASA DE RIBEIRAO PRETO"", ""uf"": ""SP"", ""municipio"": ""RIBEIRAO PRETO"", ""desabilitado"": false}"
"Estabelecimento de saúde: SANTA CASA DE SAO PEDRO. Código CNES: 2084422. Localização: SAO PEDRO, São Paulo (SP). Tipo de unidade: HOSPITAL GERAL. Natureza jurídica: HOSPITAL_FILANTRÓPICO. Porte: Médio.",entidade_hospital,"{""categoria"": ""entidade_hospital"", ""cnes"": ""2084422"", ""nome_oficial_tabela"": ""SANTA CASA DE SAO PEDRO"", ""uf"": ""SP"", ""municipio"": ""SAO PEDRO"", ""desabilitado"": false}"
"Estabelecimento de saúde: HOSPITAL E MATERNIDADE MADRE VANNINI. Código CNES: 2084430. Localização: CONCHAL, São Paulo (SP). Tipo de unidade: HOSPITAL GERAL. Natureza jurídica: HOSPITAL_FILANTRÓPICO. Porte: Médio. Também já foi registrado nos cadastros com o(s) nome(s): HOSPITAL E MATERNIDADE MADRE VANNINI CONCHAL SP.",entidade_hospital,"{""categoria"": ""entidade_hospital"", ""cnes"": ""2084430"", ""nome_oficial_tabela"": ""HOSPITAL E MATERNIDADE MADRE VANNINI"", ""uf"": ""SP"", ""municipio"": ""CONCHAL"", ""desabilitado"": false}"
"Estabelecimento de saúde: HOSP MUN IGNACIO PROENCA DE GOUVEA. Código CNES: 2084473. Localização: SAO PAULO, São Paulo (SP). Tipo de unidade: HOSPITAL GERAL. Natureza jurídica: HOSPITAL_PÚBLICO. Porte: Grande. Também já foi registrado nos cadastros com o(s) nome(s): HOSP MUN DR IGNACIO PROENCA DE GOUVEA.",entidade_hospital,"{""categoria"": ""entidade_hospital"", ""cnes"": ""2084473"", ""nome_oficial_tabela"": ""HOSP MUN IGNACIO PROENCA DE GOUVEA"", ""uf"": ""SP"", ""municipio"": ""SAO PAULO"", ""desabilitado"": false}"
"Estabelecimento de saúde: UNIMED LESTE PAULISTA COOPERATIVA DE TRABALHO MEDICO. Código CNES: 2084902. Localização: SAO JOAO DA BOA VISTA, São Paulo (SP). Tipo de unidade: HOSPITAL GERAL. Natureza jurídica: HOSPITAL_PRIVADO. Porte: Médio. Também já foi registrado nos cadastros com o(s) nome(s): UNIMED LESTE PAULISTA COOPERATIVA DE TRABALHO MEDICO SJBV.",entidade_hospital,"{""categoria"": ""entidade_hospital"", ""cnes"": ""2084902"", ""nome_oficial_tabela"": ""UNIMED LESTE PAULISTA COOPERATIVA DE TRABALHO MEDICO"", ""uf"": ""SP"", ""municipio"": ""SAO JOAO DA BOA VISTA"", ""desabilitado"": false}"
"Estabelecimento de saúde: INSTITUTO AMERICO BAIRRAL DE PSIQUIATRIA. Código CNES: 2085143. Localização: ITAPIRA, São Paulo (SP). Tipo de unidade: HOSPITAL ESPECIALIZADO. Natureza jurídica: HOSPITAL_FILANTRÓPICO. Porte: Grande.",entidade_hospital,"{""categoria"": ""entidade_hospital"", ""cnes"": ""2085143"", ""nome_oficial_tabela"": ""INSTITUTO AMERICO BAIRRAL DE PSIQUIATRIA"", ""uf"": ""SP"", ""municipio"": ""ITAPIRA"", ""desabilitado"": false}"
"Estabelecimento de saúde: HOSPITAL SAO FRANCISCO DE ASSIS. Código CNES: 2085194. Localização: JACAREI, São Paulo (SP). Tipo de unidade: HOSPITAL GERAL. Natureza jurídica: HOSPITAL_FILANTRÓPICO. Porte: Grande.",entidade_hospital,"{""categoria"": ""entidade_hospital"", ""cnes"": ""2085194"", ""nome_oficial_tabela"": ""HOSPITAL SAO FRANCISCO DE ASSIS"", ""uf"": ""SP"", ""municipio"": ""JACAREI"", ""desabilitado"": false}"
"Estabelecimento de saúde: CVV FRANCISCA JULIA. Código CNES: 2085569. Localização: SAO JOSE DOS CAMPOS, São Paulo (SP). Tipo de unidade: HOSPITAL ESPECIALIZADO. Natureza jurídica: HOSPITAL_FILANTRÓPICO. Porte: Grande.",entidade_hospital,"{""categoria"": ""entidade_hospital"", ""cnes"": ""2085569"", ""nome_oficial_tabela"": ""CVV FRANCISCA JULIA"", ""uf"": ""SP"", ""municipio"": ""SAO JOSE DOS CAMPOS"", ""desabilitado"": false}"
"Estabelecimento de saúde: PSA DR IDEIR HAMAMOTO E PSI GIVALDO SOARES DA SILVA. Código CNES: 2085976. Localização: CAIEIRAS, São Paulo (SP). Tipo de unidade: UNIDADE MISTA. Natureza jurídica: HOSPITAL_PÚBLICO. Porte: Médio. Também já foi registrado nos cadastros com o(s) nome(s): UNIDADE MISTA DE SAUDE ROSA SANTA PASIN AGUIAR.",entidade_hospital,"{""categoria"": ""entidade_hospital"", ""cnes"": ""2085976"", ""nome_oficial_tabela"": ""PSA DR IDEIR HAMAMOTO E PSI GIVALDO SOARES DA SILVA"", ""uf"": ""SP"", ""municipio"": ""CAIEIRAS"", ""desabilitado"": false}"
"Estabelecimento de saúde: MATERNIDADE GOTA DE LEITE. Código CNES: 2086050. Localização: MARILIA, São Paulo (SP). Tipo de unidade: HOSPITAL ESPECIALIZADO. Natureza jurídica: HOSPITAL_FILANTRÓPICO. Porte: Médio.",entidade_hospital,"{""categoria"": ""entidade_hospital"", ""cnes"": ""2086050"", ""nome_oficial_tabela"": ""MATERNIDADE GOTA DE LEITE"", ""uf"": ""SP"", ""municipio"": ""MARILIA"", ""desabilitado"": false}"
"Estabelecimento de saúde: MATERNIDADE MUNICIPAL ZORAIDE EVA DAS DORES. Código CNES: 2086271. Localização: ITAPECERICA DA SERRA, São Paulo (SP). Tipo de unidade: HOSPITAL ESPECIALIZADO. Natureza jurídica: HOSPITAL_PÚBLICO. Porte: Pequeno.",entidade_hospital,"{""categoria"": ""entidade_hospital"", ""cnes"": ""2086271"", ""nome_oficial_tabela"": ""MATERNIDADE MUNICIPAL ZORAIDE EVA DAS DORES"", ""uf"": ""SP"", ""municipio"": ""ITAPECERICA DA SERRA"", ""desabilitado"": false}"
"Estabelecimento de saúde: HOSPITAL INFANTIL MENINO JESUS. Código CNES: 2086336. Localização: MAIRIPORA, São Paulo (SP). Tipo de unidade: HOSPITAL GERAL. Natureza jurídica: HOSPITAL_FILANTRÓPICO. Porte: Pequeno. Também já foi registrado nos cadastros com o(s) nome(s): HOSPITAL E MATERNIDADE MAIRIPORA.",entidade_hospital,"{""categoria"": ""entidade_hospital"", ""cnes"": ""2086336"", ""nome_oficial_tabela"": ""HOSPITAL INFANTIL MENINO JESUS"", ""uf"": ""SP"", ""municipio"": ""MAIRIPORA"", ""desabilitado"": false}"
"Estabelecimento de saúde: SANTA CASA DE MISERICORDIA DE JOANOPOLIS. Código CNES: 2086719. Localização: JOANOPOLIS, São Paulo (SP). Tipo de unidade: HOSPITAL GERAL. Natureza jurídica: HOSPITAL_FILANTRÓPICO. Porte: Pequeno.",entidade_hospital,"{""categoria"": ""entidade_hospital"", ""cnes"": ""2086719"", ""nome_oficial_tabela"": ""SANTA CASA DE MISERICORDIA DE JOANOPOLIS"", ""uf"": ""SP"", ""municipio"": ""JOANOPOLIS"", ""desabilitado"": false}"
"Estabelecimento de saúde: HOSPITAL DOS FORNECEDORES DE CANA DE PIRACICABA. Código CNES: 2087057. Localização: PIRACICABA, São Paulo (SP). Tipo de unidade: HOSPITAL GERAL. Natureza jurídica: HOSPITAL_FILANTRÓPICO. Porte: Grande.",entidade_hospital,"{""categoria"": ""entidade_hospital"", ""cnes"": ""2087057"", ""nome_oficial_tabela"": ""HOSPITAL DOS FORNECEDORES DE CANA DE PIRACICABA"", ""uf"": ""SP"", ""municipio"": ""PIRACICABA"", ""desabilitado"": false}"
"Estabelecimento de saúde: SOCIEDADE OPERARIA HUMANITARIA LIMEIRA. Código CNES: 2087103. Localização: LIMEIRA, São Paulo (SP). Tipo de unidade: HOSPITAL GERAL. Natureza jurídica: HOSPITAL_FILANTRÓPICO. Porte: Médio.",entidade_hospital,"{""categoria"": ""entidade_hospital"", ""cnes"": ""2087103"", ""nome_oficial_tabela"": ""SOCIEDADE OPERARIA HUMANITARIA LIMEIRA"", ""uf"": ""SP"", ""municipio"": ""LIMEIRA"", ""desabilitado"": false}"
"Estabelecimento de saúde: IRMANDADE DA SANTA CASA DE MISERICORDIA LORENA. Código CNES: 2087111. Localização: LORENA, São Paulo (SP). Tipo de unidade: HOSPITAL GERAL. Natureza jurídica: HOSPITAL_FILANTRÓPICO. Porte: Grande.",entidade_hospital,"{""categoria"": ""entidade_hospital"", ""cnes"": ""2087111"", ""nome_oficial_tabela"": ""IRMANDADE DA SANTA CASA DE MISERICORDIA LORENA"", ""uf"": ""SP"", ""municipio"": ""LORENA"", ""desabilitado"": false}"
"Estabelecimento de saúde: HOSPITAL DE CLINICAS CAMPO LIMPO PAULISTA. Código CNES: 2087219. Localização: CAMPO LIMPO PAULISTA, São Paulo (SP). Tipo de unidade: HOSPITAL GERAL. Natureza jurídica: HOSPITAL_PÚBLICO. Porte: Médio.",entidade_hospital,"{""categoria"": ""entidade_hospital"", ""cnes"": ""2087219"", ""nome_oficial_tabela"": ""HOSPITAL DE CLINICAS CAMPO LIMPO PAULISTA"", ""uf"": ""SP"", ""municipio"": ""CAMPO LIMPO PAULISTA"", ""desabilitado"": false}"
"Estabelecimento de saúde: HOSPITAL MUNICIPAL DE VOTORANTIM. Código CNES: 2087618. Localização: VOTORANTIM, São Paulo (SP). Tipo de unidade: HOSPITAL GERAL. Natureza jurídica: HOSPITAL_PÚBLICO. Porte: Médio.",entidade_hospital,"{""categoria"": ""entidade_hospital"", ""cnes"": ""2087618"", ""nome_oficial_tabela"": ""HOSPITAL MUNICIPAL DE VOTORANTIM"", ""uf"": ""SP"", ""municipio"": ""VOTORANTIM"", ""desabilitado"": false}"
"Estabelecimento de saúde: UNIDADE MISTA DE SAUDE MONS CID FRANCA SANTOS. Código CNES: 2087642. Localização: BANANAL, São Paulo (SP). Tipo de unidade: UNIDADE MISTA. Natureza jurídica: HOSPITAL_PÚBLICO. Porte: Pequeno.",entidade_hospital,"{""categoria"": ""entidade_hospital"", ""cnes"": ""2087642"", ""nome_oficial_tabela"": ""UNIDADE MISTA DE SAUDE MONS CID FRANCA SANTOS"", ""uf"": ""SP"", ""municipio"": ""BANANAL"", ""desabilitado"": false}"
"Estabelecimento de saúde: HOSPITAL E MATERNIDADE MUNICIPAL GOVERNADOR MARIO COVAS. Código CNES: 2087715. Localização: HORTOLANDIA, São Paulo (SP). Tipo de unidade: HOSPITAL GERAL. Natureza jurídica: HOSPITAL_PÚBLICO. Porte: Médio.",entidade_hospital,"{""categoria"": ""entidade_hospital"", ""cnes"": ""2087715"", ""nome_oficial_tabela"": ""HOSPITAL E MATERNIDADE MUNICIPAL GOVERNADOR MARIO COVAS"", ""uf"": ""SP"", ""municipio"": ""HORTOLANDIA"", ""desabilitado"": false}"
"Estabelecimento de saúde: HOSPITAL REGIONAL JORGE ROSSMANN DE ITANHAEM. Código CNES: 2087804. Localização: ITANHAEM, São Paulo (SP). Tipo de unidade: HOSPITAL GERAL. Natureza jurídica: HOSPITAL_PÚBLICO. Porte: Grande.",entidade_hospital,"{""categoria"": ""entidade_hospital"", ""cnes"": ""2087804"", ""nome_oficial_tabela"": ""HOSPITAL REGIONAL JORGE ROSSMANN DE ITANHAEM"", ""uf"": ""SP"", ""municipio"": ""ITANHAEM"", ""desabilitado"": false}"
"Estabelecimento de saúde: IRMANDADE DA STA CASA DE MISERICORD DE MOGI MIRIM MOGI MIRIM. Código CNES: 2088193. Localização: MOGI MIRIM, São Paulo (SP). Tipo de unidade: HOSPITAL GERAL. Natureza jurídica: HOSPITAL_FILANTRÓPICO. Porte: Médio.",entidade_hospital,"{""categoria"": ""entidade_hospital"", ""cnes"": ""2088193"", ""nome_oficial_tabela"": ""IRMANDADE DA STA CASA DE MISERICORD DE MOGI MIRIM MOGI MIRIM"", ""uf"": ""SP"", ""municipio"": ""MOGI MIRIM"", ""desabilitado"": false}"
"Estabelecimento de saúde: SANTA CASA DE NOVO HORIZONTE. Código CNES: 2088487. Localização: NOVO HORIZONTE, São Paulo (SP). Tipo de unidade: HOSPITAL GERAL. Natureza jurídica: HOSPITAL_FILANTRÓPICO. Porte: Médio.",entidade_hospital,"{""categoria"": ""entidade_hospital"", ""cnes"": ""2088487"", ""nome_oficial_tabela"": ""SANTA CASA DE NOVO HORIZONTE"", ""uf"": ""SP"", ""municipio"": ""NOVO HORIZONTE"", ""desabilitado"": false}"
"Estabelecimento de saúde: INSTITUTO DANTE PAZZANESE DE CARDIOLOGIA IDPC SAO PAULO. Código CNES: 2088495. Localização: SAO PAULO, São Paulo (SP). Tipo de unidade: HOSPITAL ESPECIALIZADO. Natureza jurídica: HOSPITAL_FILANTRÓPICO. Porte: Grande.",entidade_hospital,"{""categoria"": ""entidade_hospital"", ""cnes"": ""2088495"", ""nome_oficial_tabela"": ""INSTITUTO DANTE PAZZANESE DE CARDIOLOGIA IDPC SAO PAULO"", ""uf"": ""SP"", ""municipio"": ""SAO PAULO"", ""desabilitado"": false}"
"Estabelecimento de saúde: HOSPITAL INFANTIL CANDIDO FONTOURA SAO PAULO. Código CNES: 2088517. Localização: SAO PAULO, São Paulo (SP). Tipo de unidade: HOSPITAL ESPECIALIZADO. Natureza jurídica: HOSPITAL_PÚBLICO. Porte: Grande.",entidade_hospital,"{""categoria"": ""entidade_hospital"", ""cnes"": ""2088517"", ""nome_oficial_tabela"": ""HOSPITAL INFANTIL CANDIDO FONTOURA SAO PAULO"", ""uf"": ""SP"", ""municipio"": ""SAO PAULO"", ""desabilitado"": false}"
"Estabelecimento de saúde: SANTA CASA DE MIGUELOPOLIS. Código CNES: 2088525. Localização: MIGUELOPOLIS, São Paulo (SP). Tipo de unidade: HOSPITAL GERAL. Natureza jurídica: HOSPITAL_FILANTRÓPICO. Porte: Médio.",entidade_hospital,"{""categoria"": ""entidade_hospital"", ""cnes"": ""2088525"", ""nome_oficial_tabela"": ""SANTA CASA DE MIGUELOPOLIS"", ""uf"": ""SP"", ""municipio"": ""MIGUELOPOLIS"", ""desabilitado"": false}"
"Estabelecimento de saúde: HOSPITAL DE TRANSP DO EST DE SP EURYCLIDES DE JESUS ZERBINI. Código CNES: 2088576. Localização: SAO PAULO, São Paulo (SP). Tipo de unidade: HOSPITAL GERAL. Natureza jurídica: HOSPITAL_PÚBLICO. Porte: Grande.",entidade_hospital,"{""categoria"": ""entidade_hospital"", ""cnes"": ""2088576"", ""nome_oficial_tabela"": ""HOSPITAL DE TRANSP DO EST DE SP EURYCLIDES DE JESUS ZERBINI"", ""uf"": ""SP"", ""municipio"": ""SAO PAULO"", ""desabilitado"": false}"
"Estabelecimento de saúde: INSTITUTO RUBEM BERTA. Código CNES: 2089084. Localização: SAO PAULO, São Paulo (SP). Tipo de unidade: HOSPITAL ESPECIALIZADO. Natureza jurídica: HOSPITAL_PRIVADO. Porte: Médio. Também já foi registrado nos cadastros com o(s) nome(s): HOSP RUBEM BERTA.",entidade_hospital,"{""categoria"": ""entidade_hospital"", ""cnes"": ""2089084"", ""nome_oficial_tabela"": ""INSTITUTO RUBEM BERTA"", ""uf"": ""SP"", ""municipio"": ""SAO PAULO"", ""desabilitado"": false}"
"Estabelecimento de saúde: CASA DE SAUDE DE SAO JOAO DE DEUS. Código CNES: 2089203. Localização: SAO PAULO, São Paulo (SP). Tipo de unidade: HOSPITAL ESPECIALIZADO. Natureza jurídica: HOSPITAL_FILANTRÓPICO. Porte: Grande.",entidade_hospital,"{""categoria"": ""entidade_hospital"", ""cnes"": ""2089203"", ""nome_oficial_tabela"": ""CASA DE SAUDE DE SAO JOAO DE DEUS"", ""uf"": ""SP"", ""municipio"": ""SAO PAULO"", ""desabilitado"": false}"
"Estabelecimento de saúde: HOSPITAL ALVORADA MOEMA. Código CNES: 2089238. Localização: SAO PAULO, São Paulo (SP). Tipo de unidade: HOSPITAL GERAL. Natureza jurídica: HOSPITAL_PRIVADO. Porte: Grande.",entidade_hospital,"{""categoria"": ""entidade_hospital"", ""cnes"": ""2089238"", ""nome_oficial_tabela"": ""HOSPITAL ALVORADA MOEMA"", ""uf"": ""SP"", ""municipio"": ""SAO PAULO"", ""desabilitado"": false}"
"Estabelecimento de saúde: HOSPITAL PADRE ALBINO CATANDUVA. Código CNES: 2089327. Localização: CATANDUVA, São Paulo (SP). Tipo de unidade: HOSPITAL GERAL. Natureza jurídica: HOSPITAL_FILANTRÓPICO. Porte: Grande.",entidade_hospital,"{""categoria"": ""entidade_hospital"", ""cnes"": ""2089327"", ""nome_oficial_tabela"": ""HOSPITAL PADRE ALBINO CATANDUVA"", ""uf"": ""SP"", ""municipio"": ""CATANDUVA"", ""desabilitado"": false}"
"Estabelecimento de saúde: HOSP ESCOLA EMILIO CARLOS CATANDUVA. Código CNES: 2089335. Localização: CATANDUVA, São Paulo (SP). Tipo de unidade: HOSPITAL GERAL. Natureza jurídica: HOSPITAL_FILANTRÓPICO. Porte: Grande.",entidade_hospital,"{""categoria"": ""entidade_hospital"", ""cnes"": ""2089335"", ""nome_oficial_tabela"": ""HOSP ESCOLA EMILIO CARLOS CATANDUVA"", ""uf"": ""SP"", ""municipio"": ""CATANDUVA"", ""desabilitado"": false}"
"Estabelecimento de saúde: HOSPITAL STA MONICA. Código CNES: 2089432. Localização: ITAPECERICA DA SERRA, São Paulo (SP). Tipo de unidade: HOSPITAL ESPECIALIZADO. Natureza jurídica: HOSPITAL_PRIVADO. Porte: Grande.",entidade_hospital,"{""categoria"": ""entidade_hospital"", ""cnes"": ""2089432"", ""nome_oficial_tabela"": ""HOSPITAL STA MONICA"", ""uf"": ""SP"", ""municipio"": ""ITAPECERICA DA SERRA"", ""desabilitado"": false}"
"Estabelecimento de saúde: HOSPITAL E MATERNIDADE SAO RAFAEL SP. Código CNES: 2089483. Localização: SAO PAULO, São Paulo (SP). Tipo de unidade: HOSPITAL GERAL. Natureza jurídica: HOSPITAL_PRIVADO. Porte: Médio.",entidade_hospital,"{""categoria"": ""entidade_hospital"", ""cnes"": ""2089483"", ""nome_oficial_tabela"": ""HOSPITAL E MATERNIDADE SAO RAFAEL SP"", ""uf"": ""SP"", ""municipio"": ""SAO PAULO"", ""desabilitado"": false}"
"Estabelecimento de saúde: SANTA CASA DE PITANGUEIRAS. Código CNES: 2089548. Localização: PITANGUEIRAS, São Paulo (SP). Tipo de unidade: HOSPITAL GERAL. Natureza jurídica: HOSPITAL_FILANTRÓPICO. Porte: Médio.",entidade_hospital,"{""categoria"": ""entidade_hospital"", ""cnes"": ""2089548"", ""nome_oficial_tabela"": ""SANTA CASA DE PITANGUEIRAS"", ""uf"": ""SP"", ""municipio"": ""PITANGUEIRAS"", ""desabilitado"": false}"
"Estabelecimento de saúde: HOSP MAT 8 DE MAIO. Código CNES: 2089564. Localização: SAO PAULO, São Paulo (SP). Tipo de unidade: HOSPITAL GERAL. Natureza jurídica: HOSPITAL_PRIVADO. Porte: Médio.",entidade_hospital,"{""categoria"": ""entidade_hospital"", ""cnes"": ""2089564"", ""nome_oficial_tabela"": ""HOSP MAT 8 DE MAIO"", ""uf"": ""SP"", ""municipio"": ""SAO PAULO"", ""desabilitado"": false}"
"Estabelecimento de saúde: ASSOC CRUZ VERDE. Código CNES: 2089572. Localização: SAO PAULO, São Paulo (SP). Tipo de unidade: HOSPITAL ESPECIALIZADO. Natureza jurídica: HOSPITAL_FILANTRÓPICO. Porte: Grande.",entidade_hospital,"{""categoria"": ""entidade_hospital"", ""cnes"": ""2089572"", ""nome_oficial_tabela"": ""ASSOC CRUZ VERDE"", ""uf"": ""SP"", ""municipio"": ""SAO PAULO"", ""desabilitado"": false}"
"Estabelecimento de saúde: HOSPITAL SANTA PAULA. Código CNES: 2089580. Localização: SAO PAULO, São Paulo (SP). Tipo de unidade: HOSPITAL GERAL. Natureza jurídica: HOSPITAL_PRIVADO. Porte: Grande.",entidade_hospital,"{""categoria"": ""entidade_hospital"", ""cnes"": ""2089580"", ""nome_oficial_tabela"": ""HOSPITAL SANTA PAULA"", ""uf"": ""SP"", ""municipio"": ""SAO PAULO"", ""desabilitado"": false}"
"Estabelecimento de saúde: HOSPITAL SAO LUIZ JABAQUARA. Código CNES: 2089599. Localização: SAO PAULO, São Paulo (SP). Tipo de unidade: HOSPITAL GERAL. Natureza jurídica: HOSPITAL_PRIVADO. Porte: Grande.",entidade_hospital,"{""categoria"": ""entidade_hospital"", ""cnes"": ""2089599"", ""nome_oficial_tabela"": ""HOSPITAL SAO LUIZ JABAQUARA"", ""uf"": ""SP"", ""municipio"": ""SAO PAULO"", ""desabilitado"": false}"
"Estabelecimento de saúde: HOSPITAL SEPACO. Código CNES: 2089602. Localização: SAO PAULO, São Paulo (SP). Tipo de unidade: HOSPITAL GERAL. Natureza jurídica: HOSPITAL_FILANTRÓPICO. Porte: Grande.",entidade_hospital,"{""categoria"": ""entidade_hospital"", ""cnes"": ""2089602"", ""nome_oficial_tabela"": ""HOSPITAL SEPACO"", ""uf"": ""SP"", ""municipio"": ""SAO PAULO"", ""desabilitado"": false}"
"Estabelecimento de saúde: HOSP EDMUNDO VASCONCELOS. Código CNES: 2089610. Localização: SAO PAULO, São Paulo (SP). Tipo de unidade: HOSPITAL GERAL. Natureza jurídica: HOSPITAL_FILANTRÓPICO. Porte: Grande.",entidade_hospital,"{""categoria"": ""entidade_hospital"", ""cnes"": ""2089610"", ""nome_oficial_tabela"": ""HOSP EDMUNDO VASCONCELOS"", ""uf"": ""SP"", ""municipio"": ""SAO PAULO"", ""desabilitado"": false}"
"Estabelecimento de saúde: UNIDADE AVANCADA LUZ BUTANTA. Código CNES: 2089653. Localização: SAO PAULO, São Paulo (SP). Tipo de unidade: HOSPITAL GERAL. Natureza jurídica: HOSPITAL_PRIVADO. Porte: Grande. Também já foi registrado nos cadastros com o(s) nome(s): HOSPITAL NEXT BUTANTA.",entidade_hospital,"{""categoria"": ""entidade_hospital"", ""cnes"": ""2089653"", ""nome_oficial_tabela"": ""UNIDADE AVANCADA LUZ BUTANTA"", ""uf"": ""SP"", ""municipio"": ""SAO PAULO"", ""desabilitado"": false}"
"Estabelecimento de saúde: HOSP PS NOVA IGUATEMI. Código CNES: 2089661. Localização: SAO PAULO, São Paulo (SP). Tipo de unidade: HOSPITAL GERAL. Natureza jurídica: HOSPITAL_PRIVADO. Porte: Pequeno.",entidade_hospital,"{""categoria"": ""entidade_hospital"", ""cnes"": ""2089661"", ""nome_oficial_tabela"": ""HOSP PS NOVA IGUATEMI"", ""uf"": ""SP"", ""municipio"": ""SAO PAULO"", ""desabilitado"": false}"
"Estabelecimento de saúde: HOSPITAL GRAACC INSTITUTO DE ONCOLOGIA PEDIATRICA IOP. Código CNES: 2089696. Localização: SAO PAULO, São Paulo (SP). Tipo de unidade: HOSPITAL ESPECIALIZADO. Natureza jurídica: HOSPITAL_FILANTRÓPICO. Porte: Grande.",entidade_hospital,"{""categoria"": ""entidade_hospital"", ""cnes"": ""2089696"", ""nome_oficial_tabela"": ""HOSPITAL GRAACC INSTITUTO DE ONCOLOGIA PEDIATRICA IOP"", ""uf"": ""SP"", ""municipio"": ""SAO PAULO"", ""desabilitado"": false}"
"Estabelecimento de saúde: HOSPITAL NIPO BRASILEIRO. Código CNES: 2089777. Localização: SAO PAULO, São Paulo (SP). Tipo de unidade: HOSPITAL GERAL. Natureza jurídica: HOSPITAL_FILANTRÓPICO. Porte: Grande.",entidade_hospital,"{""categoria"": ""entidade_hospital"", ""cnes"": ""2089777"", ""nome_oficial_tabela"": ""HOSPITAL NIPO BRASILEIRO"", ""uf"": ""SP"", ""municipio"": ""SAO PAULO"", ""desabilitado"": false}"
"Estabelecimento de saúde: HOSPITAL DO RIM E HIPERTENSAO. Código CNES: 2089785. Localização: SAO PAULO, São Paulo (SP). Tipo de unidade: HOSPITAL ESPECIALIZADO. Natureza jurídica: HOSPITAL_FILANTRÓPICO. Porte: Grande.",entidade_hospital,"{""categoria"": ""entidade_hospital"", ""cnes"": ""2089785"", ""nome_oficial_tabela"": ""HOSPITAL DO RIM E HIPERTENSAO"", ""uf"": ""SP"", ""municipio"": ""SAO PAULO"", ""desabilitado"": false}"
"Estabelecimento de saúde: UNIDADE HOSPITALAR DR JOSE NIGRO NETO AMERICO BRASILIENSE. Código CNES: 2090171. Localização: AMERICO BRASILIENSE, São Paulo (SP). Tipo de unidade: UNIDADE MISTA. Natureza jurídica: HOSPITAL_PÚBLICO. Porte: Pequeno.",entidade_hospital,"{""categoria"": ""entidade_hospital"", ""cnes"": ""2090171"", ""nome_oficial_tabela"": ""UNIDADE HOSPITALAR DR JOSE NIGRO NETO AMERICO BRASILIENSE"", ""uf"": ""SP"", ""municipio"": ""AMERICO BRASILIENSE"", ""desabilitado"": false}"
"Estabelecimento de saúde: FUNDACAO PIO XII BARRETOS. Código CNES: 2090236. Localização: BARRETOS, São Paulo (SP). Tipo de unidade: HOSPITAL ESPECIALIZADO. Natureza jurídica: HOSPITAL_FILANTRÓPICO. Porte: Grande.",entidade_hospital,"{""categoria"": ""entidade_hospital"", ""cnes"": ""2090236"", ""nome_oficial_tabela"": ""FUNDACAO PIO XII BARRETOS"", ""uf"": ""SP"", ""municipio"": ""BARRETOS"", ""desabilitado"": false}"
"Estabelecimento de saúde: CENTRO DE ATENCAO INTEGRAL A SAUDE CANTIDIO DE MOURA CAMPOS. Código CNES: 2090309. Localização: BOTUCATU, São Paulo (SP). Tipo de unidade: HOSPITAL ESPECIALIZADO. Natureza jurídica: HOSPITAL_PÚBLICO. Porte: Médio.",entidade_hospital,"{""categoria"": ""entidade_hospital"", ""cnes"": ""2090309"", ""nome_oficial_tabela"": ""CENTRO DE ATENCAO INTEGRAL A SAUDE CANTIDIO DE MOURA CAMPOS"", ""uf"": ""SP"", ""municipio"": ""BOTUCATU"", ""desabilitado"": false}"
"Estabelecimento de saúde: SANTA CASA DE CERQUEIRA CESAR. Código CNES: 2090333. Localização: CERQUEIRA CESAR, São Paulo (SP). Tipo de unidade: HOSPITAL GERAL. Natureza jurídica: HOSPITAL_FILANTRÓPICO. Porte: Médio.",entidade_hospital,"{""categoria"": ""entidade_hospital"", ""cnes"": ""2090333"", ""nome_oficial_tabela"": ""SANTA CASA DE CERQUEIRA CESAR"", ""uf"": ""SP"", ""municipio"": ""CERQUEIRA CESAR"", ""desabilitado"": false}"
"Estabelecimento de saúde: HOSPITAL MUNICIPAL JULIO RODRIGUES DE PAULA COLOMBIA. Código CNES: 2090376. Localização: COLOMBIA, São Paulo (SP). Tipo de unidade: UNIDADE MISTA. Natureza jurídica: HOSPITAL_PÚBLICO. Porte: Pequeno.",entidade_hospital,"{""categoria"": ""entidade_hospital"", ""cnes"": ""2090376"", ""nome_oficial_tabela"": ""HOSPITAL MUNICIPAL JULIO RODRIGUES DE PAULA COLOMBIA"", ""uf"": ""SP"", ""municipio"": ""COLOMBIA"", ""desabilitado"": false}"
"Estabelecimento de saúde: UNIDADE MISTA DE SAUDE DE CORONEL MACEDO. Código CNES: 2090422. Localização: CORONEL MACEDO, São Paulo (SP). Tipo de unidade: UNIDADE MISTA. Natureza jurídica: HOSPITAL_PÚBLICO. Porte: Pequeno.",entidade_hospital,"{""categoria"": ""entidade_hospital"", ""cnes"": ""2090422"", ""nome_oficial_tabela"": ""UNIDADE MISTA DE SAUDE DE CORONEL MACEDO"", ""uf"": ""SP"", ""municipio"": ""CORONEL MACEDO"", ""desabilitado"": false}"
"Estabelecimento de saúde: CENTRO SAUDE II ANTENOR CHIOSSI CORUMBATAI. Código CNES: 2090457. Localização: CORUMBATAI, São Paulo (SP). Tipo de unidade: UNIDADE MISTA. Natureza jurídica: HOSPITAL_PÚBLICO. Porte: Pequeno.",entidade_hospital,"{""categoria"": ""entidade_hospital"", ""cnes"": ""2090457"", ""nome_oficial_tabela"": ""CENTRO SAUDE II ANTENOR CHIOSSI CORUMBATAI"", ""uf"": ""SP"", ""municipio"": ""CORUMBATAI"", ""desabilitado"": false}"
"Estabelecimento de saúde: UNIDADE MISTA DE SAUDE ANTONIA RAMOS PRIANTI. Código CNES: 2090619. Localização: IGARATA, São Paulo (SP). Tipo de unidade: UNIDADE MISTA. Natureza jurídica: HOSPITAL_PÚBLICO. Porte: Pequeno.",entidade_hospital,"{""categoria"": ""entidade_hospital"", ""cnes"": ""2090619"", ""nome_oficial_tabela"": ""UNIDADE MISTA DE SAUDE ANTONIA RAMOS PRIANTI"", ""uf"": ""SP"", ""municipio"": ""IGARATA"", ""desabilitado"": false}"
"Estabelecimento de saúde: HOSPITAL CARLOS FERNANDO MALZONI MATAO. Código CNES: 2090961. Localização: MATAO, São Paulo (SP). Tipo de unidade: HOSPITAL GERAL. Natureza jurídica: HOSPITAL_FILANTRÓPICO. Porte: Grande.",entidade_hospital,"{""categoria"": ""entidade_hospital"", ""cnes"": ""2090961"", ""nome_oficial_tabela"": ""HOSPITAL CARLOS FERNANDO MALZONI MATAO"", ""uf"": ""SP"", ""municipio"": ""MATAO"", ""desabilitado"": false}"
"Estabelecimento de saúde: SANTA CASA SANTA RITA DO PASSA QUATRO. Código CNES: 2091267. Localização: SANTA RITA DO PASSA QUATRO, São Paulo (SP). Tipo de unidade: HOSPITAL GERAL. Natureza jurídica: HOSPITAL_FILANTRÓPICO. Porte: Médio.",entidade_hospital,"{""categoria"": ""entidade_hospital"", ""cnes"": ""2091267"", ""nome_oficial_tabela"": ""SANTA CASA SANTA RITA DO PASSA QUATRO"", ""uf"": ""SP"", ""municipio"": ""SANTA RITA DO PASSA QUATRO"", ""desabilitado"": false}"
"Estabelecimento de saúde: CAIS CENTRO ATENCAO INTEGRAL SAUDE SANTA RITA PASSA QUATRO. Código CNES: 2091275. Localização: SANTA RITA DO PASSA QUATRO, São Paulo (SP). Tipo de unidade: HOSPITAL ESPECIALIZADO. Natureza jurídica: HOSPITAL_PÚBLICO. Porte: Grande.",entidade_hospital,"{""categoria"": ""entidade_hospital"", ""cnes"": ""2091275"", ""nome_oficial_tabela"": ""CAIS CENTRO ATENCAO INTEGRAL SAUDE SANTA RITA PASSA QUATRO"", ""uf"": ""SP"", ""municipio"": ""SANTA RITA DO PASSA QUATRO"", ""desabilitado"": false}"
"Estabelecimento de saúde: H O REDENTORA HOSPITAL DE OLHOS. Código CNES: 2091305. Localização: SAO JOSE DO RIO PRETO, São Paulo (SP). Tipo de unidade: HOSPITAL ESPECIALIZADO. Natureza jurídica: HOSPITAL_PRIVADO. Porte: Pequeno.",entidade_hospital,"{""categoria"": ""entidade_hospital"", ""cnes"": ""2091305"", ""nome_oficial_tabela"": ""H O REDENTORA HOSPITAL DE OLHOS"", ""uf"": ""SP"", ""municipio"": ""SAO JOSE DO RIO PRETO"", ""desabilitado"": false}"
"Estabelecimento de saúde: HOSPITAL REGIONAL SUL SAO PAULO. Código CNES: 2091313. Localização: SAO PAULO, São Paulo (SP). Tipo de unidade: HOSPITAL GERAL. Natureza jurídica: HOSPITAL_PÚBLICO. Porte: Grande.",entidade_hospital,"{""categoria"": ""entidade_hospital"", ""cnes"": ""2091313"", ""nome_oficial_tabela"": ""HOSPITAL REGIONAL SUL SAO PAULO"", ""uf"": ""SP"", ""municipio"": ""SAO PAULO"", ""desabilitado"": false}"
"Estabelecimento de saúde: HOSPITAL VITAL BRAZIL SAO PAULO. Código CNES: 2091356. Localização: SAO PAULO, São Paulo (SP). Tipo de unidade: HOSPITAL ESPECIALIZADO. Natureza jurídica: HOSPITAL_PÚBLICO. Porte: Pequeno.",entidade_hospital,"{""categoria"": ""entidade_hospital"", ""cnes"": ""2091356"", ""nome_oficial_tabela"": ""HOSPITAL VITAL BRAZIL SAO PAULO"", ""uf"": ""SP"", ""municipio"": ""SAO PAULO"", ""desabilitado"": false}"
"Estabelecimento de saúde: ASSOCIACAO NOSSA SENHORA DO PARI. Código CNES: 2091399. Localização: SAO PAULO, São Paulo (SP). Tipo de unidade: HOSPITAL ESPECIALIZADO. Natureza jurídica: HOSPITAL_FILANTRÓPICO. Porte: Médio.",entidade_hospital,"{""categoria"": ""entidade_hospital"", ""cnes"": ""2091399"", ""nome_oficial_tabela"": ""ASSOCIACAO NOSSA SENHORA DO PARI"", ""uf"": ""SP"", ""municipio"": ""SAO PAULO"", ""desabilitado"": false}"
"Estabelecimento de saúde: INST CEMA DE OFTALMOLOGIA E OTORRINOLARINGOLOGIA. Código CNES: 2091550. Localização: SAO PAULO, São Paulo (SP). Tipo de unidade: HOSPITAL GERAL. Natureza jurídica: HOSPITAL_FILANTRÓPICO. Porte: Médio.",entidade_hospital,"{""categoria"": ""entidade_hospital"", ""cnes"": ""2091550"", ""nome_oficial_tabela"": ""INST CEMA DE OFTALMOLOGIA E OTORRINOLARINGOLOGIA"", ""uf"": ""SP"", ""municipio"": ""SAO PAULO"", ""desabilitado"": false}"
"Estabelecimento de saúde: HOSPITAL ESTADUAL DE SAPOPEMBA SAO PAULO. Código CNES: 2091585. Localização: SAO PAULO, São Paulo (SP). Tipo de unidade: HOSPITAL GERAL. Natureza jurídica: HOSPITAL_PÚBLICO. Porte: Grande.",entidade_hospital,"{""categoria"": ""entidade_hospital"", ""cnes"": ""2091585"", ""nome_oficial_tabela"": ""HOSPITAL ESTADUAL DE SAPOPEMBA SAO PAULO"", ""uf"": ""SP"", ""municipio"": ""SAO PAULO"", ""desabilitado"": false}"
"Estabelecimento de saúde: HOSPITAL GERAL DE VILA PENTEADO DR JOSE PANGELLA SAO PAULO. Código CNES: 2091755. Localização: SAO PAULO, São Paulo (SP). Tipo de unidade: HOSPITAL GERAL. Natureza jurídica: HOSPITAL_PÚBLICO. Porte: Grande.",entidade_hospital,"{""categoria"": ""entidade_hospital"", ""cnes"": ""2091755"", ""nome_oficial_tabela"": ""HOSPITAL GERAL DE VILA PENTEADO DR JOSE PANGELLA SAO PAULO"", ""uf"": ""SP"", ""municipio"": ""SAO PAULO"", ""desabilitado"": false}"
"Estabelecimento de saúde: HOSP VERA CRUZ. Código CNES: 2091763. Localização: SAO PAULO, São Paulo (SP). Tipo de unidade: HOSPITAL ESPECIALIZADO. Natureza jurídica: HOSPITAL_PRIVADO. Porte: Grande.",entidade_hospital,"{""categoria"": ""entidade_hospital"", ""cnes"": ""2091763"", ""nome_oficial_tabela"": ""HOSP VERA CRUZ"", ""uf"": ""SP"", ""municipio"": ""SAO PAULO"", ""desabilitado"": false}"
"Estabelecimento de saúde: HOSPITAL CENTRAL LESTE. Código CNES: 2091801. Localização: SAO PAULO, São Paulo (SP). Tipo de unidade: HOSPITAL GERAL. Natureza jurídica: HOSPITAL_PRIVADO. Porte: Grande. Também já foi registrado nos cadastros com o(s) nome(s): HOSPITAL CENTRAL DE GUAIANASES.",entidade_hospital,"{""categoria"": ""entidade_hospital"", ""cnes"": ""2091801"", ""nome_oficial_tabela"": ""HOSPITAL CENTRAL LESTE"", ""uf"": ""SP"", ""municipio"": ""SAO PAULO"", ""desabilitado"": false}"
"Estabelecimento de saúde: HOSPITAL E MATERNIDADE SAO VICENTE DE PAULO VIRADOURO SP. Código CNES: 2092093. Localização: VIRADOURO, São Paulo (SP). Tipo de unidade: HOSPITAL GERAL. Natureza jurídica: HOSPITAL_FILANTRÓPICO. Porte: Médio.",entidade_hospital,"{""categoria"": ""entidade_hospital"", ""cnes"": ""2092093"", ""nome_oficial_tabela"": ""HOSPITAL E MATERNIDADE SAO VICENTE DE PAULO VIRADOURO SP"", ""uf"": ""SP"", ""municipio"": ""VIRADOURO"", ""desabilitado"": false}"
"Estabelecimento de saúde: HOSPITAL DE CLINICAS DE FRANCO DA ROCHA. Código CNES: 2092107. Localização: FRANCO DA ROCHA, São Paulo (SP). Tipo de unidade: HOSPITAL GERAL. Natureza jurídica: HOSPITAL_PÚBLICO. Porte: Pequeno. Também já foi registrado nos cadastros com o(s) nome(s): HOSPITAL DE CLINICAS DE FRANCO DA ROCHA FRANCO DA ROCHA.",entidade_hospital,"{""categoria"": ""entidade_hospital"", ""cnes"": ""2092107"", ""nome_oficial_tabela"": ""HOSPITAL DE CLINICAS DE FRANCO DA ROCHA"", ""uf"": ""SP"", ""municipio"": ""FRANCO DA ROCHA"", ""desabilitado"": false}"
"Estabelecimento de saúde: SANTA CASA DE ITU. Código CNES: 2092298. Localização: ITU, São Paulo (SP). Tipo de unidade: HOSPITAL GERAL. Natureza jurídica: HOSPITAL_PÚBLICO. Porte: Grande.",entidade_hospital,"{""categoria"": ""entidade_hospital"", ""cnes"": ""2092298"", ""nome_oficial_tabela"": ""SANTA CASA DE ITU"", ""uf"": ""SP"", ""municipio"": ""ITU"", ""desabilitado"": false}"
"Estabelecimento de saúde: HOSPITAL MUNICIPAL IBATE. Código CNES: 2092395. Localização: IBATE, São Paulo (SP). Tipo de unidade: HOSPITAL GERAL. Natureza jurídica: HOSPITAL_PÚBLICO. Porte: Médio.",entidade_hospital,"{""categoria"": ""entidade_hospital"", ""cnes"": ""2092395"", ""nome_oficial_tabela"": ""HOSPITAL MUNICIPAL IBATE"", ""uf"": ""SP"", ""municipio"": ""IBATE"", ""desabilitado"": false}"
"Estabelecimento de saúde: SANTA CASA DE BARRETOS. Código CNES: 2092611. Localização: BARRETOS, São Paulo (SP). Tipo de unidade: HOSPITAL GERAL. Natureza jurídica: HOSPITAL_FILANTRÓPICO. Porte: Grande.",entidade_hospital,"{""categoria"": ""entidade_hospital"", ""cnes"": ""2092611"", ""nome_oficial_tabela"": ""SANTA CASA DE BARRETOS"", ""uf"": ""SP"", ""municipio"": ""BARRETOS"", ""desabilitado"": false}"
"Estabelecimento de saúde: SANTA CASA DE FARTURA. Código CNES: 2092638. Localização: FARTURA, São Paulo (SP). Tipo de unidade: HOSPITAL GERAL. Natureza jurídica: HOSPITAL_FILANTRÓPICO. Porte: Pequeno.",entidade_hospital,"{""categoria"": ""entidade_hospital"", ""cnes"": ""2092638"", ""nome_oficial_tabela"": ""SANTA CASA DE FARTURA"", ""uf"": ""SP"", ""municipio"": ""FARTURA"", ""desabilitado"": false}"
"Estabelecimento de saúde: HOSPITAL DE BASTOS. Código CNES: 2092980. Localização: BASTOS, São Paulo (SP). Tipo de unidade: HOSPITAL GERAL. Natureza jurídica: HOSPITAL_FILANTRÓPICO. Porte: Médio.",entidade_hospital,"{""categoria"": ""entidade_hospital"", ""cnes"": ""2092980"", ""nome_oficial_tabela"": ""HOSPITAL DE BASTOS"", ""uf"": ""SP"", ""municipio"": ""BASTOS"", ""desabilitado"": false}"
"Estabelecimento de saúde: PRONTO ATENDIMENTO MUNICIPAL DE ELDORADO. Código CNES: 2093022. Localização: ELDORADO, São Paulo (SP). Tipo de unidade: PRONTO SOCORRO GERAL. Natureza jurídica: HOSPITAL_PÚBLICO. Porte: Pequeno. Também já foi registrado nos cadastros com o(s) nome(s): PRONTO DE ATENDIMENTO ELDORADO S P.",entidade_hospital,"{""categoria"": ""entidade_hospital"", ""cnes"": ""2093022"", ""nome_oficial_tabela"": ""PRONTO ATENDIMENTO MUNICIPAL DE ELDORADO"", ""uf"": ""SP"", ""municipio"": ""ELDORADO"", ""desabilitado"": false}"
"Estabelecimento de saúde: IRMANDADE DA SANTA CASA DE MISERICORDIA DE ITAI. Código CNES: 2093227. Localização: ITAI, São Paulo (SP). Tipo de unidade: HOSPITAL GERAL. Natureza jurídica: HOSPITAL_FILANTRÓPICO. Porte: Médio.",entidade_hospital,"{""categoria"": ""entidade_hospital"", ""cnes"": ""2093227"", ""nome_oficial_tabela"": ""IRMANDADE DA SANTA CASA DE MISERICORDIA DE ITAI"", ""uf"": ""SP"", ""municipio"": ""ITAI"", ""desabilitado"": false}"
"Estabelecimento de saúde: SANTA CASA DE FERNANDOPOLIS. Código CNES: 2093324. Localização: FERNANDOPOLIS, São Paulo (SP). Tipo de unidade: HOSPITAL GERAL. Natureza jurídica: HOSPITAL_FILANTRÓPICO. Porte: Grande.",entidade_hospital,"{""categoria"": ""entidade_hospital"", ""cnes"": ""2093324"", ""nome_oficial_tabela"": ""SANTA CASA DE FERNANDOPOLIS"", ""uf"": ""SP"", ""municipio"": ""FERNANDOPOLIS"", ""desabilitado"": false}"
"Estabelecimento de saúde: SANTA CASA DE SANTA FE DO SUL. Código CNES: 2093332. Localização: SANTA FE DO SUL, São Paulo (SP). Tipo de unidade: HOSPITAL GERAL. Natureza jurídica: HOSPITAL_FILANTRÓPICO. Porte: Médio.",entidade_hospital,"{""categoria"": ""entidade_hospital"", ""cnes"": ""2093332"", ""nome_oficial_tabela"": ""SANTA CASA DE SANTA FE DO SUL"", ""uf"": ""SP"", ""municipio"": ""SANTA FE DO SUL"", ""desabilitado"": false}"
"Estabelecimento de saúde: INAMEX NHANDEARA. Código CNES: 2093405. Localização: NHANDEARA, São Paulo (SP). Tipo de unidade: HOSPITAL ESPECIALIZADO. Natureza jurídica: HOSPITAL_FILANTRÓPICO. Porte: Médio.",entidade_hospital,"{""categoria"": ""entidade_hospital"", ""cnes"": ""2093405"", ""nome_oficial_tabela"": ""INAMEX NHANDEARA"", ""uf"": ""SP"", ""municipio"": ""NHANDEARA"", ""desabilitado"": false}"
"Estabelecimento de saúde: HOSPITAL SAO DOMINGOS NA PROV DE DEUS NHANDEARA. Código CNES: 2093502. Localização: NHANDEARA, São Paulo (SP). Tipo de unidade: HOSPITAL GERAL. Natureza jurídica: HOSPITAL_FILANTRÓPICO. Porte: Médio.",entidade_hospital,"{""categoria"": ""entidade_hospital"", ""cnes"": ""2093502"", ""nome_oficial_tabela"": ""HOSPITAL SAO DOMINGOS NA PROV DE DEUS NHANDEARA"", ""uf"": ""SP"", ""municipio"": ""NHANDEARA"", ""desabilitado"": false}"
"Estabelecimento de saúde: HOSPITAL JOSE VENANCIO. Código CNES: 2095912. Localização: COLINA, São Paulo (SP). Tipo de unidade: HOSPITAL GERAL. Natureza jurídica: HOSPITAL_FILANTRÓPICO. Porte: Médio.",entidade_hospital,"{""categoria"": ""entidade_hospital"", ""cnes"": ""2095912"", ""nome_oficial_tabela"": ""HOSPITAL JOSE VENANCIO"", ""uf"": ""SP"", ""municipio"": ""COLINA"", ""desabilitado"": false}"
"Estabelecimento de saúde: HOSPITAL UNIMED. Código CNES: 2096005. Localização: MONTE ALTO, São Paulo (SP). Tipo de unidade: HOSPITAL GERAL. Natureza jurídica: HOSPITAL_PRIVADO. Porte: Médio.",entidade_hospital,"{""categoria"": ""entidade_hospital"", ""cnes"": ""2096005"", ""nome_oficial_tabela"": ""HOSPITAL UNIMED"", ""uf"": ""SP"", ""municipio"": ""MONTE ALTO"", ""desabilitado"": false}"
"Estabelecimento de saúde: HOSPITAL ENF ANTONIO POLICARPO DE OLIVEIRA. Código CNES: 2096196. Localização: CAJAMAR, São Paulo (SP). Tipo de unidade: HOSPITAL GERAL. Natureza jurídica: HOSPITAL_PÚBLICO. Porte: Médio.",entidade_hospital,"{""categoria"": ""entidade_hospital"", ""cnes"": ""2096196"", ""nome_oficial_tabela"": ""HOSPITAL ENF ANTONIO POLICARPO DE OLIVEIRA"", ""uf"": ""SP"", ""municipio"": ""CAJAMAR"", ""desabilitado"": false}"
"Estabelecimento de saúde: SANTA CASA DE MISERICORDIA DE JACAREI. Código CNES: 2096412. Localização: JACAREI, São Paulo (SP). Tipo de unidade: HOSPITAL GERAL. Natureza jurídica: HOSPITAL_FILANTRÓPICO. Porte: Grande.",entidade_hospital,"{""categoria"": ""entidade_hospital"", ""cnes"": ""2096412"", ""nome_oficial_tabela"": ""SANTA CASA DE MISERICORDIA DE JACAREI"", ""uf"": ""SP"", ""municipio"": ""JACAREI"", ""desabilitado"": false}"
"Estabelecimento de saúde: SANTA CASA DE MOGI GUACU. Código CNES: 2096463. Localização: MOGI GUACU, São Paulo (SP). Tipo de unidade: HOSPITAL GERAL. Natureza jurídica: HOSPITAL_FILANTRÓPICO. Porte: Grande.",entidade_hospital,"{""categoria"": ""entidade_hospital"", ""cnes"": ""2096463"", ""nome_oficial_tabela"": ""SANTA CASA DE MOGI GUACU"", ""uf"": ""SP"", ""municipio"": ""MOGI GUACU"", ""desabilitado"": false}"
"Estabelecimento de saúde: HOSPITAL MUNICIPAL DR TABAJARA RAMOS. Código CNES: 2096498. Localização: MOGI GUACU, São Paulo (SP). Tipo de unidade: HOSPITAL GERAL. Natureza jurídica: HOSPITAL_PÚBLICO. Porte: Médio.",entidade_hospital,"{""categoria"": ""entidade_hospital"", ""cnes"": ""2096498"", ""nome_oficial_tabela"": ""HOSPITAL MUNICIPAL DR TABAJARA RAMOS"", ""uf"": ""SP"", ""municipio"": ""MOGI GUACU"", ""desabilitado"": false}"
"Estabelecimento de saúde: HOSPITAL ASSISTENCIAL MARIA CAVALOTTI NEVES POTIRENDABA. Código CNES: 2096617. Localização: POTIRENDABA, São Paulo (SP). Tipo de unidade: HOSPITAL GERAL. Natureza jurídica: HOSPITAL_FILANTRÓPICO. Porte: Médio.",entidade_hospital,"{""categoria"": ""entidade_hospital"", ""cnes"": ""2096617"", ""nome_oficial_tabela"": ""HOSPITAL ASSISTENCIAL MARIA CAVALOTTI NEVES POTIRENDABA"", ""uf"": ""SP"", ""municipio"": ""POTIRENDABA"", ""desabilitado"": false}"
"Estabelecimento de saúde: HOSPITAL AUSTA SAO JOSE DO RIO PRETO. Código CNES: 2097117. Localização: SAO JOSE DO RIO PRETO, São Paulo (SP). Tipo de unidade: HOSPITAL GERAL. Natureza jurídica: HOSPITAL_PRIVADO. Porte: Grande.",entidade_hospital,"{""categoria"": ""entidade_hospital"", ""cnes"": ""2097117"", ""nome_oficial_tabela"": ""HOSPITAL AUSTA SAO JOSE DO RIO PRETO"", ""uf"": ""SP"", ""municipio"": ""SAO JOSE DO RIO PRETO"", ""desabilitado"": false}"
"Estabelecimento de saúde: HOSPITAL INFANTE D HENRIQUE. Código CNES: 2097613. Localização: SAO JOSE DO RIO PRETO, São Paulo (SP). Tipo de unidade: HOSPITAL GERAL. Natureza jurídica: HOSPITAL_FILANTRÓPICO. Porte: Grande.",entidade_hospital,"{""categoria"": ""entidade_hospital"", ""cnes"": ""2097613"", ""nome_oficial_tabela"": ""HOSPITAL INFANTE D HENRIQUE"", ""uf"": ""SP"", ""municipio"": ""SAO JOSE DO RIO PRETO"", ""desabilitado"": false}"
"Estabelecimento de saúde: HOSPITAL BEZERRA DE MENEZES. Código CNES: 2097648. Localização: SAO JOSE DO RIO PRETO, São Paulo (SP). Tipo de unidade: HOSPITAL ESPECIALIZADO. Natureza jurídica: HOSPITAL_FILANTRÓPICO. Porte: Grande.",entidade_hospital,"{""categoria"": ""entidade_hospital"", ""cnes"": ""2097648"", ""nome_oficial_tabela"": ""HOSPITAL BEZERRA DE MENEZES"", ""uf"": ""SP"", ""municipio"": ""SAO JOSE DO RIO PRETO"", ""desabilitado"": false}"
"Estabelecimento de saúde: IRMANDADE DA SANTA CASA DE MISERICORDIA DE VALINHOS. Código CNES: 2097877. Localização: VALINHOS, São Paulo (SP). Tipo de unidade: HOSPITAL GERAL. Natureza jurídica: HOSPITAL_FILANTRÓPICO. Porte: Grande.",entidade_hospital,"{""categoria"": ""entidade_hospital"", ""cnes"": ""2097877"", ""nome_oficial_tabela"": ""IRMANDADE DA SANTA CASA DE MISERICORDIA DE VALINHOS"", ""uf"": ""SP"", ""municipio"": ""VALINHOS"", ""desabilitado"": false}"
"Estabelecimento de saúde: UNIDADE AVANCADA SANTO AMARO. Código CNES: 2680785. Localização: SAO PAULO, São Paulo (SP). Tipo de unidade: HOSPITAL GERAL. Natureza jurídica: HOSPITAL_PRIVADO. Porte: Médio. Também já foi registrado nos cadastros com o(s) nome(s): NEXT HOSPITAL SANTO AMARO; HOSPITAL LUZ SANTO AMARO.",entidade_hospital,"{""categoria"": ""entidade_hospital"", ""cnes"": ""2680785"", ""nome_oficial_tabela"": ""UNIDADE AVANCADA SANTO AMARO"", ""uf"": ""SP"", ""municipio"": ""SAO PAULO"", ""desabilitado"": false}"
"Estabelecimento de saúde: COMPLEXO HOSPITALAR SANTA CASA BRAGANCA PAULISTA. Código CNES: 2688433. Localização: BRAGANCA PAULISTA, São Paulo (SP). Tipo de unidade: HOSPITAL GERAL. Natureza jurídica: HOSPITAL_FILANTRÓPICO. Porte: Grande.",entidade_hospital,"{""categoria"": ""entidade_hospital"", ""cnes"": ""2688433"", ""nome_oficial_tabela"": ""COMPLEXO HOSPITALAR SANTA CASA BRAGANCA PAULISTA"", ""uf"": ""SP"", ""municipio"": ""BRAGANCA PAULISTA"", ""desabilitado"": false}"
"Estabelecimento de saúde: HOSPITAL PSIQUIATRICO DE VILA MARIANA. Código CNES: 2688514. Localização: SAO PAULO, São Paulo (SP). Tipo de unidade: HOSPITAL ESPECIALIZADO. Natureza jurídica: HOSPITAL_PÚBLICO. Porte: Médio.",entidade_hospital,"{""categoria"": ""entidade_hospital"", ""cnes"": ""2688514"", ""nome_oficial_tabela"": ""HOSPITAL PSIQUIATRICO DE VILA MARIANA"", ""uf"": ""SP"", ""municipio"": ""SAO PAULO"", ""desabilitado"": false}"
"Estabelecimento de saúde: CASA DE DAVID SAO PAULO. Código CNES: 2688522. Localização: SAO PAULO, São Paulo (SP). Tipo de unidade: HOSPITAL ESPECIALIZADO. Natureza jurídica: HOSPITAL_FILANTRÓPICO. Porte: Grande.",entidade_hospital,"{""categoria"": ""entidade_hospital"", ""cnes"": ""2688522"", ""nome_oficial_tabela"": ""CASA DE DAVID SAO PAULO"", ""uf"": ""SP"", ""municipio"": ""SAO PAULO"", ""desabilitado"": false}"
"Estabelecimento de saúde: HOSPITAL SAO CAMILO POMPEIA. Código CNES: 2688565. Localização: SAO PAULO, São Paulo (SP). Tipo de unidade: HOSPITAL GERAL. Natureza jurídica: HOSPITAL_FILANTRÓPICO. Porte: Grande.",entidade_hospital,"{""categoria"": ""entidade_hospital"", ""cnes"": ""2688565"", ""nome_oficial_tabela"": ""HOSPITAL SAO CAMILO POMPEIA"", ""uf"": ""SP"", ""municipio"": ""SAO PAULO"", ""desabilitado"": false}"
"Estabelecimento de saúde: HOSPITAL GERAL DE VILA NOVA CACHOEIRINHA SAO PAULO. Código CNES: 2688573. Localização: SAO PAULO, São Paulo (SP). Tipo de unidade: HOSPITAL GERAL. Natureza jurídica: HOSPITAL_PÚBLICO. Porte: Grande.",entidade_hospital,"{""categoria"": ""entidade_hospital"", ""cnes"": ""2688573"", ""nome_oficial_tabela"": ""HOSPITAL GERAL DE VILA NOVA CACHOEIRINHA SAO PAULO"", ""uf"": ""SP"", ""municipio"": ""SAO PAULO"", ""desabilitado"": false}"
"Estabelecimento de saúde: HOSPITAL GERIATRICO E DE CONVALESCENTES D PEDRO II. Código CNES: 2688581. Localização: SAO PAULO, São Paulo (SP). Tipo de unidade: HOSPITAL GERAL. Natureza jurídica: HOSPITAL_FILANTRÓPICO. Porte: Grande.",entidade_hospital,"{""categoria"": ""entidade_hospital"", ""cnes"": ""2688581"", ""nome_oficial_tabela"": ""HOSPITAL GERIATRICO E DE CONVALESCENTES D PEDRO II"", ""uf"": ""SP"", ""municipio"": ""SAO PAULO"", ""desabilitado"": false}"
"Estabelecimento de saúde: HOSPITAL SANTA CATARINA. Código CNES: 2688603. Localização: SAO PAULO, São Paulo (SP). Tipo de unidade: HOSPITAL GERAL. Natureza jurídica: HOSPITAL_FILANTRÓPICO. Porte: Grande.",entidade_hospital,"{""categoria"": ""entidade_hospital"", ""cnes"": ""2688603"", ""nome_oficial_tabela"": ""HOSPITAL SANTA CATARINA"", ""uf"": ""SP"", ""municipio"": ""SAO PAULO"", ""desabilitado"": false}"
"Estabelecimento de saúde: SAO LUIZ UNIDADE ITAIM. Código CNES: 2688611. Localização: SAO PAULO, São Paulo (SP). Tipo de unidade: HOSPITAL GERAL. Natureza jurídica: HOSPITAL_PRIVADO. Porte: Grande.",entidade_hospital,"{""categoria"": ""entidade_hospital"", ""cnes"": ""2688611"", ""nome_oficial_tabela"": ""SAO LUIZ UNIDADE ITAIM"", ""uf"": ""SP"", ""municipio"": ""SAO PAULO"", ""desabilitado"": false}"
"Estabelecimento de saúde: INST SUEL ABUJAMRA. Código CNES: 2688638. Localização: SAO PAULO, São Paulo (SP). Tipo de unidade: HOSPITAL ESPECIALIZADO. Natureza jurídica: HOSPITAL_FILANTRÓPICO. Porte: Pequeno.",entidade_hospital,"{""categoria"": ""entidade_hospital"", ""cnes"": ""2688638"", ""nome_oficial_tabela"": ""INST SUEL ABUJAMRA"", ""uf"": ""SP"", ""municipio"": ""SAO PAULO"", ""desabilitado"": false}"
"Estabelecimento de saúde: SANTA CASA DE SAO PAULO HOSPITAL CENTRAL SAO PAULO. Código CNES: 2688689. Localização: SAO PAULO, São Paulo (SP). Tipo de unidade: HOSPITAL GERAL. Natureza jurídica: HOSPITAL_FILANTRÓPICO. Porte: Grande.",entidade_hospital,"{""categoria"": ""entidade_hospital"", ""cnes"": ""2688689"", ""nome_oficial_tabela"": ""SANTA CASA DE SAO PAULO HOSPITAL CENTRAL SAO PAULO"", ""uf"": ""SP"", ""municipio"": ""SAO PAULO"", ""desabilitado"": false}"
"Estabelecimento de saúde: HOSPITAL SAO LUCAS. Código CNES: 2688700. Localização: AMERICANA, São Paulo (SP). Tipo de unidade: HOSPITAL GERAL. Natureza jurídica: HOSPITAL_PRIVADO. Porte: Médio.",entidade_hospital,"{""categoria"": ""entidade_hospital"", ""cnes"": ""2688700"", ""nome_oficial_tabela"": ""HOSPITAL SAO LUCAS"", ""uf"": ""SP"", ""municipio"": ""AMERICANA"", ""desabilitado"": false}"
"Estabelecimento de saúde: HOSPITAL E MATERNIDADE BRASIL UNIDADE MAUA. Código CNES: 2690764. Localização: MAUA, São Paulo (SP). Tipo de unidade: HOSPITAL GERAL. Natureza jurídica: HOSPITAL_PRIVADO. Porte: Grande.",entidade_hospital,"{""categoria"": ""entidade_hospital"", ""cnes"": ""2690764"", ""nome_oficial_tabela"": ""HOSPITAL E MATERNIDADE BRASIL UNIDADE MAUA"", ""uf"": ""SP"", ""municipio"": ""MAUA"", ""desabilitado"": false}"
"Estabelecimento de saúde: HOSPITAL DE MISERICORDIA NOSSA SENHORA APARECIDA. Código CNES: 2698374. Localização: PRESIDENTE BERNARDES, São Paulo (SP). Tipo de unidade: HOSPITAL GERAL. Natureza jurídica: HOSPITAL_FILANTRÓPICO. Porte: Médio.",entidade_hospital,"{""categoria"": ""entidade_hospital"", ""cnes"": ""2698374"", ""nome_oficial_tabela"": ""HOSPITAL DE MISERICORDIA NOSSA SENHORA APARECIDA"", ""uf"": ""SP"", ""municipio"": ""PRESIDENTE BERNARDES"", ""desabilitado"": false}"
"Estabelecimento de saúde: SECAO HOSPITAL E MATERNIDADE MUNICIPAL DR SILVERIO FONTES. Código CNES: 2698463. Localização: SANTOS, São Paulo (SP). Tipo de unidade: HOSPITAL GERAL. Natureza jurídica: HOSPITAL_PÚBLICO. Porte: Médio.",entidade_hospital,"{""categoria"": ""entidade_hospital"", ""cnes"": ""2698463"", ""nome_oficial_tabela"": ""SECAO HOSPITAL E MATERNIDADE MUNICIPAL DR SILVERIO FONTES"", ""uf"": ""SP"", ""municipio"": ""SANTOS"", ""desabilitado"": false}"
"Estabelecimento de saúde: SECAO HOSPITAL MUNICIPAL DR ARTHUR DOMINGUES PINTO. Código CNES: 2698471. Localização: SANTOS, São Paulo (SP). Tipo de unidade: HOSPITAL GERAL. Natureza jurídica: HOSPITAL_PÚBLICO. Porte: Médio.",entidade_hospital,"{""categoria"": ""entidade_hospital"", ""cnes"": ""2698471"", ""nome_oficial_tabela"": ""SECAO HOSPITAL MUNICIPAL DR ARTHUR DOMINGUES PINTO"", ""uf"": ""SP"", ""municipio"": ""SANTOS"", ""desabilitado"": false}"
"Estabelecimento de saúde: SANTA CASA DE VINHEDO. Código CNES: 2699915. Localização: VINHEDO, São Paulo (SP). Tipo de unidade: HOSPITAL GERAL. Natureza jurídica: HOSPITAL_FILANTRÓPICO. Porte: Médio.",entidade_hospital,"{""categoria"": ""entidade_hospital"", ""cnes"": ""2699915"", ""nome_oficial_tabela"": ""SANTA CASA DE VINHEDO"", ""uf"": ""SP"", ""municipio"": ""VINHEDO"", ""desabilitado"": false}"
"Estabelecimento de saúde: SANTA CASA DE MISERICORDIA DE UBATUBA. Código CNES: 2702193. Localização: UBATUBA, São Paulo (SP). Tipo de unidade: HOSPITAL GERAL. Natureza jurídica: HOSPITAL_FILANTRÓPICO. Porte: Médio.",entidade_hospital,"{""categoria"": ""entidade_hospital"", ""cnes"": ""2702193"", ""nome_oficial_tabela"": ""SANTA CASA DE MISERICORDIA DE UBATUBA"", ""uf"": ""SP"", ""municipio"": ""UBATUBA"", ""desabilitado"": false}"
"Estabelecimento de saúde: MED CENTER. Código CNES: 2702622. Localização: SANTOS, São Paulo (SP). Tipo de unidade: HOSPITAL ESPECIALIZADO. Natureza jurídica: HOSPITAL_PRIVADO. Porte: Médio.",entidade_hospital,"{""categoria"": ""entidade_hospital"", ""cnes"": ""2702622"", ""nome_oficial_tabela"": ""MED CENTER"", ""uf"": ""SP"", ""municipio"": ""SANTOS"", ""desabilitado"": false}"
"Estabelecimento de saúde: HOSPITAL UNIVERSITARIO SAO FRANCISCO NA PROV DE DEUS. Código CNES: 2704900. Localização: BRAGANCA PAULISTA, São Paulo (SP). Tipo de unidade: HOSPITAL GERAL. Natureza jurídica: HOSPITAL_FILANTRÓPICO. Porte: Grande.",entidade_hospital,"{""categoria"": ""entidade_hospital"", ""cnes"": ""2704900"", ""nome_oficial_tabela"": ""HOSPITAL UNIVERSITARIO SAO FRANCISCO NA PROV DE DEUS"", ""uf"": ""SP"", ""municipio"": ""BRAGANCA PAULISTA"", ""desabilitado"": false}"
"Estabelecimento de saúde: SANTA CASA DE MOCOCA MOCOCA. Código CNES: 2705222. Localização: MOCOCA, São Paulo (SP). Tipo de unidade: HOSPITAL GERAL. Natureza jurídica: HOSPITAL_FILANTRÓPICO. Porte: Grande.",entidade_hospital,"{""categoria"": ""entidade_hospital"", ""cnes"": ""2705222"", ""nome_oficial_tabela"": ""SANTA CASA DE MOCOCA MOCOCA"", ""uf"": ""SP"", ""municipio"": ""MOCOCA"", ""desabilitado"": false}"
"Estabelecimento de saúde: HOSPITAL MUNICIPAL MARIA ROSA CARDOSO. Código CNES: 2705249. Localização: RIBEIRAO BRANCO, São Paulo (SP). Tipo de unidade: HOSPITAL GERAL. Natureza jurídica: HOSPITAL_PÚBLICO. Porte: Pequeno.",entidade_hospital,"{""categoria"": ""entidade_hospital"", ""cnes"": ""2705249"", ""nome_oficial_tabela"": ""HOSPITAL MUNICIPAL MARIA ROSA CARDOSO"", ""uf"": ""SP"", ""municipio"": ""RIBEIRAO BRANCO"", ""desabilitado"": false}"
"Estabelecimento de saúde: SANTA CASA DE FRANCA. Código CNES: 2705982. Localização: FRANCA, São Paulo (SP). Tipo de unidade: HOSPITAL GERAL. Natureza jurídica: HOSPITAL_FILANTRÓPICO. Porte: Grande.",entidade_hospital,"{""categoria"": ""entidade_hospital"", ""cnes"": ""2705982"", ""nome_oficial_tabela"": ""SANTA CASA DE FRANCA"", ""uf"": ""SP"", ""municipio"": ""FRANCA"", ""desabilitado"": false}"
"Estabelecimento de saúde: HOSPITAL EVANGELICO DE SOROCABA. Código CNES: 2708558. Localização: SOROCABA, São Paulo (SP). Tipo de unidade: HOSPITAL GERAL. Natureza jurídica: HOSPITAL_PRIVADO. Porte: Grande.",entidade_hospital,"{""categoria"": ""entidade_hospital"", ""cnes"": ""2708558"", ""nome_oficial_tabela"": ""HOSPITAL EVANGELICO DE SOROCABA"", ""uf"": ""SP"", ""municipio"": ""SOROCABA"", ""desabilitado"": false}"
"Estabelecimento de saúde: HOSPITAL UNIMED DE SOROCABA DR MIGUEL VILLA NOVA SOEIRO. Código CNES: 2708566. Localização: SOROCABA, São Paulo (SP). Tipo de unidade: HOSPITAL GERAL. Natureza jurídica: HOSPITAL_PRIVADO. Porte: Grande.",entidade_hospital,"{""categoria"": ""entidade_hospital"", ""cnes"": ""2708566"", ""nome_oficial_tabela"": ""HOSPITAL UNIMED DE SOROCABA DR MIGUEL VILLA NOVA SOEIRO"", ""uf"": ""SP"", ""municipio"": ""SOROCABA"", ""desabilitado"": false}"
"Estabelecimento de saúde: SANTA CASA DE SOROCABA. Código CNES: 2708779. Localização: SOROCABA, São Paulo (SP). Tipo de unidade: HOSPITAL GERAL. Natureza jurídica: HOSPITAL_FILANTRÓPICO. Porte: Grande.",entidade_hospital,"{""categoria"": ""entidade_hospital"", ""cnes"": ""2708779"", ""nome_oficial_tabela"": ""SANTA CASA DE SOROCABA"", ""uf"": ""SP"", ""municipio"": ""SOROCABA"", ""desabilitado"": false}"
"Estabelecimento de saúde: COMPLEXO HOSPITALAR IRMA DULCE O S S. Código CNES: 2716097. Localização: PRAIA GRANDE, São Paulo (SP). Tipo de unidade: HOSPITAL GERAL. Natureza jurídica: HOSPITAL_PÚBLICO. Porte: Grande.",entidade_hospital,"{""categoria"": ""entidade_hospital"", ""cnes"": ""2716097"", ""nome_oficial_tabela"": ""COMPLEXO HOSPITALAR IRMA DULCE O S S"", ""uf"": ""SP"", ""municipio"": ""PRAIA GRANDE"", ""desabilitado"": false}"
"Estabelecimento de saúde: HOSPITAL E MATERNIDADE MAE DO DIVINO AMOR NA PROV DEUS. Código CNES: 2716275. Localização: MIRASSOL, São Paulo (SP). Tipo de unidade: HOSPITAL GERAL. Natureza jurídica: HOSPITAL_FILANTRÓPICO. Porte: Médio.",entidade_hospital,"{""categoria"": ""entidade_hospital"", ""cnes"": ""2716275"", ""nome_oficial_tabela"": ""HOSPITAL E MATERNIDADE MAE DO DIVINO AMOR NA PROV DEUS"", ""uf"": ""SP"", ""municipio"": ""MIRASSOL"", ""desabilitado"": false}"
"Estabelecimento de saúde: HOSPITAL JOAO VELLOSO. Código CNES: 2716291. Localização: OUROESTE, São Paulo (SP). Tipo de unidade: HOSPITAL GERAL. Natureza jurídica: HOSPITAL_PÚBLICO. Porte: Médio.",entidade_hospital,"{""categoria"": ""entidade_hospital"", ""cnes"": ""2716291"", ""nome_oficial_tabela"": ""HOSPITAL JOAO VELLOSO"", ""uf"": ""SP"", ""municipio"": ""OUROESTE"", ""desabilitado"": false}"
"Estabelecimento de saúde: HOSPITAL DE MISERICORDIA ALTINOPOLIS. Código CNES: 2716593. Localização: ALTINOPOLIS, São Paulo (SP). Tipo de unidade: HOSPITAL GERAL. Natureza jurídica: HOSPITAL_FILANTRÓPICO. Porte: Médio.",entidade_hospital,"{""categoria"": ""entidade_hospital"", ""cnes"": ""2716593"", ""nome_oficial_tabela"": ""HOSPITAL DE MISERICORDIA ALTINOPOLIS"", ""uf"": ""SP"", ""municipio"": ""ALTINOPOLIS"", ""desabilitado"": false}"
"Estabelecimento de saúde: HOSPITAL DA CRIANCA GRENDACC. Código CNES: 2716801. Localização: JUNDIAI, São Paulo (SP). Tipo de unidade: HOSPITAL ESPECIALIZADO. Natureza jurídica: HOSPITAL_FILANTRÓPICO. Porte: Pequeno.",entidade_hospital,"{""categoria"": ""entidade_hospital"", ""cnes"": ""2716801"", ""nome_oficial_tabela"": ""HOSPITAL DA CRIANCA GRENDACC"", ""uf"": ""SP"", ""municipio"": ""JUNDIAI"", ""desabilitado"": false}"
"Estabelecimento de saúde: HOSPITAL BOM CLIMA. Código CNES: 2718324. Localização: GUARULHOS, São Paulo (SP). Tipo de unidade: HOSPITAL GERAL. Natureza jurídica: HOSPITAL_PRIVADO. Porte: Médio.",entidade_hospital,"{""categoria"": ""entidade_hospital"", ""cnes"": ""2718324"", ""nome_oficial_tabela"": ""HOSPITAL BOM CLIMA"", ""uf"": ""SP"", ""municipio"": ""GUARULHOS"", ""desabilitado"": false}"
"Estabelecimento de saúde: CLINICA ANDRE LUIZ. Código CNES: 2745356. Localização: GARCA, São Paulo (SP). Tipo de unidade: HOSPITAL ESPECIALIZADO. Natureza jurídica: HOSPITAL_FILANTRÓPICO. Porte: Grande.",entidade_hospital,"{""categoria"": ""entidade_hospital"", ""cnes"": ""2745356"", ""nome_oficial_tabela"": ""CLINICA ANDRE LUIZ"", ""uf"": ""SP"", ""municipio"": ""GARCA"", ""desabilitado"": false}"
"Estabelecimento de saúde: SANTA CASA DE MISERICORDIA DE FLORIDA PAULISTA. Código CNES: 2745402. Localização: FLORIDA PAULISTA, São Paulo (SP). Tipo de unidade: HOSPITAL GERAL. Natureza jurídica: HOSPITAL_FILANTRÓPICO. Porte: Médio.",entidade_hospital,"{""categoria"": ""entidade_hospital"", ""cnes"": ""2745402"", ""nome_oficial_tabela"": ""SANTA CASA DE MISERICORDIA DE FLORIDA PAULISTA"", ""uf"": ""SP"", ""municipio"": ""FLORIDA PAULISTA"", ""desabilitado"": false}"
"Estabelecimento de saúde: HOSPITAL BENEFICIENTE SANTO ANTONIO ORLANDIA. Código CNES: 2745798. Localização: ORLANDIA, São Paulo (SP). Tipo de unidade: HOSPITAL GERAL. Natureza jurídica: HOSPITAL_FILANTRÓPICO. Porte: Médio. Também já foi registrado nos cadastros com o(s) nome(s): HOSPITAL BENEFICENTE SANTO ANTONIO ORLANDIA.",entidade_hospital,"{""categoria"": ""entidade_hospital"", ""cnes"": ""2745798"", ""nome_oficial_tabela"": ""HOSPITAL BENEFICIENTE SANTO ANTONIO ORLANDIA"", ""uf"": ""SP"", ""municipio"": ""ORLANDIA"", ""desabilitado"": false}"
"Estabelecimento de saúde: HOSPITAL SAO MARCOS MORRO AGUDO. Código CNES: 2745801. Localização: MORRO AGUDO, São Paulo (SP). Tipo de unidade: HOSPITAL GERAL. Natureza jurídica: HOSPITAL_FILANTRÓPICO. Porte: Médio.",entidade_hospital,"{""categoria"": ""entidade_hospital"", ""cnes"": ""2745801"", ""nome_oficial_tabela"": ""HOSPITAL SAO MARCOS MORRO AGUDO"", ""uf"": ""SP"", ""municipio"": ""MORRO AGUDO"", ""desabilitado"": false}"
"Estabelecimento de saúde: COMPLEXO HOSPITALAR JUQUERY FRANCO DA ROCHA. Código CNES: 2746220. Localização: FRANCO DA ROCHA, São Paulo (SP). Tipo de unidade: HOSPITAL ESPECIALIZADO. Natureza jurídica: HOSPITAL_PÚBLICO. Porte: Médio.",entidade_hospital,"{""categoria"": ""entidade_hospital"", ""cnes"": ""2746220"", ""nome_oficial_tabela"": ""COMPLEXO HOSPITALAR JUQUERY FRANCO DA ROCHA"", ""uf"": ""SP"", ""municipio"": ""FRANCO DA ROCHA"", ""desabilitado"": false}"
"Estabelecimento de saúde: SANTA CASA DE SANTA ROSA DE VITERBO. Código CNES: 2746298. Localização: SANTA ROSA DE VITERBO, São Paulo (SP). Tipo de unidade: HOSPITAL GERAL. Natureza jurídica: HOSPITAL_FILANTRÓPICO. Porte: Médio.",entidade_hospital,"{""categoria"": ""entidade_hospital"", ""cnes"": ""2746298"", ""nome_oficial_tabela"": ""SANTA CASA DE SANTA ROSA DE VITERBO"", ""uf"": ""SP"", ""municipio"": ""SANTA ROSA DE VITERBO"", ""desabilitado"": false}"
"Estabelecimento de saúde: SANTA CASA DE MISERICORDIA NOVA EUROPA. Código CNES: 2747685. Localização: NOVA EUROPA, São Paulo (SP). Tipo de unidade: HOSPITAL GERAL. Natureza jurídica: HOSPITAL_FILANTRÓPICO. Porte: Pequeno.",entidade_hospital,"{""categoria"": ""entidade_hospital"", ""cnes"": ""2747685"", ""nome_oficial_tabela"": ""SANTA CASA DE MISERICORDIA NOVA EUROPA"", ""uf"": ""SP"", ""municipio"": ""NOVA EUROPA"", ""desabilitado"": false}"
"Estabelecimento de saúde: SANTA CASA DE MISERICORDIA RIBEIRAO BONITO. Código CNES: 2747693. Localização: RIBEIRAO BONITO, São Paulo (SP). Tipo de unidade: HOSPITAL GERAL. Natureza jurídica: HOSPITAL_FILANTRÓPICO. Porte: Médio.",entidade_hospital,"{""categoria"": ""entidade_hospital"", ""cnes"": ""2747693"", ""nome_oficial_tabela"": ""SANTA CASA DE MISERICORDIA RIBEIRAO BONITO"", ""uf"": ""SP"", ""municipio"": ""RIBEIRAO BONITO"", ""desabilitado"": false}"
"Estabelecimento de saúde: HOSPITAL MUNICIPAL GOV MARIO COVAS JR. Código CNES: 2747871. Localização: ILHABELA, São Paulo (SP). Tipo de unidade: HOSPITAL GERAL. Natureza jurídica: HOSPITAL_PÚBLICO. Porte: Médio.",entidade_hospital,"{""categoria"": ""entidade_hospital"", ""cnes"": ""2747871"", ""nome_oficial_tabela"": ""HOSPITAL MUNICIPAL GOV MARIO COVAS JR"", ""uf"": ""SP"", ""municipio"": ""ILHABELA"", ""desabilitado"": false}"
"Estabelecimento de saúde: SANTA CASA DE SAO JOSE CAMPOS. Código CNES: 2748029. Localização: SAO JOSE DOS CAMPOS, São Paulo (SP). Tipo de unidade: HOSPITAL GERAL. Natureza jurídica: HOSPITAL_FILANTRÓPICO. Porte: Grande. Também já foi registrado nos cadastros com o(s) nome(s): SANTA CASA DE MISERICORDIA DE SAO JOSE DOS CAMPOS.",entidade_hospital,"{""categoria"": ""entidade_hospital"", ""cnes"": ""2748029"", ""nome_oficial_tabela"": ""SANTA CASA DE SAO JOSE CAMPOS"", ""uf"": ""SP"", ""municipio"": ""SAO JOSE DOS CAMPOS"", ""desabilitado"": false}"
"Estabelecimento de saúde: HOSPITAL DAS CLINICAS DA FACULDADE DE MEDICINA DE BOTUCATU. Código CNES: 2748223. Localização: BOTUCATU, São Paulo (SP). Tipo de unidade: HOSPITAL GERAL. Natureza jurídica: HOSPITAL_FILANTRÓPICO. Porte: Grande.",entidade_hospital,"{""categoria"": ""entidade_hospital"", ""cnes"": ""2748223"", ""nome_oficial_tabela"": ""HOSPITAL DAS CLINICAS DA FACULDADE DE MEDICINA DE BOTUCATU"", ""uf"": ""SP"", ""municipio"": ""BOTUCATU"", ""desabilitado"": false}"
"Estabelecimento de saúde: HOSPITAL MUNICIPAL JORGE CURY DE SANTA MARIA DA SERRA. Código CNES: 2748320. Localização: SANTA MARIA DA SERRA, São Paulo (SP). Tipo de unidade: UNIDADE MISTA. Natureza jurídica: HOSPITAL_PÚBLICO. Porte: Pequeno.",entidade_hospital,"{""categoria"": ""entidade_hospital"", ""cnes"": ""2748320"", ""nome_oficial_tabela"": ""HOSPITAL MUNICIPAL JORGE CURY DE SANTA MARIA DA SERRA"", ""uf"": ""SP"", ""municipio"": ""SANTA MARIA DA SERRA"", ""desabilitado"": false}"
"Estabelecimento de saúde: HOSP MAT BENEF DE CHARQUEADA. Código CNES: 2748436. Localização: CHARQUEADA, São Paulo (SP). Tipo de unidade: HOSPITAL GERAL. Natureza jurídica: HOSPITAL_FILANTRÓPICO. Porte: Médio.",entidade_hospital,"{""categoria"": ""entidade_hospital"", ""cnes"": ""2748436"", ""nome_oficial_tabela"": ""HOSP MAT BENEF DE CHARQUEADA"", ""uf"": ""SP"", ""municipio"": ""CHARQUEADA"", ""desabilitado"": false}"
"Estabelecimento de saúde: SANTA CASA DE MISERICORDIA DE CAPIVARI. Código CNES: 2748568. Localização: CAPIVARI, São Paulo (SP). Tipo de unidade: HOSPITAL GERAL. Natureza jurídica: HOSPITAL_FILANTRÓPICO. Porte: Médio.",entidade_hospital,"{""categoria"": ""entidade_hospital"", ""cnes"": ""2748568"", ""nome_oficial_tabela"": ""SANTA CASA DE MISERICORDIA DE CAPIVARI"", ""uf"": ""SP"", ""municipio"": ""CAPIVARI"", ""desabilitado"": false}"
"Estabelecimento de saúde: UMS OSWALDO PIMENTEL DE CAMARGO. Código CNES: 2748746. Localização: ELIAS FAUSTO, São Paulo (SP). Tipo de unidade: UNIDADE MISTA. Natureza jurídica: HOSPITAL_PÚBLICO. Porte: Pequeno.",entidade_hospital,"{""categoria"": ""entidade_hospital"", ""cnes"": ""2748746"", ""nome_oficial_tabela"": ""UMS OSWALDO PIMENTEL DE CAMARGO"", ""uf"": ""SP"", ""municipio"": ""ELIAS FAUSTO"", ""desabilitado"": false}"
"Estabelecimento de saúde: CENTRO DE REABILITACAO DE CASA BRANCA. Código CNES: 2749033. Localização: CASA BRANCA, São Paulo (SP). Tipo de unidade: HOSPITAL ESPECIALIZADO. Natureza jurídica: HOSPITAL_PÚBLICO. Porte: Grande.",entidade_hospital,"{""categoria"": ""entidade_hospital"", ""cnes"": ""2749033"", ""nome_oficial_tabela"": ""CENTRO DE REABILITACAO DE CASA BRANCA"", ""uf"": ""SP"", ""municipio"": ""CASA BRANCA"", ""desabilitado"": false}"
"Estabelecimento de saúde: SANTA CASA DE MISERICORDIA DE TAMBAU. Código CNES: 2749149. Localização: TAMBAU, São Paulo (SP). Tipo de unidade: HOSPITAL GERAL. Natureza jurídica: HOSPITAL_FILANTRÓPICO. Porte: Médio.",entidade_hospital,"{""categoria"": ""entidade_hospital"", ""cnes"": ""2749149"", ""nome_oficial_tabela"": ""SANTA CASA DE MISERICORDIA DE TAMBAU"", ""uf"": ""SP"", ""municipio"": ""TAMBAU"", ""desabilitado"": false}"
"Estabelecimento de saúde: HOSPITAL MUNICIPAL UNIVERSITARIO DE TAUBATE. Código CNES: 2749319. Localização: TAUBATE, São Paulo (SP). Tipo de unidade: HOSPITAL GERAL. Natureza jurídica: HOSPITAL_PÚBLICO. Porte: Grande.",entidade_hospital,"{""categoria"": ""entidade_hospital"", ""cnes"": ""2749319"", ""nome_oficial_tabela"": ""HOSPITAL MUNICIPAL UNIVERSITARIO DE TAUBATE"", ""uf"": ""SP"", ""municipio"": ""TAUBATE"", ""desabilitado"": false}"
"Estabelecimento de saúde: HOSPITAL ESTADUAL DR ODILO ANTUNES DE SIQUEIRA P PRUDENTE. Código CNES: 2750511. Localização: PRESIDENTE PRUDENTE, São Paulo (SP). Tipo de unidade: HOSPITAL ESPECIALIZADO. Natureza jurídica: HOSPITAL_PÚBLICO. Porte: Médio.",entidade_hospital,"{""categoria"": ""entidade_hospital"", ""cnes"": ""2750511"", ""nome_oficial_tabela"": ""HOSPITAL ESTADUAL DR ODILO ANTUNES DE SIQUEIRA P PRUDENTE"", ""uf"": ""SP"", ""municipio"": ""PRESIDENTE PRUDENTE"", ""desabilitado"": false}"
"Estabelecimento de saúde: HOSPITAL MUNICIPAL DE IEPE. Código CNES: 2750538. Localização: IEPE, São Paulo (SP). Tipo de unidade: HOSPITAL GERAL. Natureza jurídica: HOSPITAL_PÚBLICO. Porte: Pequeno.",entidade_hospital,"{""categoria"": ""entidade_hospital"", ""cnes"": ""2750538"", ""nome_oficial_tabela"": ""HOSPITAL MUNICIPAL DE IEPE"", ""uf"": ""SP"", ""municipio"": ""IEPE"", ""desabilitado"": false}"
"Estabelecimento de saúde: HOSPITAL ESTADUAL PORTO PRIMAVERA ROSANA. Código CNES: 2750546. Localização: ROSANA, São Paulo (SP). Tipo de unidade: HOSPITAL GERAL. Natureza jurídica: HOSPITAL_PÚBLICO. Porte: Médio.",entidade_hospital,"{""categoria"": ""entidade_hospital"", ""cnes"": ""2750546"", ""nome_oficial_tabela"": ""HOSPITAL ESTADUAL PORTO PRIMAVERA ROSANA"", ""uf"": ""SP"", ""municipio"": ""ROSANA"", ""desabilitado"": false}"
"Estabelecimento de saúde: SANTA CASA DE DRACENA. Código CNES: 2750988. Localização: DRACENA, São Paulo (SP). Tipo de unidade: HOSPITAL GERAL. Natureza jurídica: HOSPITAL_FILANTRÓPICO. Porte: Grande.",entidade_hospital,"{""categoria"": ""entidade_hospital"", ""cnes"": ""2750988"", ""nome_oficial_tabela"": ""SANTA CASA DE DRACENA"", ""uf"": ""SP"", ""municipio"": ""DRACENA"", ""desabilitado"": false}"
"Estabelecimento de saúde: SANTA CASA DE JUNQUEIROPOLIS. Código CNES: 2751003. Localização: JUNQUEIROPOLIS, São Paulo (SP). Tipo de unidade: HOSPITAL GERAL. Natureza jurídica: HOSPITAL_FILANTRÓPICO. Porte: Médio.",entidade_hospital,"{""categoria"": ""entidade_hospital"", ""cnes"": ""2751003"", ""nome_oficial_tabela"": ""SANTA CASA DE JUNQUEIROPOLIS"", ""uf"": ""SP"", ""municipio"": ""JUNQUEIROPOLIS"", ""desabilitado"": false}"
"Estabelecimento de saúde: SANTA CASA MISERICORDIA PADRE JOAO SCHNEIDER MARTINOPOLIS. Código CNES: 2751011. Localização: MARTINOPOLIS, São Paulo (SP). Tipo de unidade: HOSPITAL GERAL. Natureza jurídica: HOSPITAL_FILANTRÓPICO. Porte: Médio.",entidade_hospital,"{""categoria"": ""entidade_hospital"", ""cnes"": ""2751011"", ""nome_oficial_tabela"": ""SANTA CASA MISERICORDIA PADRE JOAO SCHNEIDER MARTINOPOLIS"", ""uf"": ""SP"", ""municipio"": ""MARTINOPOLIS"", ""desabilitado"": false}"
"Estabelecimento de saúde: SANTA CASA DE PRESIDENTE EPITACIO. Código CNES: 2751038. Localização: PRESIDENTE EPITACIO, São Paulo (SP). Tipo de unidade: HOSPITAL GERAL. Natureza jurídica: HOSPITAL_FILANTRÓPICO. Porte: Médio.",entidade_hospital,"{""categoria"": ""entidade_hospital"", ""cnes"": ""2751038"", ""nome_oficial_tabela"": ""SANTA CASA DE PRESIDENTE EPITACIO"", ""uf"": ""SP"", ""municipio"": ""PRESIDENTE EPITACIO"", ""desabilitado"": false}"
"Estabelecimento de saúde: SANTA CASA DE SANTO ANASTACIO. Código CNES: 2751046. Localização: SANTO ANASTACIO, São Paulo (SP). Tipo de unidade: HOSPITAL GERAL. Natureza jurídica: HOSPITAL_FILANTRÓPICO. Porte: Médio.",entidade_hospital,"{""categoria"": ""entidade_hospital"", ""cnes"": ""2751046"", ""nome_oficial_tabela"": ""SANTA CASA DE SANTO ANASTACIO"", ""uf"": ""SP"", ""municipio"": ""SANTO ANASTACIO"", ""desabilitado"": false}"
"Estabelecimento de saúde: SANTA CASA DE MISERICORDIA DE CERQUILHO. Código CNES: 2751569. Localização: CERQUILHO, São Paulo (SP). Tipo de unidade: HOSPITAL GERAL. Natureza jurídica: HOSPITAL_FILANTRÓPICO. Porte: Médio.",entidade_hospital,"{""categoria"": ""entidade_hospital"", ""cnes"": ""2751569"", ""nome_oficial_tabela"": ""SANTA CASA DE MISERICORDIA DE CERQUILHO"", ""uf"": ""SP"", ""municipio"": ""CERQUILHO"", ""desabilitado"": false}"
"Estabelecimento de saúde: HOSPITAL FRANCISCO ROSAS. Código CNES: 2751623. Localização: ESPIRITO SANTO DO PINHAL, São Paulo (SP). Tipo de unidade: HOSPITAL GERAL. Natureza jurídica: HOSPITAL_FILANTRÓPICO. Porte: Médio.",entidade_hospital,"{""categoria"": ""entidade_hospital"", ""cnes"": ""2751623"", ""nome_oficial_tabela"": ""HOSPITAL FRANCISCO ROSAS"", ""uf"": ""SP"", ""municipio"": ""ESPIRITO SANTO DO PINHAL"", ""desabilitado"": false}"
"Estabelecimento de saúde: HOSPITAL E MATERNIDADE NOSSA SENHORA DAS GRACAS. Código CNES: 2751674. Localização: ITAPORANGA, São Paulo (SP). Tipo de unidade: HOSPITAL GERAL. Natureza jurídica: HOSPITAL_FILANTRÓPICO. Porte: Médio.",entidade_hospital,"{""categoria"": ""entidade_hospital"", ""cnes"": ""2751674"", ""nome_oficial_tabela"": ""HOSPITAL E MATERNIDADE NOSSA SENHORA DAS GRACAS"", ""uf"": ""SP"", ""municipio"": ""ITAPORANGA"", ""desabilitado"": false}"
"Estabelecimento de saúde: SANTA CASA DE MISERICORDIA DE ITUVERAVA. Código CNES: 2751704. Localização: ITUVERAVA, São Paulo (SP). Tipo de unidade: HOSPITAL GERAL. Natureza jurídica: HOSPITAL_FILANTRÓPICO. Porte: Grande.",entidade_hospital,"{""categoria"": ""entidade_hospital"", ""cnes"": ""2751704"", ""nome_oficial_tabela"": ""SANTA CASA DE MISERICORDIA DE ITUVERAVA"", ""uf"": ""SP"", ""municipio"": ""ITUVERAVA"", ""desabilitado"": false}"
"Estabelecimento de saúde: SANTA CASA DE MAUA. Código CNES: 2751747. Localização: MAUA, São Paulo (SP). Tipo de unidade: HOSPITAL GERAL. Natureza jurídica: HOSPITAL_FILANTRÓPICO. Porte: Médio.",entidade_hospital,"{""categoria"": ""entidade_hospital"", ""cnes"": ""2751747"", ""nome_oficial_tabela"": ""SANTA CASA DE MAUA"", ""uf"": ""SP"", ""municipio"": ""MAUA"", ""desabilitado"": false}"
"Estabelecimento de saúde: HOSP DO SERV PUB MUNICIPAL HSPM. Código CNES: 2752077. Localização: SAO PAULO, São Paulo (SP). Tipo de unidade: HOSPITAL GERAL. Natureza jurídica: HOSPITAL_PÚBLICO. Porte: Grande.",entidade_hospital,"{""categoria"": ""entidade_hospital"", ""cnes"": ""2752077"", ""nome_oficial_tabela"": ""HOSP DO SERV PUB MUNICIPAL HSPM"", ""uf"": ""SP"", ""municipio"": ""SAO PAULO"", ""desabilitado"": false}"
"Estabelecimento de saúde: HOSPITAL SANTO AMARO. Código CNES: 2754843. Localização: GUARUJA, São Paulo (SP). Tipo de unidade: HOSPITAL GERAL. Natureza jurídica: HOSPITAL_FILANTRÓPICO. Porte: Grande.",entidade_hospital,"{""categoria"": ""entidade_hospital"", ""cnes"": ""2754843"", ""nome_oficial_tabela"": ""HOSPITAL SANTO AMARO"", ""uf"": ""SP"", ""municipio"": ""GUARUJA"", ""desabilitado"": false}"
"Estabelecimento de saúde: SANTA CASA DE PINDAMONHANGABA. Código CNES: 2755092. Localização: PINDAMONHANGABA, São Paulo (SP). Tipo de unidade: HOSPITAL GERAL. Natureza jurídica: HOSPITAL_FILANTRÓPICO. Porte: Grande.",entidade_hospital,"{""categoria"": ""entidade_hospital"", ""cnes"": ""2755092"", ""nome_oficial_tabela"": ""SANTA CASA DE PINDAMONHANGABA"", ""uf"": ""SP"", ""municipio"": ""PINDAMONHANGABA"", ""desabilitado"": false}"
"Estabelecimento de saúde: HOSPITAL DOMINGOS LEONARDO CERAVOLO PRESIDENTE PRUDENTE. Código CNES: 2755130. Localização: PRESIDENTE PRUDENTE, São Paulo (SP). Tipo de unidade: HOSPITAL GERAL. Natureza jurídica: HOSPITAL_PÚBLICO. Porte: Grande.",entidade_hospital,"{""categoria"": ""entidade_hospital"", ""cnes"": ""2755130"", ""nome_oficial_tabela"": ""HOSPITAL DOMINGOS LEONARDO CERAVOLO PRESIDENTE PRUDENTE"", ""uf"": ""SP"", ""municipio"": ""PRESIDENTE PRUDENTE"", ""desabilitado"": false}"
"Estabelecimento de saúde: SANTA CASA DE LINS. Código CNES: 2758245. Localização: LINS, São Paulo (SP). Tipo de unidade: HOSPITAL GERAL. Natureza jurídica: HOSPITAL_FILANTRÓPICO. Porte: Grande.",entidade_hospital,"{""categoria"": ""entidade_hospital"", ""cnes"": ""2758245"", ""nome_oficial_tabela"": ""SANTA CASA DE LINS"", ""uf"": ""SP"", ""municipio"": ""LINS"", ""desabilitado"": false}"
"Estabelecimento de saúde: HOSPITAL DE CLINICAS DE SAO SEBASTIAO. Código CNES: 2765934. Localização: SAO SEBASTIAO, São Paulo (SP). Tipo de unidade: HOSPITAL GERAL. Natureza jurídica: HOSPITAL_FILANTRÓPICO. Porte: Médio.",entidade_hospital,"{""categoria"": ""entidade_hospital"", ""cnes"": ""2765934"", ""nome_oficial_tabela"": ""HOSPITAL DE CLINICAS DE SAO SEBASTIAO"", ""uf"": ""SP"", ""municipio"": ""SAO SEBASTIAO"", ""desabilitado"": false}"
"Estabelecimento de saúde: HOSPITAL SANTA LUCINDA SOROCABA. Código CNES: 2765942. Localização: SOROCABA, São Paulo (SP). Tipo de unidade: HOSPITAL GERAL. Natureza jurídica: HOSPITAL_FILANTRÓPICO. Porte: Grande.",entidade_hospital,"{""categoria"": ""entidade_hospital"", ""cnes"": ""2765942"", ""nome_oficial_tabela"": ""HOSPITAL SANTA LUCINDA SOROCABA"", ""uf"": ""SP"", ""municipio"": ""SOROCABA"", ""desabilitado"": false}"
"Estabelecimento de saúde: HOSPITAL E MATERNIDADE SAO VICENTE DE PAULO RIO DAS PEDRAS. Código CNES: 2766167. Localização: RIO DAS PEDRAS, São Paulo (SP). Tipo de unidade: HOSPITAL GERAL. Natureza jurídica: HOSPITAL_FILANTRÓPICO. Porte: Médio.",entidade_hospital,"{""categoria"": ""entidade_hospital"", ""cnes"": ""2766167"", ""nome_oficial_tabela"": ""HOSPITAL E MATERNIDADE SAO VICENTE DE PAULO RIO DAS PEDRAS"", ""uf"": ""SP"", ""municipio"": ""RIO DAS PEDRAS"", ""desabilitado"": false}"
"Estabelecimento de saúde: SANTA CASA DE PIRACICABA. Código CNES: 2772310. Localização: PIRACICABA, São Paulo (SP). Tipo de unidade: HOSPITAL GERAL. Natureza jurídica: HOSPITAL_FILANTRÓPICO. Porte: Grande.",entidade_hospital,"{""categoria"": ""entidade_hospital"", ""cnes"": ""2772310"", ""nome_oficial_tabela"": ""SANTA CASA DE PIRACICABA"", ""uf"": ""SP"", ""municipio"": ""PIRACICABA"", ""desabilitado"": false}"
"Estabelecimento de saúde: SANTA CASA DE GUARAREMA. Código CNES: 2773333. Localização: GUARAREMA, São Paulo (SP). Tipo de unidade: HOSPITAL GERAL. Natureza jurídica: HOSPITAL_FILANTRÓPICO. Porte: Médio.",entidade_hospital,"{""categoria"": ""entidade_hospital"", ""cnes"": ""2773333"", ""nome_oficial_tabela"": ""SANTA CASA DE GUARAREMA"", ""uf"": ""SP"", ""municipio"": ""GUARAREMA"", ""desabilitado"": false}"
"Estabelecimento de saúde: HOSPITAL DE AGUDOS. Código CNES: 2774720. Localização: AGUDOS, São Paulo (SP). Tipo de unidade: HOSPITAL GERAL. Natureza jurídica: HOSPITAL_FILANTRÓPICO. Porte: Médio.",entidade_hospital,"{""categoria"": ""entidade_hospital"", ""cnes"": ""2774720"", ""nome_oficial_tabela"": ""HOSPITAL DE AGUDOS"", ""uf"": ""SP"", ""municipio"": ""AGUDOS"", ""desabilitado"": false}"
"Estabelecimento de saúde: HOSPITAL AUGUSTO DE OLIVEIRA CAMARGO. Código CNES: 2784602. Localização: INDAIATUBA, São Paulo (SP). Tipo de unidade: HOSPITAL GERAL. Natureza jurídica: HOSPITAL_FILANTRÓPICO. Porte: Grande.",entidade_hospital,"{""categoria"": ""entidade_hospital"", ""cnes"": ""2784602"", ""nome_oficial_tabela"": ""HOSPITAL AUGUSTO DE OLIVEIRA CAMARGO"", ""uf"": ""SP"", ""municipio"": ""INDAIATUBA"", ""desabilitado"": false}"
"Estabelecimento de saúde: MOGI MATER HOSPITAL E MATERNIDADE. Código CNES: 2784874. Localização: MOGI DAS CRUZES, São Paulo (SP). Tipo de unidade: HOSPITAL GERAL. Natureza jurídica: HOSPITAL_PRIVADO. Porte: Médio.",entidade_hospital,"{""categoria"": ""entidade_hospital"", ""cnes"": ""2784874"", ""nome_oficial_tabela"": ""MOGI MATER HOSPITAL E MATERNIDADE"", ""uf"": ""SP"", ""municipio"": ""MOGI DAS CRUZES"", ""desabilitado"": false}"
"Estabelecimento de saúde: UNIDADE MISTA DE SAUDE DE TABOAO DA SERRA. Código CNES: 2785188. Localização: TABOAO DA SERRA, São Paulo (SP). Tipo de unidade: HOSPITAL GERAL. Natureza jurídica: HOSPITAL_PÚBLICO. Porte: Médio.",entidade_hospital,"{""categoria"": ""entidade_hospital"", ""cnes"": ""2785188"", ""nome_oficial_tabela"": ""UNIDADE MISTA DE SAUDE DE TABOAO DA SERRA"", ""uf"": ""SP"", ""municipio"": ""TABOAO DA SERRA"", ""desabilitado"": false}"
"Estabelecimento de saúde: SANTA CASA DE PIRASSUNUNGA. Código CNES: 2785382. Localização: PIRASSUNUNGA, São Paulo (SP). Tipo de unidade: HOSPITAL GERAL. Natureza jurídica: HOSPITAL_FILANTRÓPICO. Porte: Grande.",entidade_hospital,"{""categoria"": ""entidade_hospital"", ""cnes"": ""2785382"", ""nome_oficial_tabela"": ""SANTA CASA DE PIRASSUNUNGA"", ""uf"": ""SP"", ""municipio"": ""PIRASSUNUNGA"", ""desabilitado"": false}"
"Estabelecimento de saúde: HCSVP HOSPITAL SAO VICENTE. Código CNES: 2786435. Localização: JUNDIAI, São Paulo (SP). Tipo de unidade: HOSPITAL GERAL. Natureza jurídica: HOSPITAL_FILANTRÓPICO. Porte: Grande.",entidade_hospital,"{""categoria"": ""entidade_hospital"", ""cnes"": ""2786435"", ""nome_oficial_tabela"": ""HCSVP HOSPITAL SAO VICENTE"", ""uf"": ""SP"", ""municipio"": ""JUNDIAI"", ""desabilitado"": false}"
"Estabelecimento de saúde: HOSP MUN FERNANDO MAURO PIRES DA ROCHA. Código CNES: 2786680. Localização: SAO PAULO, São Paulo (SP). Tipo de unidade: HOSPITAL GERAL. Natureza jurídica: HOSPITAL_PÚBLICO. Porte: Grande.",entidade_hospital,"{""categoria"": ""entidade_hospital"", ""cnes"": ""2786680"", ""nome_oficial_tabela"": ""HOSP MUN FERNANDO MAURO PIRES DA ROCHA"", ""uf"": ""SP"", ""municipio"": ""SAO PAULO"", ""desabilitado"": false}"
"Estabelecimento de saúde: PRONTO SOCORRO DE VICENTE DE CARVALHO GUARUJA. Código CNES: 2789345. Localização: GUARUJA, São Paulo (SP). Tipo de unidade: PRONTO SOCORRO GERAL. Natureza jurídica: HOSPITAL_PÚBLICO. Porte: Médio.",entidade_hospital,"{""categoria"": ""entidade_hospital"", ""cnes"": ""2789345"", ""nome_oficial_tabela"": ""PRONTO SOCORRO DE VICENTE DE CARVALHO GUARUJA"", ""uf"": ""SP"", ""municipio"": ""GUARUJA"", ""desabilitado"": false}"
"Estabelecimento de saúde: PRONTO SOCORRO PROF DR MATHEUS SANTAMARIA GUARUJA. Código CNES: 2789353. Localização: GUARUJA, São Paulo (SP). Tipo de unidade: PRONTO SOCORRO GERAL. Natureza jurídica: HOSPITAL_PÚBLICO. Porte: Médio.",entidade_hospital,"{""categoria"": ""entidade_hospital"", ""cnes"": ""2789353"", ""nome_oficial_tabela"": ""PRONTO SOCORRO PROF DR MATHEUS SANTAMARIA GUARUJA"", ""uf"": ""SP"", ""municipio"": ""GUARUJA"", ""desabilitado"": false}"
"Estabelecimento de saúde: HOSPITAL E MATERNIDADE BRASIL. Código CNES: 2789590. Localização: SANTO ANDRE, São Paulo (SP). Tipo de unidade: HOSPITAL GERAL. Natureza jurídica: HOSPITAL_PRIVADO. Porte: Grande.",entidade_hospital,"{""categoria"": ""entidade_hospital"", ""cnes"": ""2789590"", ""nome_oficial_tabela"": ""HOSPITAL E MATERNIDADE BRASIL"", ""uf"": ""SP"", ""municipio"": ""SANTO ANDRE"", ""desabilitado"": false}"
"Estabelecimento de saúde: HOSPITAL DE BASE DE BAURU. Código CNES: 2790556. Localização: BAURU, São Paulo (SP). Tipo de unidade: HOSPITAL GERAL. Natureza jurídica: HOSPITAL_PÚBLICO. Porte: Grande.",entidade_hospital,"{""categoria"": ""entidade_hospital"", ""cnes"": ""2790556"", ""nome_oficial_tabela"": ""HOSPITAL DE BASE DE BAURU"", ""uf"": ""SP"", ""municipio"": ""BAURU"", ""desabilitado"": false}"
"Estabelecimento de saúde: HOSPITAL DE REABILITACAO DE ANOMALIAS CRANIOFACIAIS BAURU. Código CNES: 2790564. Localização: BAURU, São Paulo (SP). Tipo de unidade: HOSPITAL ESPECIALIZADO. Natureza jurídica: HOSPITAL_PÚBLICO. Porte: Médio.",entidade_hospital,"{""categoria"": ""entidade_hospital"", ""cnes"": ""2790564"", ""nome_oficial_tabela"": ""HOSPITAL DE REABILITACAO DE ANOMALIAS CRANIOFACIAIS BAURU"", ""uf"": ""SP"", ""municipio"": ""BAURU"", ""desabilitado"": false}"
"Estabelecimento de saúde: MATERNIDADE SANTA ISABEL. Código CNES: 2790580. Localização: BAURU, São Paulo (SP). Tipo de unidade: HOSPITAL ESPECIALIZADO. Natureza jurídica: HOSPITAL_PÚBLICO. Porte: Médio. Também já foi registrado nos cadastros com o(s) nome(s): MATERNIDADE SANTA ISABEL BAURU.",entidade_hospital,"{""categoria"": ""entidade_hospital"", ""cnes"": ""2790580"", ""nome_oficial_tabela"": ""MATERNIDADE SANTA ISABEL"", ""uf"": ""SP"", ""municipio"": ""BAURU"", ""desabilitado"": false}"
"Estabelecimento de saúde: HOSPITAL ESTADUAL BAURU. Código CNES: 2790602. Localização: BAURU, São Paulo (SP). Tipo de unidade: HOSPITAL GERAL. Natureza jurídica: HOSPITAL_PÚBLICO. Porte: Grande.",entidade_hospital,"{""categoria"": ""entidade_hospital"", ""cnes"": ""2790602"", ""nome_oficial_tabela"": ""HOSPITAL ESTADUAL BAURU"", ""uf"": ""SP"", ""municipio"": ""BAURU"", ""desabilitado"": false}"
"Estabelecimento de saúde: HOSPITAL GERAL PREFEITO MIGUEL MARTIN GUALDA DE PROMISSAO. Código CNES: 2790610. Localização: PROMISSAO, São Paulo (SP). Tipo de unidade: HOSPITAL GERAL. Natureza jurídica: HOSPITAL_PÚBLICO. Porte: Médio. Também já foi registrado nos cadastros com o(s) nome(s): HOSPITAL GERAL PREFEITO MIGUEL MARTIN GUALDA PROMISSAO.",entidade_hospital,"{""categoria"": ""entidade_hospital"", ""cnes"": ""2790610"", ""nome_oficial_tabela"": ""HOSPITAL GERAL PREFEITO MIGUEL MARTIN GUALDA DE PROMISSAO"", ""uf"": ""SP"", ""municipio"": ""PROMISSAO"", ""desabilitado"": false}"
"Estabelecimento de saúde: HOSPITAL SANTA LUZIA DUARTINA. Código CNES: 2790637. Localização: DUARTINA, São Paulo (SP). Tipo de unidade: HOSPITAL GERAL. Natureza jurídica: HOSPITAL_FILANTRÓPICO. Porte: Médio.",entidade_hospital,"{""categoria"": ""entidade_hospital"", ""cnes"": ""2790637"", ""nome_oficial_tabela"": ""HOSPITAL SANTA LUZIA DUARTINA"", ""uf"": ""SP"", ""municipio"": ""DUARTINA"", ""desabilitado"": false}"
"Estabelecimento de saúde: HOSPITAL TEREZA PERLATTI JAU. Código CNES: 2790653. Localização: JAU, São Paulo (SP). Tipo de unidade: HOSPITAL ESPECIALIZADO. Natureza jurídica: HOSPITAL_FILANTRÓPICO. Porte: Grande. Também já foi registrado nos cadastros com o(s) nome(s): HOSPITAL THEREZA PERLATTI JAU.",entidade_hospital,"{""categoria"": ""entidade_hospital"", ""cnes"": ""2790653"", ""nome_oficial_tabela"": ""HOSPITAL TEREZA PERLATTI JAU"", ""uf"": ""SP"", ""municipio"": ""JAU"", ""desabilitado"": false}"
"Estabelecimento de saúde: HOSPITAL UNIMED DE BAURU. Código CNES: 2790661. Localização: BAURU, São Paulo (SP). Tipo de unidade: HOSPITAL GERAL. Natureza jurídica: HOSPITAL_PRIVADO. Porte: Grande.",entidade_hospital,"{""categoria"": ""entidade_hospital"", ""cnes"": ""2790661"", ""nome_oficial_tabela"": ""HOSPITAL UNIMED DE BAURU"", ""uf"": ""SP"", ""municipio"": ""BAURU"", ""desabilitado"": false}"
"Estabelecimento de saúde: INSTITUTO LAURO DE SOUZA LIMA BAURU. Código CNES: 2790734. Localização: BAURU, São Paulo (SP). Tipo de unidade: HOSPITAL GERAL. Natureza jurídica: HOSPITAL_PÚBLICO. Porte: Médio.",entidade_hospital,"{""categoria"": ""entidade_hospital"", ""cnes"": ""2790734"", ""nome_oficial_tabela"": ""INSTITUTO LAURO DE SOUZA LIMA BAURU"", ""uf"": ""SP"", ""municipio"": ""BAURU"", ""desabilitado"": false}"
"Estabelecimento de saúde: LAR IRMA DULCE NA PROVIDENCIA DE DEUS PIRAJUI. Código CNES: 2790998. Localização: PIRAJUI, São Paulo (SP). Tipo de unidade: HOSPITAL ESPECIALIZADO. Natureza jurídica: HOSPITAL_FILANTRÓPICO. Porte: Grande.",entidade_hospital,"{""categoria"": ""entidade_hospital"", ""cnes"": ""2790998"", ""nome_oficial_tabela"": ""LAR IRMA DULCE NA PROVIDENCIA DE DEUS PIRAJUI"", ""uf"": ""SP"", ""municipio"": ""PIRAJUI"", ""desabilitado"": false}"
"Estabelecimento de saúde: SANTA CASA DE AREALVA. Código CNES: 2791668. Localização: AREALVA, São Paulo (SP). Tipo de unidade: HOSPITAL GERAL. Natureza jurídica: HOSPITAL_FILANTRÓPICO. Porte: Médio.",entidade_hospital,"{""categoria"": ""entidade_hospital"", ""cnes"": ""2791668"", ""nome_oficial_tabela"": ""SANTA CASA DE AREALVA"", ""uf"": ""SP"", ""municipio"": ""AREALVA"", ""desabilitado"": false}"
"Estabelecimento de saúde: SANTA CASA DE BARIRI. Código CNES: 2791676. Localização: BARIRI, São Paulo (SP). Tipo de unidade: HOSPITAL GERAL. Natureza jurídica: HOSPITAL_FILANTRÓPICO. Porte: Médio.",entidade_hospital,"{""categoria"": ""entidade_hospital"", ""cnes"": ""2791676"", ""nome_oficial_tabela"": ""SANTA CASA DE BARIRI"", ""uf"": ""SP"", ""municipio"": ""BARIRI"", ""desabilitado"": false}"
"Estabelecimento de saúde: SANTA CASA DE CAFELANDIA. Código CNES: 2791684. Localização: CAFELANDIA, São Paulo (SP). Tipo de unidade: HOSPITAL GERAL. Natureza jurídica: HOSPITAL_FILANTRÓPICO. Porte: Médio.",entidade_hospital,"{""categoria"": ""entidade_hospital"", ""cnes"": ""2791684"", ""nome_oficial_tabela"": ""SANTA CASA DE CAFELANDIA"", ""uf"": ""SP"", ""municipio"": ""CAFELANDIA"", ""desabilitado"": false}"
"Estabelecimento de saúde: SANTA CASA DE DOIS CORREGOS. Código CNES: 2791692. Localização: DOIS CORREGOS, São Paulo (SP). Tipo de unidade: HOSPITAL GERAL. Natureza jurídica: HOSPITAL_FILANTRÓPICO. Porte: Médio.",entidade_hospital,"{""categoria"": ""entidade_hospital"", ""cnes"": ""2791692"", ""nome_oficial_tabela"": ""SANTA CASA DE DOIS CORREGOS"", ""uf"": ""SP"", ""municipio"": ""DOIS CORREGOS"", ""desabilitado"": false}"
"Estabelecimento de saúde: SANTA CASA DE GETULINA. Código CNES: 2791706. Localização: GETULINA, São Paulo (SP). Tipo de unidade: HOSPITAL GERAL. Natureza jurídica: HOSPITAL_FILANTRÓPICO. Porte: Médio.",entidade_hospital,"{""categoria"": ""entidade_hospital"", ""cnes"": ""2791706"", ""nome_oficial_tabela"": ""SANTA CASA DE GETULINA"", ""uf"": ""SP"", ""municipio"": ""GETULINA"", ""desabilitado"": false}"
"Estabelecimento de saúde: SANTA CASA DE IACANGA. Código CNES: 2791714. Localização: IACANGA, São Paulo (SP). Tipo de unidade: HOSPITAL GERAL. Natureza jurídica: HOSPITAL_FILANTRÓPICO. Porte: Médio.",entidade_hospital,"{""categoria"": ""entidade_hospital"", ""cnes"": ""2791714"", ""nome_oficial_tabela"": ""SANTA CASA DE IACANGA"", ""uf"": ""SP"", ""municipio"": ""IACANGA"", ""desabilitado"": false}"
"Estabelecimento de saúde: SANTA CASA DE JAU. Código CNES: 2791722. Localização: JAU, São Paulo (SP). Tipo de unidade: HOSPITAL GERAL. Natureza jurídica: HOSPITAL_FILANTRÓPICO. Porte: Grande.",entidade_hospital,"{""categoria"": ""entidade_hospital"", ""cnes"": ""2791722"", ""nome_oficial_tabela"": ""SANTA CASA DE JAU"", ""uf"": ""SP"", ""municipio"": ""JAU"", ""desabilitado"": false}"
"Estabelecimento de saúde: SANTA CASA DE MISERICORDIA DE BOCAINA. Código CNES: 2791730. Localização: BOCAINA, São Paulo (SP). Tipo de unidade: HOSPITAL GERAL. Natureza jurídica: HOSPITAL_FILANTRÓPICO. Porte: Pequeno.",entidade_hospital,"{""categoria"": ""entidade_hospital"", ""cnes"": ""2791730"", ""nome_oficial_tabela"": ""SANTA CASA DE MISERICORDIA DE BOCAINA"", ""uf"": ""SP"", ""municipio"": ""BOCAINA"", ""desabilitado"": false}"
"Estabelecimento de saúde: SANTA CASA DE PEDERNEIRAS. Código CNES: 2791749. Localização: PEDERNEIRAS, São Paulo (SP). Tipo de unidade: HOSPITAL GERAL. Natureza jurídica: HOSPITAL_FILANTRÓPICO. Porte: Médio.",entidade_hospital,"{""categoria"": ""entidade_hospital"", ""cnes"": ""2791749"", ""nome_oficial_tabela"": ""SANTA CASA DE PEDERNEIRAS"", ""uf"": ""SP"", ""municipio"": ""PEDERNEIRAS"", ""desabilitado"": false}"
"Estabelecimento de saúde: SANTA CASA DE PIRATININGA. Código CNES: 2791757. Localização: PIRATININGA, São Paulo (SP). Tipo de unidade: HOSPITAL GERAL. Natureza jurídica: HOSPITAL_FILANTRÓPICO. Porte: Médio.",entidade_hospital,"{""categoria"": ""entidade_hospital"", ""cnes"": ""2791757"", ""nome_oficial_tabela"": ""SANTA CASA DE PIRATININGA"", ""uf"": ""SP"", ""municipio"": ""PIRATININGA"", ""desabilitado"": false}"
"Estabelecimento de saúde: HOSPITAL REGIONAL DE COTIA. Código CNES: 2792141. Localização: COTIA, São Paulo (SP). Tipo de unidade: HOSPITAL GERAL. Natureza jurídica: HOSPITAL_PÚBLICO. Porte: Grande.",entidade_hospital,"{""categoria"": ""entidade_hospital"", ""cnes"": ""2792141"", ""nome_oficial_tabela"": ""HOSPITAL REGIONAL DE COTIA"", ""uf"": ""SP"", ""municipio"": ""COTIA"", ""desabilitado"": false}"
"Estabelecimento de saúde: HOSPITAL GERAL DE CARAPICUIBA. Código CNES: 2792168. Localização: CARAPICUIBA, São Paulo (SP). Tipo de unidade: HOSPITAL GERAL. Natureza jurídica: HOSPITAL_PÚBLICO. Porte: Grande.",entidade_hospital,"{""categoria"": ""entidade_hospital"", ""cnes"": ""2792168"", ""nome_oficial_tabela"": ""HOSPITAL GERAL DE CARAPICUIBA"", ""uf"": ""SP"", ""municipio"": ""CARAPICUIBA"", ""desabilitado"": false}"
"Estabelecimento de saúde: HOSPITAL GERAL DE ITAPECERICA DA SERRA. Código CNES: 2792176. Localização: ITAPECERICA DA SERRA, São Paulo (SP). Tipo de unidade: HOSPITAL GERAL. Natureza jurídica: HOSPITAL_PÚBLICO. Porte: Grande.",entidade_hospital,"{""categoria"": ""entidade_hospital"", ""cnes"": ""2792176"", ""nome_oficial_tabela"": ""HOSPITAL GERAL DE ITAPECERICA DA SERRA"", ""uf"": ""SP"", ""municipio"": ""ITAPECERICA DA SERRA"", ""desabilitado"": false}"
"Estabelecimento de saúde: HOSPITAL ALVORADA JACAREI. Código CNES: 2793466. Localização: JACAREI, São Paulo (SP). Tipo de unidade: HOSPITAL GERAL. Natureza jurídica: HOSPITAL_PRIVADO. Porte: Médio.",entidade_hospital,"{""categoria"": ""entidade_hospital"", ""cnes"": ""2793466"", ""nome_oficial_tabela"": ""HOSPITAL ALVORADA JACAREI"", ""uf"": ""SP"", ""municipio"": ""JACAREI"", ""desabilitado"": false}"
"Estabelecimento de saúde: HOSPITAL SANTA HELENA SAO JOSE DO RIO PRETO. Código CNES: 2797844. Localização: SAO JOSE DO RIO PRETO, São Paulo (SP). Tipo de unidade: HOSPITAL GERAL. Natureza jurídica: HOSPITAL_PRIVADO. Porte: Médio.",entidade_hospital,"{""categoria"": ""entidade_hospital"", ""cnes"": ""2797844"", ""nome_oficial_tabela"": ""HOSPITAL SANTA HELENA SAO JOSE DO RIO PRETO"", ""uf"": ""SP"", ""municipio"": ""SAO JOSE DO RIO PRETO"", ""desabilitado"": false}"
"Estabelecimento de saúde: PLENA SAUDE. Código CNES: 2798220. Localização: FRANCO DA ROCHA, São Paulo (SP). Tipo de unidade: HOSPITAL GERAL. Natureza jurídica: HOSPITAL_PRIVADO. Porte: Médio. Também já foi registrado nos cadastros com o(s) nome(s): HOSPITAL PREVINA.",entidade_hospital,"{""categoria"": ""entidade_hospital"", ""cnes"": ""2798220"", ""nome_oficial_tabela"": ""PLENA SAUDE"", ""uf"": ""SP"", ""municipio"": ""FRANCO DA ROCHA"", ""desabilitado"": false}"
"Estabelecimento de saúde: HOSPITAL SAO JOSE ITIRAPINA. Código CNES: 2798239. Localização: ITIRAPINA, São Paulo (SP). Tipo de unidade: HOSPITAL GERAL. Natureza jurídica: HOSPITAL_PÚBLICO. Porte: Pequeno.",entidade_hospital,"{""categoria"": ""entidade_hospital"", ""cnes"": ""2798239"", ""nome_oficial_tabela"": ""HOSPITAL SAO JOSE ITIRAPINA"", ""uf"": ""SP"", ""municipio"": ""ITIRAPINA"", ""desabilitado"": false}"
"Estabelecimento de saúde: SANTA CASA DE MISERICORDIA DE SAO JOSE DO RIO PRETO. Código CNES: 2798298. Localização: SAO JOSE DO RIO PRETO, São Paulo (SP). Tipo de unidade: HOSPITAL GERAL. Natureza jurídica: HOSPITAL_FILANTRÓPICO. Porte: Grande.",entidade_hospital,"{""categoria"": ""entidade_hospital"", ""cnes"": ""2798298"", ""nome_oficial_tabela"": ""SANTA CASA DE MISERICORDIA DE SAO JOSE DO RIO PRETO"", ""uf"": ""SP"", ""municipio"": ""SAO JOSE DO RIO PRETO"", ""desabilitado"": false}"
"Estabelecimento de saúde: PRONTO SOCORRO CENTRAL DE DIADEMA. Código CNES: 2801051. Localização: DIADEMA, São Paulo (SP). Tipo de unidade: PRONTO SOCORRO GERAL. Natureza jurídica: HOSPITAL_PÚBLICO. Porte: Médio.",entidade_hospital,"{""categoria"": ""entidade_hospital"", ""cnes"": ""2801051"", ""nome_oficial_tabela"": ""PRONTO SOCORRO CENTRAL DE DIADEMA"", ""uf"": ""SP"", ""municipio"": ""DIADEMA"", ""desabilitado"": false}"
"Estabelecimento de saúde: PRONTO SOCORRO SANTA CRUZ DE IRACEMAPOLIS. Código CNES: 2812681. Localização: IRACEMAPOLIS, São Paulo (SP). Tipo de unidade: PRONTO SOCORRO GERAL. Natureza jurídica: HOSPITAL_PÚBLICO. Porte: Pequeno.",entidade_hospital,"{""categoria"": ""entidade_hospital"", ""cnes"": ""2812681"", ""nome_oficial_tabela"": ""PRONTO SOCORRO SANTA CRUZ DE IRACEMAPOLIS"", ""uf"": ""SP"", ""municipio"": ""IRACEMAPOLIS"", ""desabilitado"": false}"
"Estabelecimento de saúde: FUNDACAO FACULDADE DE MEDICINAHCFMUSP INST DE PSIQUIATRIA SP. Código CNES: 2812703. Localização: SAO PAULO, São Paulo (SP). Tipo de unidade: HOSPITAL ESPECIALIZADO. Natureza jurídica: HOSPITAL_FILANTRÓPICO. Porte: Grande.",entidade_hospital,"{""categoria"": ""entidade_hospital"", ""cnes"": ""2812703"", ""nome_oficial_tabela"": ""FUNDACAO FACULDADE DE MEDICINAHCFMUSP INST DE PSIQUIATRIA SP"", ""uf"": ""SP"", ""municipio"": ""SAO PAULO"", ""desabilitado"": false}"
"Estabelecimento de saúde: HOSPITAL CENTRAL SUL. Código CNES: 2819473. Localização: SAO PAULO, São Paulo (SP). Tipo de unidade: HOSPITAL GERAL. Natureza jurídica: HOSPITAL_PRIVADO. Porte: Médio. Também já foi registrado nos cadastros com o(s) nome(s): SERRA MAYOR.",entidade_hospital,"{""categoria"": ""entidade_hospital"", ""cnes"": ""2819473"", ""nome_oficial_tabela"": ""HOSPITAL CENTRAL SUL"", ""uf"": ""SP"", ""municipio"": ""SAO PAULO"", ""desabilitado"": false}"
"Estabelecimento de saúde: API ASSISTENCIA PSIQUIATRICA INTEGRADA. Código CNES: 2821613. Localização: SAO PAULO, São Paulo (SP). Tipo de unidade: HOSPITAL ESPECIALIZADO. Natureza jurídica: HOSPITAL_PRIVADO. Porte: Médio.",entidade_hospital,"{""categoria"": ""entidade_hospital"", ""cnes"": ""2821613"", ""nome_oficial_tabela"": ""API ASSISTENCIA PSIQUIATRICA INTEGRADA"", ""uf"": ""SP"", ""municipio"": ""SAO PAULO"", ""desabilitado"": false}"
"Estabelecimento de saúde: HOSPITAL E PRONTO SOCORRO PORTINARI. Código CNES: 2823209. Localização: SAO PAULO, São Paulo (SP). Tipo de unidade: HOSPITAL GERAL. Natureza jurídica: HOSPITAL_PRIVADO. Porte: Grande.",entidade_hospital,"{""categoria"": ""entidade_hospital"", ""cnes"": ""2823209"", ""nome_oficial_tabela"": ""HOSPITAL E PRONTO SOCORRO PORTINARI"", ""uf"": ""SP"", ""municipio"": ""SAO PAULO"", ""desabilitado"": false}"
"Estabelecimento de saúde: HOSPITAL MEDICAL. Código CNES: 2825309. Localização: LIMEIRA, São Paulo (SP). Tipo de unidade: HOSPITAL GERAL. Natureza jurídica: HOSPITAL_PRIVADO. Porte: Grande.",entidade_hospital,"{""categoria"": ""entidade_hospital"", ""cnes"": ""2825309"", ""nome_oficial_tabela"": ""HOSPITAL MEDICAL"", ""uf"": ""SP"", ""municipio"": ""LIMEIRA"", ""desabilitado"": false}"
"Estabelecimento de saúde: TERAPHY CORPO E MENTE. Código CNES: 2838818. Localização: SAO BERNARDO DO CAMPO, São Paulo (SP). Tipo de unidade: HOSPITAL ESPECIALIZADO. Natureza jurídica: HOSPITAL_PRIVADO. Porte: Médio.",entidade_hospital,"{""categoria"": ""entidade_hospital"", ""cnes"": ""2838818"", ""nome_oficial_tabela"": ""TERAPHY CORPO E MENTE"", ""uf"": ""SP"", ""municipio"": ""SAO BERNARDO DO CAMPO"", ""desabilitado"": false}"
"Estabelecimento de saúde: CENTRO HOSPITALAR DE GUARATINGUETA DA VINCI. Código CNES: 2867257. Localização: GUARATINGUETA, São Paulo (SP). Tipo de unidade: HOSPITAL ESPECIALIZADO. Natureza jurídica: HOSPITAL_PRIVADO. Porte: Pequeno.",entidade_hospital,"{""categoria"": ""entidade_hospital"", ""cnes"": ""2867257"", ""nome_oficial_tabela"": ""CENTRO HOSPITALAR DE GUARATINGUETA DA VINCI"", ""uf"": ""SP"", ""municipio"": ""GUARATINGUETA"", ""desabilitado"": false}"
"Estabelecimento de saúde: HOSPITAL BDW SP. Código CNES: 2879441. Localização: SAO PAULO, São Paulo (SP). Tipo de unidade: HOSPITAL GERAL. Natureza jurídica: HOSPITAL_PRIVADO. Porte: Médio.",entidade_hospital,"{""categoria"": ""entidade_hospital"", ""cnes"": ""2879441"", ""nome_oficial_tabela"": ""HOSPITAL BDW SP"", ""uf"": ""SP"", ""municipio"": ""SAO PAULO"", ""desabilitado"": false}"
"Estabelecimento de saúde: PRONTO SOCORRO INFANTIL. Código CNES: 2882949. Localização: ITU, São Paulo (SP). Tipo de unidade: PRONTO SOCORRO ESPECIALIZADO. Natureza jurídica: HOSPITAL_PÚBLICO. Porte: Pequeno.",entidade_hospital,"{""categoria"": ""entidade_hospital"", ""cnes"": ""2882949"", ""nome_oficial_tabela"": ""PRONTO SOCORRO INFANTIL"", ""uf"": ""SP"", ""municipio"": ""ITU"", ""desabilitado"": false}"
"Estabelecimento de saúde: CLINICAS YUNA. Código CNES: 2886367. Localização: SAO PAULO, São Paulo (SP). Tipo de unidade: HOSPITAL ESPECIALIZADO. Natureza jurídica: HOSPITAL_PRIVADO. Porte: Grande.",entidade_hospital,"{""categoria"": ""entidade_hospital"", ""cnes"": ""2886367"", ""nome_oficial_tabela"": ""CLINICAS YUNA"", ""uf"": ""SP"", ""municipio"": ""SAO PAULO"", ""desabilitado"": false}"
"Estabelecimento de saúde: HOSPITAL SAO VICENTE DE PAULO. Código CNES: 2888491. Localização: RIO DAS PEDRAS, São Paulo (SP). Tipo de unidade: HOSPITAL GERAL. Natureza jurídica: HOSPITAL_PRIVADO. Porte: Médio.",entidade_hospital,"{""categoria"": ""entidade_hospital"", ""cnes"": ""2888491"", ""nome_oficial_tabela"": ""HOSPITAL SAO VICENTE DE PAULO"", ""uf"": ""SP"", ""municipio"": ""RIO DAS PEDRAS"", ""desabilitado"": false}"
"Estabelecimento de saúde: HOSPITAL PREVINA. Código CNES: 2935406. Localização: MOGI DAS CRUZES, São Paulo (SP). Tipo de unidade: HOSPITAL GERAL. Natureza jurídica: HOSPITAL_PRIVADO. Porte: Médio.",entidade_hospital,"{""categoria"": ""entidade_hospital"", ""cnes"": ""2935406"", ""nome_oficial_tabela"": ""HOSPITAL PREVINA"", ""uf"": ""SP"", ""municipio"": ""MOGI DAS CRUZES"", ""desabilitado"": false}"
"Estabelecimento de saúde: HOSPITAL CLINICO MUNICIPAL CECILIA DE LOURDES O FONSECA. Código CNES: 2956098. Localização: AGUAI, São Paulo (SP). Tipo de unidade: HOSPITAL GERAL. Natureza jurídica: HOSPITAL_PÚBLICO. Porte: Médio.",entidade_hospital,"{""categoria"": ""entidade_hospital"", ""cnes"": ""2956098"", ""nome_oficial_tabela"": ""HOSPITAL CLINICO MUNICIPAL CECILIA DE LOURDES O FONSECA"", ""uf"": ""SP"", ""municipio"": ""AGUAI"", ""desabilitado"": false}"
"Estabelecimento de saúde: IGESP SANTANA P A. Código CNES: 2966336. Localização: SAO PAULO, São Paulo (SP). Tipo de unidade: PRONTO SOCORRO GERAL. Natureza jurídica: HOSPITAL_PRIVADO. Porte: Pequeno.",entidade_hospital,"{""categoria"": ""entidade_hospital"", ""cnes"": ""2966336"", ""nome_oficial_tabela"": ""IGESP SANTANA P A"", ""uf"": ""SP"", ""municipio"": ""SAO PAULO"", ""desabilitado"": false}"
"Estabelecimento de saúde: HEALTHCARE HOSPITAL DE TRANSICAO. Código CNES: 2991918. Localização: SAO PAULO, São Paulo (SP). Tipo de unidade: HOSPITAL GERAL. Natureza jurídica: HOSPITAL_PRIVADO. Porte: Médio.",entidade_hospital,"{""categoria"": ""entidade_hospital"", ""cnes"": ""2991918"", ""nome_oficial_tabela"": ""HEALTHCARE HOSPITAL DE TRANSICAO"", ""uf"": ""SP"", ""municipio"": ""SAO PAULO"", ""desabilitado"": false}"
"Estabelecimento de saúde: NOVO HOSPITAL ROD UNIMED SALTO ITU COOPERATIVA MEDICA. Código CNES: 2992094. Localização: ITU, São Paulo (SP). Tipo de unidade: HOSPITAL GERAL. Natureza jurídica: HOSPITAL_PRIVADO. Porte: Grande.",entidade_hospital,"{""categoria"": ""entidade_hospital"", ""cnes"": ""2992094"", ""nome_oficial_tabela"": ""NOVO HOSPITAL ROD UNIMED SALTO ITU COOPERATIVA MEDICA"", ""uf"": ""SP"", ""municipio"": ""ITU"", ""desabilitado"": false}"
"Estabelecimento de saúde: HOSPITAL PRO INFANCIA. Código CNES: 3000362. Localização: SAO JOSE DOS CAMPOS, São Paulo (SP). Tipo de unidade: HOSPITAL ESPECIALIZADO. Natureza jurídica: HOSPITAL_PRIVADO. Porte: Pequeno.",entidade_hospital,"{""categoria"": ""entidade_hospital"", ""cnes"": ""3000362"", ""nome_oficial_tabela"": ""HOSPITAL PRO INFANCIA"", ""uf"": ""SP"", ""municipio"": ""SAO JOSE DOS CAMPOS"", ""desabilitado"": false}"
"Estabelecimento de saúde: CENTRO HOSPITALAR DO SISTEMA PENITENCIARIO SAO PAULO. Código CNES: 3001466. Localização: SAO PAULO, São Paulo (SP). Tipo de unidade: HOSPITAL GERAL. Natureza jurídica: HOSPITAL_PÚBLICO. Porte: Grande.",entidade_hospital,"{""categoria"": ""entidade_hospital"", ""cnes"": ""3001466"", ""nome_oficial_tabela"": ""CENTRO HOSPITALAR DO SISTEMA PENITENCIARIO SAO PAULO"", ""uf"": ""SP"", ""municipio"": ""SAO PAULO"", ""desabilitado"": false}"
"Estabelecimento de saúde: HOSPITAL BENEFICENCIA PORTUGUESA. Código CNES: 3003361. Localização: BAURU, São Paulo (SP). Tipo de unidade: HOSPITAL GERAL. Natureza jurídica: HOSPITAL_FILANTRÓPICO. Porte: Médio. Também já foi registrado nos cadastros com o(s) nome(s): HOSPITAL BENEFICENCIA PORTUGUESA DE BAURU.",entidade_hospital,"{""categoria"": ""entidade_hospital"", ""cnes"": ""3003361"", ""nome_oficial_tabela"": ""HOSPITAL BENEFICENCIA PORTUGUESA"", ""uf"": ""SP"", ""municipio"": ""BAURU"", ""desabilitado"": false}"
"Estabelecimento de saúde: CASA DE SAUDE SANTOS. Código CNES: 3008398. Localização: SANTOS, São Paulo (SP). Tipo de unidade: HOSPITAL GERAL. Natureza jurídica: HOSPITAL_FILANTRÓPICO. Porte: Grande.",entidade_hospital,"{""categoria"": ""entidade_hospital"", ""cnes"": ""3008398"", ""nome_oficial_tabela"": ""CASA DE SAUDE SANTOS"", ""uf"": ""SP"", ""municipio"": ""SANTOS"", ""desabilitado"": false}"
"Estabelecimento de saúde: HU HOSPITAL UNIVERSITARIO. Código CNES: 3012212. Localização: JUNDIAI, São Paulo (SP). Tipo de unidade: HOSPITAL ESPECIALIZADO. Natureza jurídica: HOSPITAL_PÚBLICO. Porte: Grande.",entidade_hospital,"{""categoria"": ""entidade_hospital"", ""cnes"": ""3012212"", ""nome_oficial_tabela"": ""HU HOSPITAL UNIVERSITARIO"", ""uf"": ""SP"", ""municipio"": ""JUNDIAI"", ""desabilitado"": false}"
"Estabelecimento de saúde: HOSP DE CLINICAS J HELENA. Código CNES: 3019012. Localização: SAO PAULO, São Paulo (SP). Tipo de unidade: HOSPITAL GERAL. Natureza jurídica: HOSPITAL_PRIVADO. Porte: Médio.",entidade_hospital,"{""categoria"": ""entidade_hospital"", ""cnes"": ""3019012"", ""nome_oficial_tabela"": ""HOSP DE CLINICAS J HELENA"", ""uf"": ""SP"", ""municipio"": ""SAO PAULO"", ""desabilitado"": false}"
"Estabelecimento de saúde: CLINICA SAO LUCAS. Código CNES: 3019594. Localização: PRESIDENTE PRUDENTE, São Paulo (SP). Tipo de unidade: HOSPITAL GERAL. Natureza jurídica: HOSPITAL_PRIVADO. Porte: Pequeno.",entidade_hospital,"{""categoria"": ""entidade_hospital"", ""cnes"": ""3019594"", ""nome_oficial_tabela"": ""CLINICA SAO LUCAS"", ""uf"": ""SP"", ""municipio"": ""PRESIDENTE PRUDENTE"", ""desabilitado"": false}"
"Estabelecimento de saúde: HOSPITAL DO VICENTINO. Código CNES: 3021378. Localização: SAO VICENTE, São Paulo (SP). Tipo de unidade: HOSPITAL GERAL. Natureza jurídica: HOSPITAL_PÚBLICO. Porte: Grande.",entidade_hospital,"{""categoria"": ""entidade_hospital"", ""cnes"": ""3021378"", ""nome_oficial_tabela"": ""HOSPITAL DO VICENTINO"", ""uf"": ""SP"", ""municipio"": ""SAO VICENTE"", ""desabilitado"": false}"
"Estabelecimento de saúde: VILLA CERVANTES SAUDE MENTAL ASSISTIDA. Código CNES: 3022242. Localização: ITAPIRA, São Paulo (SP). Tipo de unidade: HOSPITAL ESPECIALIZADO. Natureza jurídica: HOSPITAL_PRIVADO. Porte: Médio.",entidade_hospital,"{""categoria"": ""entidade_hospital"", ""cnes"": ""3022242"", ""nome_oficial_tabela"": ""VILLA CERVANTES SAUDE MENTAL ASSISTIDA"", ""uf"": ""SP"", ""municipio"": ""ITAPIRA"", ""desabilitado"": false}"
"Estabelecimento de saúde: VIVENCIA PSIQUIATRIA DINAMICA. Código CNES: 3022609. Localização: CAMPINAS, São Paulo (SP). Tipo de unidade: HOSPITAL ESPECIALIZADO. Natureza jurídica: HOSPITAL_PRIVADO. Porte: Pequeno.",entidade_hospital,"{""categoria"": ""entidade_hospital"", ""cnes"": ""3022609"", ""nome_oficial_tabela"": ""VIVENCIA PSIQUIATRIA DINAMICA"", ""uf"": ""SP"", ""municipio"": ""CAMPINAS"", ""desabilitado"": false}"
"Estabelecimento de saúde: HOSPITAL ASSUNCAO. Código CNES: 3024660. Localização: SAO BERNARDO DO CAMPO, São Paulo (SP). Tipo de unidade: HOSPITAL GERAL. Natureza jurídica: HOSPITAL_PRIVADO. Porte: Grande.",entidade_hospital,"{""categoria"": ""entidade_hospital"", ""cnes"": ""3024660"", ""nome_oficial_tabela"": ""HOSPITAL ASSUNCAO"", ""uf"": ""SP"", ""municipio"": ""SAO BERNARDO DO CAMPO"", ""desabilitado"": false}"
"Estabelecimento de saúde: HOSPITAL SAO CAMILO IPIRANGA. Código CNES: 3027600. Localização: SAO PAULO, São Paulo (SP). Tipo de unidade: HOSPITAL GERAL. Natureza jurídica: HOSPITAL_FILANTRÓPICO. Porte: Grande.",entidade_hospital,"{""categoria"": ""entidade_hospital"", ""cnes"": ""3027600"", ""nome_oficial_tabela"": ""HOSPITAL SAO CAMILO IPIRANGA"", ""uf"": ""SP"", ""municipio"": ""SAO PAULO"", ""desabilitado"": false}"
"Estabelecimento de saúde: HSANP HOSPITAL. Código CNES: 3027805. Localização: SAO PAULO, São Paulo (SP). Tipo de unidade: HOSPITAL GERAL. Natureza jurídica: HOSPITAL_FILANTRÓPICO. Porte: Grande.",entidade_hospital,"{""categoria"": ""entidade_hospital"", ""cnes"": ""3027805"", ""nome_oficial_tabela"": ""HSANP HOSPITAL"", ""uf"": ""SP"", ""municipio"": ""SAO PAULO"", ""desabilitado"": false}"
"Estabelecimento de saúde: MASTER CLIN. Código CNES: 3027813. Localização: SAO PAULO, São Paulo (SP). Tipo de unidade: HOSPITAL GERAL. Natureza jurídica: HOSPITAL_PRIVADO. Porte: Médio.",entidade_hospital,"{""categoria"": ""entidade_hospital"", ""cnes"": ""3027813"", ""nome_oficial_tabela"": ""MASTER CLIN"", ""uf"": ""SP"", ""municipio"": ""SAO PAULO"", ""desabilitado"": false}"
"Estabelecimento de saúde: HOSPITAL ESTADUAL PROF CARLOS DA SILVA LACAZ FCO MORATO. Código CNES: 3028399. Localização: FRANCISCO MORATO, São Paulo (SP). Tipo de unidade: HOSPITAL GERAL. Natureza jurídica: HOSPITAL_PÚBLICO. Porte: Grande.",entidade_hospital,"{""categoria"": ""entidade_hospital"", ""cnes"": ""3028399"", ""nome_oficial_tabela"": ""HOSPITAL ESTADUAL PROF CARLOS DA SILVA LACAZ FCO MORATO"", ""uf"": ""SP"", ""municipio"": ""FRANCISCO MORATO"", ""desabilitado"": false}"
"Estabelecimento de saúde: CLINICA RAUL GONZALEZ. Código CNES: 3030431. Localização: RIBEIRAO PRETO, São Paulo (SP). Tipo de unidade: HOSPITAL GERAL. Natureza jurídica: HOSPITAL_PRIVADO. Porte: Pequeno.",entidade_hospital,"{""categoria"": ""entidade_hospital"", ""cnes"": ""3030431"", ""nome_oficial_tabela"": ""CLINICA RAUL GONZALEZ"", ""uf"": ""SP"", ""municipio"": ""RIBEIRAO PRETO"", ""desabilitado"": false}"
"Estabelecimento de saúde: PRO MATRE PAULISTA. Código CNES: 3037274. Localização: SAO PAULO, São Paulo (SP). Tipo de unidade: HOSPITAL ESPECIALIZADO. Natureza jurídica: HOSPITAL_PRIVADO. Porte: Grande.",entidade_hospital,"{""categoria"": ""entidade_hospital"", ""cnes"": ""3037274"", ""nome_oficial_tabela"": ""PRO MATRE PAULISTA"", ""uf"": ""SP"", ""municipio"": ""SAO PAULO"", ""desabilitado"": false}"
"Estabelecimento de saúde: HOSPITAL UNIMED AMERICANA. Código CNES: 3038130. Localização: AMERICANA, São Paulo (SP). Tipo de unidade: HOSPITAL GERAL. Natureza jurídica: HOSPITAL_PRIVADO. Porte: Grande.",entidade_hospital,"{""categoria"": ""entidade_hospital"", ""cnes"": ""3038130"", ""nome_oficial_tabela"": ""HOSPITAL UNIMED AMERICANA"", ""uf"": ""SP"", ""municipio"": ""AMERICANA"", ""desabilitado"": false}"
"Estabelecimento de saúde: HOSPITAL SAO CAMILO SANTANA. Código CNES: 3039420. Localização: SAO PAULO, São Paulo (SP). Tipo de unidade: HOSPITAL GERAL. Natureza jurídica: HOSPITAL_FILANTRÓPICO. Porte: Grande. Também já foi registrado nos cadastros com o(s) nome(s): HOSP MAT SAO CAMILO SANTANA.",entidade_hospital,"{""categoria"": ""entidade_hospital"", ""cnes"": ""3039420"", ""nome_oficial_tabela"": ""HOSPITAL SAO CAMILO SANTANA"", ""uf"": ""SP"", ""municipio"": ""SAO PAULO"", ""desabilitado"": false}"
"Estabelecimento de saúde: HOSP DE OLHOS DE SAO PAULO. Código CNES: 3041549. Localização: SAO PAULO, São Paulo (SP). Tipo de unidade: HOSPITAL ESPECIALIZADO. Natureza jurídica: HOSPITAL_PRIVADO. Porte: Médio.",entidade_hospital,"{""categoria"": ""entidade_hospital"", ""cnes"": ""3041549"", ""nome_oficial_tabela"": ""HOSP DE OLHOS DE SAO PAULO"", ""uf"": ""SP"", ""municipio"": ""SAO PAULO"", ""desabilitado"": false}"
"Estabelecimento de saúde: HOSPITAL POLICLIN. Código CNES: 3042529. Localização: SAO JOSE DOS CAMPOS, São Paulo (SP). Tipo de unidade: HOSPITAL GERAL. Natureza jurídica: HOSPITAL_PRIVADO. Porte: Médio.",entidade_hospital,"{""categoria"": ""entidade_hospital"", ""cnes"": ""3042529"", ""nome_oficial_tabela"": ""HOSPITAL POLICLIN"", ""uf"": ""SP"", ""municipio"": ""SAO JOSE DOS CAMPOS"", ""desabilitado"": false}"
"Estabelecimento de saúde: HOSPITAL POLICLIN CACAPAVA. Código CNES: 3044831. Localização: CACAPAVA, São Paulo (SP). Tipo de unidade: HOSPITAL GERAL. Natureza jurídica: HOSPITAL_PRIVADO. Porte: Pequeno.",entidade_hospital,"{""categoria"": ""entidade_hospital"", ""cnes"": ""3044831"", ""nome_oficial_tabela"": ""HOSPITAL POLICLIN CACAPAVA"", ""uf"": ""SP"", ""municipio"": ""CACAPAVA"", ""desabilitado"": false}"
"Estabelecimento de saúde: HOSP MAT VIDAS. Código CNES: 3045625. Localização: SAO PAULO, São Paulo (SP). Tipo de unidade: HOSPITAL GERAL. Natureza jurídica: HOSPITAL_PRIVADO. Porte: Médio. Também já foi registrado nos cadastros com o(s) nome(s): HOSPITAL E MATERNIDADE VIDAS; HOSPITAL E MATERNIDADE VIDAS LTDA.",entidade_hospital,"{""categoria"": ""entidade_hospital"", ""cnes"": ""3045625"", ""nome_oficial_tabela"": ""HOSP MAT VIDAS"", ""uf"": ""SP"", ""municipio"": ""SAO PAULO"", ""desabilitado"": false}"
"Estabelecimento de saúde: HOSPITAL REGIONAL DE BEBEDOURO HRB. Código CNES: 3058808. Localização: BEBEDOURO, São Paulo (SP). Tipo de unidade: HOSPITAL GERAL. Natureza jurídica: HOSPITAL_PÚBLICO. Porte: Grande.",entidade_hospital,"{""categoria"": ""entidade_hospital"", ""cnes"": ""3058808"", ""nome_oficial_tabela"": ""HOSPITAL REGIONAL DE BEBEDOURO HRB"", ""uf"": ""SP"", ""municipio"": ""BEBEDOURO"", ""desabilitado"": false}"
"Estabelecimento de saúde: HOSPITAL LINS. Código CNES: 3060616. Localização: LINS, São Paulo (SP). Tipo de unidade: HOSPITAL GERAL. Natureza jurídica: HOSPITAL_PRIVADO. Porte: Pequeno.",entidade_hospital,"{""categoria"": ""entidade_hospital"", ""cnes"": ""3060616"", ""nome_oficial_tabela"": ""HOSPITAL LINS"", ""uf"": ""SP"", ""municipio"": ""LINS"", ""desabilitado"": false}"
"Estabelecimento de saúde: HOSPITAL DE RETAGUARDA FERNAO DIAS. Código CNES: 3071448. Localização: SANTANA DE PARNAIBA, São Paulo (SP). Tipo de unidade: HOSPITAL GERAL. Natureza jurídica: HOSPITAL_PÚBLICO. Porte: Pequeno.",entidade_hospital,"{""categoria"": ""entidade_hospital"", ""cnes"": ""3071448"", ""nome_oficial_tabela"": ""HOSPITAL DE RETAGUARDA FERNAO DIAS"", ""uf"": ""SP"", ""municipio"": ""SANTANA DE PARNAIBA"", ""desabilitado"": false}"
"Estabelecimento de saúde: HOSPITAL SAO FRANCISCO SC LTDA. Código CNES: 3101126. Localização: COTIA, São Paulo (SP). Tipo de unidade: HOSPITAL GERAL. Natureza jurídica: HOSPITAL_PRIVADO. Porte: Grande.",entidade_hospital,"{""categoria"": ""entidade_hospital"", ""cnes"": ""3101126"", ""nome_oficial_tabela"": ""HOSPITAL SAO FRANCISCO SC LTDA"", ""uf"": ""SP"", ""municipio"": ""COTIA"", ""desabilitado"": false}"
"Estabelecimento de saúde: HOSPITAL ESPLANADA. Código CNES: 3105571. Localização: SAO JOSE DOS CAMPOS, São Paulo (SP). Tipo de unidade: HOSPITAL GERAL. Natureza jurídica: HOSPITAL_PRIVADO. Porte: Pequeno.",entidade_hospital,"{""categoria"": ""entidade_hospital"", ""cnes"": ""3105571"", ""nome_oficial_tabela"": ""HOSPITAL ESPLANADA"", ""uf"": ""SP"", ""municipio"": ""SAO JOSE DOS CAMPOS"", ""desabilitado"": false}"
"Estabelecimento de saúde: HOSPITAL ORTO. Código CNES: 3105598. Localização: SAO JOSE DOS CAMPOS, São Paulo (SP). Tipo de unidade: HOSPITAL ESPECIALIZADO. Natureza jurídica: HOSPITAL_PRIVADO. Porte: Pequeno.",entidade_hospital,"{""categoria"": ""entidade_hospital"", ""cnes"": ""3105598"", ""nome_oficial_tabela"": ""HOSPITAL ORTO"", ""uf"": ""SP"", ""municipio"": ""SAO JOSE DOS CAMPOS"", ""desabilitado"": false}"
"Estabelecimento de saúde: CAMPINAS DAY HOSPITAL. Código CNES: 3109216. Localização: CAMPINAS, São Paulo (SP). Tipo de unidade: HOSPITAL GERAL. Natureza jurídica: HOSPITAL_PRIVADO. Porte: Pequeno.",entidade_hospital,"{""categoria"": ""entidade_hospital"", ""cnes"": ""3109216"", ""nome_oficial_tabela"": ""CAMPINAS DAY HOSPITAL"", ""uf"": ""SP"", ""municipio"": ""CAMPINAS"", ""desabilitado"": false}"
"Estabelecimento de saúde: CEMA HOSP ESPEC. Código CNES: 3119122. Localização: SAO PAULO, São Paulo (SP). Tipo de unidade: HOSPITAL ESPECIALIZADO. Natureza jurídica: HOSPITAL_PRIVADO. Porte: Grande.",entidade_hospital,"{""categoria"": ""entidade_hospital"", ""cnes"": ""3119122"", ""nome_oficial_tabela"": ""CEMA HOSP ESPEC"", ""uf"": ""SP"", ""municipio"": ""SAO PAULO"", ""desabilitado"": false}"
"Estabelecimento de saúde: HOSPITAL REGIONAL DO VALE DO PARAIBA. Código CNES: 3126838. Localização: TAUBATE, São Paulo (SP). Tipo de unidade: HOSPITAL GERAL. Natureza jurídica: HOSPITAL_FILANTRÓPICO. Porte: Grande.",entidade_hospital,"{""categoria"": ""entidade_hospital"", ""cnes"": ""3126838"", ""nome_oficial_tabela"": ""HOSPITAL REGIONAL DO VALE DO PARAIBA"", ""uf"": ""SP"", ""municipio"": ""TAUBATE"", ""desabilitado"": false}"
"Estabelecimento de saúde: HOSPITAL UNIMED SAMARITANO. Código CNES: 3137163. Localização: BEBEDOURO, São Paulo (SP). Tipo de unidade: HOSPITAL GERAL. Natureza jurídica: HOSPITAL_PRIVADO. Porte: Médio. Também já foi registrado nos cadastros com o(s) nome(s): HOSPITAL UNIMED BEBEDOURO.",entidade_hospital,"{""categoria"": ""entidade_hospital"", ""cnes"": ""3137163"", ""nome_oficial_tabela"": ""HOSPITAL UNIMED SAMARITANO"", ""uf"": ""SP"", ""municipio"": ""BEBEDOURO"", ""desabilitado"": false}"
"Estabelecimento de saúde: HOSPITAL UNIMED UNIDADE II. Código CNES: 3137171. Localização: BEBEDOURO, São Paulo (SP). Tipo de unidade: HOSPITAL GERAL. Natureza jurídica: HOSPITAL_PRIVADO. Porte: Pequeno. Também já foi registrado nos cadastros com o(s) nome(s): HOSPITAL UNIMED SAMARITANO.",entidade_hospital,"{""categoria"": ""entidade_hospital"", ""cnes"": ""3137171"", ""nome_oficial_tabela"": ""HOSPITAL UNIMED UNIDADE II"", ""uf"": ""SP"", ""municipio"": ""BEBEDOURO"", ""desabilitado"": false}"
"Estabelecimento de saúde: HOSPITAL DR LEO ORSI BERNARDES ITAPETININGA. Código CNES: 3139050. Localização: ITAPETININGA, São Paulo (SP). Tipo de unidade: HOSPITAL GERAL. Natureza jurídica: HOSPITAL_FILANTRÓPICO. Porte: Grande.",entidade_hospital,"{""categoria"": ""entidade_hospital"", ""cnes"": ""3139050"", ""nome_oficial_tabela"": ""HOSPITAL DR LEO ORSI BERNARDES ITAPETININGA"", ""uf"": ""SP"", ""municipio"": ""ITAPETININGA"", ""desabilitado"": false}"
"Estabelecimento de saúde: SANTA ISABELLA. Código CNES: 3139751. Localização: SAO PAULO, São Paulo (SP). Tipo de unidade: PRONTO SOCORRO ESPECIALIZADO. Natureza jurídica: HOSPITAL_PRIVADO. Porte: Pequeno. Também já foi registrado nos cadastros com o(s) nome(s): CLINICA INFANTIL SANTA ISABELLA.",entidade_hospital,"{""categoria"": ""entidade_hospital"", ""cnes"": ""3139751"", ""nome_oficial_tabela"": ""SANTA ISABELLA"", ""uf"": ""SP"", ""municipio"": ""SAO PAULO"", ""desabilitado"": false}"
"Estabelecimento de saúde: HOSPITAL SAO JORGE. Código CNES: 3142531. Localização: BARRETOS, São Paulo (SP). Tipo de unidade: HOSPITAL GERAL. Natureza jurídica: HOSPITAL_PRIVADO. Porte: Médio.",entidade_hospital,"{""categoria"": ""entidade_hospital"", ""cnes"": ""3142531"", ""nome_oficial_tabela"": ""HOSPITAL SAO JORGE"", ""uf"": ""SP"", ""municipio"": ""BARRETOS"", ""desabilitado"": false}"
"Estabelecimento de saúde: EYE CLINIC IBIRAPUERA. Código CNES: 3156702. Localização: SAO PAULO, São Paulo (SP). Tipo de unidade: HOSPITAL ESPECIALIZADO. Natureza jurídica: HOSPITAL_PRIVADO. Porte: Pequeno.",entidade_hospital,"{""categoria"": ""entidade_hospital"", ""cnes"": ""3156702"", ""nome_oficial_tabela"": ""EYE CLINIC IBIRAPUERA"", ""uf"": ""SP"", ""municipio"": ""SAO PAULO"", ""desabilitado"": false}"
"Estabelecimento de saúde: HOSPITAL ADVENTISTA DE SAO PAULO. Código CNES: 3166597. Localização: SAO PAULO, São Paulo (SP). Tipo de unidade: HOSPITAL GERAL. Natureza jurídica: HOSPITAL_FILANTRÓPICO. Porte: Grande.",entidade_hospital,"{""categoria"": ""entidade_hospital"", ""cnes"": ""3166597"", ""nome_oficial_tabela"": ""HOSPITAL ADVENTISTA DE SAO PAULO"", ""uf"": ""SP"", ""municipio"": ""SAO PAULO"", ""desabilitado"": false}"
"Estabelecimento de saúde: HIORP HOSPITAL INSTITUTO DE OTORRINO RIO PRETO. Código CNES: 3177092. Localização: SAO JOSE DO RIO PRETO, São Paulo (SP). Tipo de unidade: HOSPITAL ESPECIALIZADO. Natureza jurídica: HOSPITAL_PRIVADO. Porte: Pequeno.",entidade_hospital,"{""categoria"": ""entidade_hospital"", ""cnes"": ""3177092"", ""nome_oficial_tabela"": ""HIORP HOSPITAL INSTITUTO DE OTORRINO RIO PRETO"", ""uf"": ""SP"", ""municipio"": ""SAO JOSE DO RIO PRETO"", ""desabilitado"": false}"
"Estabelecimento de saúde: PRONTO SOCORRO ANA COSTA DE PRAIA GRANDE. Código CNES: 3178498. Localização: PRAIA GRANDE, São Paulo (SP). Tipo de unidade: PRONTO SOCORRO GERAL. Natureza jurídica: HOSPITAL_PRIVADO. Porte: Pequeno.",entidade_hospital,"{""categoria"": ""entidade_hospital"", ""cnes"": ""3178498"", ""nome_oficial_tabela"": ""PRONTO SOCORRO ANA COSTA DE PRAIA GRANDE"", ""uf"": ""SP"", ""municipio"": ""PRAIA GRANDE"", ""desabilitado"": false}"
"Estabelecimento de saúde: HOSPITAL ORTHOSERVICE. Código CNES: 3192059. Localização: SAO JOSE DOS CAMPOS, São Paulo (SP). Tipo de unidade: HOSPITAL ESPECIALIZADO. Natureza jurídica: HOSPITAL_PRIVADO. Porte: Pequeno. Também já foi registrado nos cadastros com o(s) nome(s): ORTHOSERVICE.",entidade_hospital,"{""categoria"": ""entidade_hospital"", ""cnes"": ""3192059"", ""nome_oficial_tabela"": ""HOSPITAL ORTHOSERVICE"", ""uf"": ""SP"", ""municipio"": ""SAO JOSE DOS CAMPOS"", ""desabilitado"": false}"
"Estabelecimento de saúde: SANTOS DUMONT PRONTO ATENDIMENTO UNIDADE VILACA. Código CNES: 3199770. Localização: SAO JOSE DOS CAMPOS, São Paulo (SP). Tipo de unidade: HOSPITAL GERAL. Natureza jurídica: HOSPITAL_PRIVADO. Porte: Pequeno.",entidade_hospital,"{""categoria"": ""entidade_hospital"", ""cnes"": ""3199770"", ""nome_oficial_tabela"": ""SANTOS DUMONT PRONTO ATENDIMENTO UNIDADE VILACA"", ""uf"": ""SP"", ""municipio"": ""SAO JOSE DOS CAMPOS"", ""desabilitado"": false}"
"Estabelecimento de saúde: HOSP MUN VER JOSE STOROPOLLI. Código CNES: 3212130. Localização: SAO PAULO, São Paulo (SP). Tipo de unidade: HOSPITAL GERAL. Natureza jurídica: HOSPITAL_PÚBLICO. Porte: Grande.",entidade_hospital,"{""categoria"": ""entidade_hospital"", ""cnes"": ""3212130"", ""nome_oficial_tabela"": ""HOSP MUN VER JOSE STOROPOLLI"", ""uf"": ""SP"", ""municipio"": ""SAO PAULO"", ""desabilitado"": false}"
"Estabelecimento de saúde: INFANTIL SANTOS COOPERATIVA MEDICO HOSPITALAR. Código CNES: 3221792. Localização: SANTOS, São Paulo (SP). Tipo de unidade: HOSPITAL ESPECIALIZADO. Natureza jurídica: HOSPITAL_PRIVADO. Porte: Médio.",entidade_hospital,"{""categoria"": ""entidade_hospital"", ""cnes"": ""3221792"", ""nome_oficial_tabela"": ""INFANTIL SANTOS COOPERATIVA MEDICO HOSPITALAR"", ""uf"": ""SP"", ""municipio"": ""SANTOS"", ""desabilitado"": false}"
"Estabelecimento de saúde: SANTA CASA DE MISERICORDIA DE SAO BERNARDO DO CAMPO. Código CNES: 3223728. Localização: SAO BERNARDO DO CAMPO, São Paulo (SP). Tipo de unidade: HOSPITAL GERAL. Natureza jurídica: HOSPITAL_FILANTRÓPICO. Porte: Médio. Também já foi registrado nos cadastros com o(s) nome(s): SANTA CASA SBCAMPO.",entidade_hospital,"{""categoria"": ""entidade_hospital"", ""cnes"": ""3223728"", ""nome_oficial_tabela"": ""SANTA CASA DE MISERICORDIA DE SAO BERNARDO DO CAMPO"", ""uf"": ""SP"", ""municipio"": ""SAO BERNARDO DO CAMPO"", ""desabilitado"": false}"
"Estabelecimento de saúde: HOSPITALIS. Código CNES: 3272591. Localização: BARUERI, São Paulo (SP). Tipo de unidade: HOSPITAL GERAL. Natureza jurídica: HOSPITAL_PRIVADO. Porte: Médio.",entidade_hospital,"{""categoria"": ""entidade_hospital"", ""cnes"": ""3272591"", ""nome_oficial_tabela"": ""HOSPITALIS"", ""uf"": ""SP"", ""municipio"": ""BARUERI"", ""desabilitado"": false}"
"Estabelecimento de saúde: CLINICA ESPEC RENAITRE. Código CNES: 3308227. Localização: SAO PAULO, São Paulo (SP). Tipo de unidade: HOSPITAL ESPECIALIZADO. Natureza jurídica: HOSPITAL_PRIVADO. Porte: Pequeno.",entidade_hospital,"{""categoria"": ""entidade_hospital"", ""cnes"": ""3308227"", ""nome_oficial_tabela"": ""CLINICA ESPEC RENAITRE"", ""uf"": ""SP"", ""municipio"": ""SAO PAULO"", ""desabilitado"": false}"
"Estabelecimento de saúde: HOSPITAL BOSQUE DA SAUDE. Código CNES: 3309959. Localização: SAO PAULO, São Paulo (SP). Tipo de unidade: HOSPITAL GERAL. Natureza jurídica: HOSPITAL_PRIVADO. Porte: Grande.",entidade_hospital,"{""categoria"": ""entidade_hospital"", ""cnes"": ""3309959"", ""nome_oficial_tabela"": ""HOSPITAL BOSQUE DA SAUDE"", ""uf"": ""SP"", ""municipio"": ""SAO PAULO"", ""desabilitado"": false}"
"Estabelecimento de saúde: HOSPITAL ELECTRO BONINI RIBEIRAO PRETO. Código CNES: 3314766. Localização: RIBEIRAO PRETO, São Paulo (SP). Tipo de unidade: HOSPITAL GERAL. Natureza jurídica: HOSPITAL_FILANTRÓPICO. Porte: Médio.",entidade_hospital,"{""categoria"": ""entidade_hospital"", ""cnes"": ""3314766"", ""nome_oficial_tabela"": ""HOSPITAL ELECTRO BONINI RIBEIRAO PRETO"", ""uf"": ""SP"", ""municipio"": ""RIBEIRAO PRETO"", ""desabilitado"": false}"
"Estabelecimento de saúde: HOSPITAL UNIMED DE CAPIVARI. Código CNES: 3334678. Localização: CAPIVARI, São Paulo (SP). Tipo de unidade: HOSPITAL GERAL. Natureza jurídica: HOSPITAL_PRIVADO. Porte: Médio.",entidade_hospital,"{""categoria"": ""entidade_hospital"", ""cnes"": ""3334678"", ""nome_oficial_tabela"": ""HOSPITAL UNIMED DE CAPIVARI"", ""uf"": ""SP"", ""municipio"": ""CAPIVARI"", ""desabilitado"": false}"
"Estabelecimento de saúde: HOSPITAL PRONTIL. Código CNES: 3346110. Localização: SAO JOSE DOS CAMPOS, São Paulo (SP). Tipo de unidade: HOSPITAL ESPECIALIZADO. Natureza jurídica: HOSPITAL_PRIVADO. Porte: Pequeno.",entidade_hospital,"{""categoria"": ""entidade_hospital"", ""cnes"": ""3346110"", ""nome_oficial_tabela"": ""HOSPITAL PRONTIL"", ""uf"": ""SP"", ""municipio"": ""SAO JOSE DOS CAMPOS"", ""desabilitado"": false}"
"Estabelecimento de saúde: HOSPITAL UNIMED DE ARACATUBA. Código CNES: 3366219. Localização: ARACATUBA, São Paulo (SP). Tipo de unidade: HOSPITAL GERAL. Natureza jurídica: HOSPITAL_PRIVADO. Porte: Médio.",entidade_hospital,"{""categoria"": ""entidade_hospital"", ""cnes"": ""3366219"", ""nome_oficial_tabela"": ""HOSPITAL UNIMED DE ARACATUBA"", ""uf"": ""SP"", ""municipio"": ""ARACATUBA"", ""desabilitado"": false}"
"Estabelecimento de saúde: HOSPITAL DA LUZ 113. Código CNES: 3367371. Localização: SAO PAULO, São Paulo (SP). Tipo de unidade: HOSPITAL GERAL. Natureza jurídica: HOSPITAL_PRIVADO. Porte: Grande.",entidade_hospital,"{""categoria"": ""entidade_hospital"", ""cnes"": ""3367371"", ""nome_oficial_tabela"": ""HOSPITAL DA LUZ 113"", ""uf"": ""SP"", ""municipio"": ""SAO PAULO"", ""desabilitado"": false}"
"Estabelecimento de saúde: CENTRO MEDICO PMESP. Código CNES: 3464555. Localização: SAO PAULO, São Paulo (SP). Tipo de unidade: HOSPITAL GERAL. Natureza jurídica: HOSPITAL_PÚBLICO. Porte: Médio.",entidade_hospital,"{""categoria"": ""entidade_hospital"", ""cnes"": ""3464555"", ""nome_oficial_tabela"": ""CENTRO MEDICO PMESP"", ""uf"": ""SP"", ""municipio"": ""SAO PAULO"", ""desabilitado"": false}"
"Estabelecimento de saúde: PREMIER RESIDENCE HOSPITAL. Código CNES: 3477355. Localização: SAO PAULO, São Paulo (SP). Tipo de unidade: HOSPITAL GERAL. Natureza jurídica: HOSPITAL_PRIVADO. Porte: Médio.",entidade_hospital,"{""categoria"": ""entidade_hospital"", ""cnes"": ""3477355"", ""nome_oficial_tabela"": ""PREMIER RESIDENCE HOSPITAL"", ""uf"": ""SP"", ""municipio"": ""SAO PAULO"", ""desabilitado"": false}"
"Estabelecimento de saúde: HI HOSPITAL IBITINGA. Código CNES: 3482146. Localização: IBITINGA, São Paulo (SP). Tipo de unidade: HOSPITAL GERAL. Natureza jurídica: HOSPITAL_PRIVADO. Porte: Pequeno.",entidade_hospital,"{""categoria"": ""entidade_hospital"", ""cnes"": ""3482146"", ""nome_oficial_tabela"": ""HI HOSPITAL IBITINGA"", ""uf"": ""SP"", ""municipio"": ""IBITINGA"", ""desabilitado"": false}"
"Estabelecimento de saúde: SAHA SERVICOS MEDICOS E HOSPITALARES. Código CNES: 3483096. Localização: SAO PAULO, São Paulo (SP). Tipo de unidade: HOSPITAL GERAL. Natureza jurídica: HOSPITAL_PRIVADO. Porte: Pequeno.",entidade_hospital,"{""categoria"": ""entidade_hospital"", ""cnes"": ""3483096"", ""nome_oficial_tabela"": ""SAHA SERVICOS MEDICOS E HOSPITALARES"", ""uf"": ""SP"", ""municipio"": ""SAO PAULO"", ""desabilitado"": false}"
"Estabelecimento de saúde: HERP. Código CNES: 3486346. Localização: RIBEIRAO PRETO, São Paulo (SP). Tipo de unidade: HOSPITAL GERAL. Natureza jurídica: HOSPITAL_PRIVADO. Porte: Médio.",entidade_hospital,"{""categoria"": ""entidade_hospital"", ""cnes"": ""3486346"", ""nome_oficial_tabela"": ""HERP"", ""uf"": ""SP"", ""municipio"": ""RIBEIRAO PRETO"", ""desabilitado"": false}"
"Estabelecimento de saúde: HOSPITAL PARANAGUA. Código CNES: 3512401. Localização: SAO PAULO, São Paulo (SP). Tipo de unidade: HOSPITAL GERAL. Natureza jurídica: HOSPITAL_PRIVADO. Porte: Médio.",entidade_hospital,"{""categoria"": ""entidade_hospital"", ""cnes"": ""3512401"", ""nome_oficial_tabela"": ""HOSPITAL PARANAGUA"", ""uf"": ""SP"", ""municipio"": ""SAO PAULO"", ""desabilitado"": false}"
"Estabelecimento de saúde: CLINICA SAINT GERMAIN. Código CNES: 3513785. Localização: TAUBATE, São Paulo (SP). Tipo de unidade: HOSPITAL ESPECIALIZADO. Natureza jurídica: HOSPITAL_PRIVADO. Porte: Médio.",entidade_hospital,"{""categoria"": ""entidade_hospital"", ""cnes"": ""3513785"", ""nome_oficial_tabela"": ""CLINICA SAINT GERMAIN"", ""uf"": ""SP"", ""municipio"": ""TAUBATE"", ""desabilitado"": false}"
"Estabelecimento de saúde: HOSPITAL SAO JOSE. Código CNES: 3517918. Localização: SAO JOSE DOS CAMPOS, São Paulo (SP). Tipo de unidade: HOSPITAL GERAL. Natureza jurídica: HOSPITAL_PRIVADO. Porte: Médio.",entidade_hospital,"{""categoria"": ""entidade_hospital"", ""cnes"": ""3517918"", ""nome_oficial_tabela"": ""HOSPITAL SAO JOSE"", ""uf"": ""SP"", ""municipio"": ""SAO JOSE DOS CAMPOS"", ""desabilitado"": false}"
"Estabelecimento de saúde: HOSPITAL UNIMED LINS. Código CNES: 3518949. Localização: LINS, São Paulo (SP). Tipo de unidade: HOSPITAL GERAL. Natureza jurídica: HOSPITAL_PRIVADO. Porte: Médio. Também já foi registrado nos cadastros com o(s) nome(s): HOSPITAL UNIMED ANTONIO GELIS.",entidade_hospital,"{""categoria"": ""entidade_hospital"", ""cnes"": ""3518949"", ""nome_oficial_tabela"": ""HOSPITAL UNIMED LINS"", ""uf"": ""SP"", ""municipio"": ""LINS"", ""desabilitado"": false}"
"Estabelecimento de saúde: HOSPITAL SANTA HELENA SANTO ANDRE. Código CNES: 3528596. Localização: SANTO ANDRE, São Paulo (SP). Tipo de unidade: HOSPITAL GERAL. Natureza jurídica: HOSPITAL_PRIVADO. Porte: Grande. Também já foi registrado nos cadastros com o(s) nome(s): HOSPITAL SANTA HELENA.",entidade_hospital,"{""categoria"": ""entidade_hospital"", ""cnes"": ""3528596"", ""nome_oficial_tabela"": ""HOSPITAL SANTA HELENA SANTO ANDRE"", ""uf"": ""SP"", ""municipio"": ""SANTO ANDRE"", ""desabilitado"": false}"
"Estabelecimento de saúde: HOSPITAL MUNICIPAL DOMINGO MARCOLINO BRAILE FUNFARME. Código CNES: 3529282. Localização: SAO JOSE DO RIO PRETO, São Paulo (SP). Tipo de unidade: HOSPITAL GERAL. Natureza jurídica: HOSPITAL_PÚBLICO. Porte: Médio.",entidade_hospital,"{""categoria"": ""entidade_hospital"", ""cnes"": ""3529282"", ""nome_oficial_tabela"": ""HOSPITAL MUNICIPAL DOMINGO MARCOLINO BRAILE FUNFARME"", ""uf"": ""SP"", ""municipio"": ""SAO JOSE DO RIO PRETO"", ""desabilitado"": false}"
"Estabelecimento de saúde: CLINICA MEDICA NOSSA SENHORA LURDES. Código CNES: 3537331. Localização: SAO PAULO, São Paulo (SP). Tipo de unidade: HOSPITAL ESPECIALIZADO. Natureza jurídica: HOSPITAL_PRIVADO. Porte: Pequeno.",entidade_hospital,"{""categoria"": ""entidade_hospital"", ""cnes"": ""3537331"", ""nome_oficial_tabela"": ""CLINICA MEDICA NOSSA SENHORA LURDES"", ""uf"": ""SP"", ""municipio"": ""SAO PAULO"", ""desabilitado"": false}"
"Estabelecimento de saúde: HOSPITAL UNIMED DE LORENA. Código CNES: 3557081. Localização: LORENA, São Paulo (SP). Tipo de unidade: HOSPITAL GERAL. Natureza jurídica: HOSPITAL_PRIVADO. Porte: Médio.",entidade_hospital,"{""categoria"": ""entidade_hospital"", ""cnes"": ""3557081"", ""nome_oficial_tabela"": ""HOSPITAL UNIMED DE LORENA"", ""uf"": ""SP"", ""municipio"": ""LORENA"", ""desabilitado"": false}"
"Estabelecimento de saúde: HOSPITAL E MATERNIDADE JARDINS LTDA. Código CNES: 3559203. Localização: SAO PAULO, São Paulo (SP). Tipo de unidade: HOSPITAL GERAL. Natureza jurídica: HOSPITAL_PRIVADO. Porte: Médio. Também já foi registrado nos cadastros com o(s) nome(s): HOSP E MAT JARDINS.",entidade_hospital,"{""categoria"": ""entidade_hospital"", ""cnes"": ""3559203"", ""nome_oficial_tabela"": ""HOSPITAL E MATERNIDADE JARDINS LTDA"", ""uf"": ""SP"", ""municipio"": ""SAO PAULO"", ""desabilitado"": false}"
"Estabelecimento de saúde: HOSPITAL RIBEIRAO PIRES. Código CNES: 3580822. Localização: RIBEIRAO PIRES, São Paulo (SP). Tipo de unidade: HOSPITAL GERAL. Natureza jurídica: HOSPITAL_PRIVADO. Porte: Grande.",entidade_hospital,"{""categoria"": ""entidade_hospital"", ""cnes"": ""3580822"", ""nome_oficial_tabela"": ""HOSPITAL RIBEIRAO PIRES"", ""uf"": ""SP"", ""municipio"": ""RIBEIRAO PIRES"", ""desabilitado"": false}"
"Estabelecimento de saúde: RESGATE ALPHAVILLE. Código CNES: 3585239. Localização: BARUERI, São Paulo (SP). Tipo de unidade: PRONTO SOCORRO GERAL. Natureza jurídica: HOSPITAL_PRIVADO. Porte: Pequeno.",entidade_hospital,"{""categoria"": ""entidade_hospital"", ""cnes"": ""3585239"", ""nome_oficial_tabela"": ""RESGATE ALPHAVILLE"", ""uf"": ""SP"", ""municipio"": ""BARUERI"", ""desabilitado"": false}"
"Estabelecimento de saúde: HOSP E MAT STO EXPEDITO. Código CNES: 3585409. Localização: SAO PAULO, São Paulo (SP). Tipo de unidade: HOSPITAL GERAL. Natureza jurídica: HOSPITAL_PRIVADO. Porte: Médio.",entidade_hospital,"{""categoria"": ""entidade_hospital"", ""cnes"": ""3585409"", ""nome_oficial_tabela"": ""HOSP E MAT STO EXPEDITO"", ""uf"": ""SP"", ""municipio"": ""SAO PAULO"", ""desabilitado"": false}"
"Estabelecimento de saúde: HOSPITAL SAO PAULO. Código CNES: 3625087. Localização: ARARAQUARA, São Paulo (SP). Tipo de unidade: HOSPITAL GERAL. Natureza jurídica: HOSPITAL_PRIVADO. Porte: Grande.",entidade_hospital,"{""categoria"": ""entidade_hospital"", ""cnes"": ""3625087"", ""nome_oficial_tabela"": ""HOSPITAL SAO PAULO"", ""uf"": ""SP"", ""municipio"": ""ARARAQUARA"", ""desabilitado"": false}"
"Estabelecimento de saúde: HOSPITAL DE CUIDADOS CRONICOS INTEGRADOS DE PAULINIA. Código CNES: 3633969. Localização: PAULINIA, São Paulo (SP). Tipo de unidade: HOSPITAL ESPECIALIZADO. Natureza jurídica: HOSPITAL_PÚBLICO. Porte: Médio. Também já foi registrado nos cadastros com o(s) nome(s): CENTRO DE GERIATRIA E GERONTOLOGIA DE PAULINIA.",entidade_hospital,"{""categoria"": ""entidade_hospital"", ""cnes"": ""3633969"", ""nome_oficial_tabela"": ""HOSPITAL DE CUIDADOS CRONICOS INTEGRADOS DE PAULINIA"", ""uf"": ""SP"", ""municipio"": ""PAULINIA"", ""desabilitado"": false}"
"Estabelecimento de saúde: HOSPITAL UNIMED DE BIRIGUI. Código CNES: 3689972. Localização: BIRIGUI, São Paulo (SP). Tipo de unidade: HOSPITAL GERAL. Natureza jurídica: HOSPITAL_PRIVADO. Porte: Médio.",entidade_hospital,"{""categoria"": ""entidade_hospital"", ""cnes"": ""3689972"", ""nome_oficial_tabela"": ""HOSPITAL UNIMED DE BIRIGUI"", ""uf"": ""SP"", ""municipio"": ""BIRIGUI"", ""desabilitado"": false}"
"Estabelecimento de saúde: HOSPITAL SILVIO ROMERO. Código CNES: 3701832. Localização: SAO PAULO, São Paulo (SP). Tipo de unidade: HOSPITAL GERAL. Natureza jurídica: HOSPITAL_PRIVADO. Porte: Médio.",entidade_hospital,"{""categoria"": ""entidade_hospital"", ""cnes"": ""3701832"", ""nome_oficial_tabela"": ""HOSPITAL SILVIO ROMERO"", ""uf"": ""SP"", ""municipio"": ""SAO PAULO"", ""desabilitado"": false}"
"Estabelecimento de saúde: HOSPITAL LAR NOSSA SENHORA DAS GRACAS NA PROVIDENCIA DE DEUS. Código CNES: 3745546. Localização: SAO JOSE DO RIO PRETO, São Paulo (SP). Tipo de unidade: HOSPITAL ESPECIALIZADO. Natureza jurídica: HOSPITAL_FILANTRÓPICO. Porte: Grande.",entidade_hospital,"{""categoria"": ""entidade_hospital"", ""cnes"": ""3745546"", ""nome_oficial_tabela"": ""HOSPITAL LAR NOSSA SENHORA DAS GRACAS NA PROVIDENCIA DE DEUS"", ""uf"": ""SP"", ""municipio"": ""SAO JOSE DO RIO PRETO"", ""desabilitado"": false}"
"Estabelecimento de saúde: HOSPITAL LEONOR MENDES DE BARROS. Código CNES: 3753433. Localização: CAMPOS DO JORDAO, São Paulo (SP). Tipo de unidade: HOSPITAL GERAL. Natureza jurídica: HOSPITAL_FILANTRÓPICO. Porte: Grande.",entidade_hospital,"{""categoria"": ""entidade_hospital"", ""cnes"": ""3753433"", ""nome_oficial_tabela"": ""HOSPITAL LEONOR MENDES DE BARROS"", ""uf"": ""SP"", ""municipio"": ""CAMPOS DO JORDAO"", ""desabilitado"": false}"
"Estabelecimento de saúde: HOSPITAL DIA OFTALMOLOGICO. Código CNES: 3759660. Localização: JUNDIAI, São Paulo (SP). Tipo de unidade: HOSPITAL ESPECIALIZADO. Natureza jurídica: HOSPITAL_PRIVADO. Porte: Pequeno.",entidade_hospital,"{""categoria"": ""entidade_hospital"", ""cnes"": ""3759660"", ""nome_oficial_tabela"": ""HOSPITAL DIA OFTALMOLOGICO"", ""uf"": ""SP"", ""municipio"": ""JUNDIAI"", ""desabilitado"": false}"
"Estabelecimento de saúde: HOSPITAL E MATERNIDADE MUNICIPAL N S DO MONTE SERRAT. Código CNES: 3774554. Localização: SALTO, São Paulo (SP). Tipo de unidade: HOSPITAL GERAL. Natureza jurídica: HOSPITAL_PÚBLICO. Porte: Grande.",entidade_hospital,"{""categoria"": ""entidade_hospital"", ""cnes"": ""3774554"", ""nome_oficial_tabela"": ""HOSPITAL E MATERNIDADE MUNICIPAL N S DO MONTE SERRAT"", ""uf"": ""SP"", ""municipio"": ""SALTO"", ""desabilitado"": false}"
"Estabelecimento de saúde: HOSPITAL OFTALMOLOGICO RIBEIRAO PRETO S S. Código CNES: 3775887. Localização: RIBEIRAO PRETO, São Paulo (SP). Tipo de unidade: HOSPITAL ESPECIALIZADO. Natureza jurídica: HOSPITAL_PRIVADO. Porte: Pequeno.",entidade_hospital,"{""categoria"": ""entidade_hospital"", ""cnes"": ""3775887"", ""nome_oficial_tabela"": ""HOSPITAL OFTALMOLOGICO RIBEIRAO PRETO S S"", ""uf"": ""SP"", ""municipio"": ""RIBEIRAO PRETO"", ""desabilitado"": false}"
"Estabelecimento de saúde: INSTITUTO DE ATENDIMENTO MEDICO HOSPITALAR. Código CNES: 3812545. Localização: ASSIS, São Paulo (SP). Tipo de unidade: HOSPITAL GERAL. Natureza jurídica: HOSPITAL_PRIVADO. Porte: Médio. Também já foi registrado nos cadastros com o(s) nome(s): IAM.",entidade_hospital,"{""categoria"": ""entidade_hospital"", ""cnes"": ""3812545"", ""nome_oficial_tabela"": ""INSTITUTO DE ATENDIMENTO MEDICO HOSPITALAR"", ""uf"": ""SP"", ""municipio"": ""ASSIS"", ""desabilitado"": false}"
"Estabelecimento de saúde: SAO LUIZ UNIDADE MORUMBI. Código CNES: 3824802. Localização: SAO PAULO, São Paulo (SP). Tipo de unidade: HOSPITAL GERAL. Natureza jurídica: HOSPITAL_PRIVADO. Porte: Grande.",entidade_hospital,"{""categoria"": ""entidade_hospital"", ""cnes"": ""3824802"", ""nome_oficial_tabela"": ""SAO LUIZ UNIDADE MORUMBI"", ""uf"": ""SP"", ""municipio"": ""SAO PAULO"", ""desabilitado"": false}"
"Estabelecimento de saúde: PRONTO SOCORRO PESTANA P S ANDRE SACCO. Código CNES: 3825752. Localização: OSASCO, São Paulo (SP). Tipo de unidade: PRONTO SOCORRO GERAL. Natureza jurídica: HOSPITAL_PÚBLICO. Porte: Médio.",entidade_hospital,"{""categoria"": ""entidade_hospital"", ""cnes"": ""3825752"", ""nome_oficial_tabela"": ""PRONTO SOCORRO PESTANA P S ANDRE SACCO"", ""uf"": ""SP"", ""municipio"": ""OSASCO"", ""desabilitado"": false}"
"Estabelecimento de saúde: PRONTO SOCORRO DR OSMAR MESQUITA. Código CNES: 3828107. Localização: OSASCO, São Paulo (SP). Tipo de unidade: PRONTO SOCORRO GERAL. Natureza jurídica: HOSPITAL_PÚBLICO. Porte: Pequeno.",entidade_hospital,"{""categoria"": ""entidade_hospital"", ""cnes"": ""3828107"", ""nome_oficial_tabela"": ""PRONTO SOCORRO DR OSMAR MESQUITA"", ""uf"": ""SP"", ""municipio"": ""OSASCO"", ""desabilitado"": false}"
"Estabelecimento de saúde: HOSPITAL DAS CLINICAS DE BAURU HCB. Código CNES: 3880966. Localização: BAURU, São Paulo (SP). Tipo de unidade: HOSPITAL GERAL. Natureza jurídica: HOSPITAL_PÚBLICO. Porte: Grande.",entidade_hospital,"{""categoria"": ""entidade_hospital"", ""cnes"": ""3880966"", ""nome_oficial_tabela"": ""HOSPITAL DAS CLINICAS DE BAURU HCB"", ""uf"": ""SP"", ""municipio"": ""BAURU"", ""desabilitado"": false}"
"Estabelecimento de saúde: HOSPITAL DOM PEDRO. Código CNES: 3919072. Localização: SAO PAULO, São Paulo (SP). Tipo de unidade: HOSPITAL GERAL. Natureza jurídica: HOSPITAL_PRIVADO. Porte: Grande.",entidade_hospital,"{""categoria"": ""entidade_hospital"", ""cnes"": ""3919072"", ""nome_oficial_tabela"": ""HOSPITAL DOM PEDRO"", ""uf"": ""SP"", ""municipio"": ""SAO PAULO"", ""desabilitado"": false}"
"Estabelecimento de saúde: HOSPITAL MUNICIPAL DR ALCIPIO DA SILVA OLIVEIRA JUNIOR. Código CNES: 3949621. Localização: VARZEA PAULISTA, São Paulo (SP). Tipo de unidade: HOSPITAL GERAL. Natureza jurídica: HOSPITAL_PÚBLICO. Porte: Médio.",entidade_hospital,"{""categoria"": ""entidade_hospital"", ""cnes"": ""3949621"", ""nome_oficial_tabela"": ""HOSPITAL MUNICIPAL DR ALCIPIO DA SILVA OLIVEIRA JUNIOR"", ""uf"": ""SP"", ""municipio"": ""VARZEA PAULISTA"", ""desabilitado"": false}"
"Estabelecimento de saúde: HOSPITAL DA FACE. Código CNES: 3986683. Localização: SAO PAULO, São Paulo (SP). Tipo de unidade: HOSPITAL ESPECIALIZADO. Natureza jurídica: HOSPITAL_PRIVADO. Porte: Pequeno.",entidade_hospital,"{""categoria"": ""entidade_hospital"", ""cnes"": ""3986683"", ""nome_oficial_tabela"": ""HOSPITAL DA FACE"", ""uf"": ""SP"", ""municipio"": ""SAO PAULO"", ""desabilitado"": false}"
"Estabelecimento de saúde: HOSPITAL UNIMED DR JOSE SILVA DANTAS FILHO. Código CNES: 3987957. Localização: ITAPETININGA, São Paulo (SP). Tipo de unidade: HOSPITAL GERAL. Natureza jurídica: HOSPITAL_PRIVADO. Porte: Médio.",entidade_hospital,"{""categoria"": ""entidade_hospital"", ""cnes"": ""3987957"", ""nome_oficial_tabela"": ""HOSPITAL UNIMED DR JOSE SILVA DANTAS FILHO"", ""uf"": ""SP"", ""municipio"": ""ITAPETININGA"", ""desabilitado"": false}"
"Estabelecimento de saúde: HOSPITAL INFANTIL SABARA UNIDADE 2. Código CNES: 4009487. Localização: SAO PAULO, São Paulo (SP). Tipo de unidade: HOSPITAL ESPECIALIZADO. Natureza jurídica: HOSPITAL_FILANTRÓPICO. Porte: Médio.",entidade_hospital,"{""categoria"": ""entidade_hospital"", ""cnes"": ""4009487"", ""nome_oficial_tabela"": ""HOSPITAL INFANTIL SABARA UNIDADE 2"", ""uf"": ""SP"", ""municipio"": ""SAO PAULO"", ""desabilitado"": false}"
"Estabelecimento de saúde: PRONTO SOCORRO DA VILA DIRCE. Código CNES: 4047613. Localização: CARAPICUIBA, São Paulo (SP). Tipo de unidade: PRONTO SOCORRO GERAL. Natureza jurídica: HOSPITAL_PÚBLICO. Porte: Pequeno.",entidade_hospital,"{""categoria"": ""entidade_hospital"", ""cnes"": ""4047613"", ""nome_oficial_tabela"": ""PRONTO SOCORRO DA VILA DIRCE"", ""uf"": ""SP"", ""municipio"": ""CARAPICUIBA"", ""desabilitado"": false}"
"Estabelecimento de saúde: PRONTO SOCORRO MUNICIPAL DOURADO SP. Código CNES: 4048083. Localização: DOURADO, São Paulo (SP). Tipo de unidade: PRONTO SOCORRO GERAL. Natureza jurídica: HOSPITAL_PÚBLICO. Porte: Pequeno.",entidade_hospital,"{""categoria"": ""entidade_hospital"", ""cnes"": ""4048083"", ""nome_oficial_tabela"": ""PRONTO SOCORRO MUNICIPAL DOURADO SP"", ""uf"": ""SP"", ""municipio"": ""DOURADO"", ""desabilitado"": false}"
"Estabelecimento de saúde: UMS DE JUQUITIBA. Código CNES: 4048660. Localização: JUQUITIBA, São Paulo (SP). Tipo de unidade: UNIDADE MISTA. Natureza jurídica: HOSPITAL_PÚBLICO. Porte: Pequeno.",entidade_hospital,"{""categoria"": ""entidade_hospital"", ""cnes"": ""4048660"", ""nome_oficial_tabela"": ""UMS DE JUQUITIBA"", ""uf"": ""SP"", ""municipio"": ""JUQUITIBA"", ""desabilitado"": false}"
"Estabelecimento de saúde: PRONTO ATENDIMENTO MUNICIPAL DE MINEIROS DO TIETE. Código CNES: 4048725. Localização: MINEIROS DO TIETE, São Paulo (SP). Tipo de unidade: PRONTO SOCORRO GERAL. Natureza jurídica: HOSPITAL_PÚBLICO. Porte: Pequeno.",entidade_hospital,"{""categoria"": ""entidade_hospital"", ""cnes"": ""4048725"", ""nome_oficial_tabela"": ""PRONTO ATENDIMENTO MUNICIPAL DE MINEIROS DO TIETE"", ""uf"": ""SP"", ""municipio"": ""MINEIROS DO TIETE"", ""desabilitado"": false}"
"Estabelecimento de saúde: SANTA CASA DE OURINHOS. Código CNES: 4049020. Localização: OURINHOS, São Paulo (SP). Tipo de unidade: HOSPITAL GERAL. Natureza jurídica: HOSPITAL_FILANTRÓPICO. Porte: Grande.",entidade_hospital,"{""categoria"": ""entidade_hospital"", ""cnes"": ""4049020"", ""nome_oficial_tabela"": ""SANTA CASA DE OURINHOS"", ""uf"": ""SP"", ""municipio"": ""OURINHOS"", ""desabilitado"": false}"
"Estabelecimento de saúde: HOSPITAL DI THIENE SAO CAETANO LTDA. Código CNES: 4051297. Localização: SAO CAETANO DO SUL, São Paulo (SP). Tipo de unidade: HOSPITAL GERAL. Natureza jurídica: HOSPITAL_PRIVADO. Porte: Médio.",entidade_hospital,"{""categoria"": ""entidade_hospital"", ""cnes"": ""4051297"", ""nome_oficial_tabela"": ""HOSPITAL DI THIENE SAO CAETANO LTDA"", ""uf"": ""SP"", ""municipio"": ""SAO CAETANO DO SUL"", ""desabilitado"": false}"
"Estabelecimento de saúde: HOSPITAL SANTA ISABEL. Código CNES: 4060105. Localização: SAO PAULO, São Paulo (SP). Tipo de unidade: HOSPITAL GERAL. Natureza jurídica: HOSPITAL_PRIVADO. Porte: Grande.",entidade_hospital,"{""categoria"": ""entidade_hospital"", ""cnes"": ""4060105"", ""nome_oficial_tabela"": ""HOSPITAL SANTA ISABEL"", ""uf"": ""SP"", ""municipio"": ""SAO PAULO"", ""desabilitado"": false}"
"Estabelecimento de saúde: HOSPITAL INDIANOPOLIS. Código CNES: 4077040. Localização: SAO PAULO, São Paulo (SP). Tipo de unidade: HOSPITAL GERAL. Natureza jurídica: HOSPITAL_PRIVADO. Porte: Médio.",entidade_hospital,"{""categoria"": ""entidade_hospital"", ""cnes"": ""4077040"", ""nome_oficial_tabela"": ""HOSPITAL INDIANOPOLIS"", ""uf"": ""SP"", ""municipio"": ""SAO PAULO"", ""desabilitado"": false}"
"Estabelecimento de saúde: MONTE CRISTO HOSPITAL DE MULTI ESPECIALIDADES. Código CNES: 4077164. Localização: SAO PAULO, São Paulo (SP). Tipo de unidade: HOSPITAL GERAL. Natureza jurídica: HOSPITAL_PRIVADO. Porte: Pequeno.",entidade_hospital,"{""categoria"": ""entidade_hospital"", ""cnes"": ""4077164"", ""nome_oficial_tabela"": ""MONTE CRISTO HOSPITAL DE MULTI ESPECIALIDADES"", ""uf"": ""SP"", ""municipio"": ""SAO PAULO"", ""desabilitado"": false}"
"Estabelecimento de saúde: BELLA PRIME HOSPITAL ESPECIALIZADO EM SAUDE MENTAL. Código CNES: 4122003. Localização: IBIUNA, São Paulo (SP). Tipo de unidade: HOSPITAL ESPECIALIZADO. Natureza jurídica: HOSPITAL_PRIVADO. Porte: Pequeno. Também já foi registrado nos cadastros com o(s) nome(s): BELLA PRIME HOSPITAL E SPA.",entidade_hospital,"{""categoria"": ""entidade_hospital"", ""cnes"": ""4122003"", ""nome_oficial_tabela"": ""BELLA PRIME HOSPITAL ESPECIALIZADO EM SAUDE MENTAL"", ""uf"": ""SP"", ""municipio"": ""IBIUNA"", ""desabilitado"": false}"
"Estabelecimento de saúde: IGESP SA CENTRO MEDICO E CIRURGICO INST GASTROENT DE SP. Código CNES: 4123077. Localização: PRAIA GRANDE, São Paulo (SP). Tipo de unidade: HOSPITAL GERAL. Natureza jurídica: HOSPITAL_PRIVADO. Porte: Médio.",entidade_hospital,"{""categoria"": ""entidade_hospital"", ""cnes"": ""4123077"", ""nome_oficial_tabela"": ""IGESP SA CENTRO MEDICO E CIRURGICO INST GASTROENT DE SP"", ""uf"": ""SP"", ""municipio"": ""PRAIA GRANDE"", ""desabilitado"": false}"
"Estabelecimento de saúde: HOSPITAL SAO LUIZ CAMPINAS. Código CNES: 4135059. Localização: CAMPINAS, São Paulo (SP). Tipo de unidade: HOSPITAL GERAL. Natureza jurídica: HOSPITAL_PRIVADO. Porte: Grande.",entidade_hospital,"{""categoria"": ""entidade_hospital"", ""cnes"": ""4135059"", ""nome_oficial_tabela"": ""HOSPITAL SAO LUIZ CAMPINAS"", ""uf"": ""SP"", ""municipio"": ""CAMPINAS"", ""desabilitado"": false}"
"Estabelecimento de saúde: UNIC DAY HOSPITAL. Código CNES: 4164814. Localização: BARUERI, São Paulo (SP). Tipo de unidade: HOSPITAL GERAL. Natureza jurídica: HOSPITAL_PRIVADO. Porte: Pequeno.",entidade_hospital,"{""categoria"": ""entidade_hospital"", ""cnes"": ""4164814"", ""nome_oficial_tabela"": ""UNIC DAY HOSPITAL"", ""uf"": ""SP"", ""municipio"": ""BARUERI"", ""desabilitado"": false}"
"Estabelecimento de saúde: HOSPITAL SAO FRANCISCO. Código CNES: 4193423. Localização: OSASCO, São Paulo (SP). Tipo de unidade: HOSPITAL GERAL. Natureza jurídica: HOSPITAL_PRIVADO. Porte: Médio.",entidade_hospital,"{""categoria"": ""entidade_hospital"", ""cnes"": ""4193423"", ""nome_oficial_tabela"": ""HOSPITAL SAO FRANCISCO"", ""uf"": ""SP"", ""municipio"": ""OSASCO"", ""desabilitado"": false}"
"Estabelecimento de saúde: HOSPITAL SERPIERO. Código CNES: 4205898. Localização: SANTOS, São Paulo (SP). Tipo de unidade: HOSPITAL ESPECIALIZADO. Natureza jurídica: HOSPITAL_PRIVADO. Porte: Grande.",entidade_hospital,"{""categoria"": ""entidade_hospital"", ""cnes"": ""4205898"", ""nome_oficial_tabela"": ""HOSPITAL SERPIERO"", ""uf"": ""SP"", ""municipio"": ""SANTOS"", ""desabilitado"": false}"
"Estabelecimento de saúde: HOSPITAL SAINT PATRICK PORTINARI. Código CNES: 4223683. Localização: SAO PAULO, São Paulo (SP). Tipo de unidade: HOSPITAL GERAL. Natureza jurídica: HOSPITAL_FILANTRÓPICO. Porte: Grande.",entidade_hospital,"{""categoria"": ""entidade_hospital"", ""cnes"": ""4223683"", ""nome_oficial_tabela"": ""HOSPITAL SAINT PATRICK PORTINARI"", ""uf"": ""SP"", ""municipio"": ""SAO PAULO"", ""desabilitado"": false}"
"Estabelecimento de saúde: HOSPITAL REGIONAL DO ALTO TIETE HRAT. Código CNES: 4233646. Localização: SUZANO, São Paulo (SP). Tipo de unidade: HOSPITAL GERAL. Natureza jurídica: HOSPITAL_PÚBLICO. Porte: Grande.",entidade_hospital,"{""categoria"": ""entidade_hospital"", ""cnes"": ""4233646"", ""nome_oficial_tabela"": ""HOSPITAL REGIONAL DO ALTO TIETE HRAT"", ""uf"": ""SP"", ""municipio"": ""SUZANO"", ""desabilitado"": false}"
"Estabelecimento de saúde: IOU INSTITUTO DE OTORRINOLARINGOLOGIA CABECA E PESCOCO. Código CNES: 4285514. Localização: CAMPINAS, São Paulo (SP). Tipo de unidade: HOSPITAL GERAL. Natureza jurídica: HOSPITAL_FILANTRÓPICO. Porte: Pequeno.",entidade_hospital,"{""categoria"": ""entidade_hospital"", ""cnes"": ""4285514"", ""nome_oficial_tabela"": ""IOU INSTITUTO DE OTORRINOLARINGOLOGIA CABECA E PESCOCO"", ""uf"": ""SP"", ""municipio"": ""CAMPINAS"", ""desabilitado"": false}"
"Estabelecimento de saúde: HOSPITAL TERAPEUTICO AMOR FRATERNO. Código CNES: 4307348. Localização: PIRASSUNUNGA, São Paulo (SP). Tipo de unidade: HOSPITAL ESPECIALIZADO. Natureza jurídica: HOSPITAL_PRIVADO. Porte: Pequeno.",entidade_hospital,"{""categoria"": ""entidade_hospital"", ""cnes"": ""4307348"", ""nome_oficial_tabela"": ""HOSPITAL TERAPEUTICO AMOR FRATERNO"", ""uf"": ""SP"", ""municipio"": ""PIRASSUNUNGA"", ""desabilitado"": false}"
"Estabelecimento de saúde: CARVALHO SANDRIN SERVICOS HOSPITALARES. Código CNES: 4312813. Localização: SAO PAULO, São Paulo (SP). Tipo de unidade: HOSPITAL ESPECIALIZADO. Natureza jurídica: HOSPITAL_PRIVADO. Porte: Pequeno.",entidade_hospital,"{""categoria"": ""entidade_hospital"", ""cnes"": ""4312813"", ""nome_oficial_tabela"": ""CARVALHO SANDRIN SERVICOS HOSPITALARES"", ""uf"": ""SP"", ""municipio"": ""SAO PAULO"", ""desabilitado"": false}"
"Estabelecimento de saúde: HOSPITAL RIO PRETO. Código CNES: 4376439. Localização: SAO JOSE DO RIO PRETO, São Paulo (SP). Tipo de unidade: HOSPITAL GERAL. Natureza jurídica: HOSPITAL_PRIVADO. Porte: Médio.",entidade_hospital,"{""categoria"": ""entidade_hospital"", ""cnes"": ""4376439"", ""nome_oficial_tabela"": ""HOSPITAL RIO PRETO"", ""uf"": ""SP"", ""municipio"": ""SAO JOSE DO RIO PRETO"", ""desabilitado"": false}"
"Estabelecimento de saúde: HOSPITAL SILOE. Código CNES: 4386167. Localização: SANTO ANDRE, São Paulo (SP). Tipo de unidade: HOSPITAL GERAL. Natureza jurídica: HOSPITAL_PRIVADO. Porte: Pequeno.",entidade_hospital,"{""categoria"": ""entidade_hospital"", ""cnes"": ""4386167"", ""nome_oficial_tabela"": ""HOSPITAL SILOE"", ""uf"": ""SP"", ""municipio"": ""SANTO ANDRE"", ""desabilitado"": false}"
"Estabelecimento de saúde: CTINTEGRADAS. Código CNES: 4405277. Localização: PINDAMONHANGABA, São Paulo (SP). Tipo de unidade: HOSPITAL ESPECIALIZADO. Natureza jurídica: HOSPITAL_PRIVADO. Porte: Grande. Também já foi registrado nos cadastros com o(s) nome(s): CENTRO DE ASSISTENCIA A DEPENDENTES QUIMICOS DE PINDA.",entidade_hospital,"{""categoria"": ""entidade_hospital"", ""cnes"": ""4405277"", ""nome_oficial_tabela"": ""CTINTEGRADAS"", ""uf"": ""SP"", ""municipio"": ""PINDAMONHANGABA"", ""desabilitado"": false}"
"Estabelecimento de saúde: ASSOCIACAO HOSPITALAR SAO MIGUEL. Código CNES: 4428560. Localização: SAO PAULO, São Paulo (SP). Tipo de unidade: HOSPITAL GERAL. Natureza jurídica: HOSPITAL_FILANTRÓPICO. Porte: Médio.",entidade_hospital,"{""categoria"": ""entidade_hospital"", ""cnes"": ""4428560"", ""nome_oficial_tabela"": ""ASSOCIACAO HOSPITALAR SAO MIGUEL"", ""uf"": ""SP"", ""municipio"": ""SAO PAULO"", ""desabilitado"": false}"
"Estabelecimento de saúde: HOSPITAL DA CRIANCA 12 DE OUTUBRO. Código CNES: 4451562. Localização: GUARULHOS, São Paulo (SP). Tipo de unidade: HOSPITAL ESPECIALIZADO. Natureza jurídica: HOSPITAL_PRIVADO. Porte: Pequeno.",entidade_hospital,"{""categoria"": ""entidade_hospital"", ""cnes"": ""4451562"", ""nome_oficial_tabela"": ""HOSPITAL DA CRIANCA 12 DE OUTUBRO"", ""uf"": ""SP"", ""municipio"": ""GUARULHOS"", ""desabilitado"": false}"
"Estabelecimento de saúde: HOSPITAL E MATERNIDADE BRAS CUBAS. Código CNES: 4452690. Localização: GUARULHOS, São Paulo (SP). Tipo de unidade: HOSPITAL ESPECIALIZADO. Natureza jurídica: HOSPITAL_PRIVADO. Porte: Pequeno.",entidade_hospital,"{""categoria"": ""entidade_hospital"", ""cnes"": ""4452690"", ""nome_oficial_tabela"": ""HOSPITAL E MATERNIDADE BRAS CUBAS"", ""uf"": ""SP"", ""municipio"": ""GUARULHOS"", ""desabilitado"": false}"
"Estabelecimento de saúde: ELIBRE CLINICA DE SAUDE LTDA. Código CNES: 4453220. Localização: COTIA, São Paulo (SP). Tipo de unidade: HOSPITAL ESPECIALIZADO. Natureza jurídica: HOSPITAL_PRIVADO. Porte: Pequeno.",entidade_hospital,"{""categoria"": ""entidade_hospital"", ""cnes"": ""4453220"", ""nome_oficial_tabela"": ""ELIBRE CLINICA DE SAUDE LTDA"", ""uf"": ""SP"", ""municipio"": ""COTIA"", ""desabilitado"": false}"
"Estabelecimento de saúde: REDE HUMANA MAGNA DE SAUDE LTDA. Código CNES: 4542258. Localização: SAO PAULO, São Paulo (SP). Tipo de unidade: HOSPITAL ESPECIALIZADO. Natureza jurídica: HOSPITAL_PRIVADO. Porte: Médio.",entidade_hospital,"{""categoria"": ""entidade_hospital"", ""cnes"": ""4542258"", ""nome_oficial_tabela"": ""REDE HUMANA MAGNA DE SAUDE LTDA"", ""uf"": ""SP"", ""municipio"": ""SAO PAULO"", ""desabilitado"": false}"
"Estabelecimento de saúde: HOSPITAL LEONARDO DA VINCI. Código CNES: 4608364. Localização: ATIBAIA, São Paulo (SP). Tipo de unidade: HOSPITAL GERAL. Natureza jurídica: HOSPITAL_PRIVADO. Porte: Médio. Também já foi registrado nos cadastros com o(s) nome(s): DAY HOSPITAL NEW LEADER LTDA.",entidade_hospital,"{""categoria"": ""entidade_hospital"", ""cnes"": ""4608364"", ""nome_oficial_tabela"": ""HOSPITAL LEONARDO DA VINCI"", ""uf"": ""SP"", ""municipio"": ""ATIBAIA"", ""desabilitado"": false}"
"Estabelecimento de saúde: VILLA DOM BOSCO. Código CNES: 4616014. Localização: GUARULHOS, São Paulo (SP). Tipo de unidade: HOSPITAL ESPECIALIZADO. Natureza jurídica: HOSPITAL_PRIVADO. Porte: Médio.",entidade_hospital,"{""categoria"": ""entidade_hospital"", ""cnes"": ""4616014"", ""nome_oficial_tabela"": ""VILLA DOM BOSCO"", ""uf"": ""SP"", ""municipio"": ""GUARULHOS"", ""desabilitado"": false}"
"Estabelecimento de saúde: UNIMED DE SOROCABA COOPERATIVA DE TRABALHO MEDICO. Código CNES: 4662962. Localização: SOROCABA, São Paulo (SP). Tipo de unidade: HOSPITAL GERAL. Natureza jurídica: HOSPITAL_PRIVADO. Porte: Médio. Também já foi registrado nos cadastros com o(s) nome(s): SAO LUCAS ASSISTENCIA EM SAUDE LTDA.",entidade_hospital,"{""categoria"": ""entidade_hospital"", ""cnes"": ""4662962"", ""nome_oficial_tabela"": ""UNIMED DE SOROCABA COOPERATIVA DE TRABALHO MEDICO"", ""uf"": ""SP"", ""municipio"": ""SOROCABA"", ""desabilitado"": false}"
"Estabelecimento de saúde: ASKESIS INSTITUTO DE SAUDE MENTAL LTDA. Código CNES: 4688201. Localização: JAGUARIUNA, São Paulo (SP). Tipo de unidade: HOSPITAL ESPECIALIZADO. Natureza jurídica: HOSPITAL_PRIVADO. Porte: Médio.",entidade_hospital,"{""categoria"": ""entidade_hospital"", ""cnes"": ""4688201"", ""nome_oficial_tabela"": ""ASKESIS INSTITUTO DE SAUDE MENTAL LTDA"", ""uf"": ""SP"", ""municipio"": ""JAGUARIUNA"", ""desabilitado"": false}"
"Estabelecimento de saúde: HOSPITAL SAINT MATTHEWS. Código CNES: 4694317. Localização: OSASCO, São Paulo (SP). Tipo de unidade: HOSPITAL GERAL. Natureza jurídica: HOSPITAL_PRIVADO. Porte: Pequeno.",entidade_hospital,"{""categoria"": ""entidade_hospital"", ""cnes"": ""4694317"", ""nome_oficial_tabela"": ""HOSPITAL SAINT MATTHEWS"", ""uf"": ""SP"", ""municipio"": ""OSASCO"", ""desabilitado"": false}"
"Estabelecimento de saúde: HOSPITAL SANTO ANTONIO DE LOUVEIRA. Código CNES: 4702069. Localização: LOUVEIRA, São Paulo (SP). Tipo de unidade: HOSPITAL GERAL. Natureza jurídica: HOSPITAL_PÚBLICO. Porte: Pequeno.",entidade_hospital,"{""categoria"": ""entidade_hospital"", ""cnes"": ""4702069"", ""nome_oficial_tabela"": ""HOSPITAL SANTO ANTONIO DE LOUVEIRA"", ""uf"": ""SP"", ""municipio"": ""LOUVEIRA"", ""desabilitado"": false}"
"Estabelecimento de saúde: HOSPITAL VILA NOVA STAR II. Código CNES: 4722337. Localização: SAO PAULO, São Paulo (SP). Tipo de unidade: HOSPITAL GERAL. Natureza jurídica: HOSPITAL_PRIVADO. Porte: Médio.",entidade_hospital,"{""categoria"": ""entidade_hospital"", ""cnes"": ""4722337"", ""nome_oficial_tabela"": ""HOSPITAL VILA NOVA STAR II"", ""uf"": ""SP"", ""municipio"": ""SAO PAULO"", ""desabilitado"": false}"
"Estabelecimento de saúde: HOSPITAL DA CRIANCA 12 DE OUTUBRO FILIAL. Código CNES: 4732790. Localização: GUARULHOS, São Paulo (SP). Tipo de unidade: HOSPITAL ESPECIALIZADO. Natureza jurídica: HOSPITAL_PRIVADO. Porte: Pequeno.",entidade_hospital,"{""categoria"": ""entidade_hospital"", ""cnes"": ""4732790"", ""nome_oficial_tabela"": ""HOSPITAL DA CRIANCA 12 DE OUTUBRO FILIAL"", ""uf"": ""SP"", ""municipio"": ""GUARULHOS"", ""desabilitado"": false}"
"Estabelecimento de saúde: UNIDADE DE PRONTO ATENDIMENTO 24H DE BOITUVA. Código CNES: 4747232. Localização: BOITUVA, São Paulo (SP). Tipo de unidade: PRONTO SOCORRO GERAL. Natureza jurídica: HOSPITAL_FILANTRÓPICO. Porte: Pequeno. Também já foi registrado nos cadastros com o(s) nome(s): UNIDADE DE PRONTO ATENDIMENTO 24 HS BOITUVA.",entidade_hospital,"{""categoria"": ""entidade_hospital"", ""cnes"": ""4747232"", ""nome_oficial_tabela"": ""UNIDADE DE PRONTO ATENDIMENTO 24H DE BOITUVA"", ""uf"": ""SP"", ""municipio"": ""BOITUVA"", ""desabilitado"": false}"
"Estabelecimento de saúde: HOSPITAL SAO LUIZ GUARULHOS. Código CNES: 4813308. Localização: GUARULHOS, São Paulo (SP). Tipo de unidade: HOSPITAL GERAL. Natureza jurídica: HOSPITAL_PRIVADO. Porte: Médio. Também já foi registrado nos cadastros com o(s) nome(s): HOSPITAL GUARULHOS.",entidade_hospital,"{""categoria"": ""entidade_hospital"", ""cnes"": ""4813308"", ""nome_oficial_tabela"": ""HOSPITAL SAO LUIZ GUARULHOS"", ""uf"": ""SP"", ""municipio"": ""GUARULHOS"", ""desabilitado"": false}"
"Estabelecimento de saúde: HSM VERGUEIRO. Código CNES: 4824482. Localização: SAO PAULO, São Paulo (SP). Tipo de unidade: HOSPITAL GERAL. Natureza jurídica: HOSPITAL_PRIVADO. Porte: Grande.",entidade_hospital,"{""categoria"": ""entidade_hospital"", ""cnes"": ""4824482"", ""nome_oficial_tabela"": ""HSM VERGUEIRO"", ""uf"": ""SP"", ""municipio"": ""SAO PAULO"", ""desabilitado"": false}"
"Estabelecimento de saúde: CLINICA DE SAUDE MENTAL DE EMBU LTDA. Código CNES: 4845390. Localização: EMBU DAS ARTES, São Paulo (SP). Tipo de unidade: HOSPITAL ESPECIALIZADO. Natureza jurídica: HOSPITAL_PRIVADO. Porte: Pequeno.",entidade_hospital,"{""categoria"": ""entidade_hospital"", ""cnes"": ""4845390"", ""nome_oficial_tabela"": ""CLINICA DE SAUDE MENTAL DE EMBU LTDA"", ""uf"": ""SP"", ""municipio"": ""EMBU DAS ARTES"", ""desabilitado"": false}"
"Estabelecimento de saúde: HOSPITAL SAO LUIZ ALPHAVILLE. Código CNES: 4873351. Localização: BARUERI, São Paulo (SP). Tipo de unidade: HOSPITAL GERAL. Natureza jurídica: HOSPITAL_PRIVADO. Porte: Médio.",entidade_hospital,"{""categoria"": ""entidade_hospital"", ""cnes"": ""4873351"", ""nome_oficial_tabela"": ""HOSPITAL SAO LUIZ ALPHAVILLE"", ""uf"": ""SP"", ""municipio"": ""BARUERI"", ""desabilitado"": false}"
"Estabelecimento de saúde: ASSOCIACAO HOSPITALAR NOVO HORIZONTE. Código CNES: 4884124. Localização: SAO PAULO, São Paulo (SP). Tipo de unidade: HOSPITAL GERAL. Natureza jurídica: HOSPITAL_FILANTRÓPICO. Porte: Pequeno.",entidade_hospital,"{""categoria"": ""entidade_hospital"", ""cnes"": ""4884124"", ""nome_oficial_tabela"": ""ASSOCIACAO HOSPITALAR NOVO HORIZONTE"", ""uf"": ""SP"", ""municipio"": ""SAO PAULO"", ""desabilitado"": false}"
"Estabelecimento de saúde: CENTRO DE REABILITACAO RESIDENCIAL TERAPEUTICO PRIME LTDA. Código CNES: 4884221. Localização: SAO PAULO, São Paulo (SP). Tipo de unidade: HOSPITAL ESPECIALIZADO. Natureza jurídica: HOSPITAL_PRIVADO. Porte: Pequeno.",entidade_hospital,"{""categoria"": ""entidade_hospital"", ""cnes"": ""4884221"", ""nome_oficial_tabela"": ""CENTRO DE REABILITACAO RESIDENCIAL TERAPEUTICO PRIME LTDA"", ""uf"": ""SP"", ""municipio"": ""SAO PAULO"", ""desabilitado"": false}"
"Estabelecimento de saúde: ASSOCIACAO HOSPITALAR PLATINUM. Código CNES: 4915615. Localização: SAO PAULO, São Paulo (SP). Tipo de unidade: HOSPITAL GERAL. Natureza jurídica: HOSPITAL_FILANTRÓPICO. Porte: Pequeno.",entidade_hospital,"{""categoria"": ""entidade_hospital"", ""cnes"": ""4915615"", ""nome_oficial_tabela"": ""ASSOCIACAO HOSPITALAR PLATINUM"", ""uf"": ""SP"", ""municipio"": ""SAO PAULO"", ""desabilitado"": false}"
"Estabelecimento de saúde: REDE FOCOH. Código CNES: 4919653. Localização: COTIA, São Paulo (SP). Tipo de unidade: HOSPITAL ESPECIALIZADO. Natureza jurídica: HOSPITAL_PRIVADO. Porte: Médio.",entidade_hospital,"{""categoria"": ""entidade_hospital"", ""cnes"": ""4919653"", ""nome_oficial_tabela"": ""REDE FOCOH"", ""uf"": ""SP"", ""municipio"": ""COTIA"", ""desabilitado"": false}"
"Estabelecimento de saúde: ICONE DA VISAO. Código CNES: 4932579. Localização: SAO PAULO, São Paulo (SP). Tipo de unidade: HOSPITAL ESPECIALIZADO. Natureza jurídica: HOSPITAL_PRIVADO. Porte: Pequeno.",entidade_hospital,"{""categoria"": ""entidade_hospital"", ""cnes"": ""4932579"", ""nome_oficial_tabela"": ""ICONE DA VISAO"", ""uf"": ""SP"", ""municipio"": ""SAO PAULO"", ""desabilitado"": false}"
"Estabelecimento de saúde: HOSPITAL REGIONAL ROTA DOS BANDEIRANTES HRRB. Código CNES: 4943309. Localização: BARUERI, São Paulo (SP). Tipo de unidade: HOSPITAL GERAL. Natureza jurídica: HOSPITAL_PÚBLICO. Porte: Médio.",entidade_hospital,"{""categoria"": ""entidade_hospital"", ""cnes"": ""4943309"", ""nome_oficial_tabela"": ""HOSPITAL REGIONAL ROTA DOS BANDEIRANTES HRRB"", ""uf"": ""SP"", ""municipio"": ""BARUERI"", ""desabilitado"": false}"
"Estabelecimento de saúde: CLINICA EQUILIBRIO. Código CNES: 4984730. Localização: TREMEMBE, São Paulo (SP). Tipo de unidade: HOSPITAL ESPECIALIZADO. Natureza jurídica: HOSPITAL_PRIVADO. Porte: Pequeno.",entidade_hospital,"{""categoria"": ""entidade_hospital"", ""cnes"": ""4984730"", ""nome_oficial_tabela"": ""CLINICA EQUILIBRIO"", ""uf"": ""SP"", ""municipio"": ""TREMEMBE"", ""desabilitado"": false}"
"Estabelecimento de saúde: CASA TRANSITORIA ANDRE LUIZ. Código CNES: 5033543. Localização: BARRETOS, São Paulo (SP). Tipo de unidade: HOSPITAL ESPECIALIZADO. Natureza jurídica: HOSPITAL_FILANTRÓPICO. Porte: Médio.",entidade_hospital,"{""categoria"": ""entidade_hospital"", ""cnes"": ""5033543"", ""nome_oficial_tabela"": ""CASA TRANSITORIA ANDRE LUIZ"", ""uf"": ""SP"", ""municipio"": ""BARRETOS"", ""desabilitado"": false}"
"Estabelecimento de saúde: HOSPITAL SAN GENNARO. Código CNES: 5040787. Localização: SAO PAULO, São Paulo (SP). Tipo de unidade: HOSPITAL GERAL. Natureza jurídica: HOSPITAL_PRIVADO. Porte: Médio.",entidade_hospital,"{""categoria"": ""entidade_hospital"", ""cnes"": ""5040787"", ""nome_oficial_tabela"": ""HOSPITAL SAN GENNARO"", ""uf"": ""SP"", ""municipio"": ""SAO PAULO"", ""desabilitado"": false}"
"Estabelecimento de saúde: CLINICA PSIQUIATRICA ITUPEVA. Código CNES: 5055385. Localização: ITUPEVA, São Paulo (SP). Tipo de unidade: HOSPITAL ESPECIALIZADO. Natureza jurídica: HOSPITAL_PRIVADO. Porte: Médio.",entidade_hospital,"{""categoria"": ""entidade_hospital"", ""cnes"": ""5055385"", ""nome_oficial_tabela"": ""CLINICA PSIQUIATRICA ITUPEVA"", ""uf"": ""SP"", ""municipio"": ""ITUPEVA"", ""desabilitado"": false}"
"Estabelecimento de saúde: HOSPITAL SINO BRASILEIRO. Código CNES: 5101654. Localização: OSASCO, São Paulo (SP). Tipo de unidade: HOSPITAL GERAL. Natureza jurídica: HOSPITAL_PRIVADO. Porte: Grande.",entidade_hospital,"{""categoria"": ""entidade_hospital"", ""cnes"": ""5101654"", ""nome_oficial_tabela"": ""HOSPITAL SINO BRASILEIRO"", ""uf"": ""SP"", ""municipio"": ""OSASCO"", ""desabilitado"": false}"
"Estabelecimento de saúde: ESTANCIA MORRO GRANDE. Código CNES: 5117607. Localização: IBIUNA, São Paulo (SP). Tipo de unidade: HOSPITAL ESPECIALIZADO. Natureza jurídica: HOSPITAL_PRIVADO. Porte: Grande. Também já foi registrado nos cadastros com o(s) nome(s): ESTANCIA MORRO GRANDE IBIUNA SP.",entidade_hospital,"{""categoria"": ""entidade_hospital"", ""cnes"": ""5117607"", ""nome_oficial_tabela"": ""ESTANCIA MORRO GRANDE"", ""uf"": ""SP"", ""municipio"": ""IBIUNA"", ""desabilitado"": false}"
"Estabelecimento de saúde: HOSPITAL SAO BERNARDO DO CAMPO. Código CNES: 5135117. Localização: SAO BERNARDO DO CAMPO, São Paulo (SP). Tipo de unidade: HOSPITAL GERAL. Natureza jurídica: HOSPITAL_PRIVADO. Porte: Médio.",entidade_hospital,"{""categoria"": ""entidade_hospital"", ""cnes"": ""5135117"", ""nome_oficial_tabela"": ""HOSPITAL SAO BERNARDO DO CAMPO"", ""uf"": ""SP"", ""municipio"": ""SAO BERNARDO DO CAMPO"", ""desabilitado"": false}"
"Estabelecimento de saúde: CENTRO MEDICO SAMARITANO JARDINS. Código CNES: 5139244. Localização: SAO PAULO, São Paulo (SP). Tipo de unidade: HOSPITAL GERAL. Natureza jurídica: HOSPITAL_PRIVADO. Porte: Pequeno.",entidade_hospital,"{""categoria"": ""entidade_hospital"", ""cnes"": ""5139244"", ""nome_oficial_tabela"": ""CENTRO MEDICO SAMARITANO JARDINS"", ""uf"": ""SP"", ""municipio"": ""SAO PAULO"", ""desabilitado"": false}"
"Estabelecimento de saúde: HOSPITAL SAO LUCAS RIBEIRANIA. Código CNES: 5171946. Localização: RIBEIRAO PRETO, São Paulo (SP). Tipo de unidade: HOSPITAL GERAL. Natureza jurídica: HOSPITAL_PRIVADO. Porte: Grande.",entidade_hospital,"{""categoria"": ""entidade_hospital"", ""cnes"": ""5171946"", ""nome_oficial_tabela"": ""HOSPITAL SAO LUCAS RIBEIRANIA"", ""uf"": ""SP"", ""municipio"": ""RIBEIRAO PRETO"", ""desabilitado"": false}"
"Estabelecimento de saúde: COMANDO DA AERONAUTICA HOSPITAL GERAL PIRASSUNUNGA. Código CNES: 5182026. Localização: PIRASSUNUNGA, São Paulo (SP). Tipo de unidade: HOSPITAL GERAL. Natureza jurídica: HOSPITAL_PÚBLICO. Porte: Pequeno.",entidade_hospital,"{""categoria"": ""entidade_hospital"", ""cnes"": ""5182026"", ""nome_oficial_tabela"": ""COMANDO DA AERONAUTICA HOSPITAL GERAL PIRASSUNUNGA"", ""uf"": ""SP"", ""municipio"": ""PIRASSUNUNGA"", ""desabilitado"": false}"
"Estabelecimento de saúde: NOTRA DAME INTERMEDICA SAUDE. Código CNES: 5187605. Localização: SAO PAULO, São Paulo (SP). Tipo de unidade: UNIDADE MISTA. Natureza jurídica: HOSPITAL_PRIVADO. Porte: Pequeno.",entidade_hospital,"{""categoria"": ""entidade_hospital"", ""cnes"": ""5187605"", ""nome_oficial_tabela"": ""NOTRA DAME INTERMEDICA SAUDE"", ""uf"": ""SP"", ""municipio"": ""SAO PAULO"", ""desabilitado"": false}"
"Estabelecimento de saúde: ICO. Código CNES: 5189098. Localização: OURINHOS, São Paulo (SP). Tipo de unidade: HOSPITAL ESPECIALIZADO. Natureza jurídica: HOSPITAL_PRIVADO. Porte: Pequeno.",entidade_hospital,"{""categoria"": ""entidade_hospital"", ""cnes"": ""5189098"", ""nome_oficial_tabela"": ""ICO"", ""uf"": ""SP"", ""municipio"": ""OURINHOS"", ""desabilitado"": false}"
"Estabelecimento de saúde: HOSPITAL MUNICIPAL PIMENTAS BONSUCESSO MANUEL DE PAIVA. Código CNES: 5200105. Localização: GUARULHOS, São Paulo (SP). Tipo de unidade: HOSPITAL GERAL. Natureza jurídica: HOSPITAL_PÚBLICO. Porte: Grande.",entidade_hospital,"{""categoria"": ""entidade_hospital"", ""cnes"": ""5200105"", ""nome_oficial_tabela"": ""HOSPITAL MUNICIPAL PIMENTAS BONSUCESSO MANUEL DE PAIVA"", ""uf"": ""SP"", ""municipio"": ""GUARULHOS"", ""desabilitado"": false}"
"Estabelecimento de saúde: HOSPITAL UNIMED SAO ROQUE. Código CNES: 5237750. Localização: SAO ROQUE, São Paulo (SP). Tipo de unidade: HOSPITAL GERAL. Natureza jurídica: HOSPITAL_PRIVADO. Porte: Médio.",entidade_hospital,"{""categoria"": ""entidade_hospital"", ""cnes"": ""5237750"", ""nome_oficial_tabela"": ""HOSPITAL UNIMED SAO ROQUE"", ""uf"": ""SP"", ""municipio"": ""SAO ROQUE"", ""desabilitado"": false}"
"Estabelecimento de saúde: NOTRE DAME INTERMEDICA SAUDE S A INDICO PA SBC. Código CNES: 5239869. Localização: SAO BERNARDO DO CAMPO, São Paulo (SP). Tipo de unidade: UNIDADE MISTA. Natureza jurídica: HOSPITAL_PRIVADO. Porte: Pequeno.",entidade_hospital,"{""categoria"": ""entidade_hospital"", ""cnes"": ""5239869"", ""nome_oficial_tabela"": ""NOTRE DAME INTERMEDICA SAUDE S A INDICO PA SBC"", ""uf"": ""SP"", ""municipio"": ""SAO BERNARDO DO CAMPO"", ""desabilitado"": false}"
"Estabelecimento de saúde: IPA INSTITUTO PLANETA AZUL. Código CNES: 5253195. Localização: NAZARE PAULISTA, São Paulo (SP). Tipo de unidade: HOSPITAL ESPECIALIZADO. Natureza jurídica: HOSPITAL_PRIVADO. Porte: Pequeno.",entidade_hospital,"{""categoria"": ""entidade_hospital"", ""cnes"": ""5253195"", ""nome_oficial_tabela"": ""IPA INSTITUTO PLANETA AZUL"", ""uf"": ""SP"", ""municipio"": ""NAZARE PAULISTA"", ""desabilitado"": false}"
"Estabelecimento de saúde: HOSPITAL POLICLIN. Código CNES: 5259789. Localização: SAO JOSE DOS CAMPOS, São Paulo (SP). Tipo de unidade: HOSPITAL GERAL. Natureza jurídica: HOSPITAL_PRIVADO. Porte: Médio. Também já foi registrado nos cadastros com o(s) nome(s): HOSPITAL E MATERNIDADE POLICLIN.",entidade_hospital,"{""categoria"": ""entidade_hospital"", ""cnes"": ""5259789"", ""nome_oficial_tabela"": ""HOSPITAL POLICLIN"", ""uf"": ""SP"", ""municipio"": ""SAO JOSE DOS CAMPOS"", ""desabilitado"": false}"
"Estabelecimento de saúde: POLICLIN SUL. Código CNES: 5262305. Localização: SAO JOSE DOS CAMPOS, São Paulo (SP). Tipo de unidade: PRONTO SOCORRO GERAL. Natureza jurídica: HOSPITAL_PRIVADO. Porte: Pequeno.",entidade_hospital,"{""categoria"": ""entidade_hospital"", ""cnes"": ""5262305"", ""nome_oficial_tabela"": ""POLICLIN SUL"", ""uf"": ""SP"", ""municipio"": ""SAO JOSE DOS CAMPOS"", ""desabilitado"": false}"
"Estabelecimento de saúde: HOSPITAL PITANGUEIRAS. Código CNES: 5332346. Localização: JUNDIAI, São Paulo (SP). Tipo de unidade: HOSPITAL GERAL. Natureza jurídica: HOSPITAL_PRIVADO. Porte: Grande. Também já foi registrado nos cadastros com o(s) nome(s): CENTRO MEDICO HOSP PITANGUEIRAS PRONTO ATENDIMENTO INFANTIL.",entidade_hospital,"{""categoria"": ""entidade_hospital"", ""cnes"": ""5332346"", ""nome_oficial_tabela"": ""HOSPITAL PITANGUEIRAS"", ""uf"": ""SP"", ""municipio"": ""JUNDIAI"", ""desabilitado"": false}"
"Estabelecimento de saúde: SANTA CASA DE ATIBAIA. Código CNES: 5366828. Localização: ATIBAIA, São Paulo (SP). Tipo de unidade: HOSPITAL GERAL. Natureza jurídica: HOSPITAL_FILANTRÓPICO. Porte: Médio.",entidade_hospital,"{""categoria"": ""entidade_hospital"", ""cnes"": ""5366828"", ""nome_oficial_tabela"": ""SANTA CASA DE ATIBAIA"", ""uf"": ""SP"", ""municipio"": ""ATIBAIA"", ""desabilitado"": false}"
"Estabelecimento de saúde: HOSPITAL SANTA IGNES DE ITU. Código CNES: 5383196. Localização: ITU, São Paulo (SP). Tipo de unidade: HOSPITAL GERAL. Natureza jurídica: HOSPITAL_PRIVADO. Porte: Médio.",entidade_hospital,"{""categoria"": ""entidade_hospital"", ""cnes"": ""5383196"", ""nome_oficial_tabela"": ""HOSPITAL SANTA IGNES DE ITU"", ""uf"": ""SP"", ""municipio"": ""ITU"", ""desabilitado"": false}"
"Estabelecimento de saúde: CENTRO MEDICO UNIMED CMU. Código CNES: 5416302. Localização: LENCOIS PAULISTA, São Paulo (SP). Tipo de unidade: HOSPITAL GERAL. Natureza jurídica: HOSPITAL_PRIVADO. Porte: Pequeno.",entidade_hospital,"{""categoria"": ""entidade_hospital"", ""cnes"": ""5416302"", ""nome_oficial_tabela"": ""CENTRO MEDICO UNIMED CMU"", ""uf"": ""SP"", ""municipio"": ""LENCOIS PAULISTA"", ""desabilitado"": false}"
"Estabelecimento de saúde: HOSP MUN CARMEN PRUDENTE. Código CNES: 5420938. Localização: SAO PAULO, São Paulo (SP). Tipo de unidade: HOSPITAL GERAL. Natureza jurídica: HOSPITAL_PÚBLICO. Porte: Grande.",entidade_hospital,"{""categoria"": ""entidade_hospital"", ""cnes"": ""5420938"", ""nome_oficial_tabela"": ""HOSP MUN CARMEN PRUDENTE"", ""uf"": ""SP"", ""municipio"": ""SAO PAULO"", ""desabilitado"": false}"
"Estabelecimento de saúde: HOSPITAL SAO JOSE REGISTRO. Código CNES: 5426936. Localização: REGISTRO, São Paulo (SP). Tipo de unidade: HOSPITAL GERAL. Natureza jurídica: HOSPITAL_PRIVADO. Porte: Médio.",entidade_hospital,"{""categoria"": ""entidade_hospital"", ""cnes"": ""5426936"", ""nome_oficial_tabela"": ""HOSPITAL SAO JOSE REGISTRO"", ""uf"": ""SP"", ""municipio"": ""REGISTRO"", ""desabilitado"": false}"
"Estabelecimento de saúde: PRONTO SOCORRO JARDIM JACIRA. Código CNES: 5435072. Localização: ITAPECERICA DA SERRA, São Paulo (SP). Tipo de unidade: PRONTO SOCORRO GERAL. Natureza jurídica: HOSPITAL_PÚBLICO. Porte: Pequeno.",entidade_hospital,"{""categoria"": ""entidade_hospital"", ""cnes"": ""5435072"", ""nome_oficial_tabela"": ""PRONTO SOCORRO JARDIM JACIRA"", ""uf"": ""SP"", ""municipio"": ""ITAPECERICA DA SERRA"", ""desabilitado"": false}"
"Estabelecimento de saúde: HOSPITAL LOCAL DE SAPOPEMBA. Código CNES: 5437156. Localização: SAO PAULO, São Paulo (SP). Tipo de unidade: HOSPITAL GERAL. Natureza jurídica: HOSPITAL_PÚBLICO. Porte: Médio.",entidade_hospital,"{""categoria"": ""entidade_hospital"", ""cnes"": ""5437156"", ""nome_oficial_tabela"": ""HOSPITAL LOCAL DE SAPOPEMBA"", ""uf"": ""SP"", ""municipio"": ""SAO PAULO"", ""desabilitado"": false}"
"Estabelecimento de saúde: INSTITUTO DE REABILITACAO LUCY MONTORO. Código CNES: 5451612. Localização: SAO PAULO, São Paulo (SP). Tipo de unidade: HOSPITAL ESPECIALIZADO. Natureza jurídica: HOSPITAL_PÚBLICO. Porte: Médio.",entidade_hospital,"{""categoria"": ""entidade_hospital"", ""cnes"": ""5451612"", ""nome_oficial_tabela"": ""INSTITUTO DE REABILITACAO LUCY MONTORO"", ""uf"": ""SP"", ""municipio"": ""SAO PAULO"", ""desabilitado"": false}"
"Estabelecimento de saúde: HOSPITAL E MATERNIDADE GALILEO. Código CNES: 5515483. Localização: VALINHOS, São Paulo (SP). Tipo de unidade: HOSPITAL GERAL. Natureza jurídica: HOSPITAL_PRIVADO. Porte: Grande.",entidade_hospital,"{""categoria"": ""entidade_hospital"", ""cnes"": ""5515483"", ""nome_oficial_tabela"": ""HOSPITAL E MATERNIDADE GALILEO"", ""uf"": ""SP"", ""municipio"": ""VALINHOS"", ""desabilitado"": false}"
"Estabelecimento de saúde: HOSPITAL PUBLICO MUNICIPAL MARIA THEREZA RAMOS VITTI. Código CNES: 5550874. Localização: RIO CLARO, São Paulo (SP). Tipo de unidade: HOSPITAL GERAL. Natureza jurídica: HOSPITAL_PÚBLICO. Porte: Médio.",entidade_hospital,"{""categoria"": ""entidade_hospital"", ""cnes"": ""5550874"", ""nome_oficial_tabela"": ""HOSPITAL PUBLICO MUNICIPAL MARIA THEREZA RAMOS VITTI"", ""uf"": ""SP"", ""municipio"": ""RIO CLARO"", ""desabilitado"": false}"
"Estabelecimento de saúde: HEALTHCARE TRANSICAO. Código CNES: 5560462. Localização: SAO PAULO, São Paulo (SP). Tipo de unidade: HOSPITAL ESPECIALIZADO. Natureza jurídica: HOSPITAL_PRIVADO. Porte: Pequeno.",entidade_hospital,"{""categoria"": ""entidade_hospital"", ""cnes"": ""5560462"", ""nome_oficial_tabela"": ""HEALTHCARE TRANSICAO"", ""uf"": ""SP"", ""municipio"": ""SAO PAULO"", ""desabilitado"": false}"
"Estabelecimento de saúde: HOSPITAL UNIVERSITARIO DA UFSCAR. Código CNES: 5586348. Localização: SAO CARLOS, São Paulo (SP). Tipo de unidade: HOSPITAL GERAL. Natureza jurídica: HOSPITAL_PRIVADO. Porte: Médio. Também já foi registrado nos cadastros com o(s) nome(s): HOSPITAL UNIVERST DA UFSCAR PROF DR HORACIO C PANEPUCCI.",entidade_hospital,"{""categoria"": ""entidade_hospital"", ""cnes"": ""5586348"", ""nome_oficial_tabela"": ""HOSPITAL UNIVERSITARIO DA UFSCAR"", ""uf"": ""SP"", ""municipio"": ""SAO CARLOS"", ""desabilitado"": false}"
"Estabelecimento de saúde: HOSPITAL VILLA LOBOS. Código CNES: 5590450. Localização: SAO PAULO, São Paulo (SP). Tipo de unidade: HOSPITAL GERAL. Natureza jurídica: HOSPITAL_PRIVADO. Porte: Grande.",entidade_hospital,"{""categoria"": ""entidade_hospital"", ""cnes"": ""5590450"", ""nome_oficial_tabela"": ""HOSPITAL VILLA LOBOS"", ""uf"": ""SP"", ""municipio"": ""SAO PAULO"", ""desabilitado"": false}"
"Estabelecimento de saúde: P A UNIMED ESTACAO JACAREI. Código CNES: 5601436. Localização: JACAREI, São Paulo (SP). Tipo de unidade: PRONTO SOCORRO GERAL. Natureza jurídica: HOSPITAL_PRIVADO. Porte: Pequeno.",entidade_hospital,"{""categoria"": ""entidade_hospital"", ""cnes"": ""5601436"", ""nome_oficial_tabela"": ""P A UNIMED ESTACAO JACAREI"", ""uf"": ""SP"", ""municipio"": ""JACAREI"", ""desabilitado"": false}"
"Estabelecimento de saúde: HOSPITAL PERSONAL. Código CNES: 5607442. Localização: SAO PAULO, São Paulo (SP). Tipo de unidade: HOSPITAL GERAL. Natureza jurídica: HOSPITAL_FILANTRÓPICO. Porte: Médio. Também já foi registrado nos cadastros com o(s) nome(s): ASSOCIACAO HOSPITAL PERSONAL CUIDADOS ESPECIAIS.",entidade_hospital,"{""categoria"": ""entidade_hospital"", ""cnes"": ""5607442"", ""nome_oficial_tabela"": ""HOSPITAL PERSONAL"", ""uf"": ""SP"", ""municipio"": ""SAO PAULO"", ""desabilitado"": false}"
"Estabelecimento de saúde: HOSPITAL GRANJA JULIETA. Código CNES: 5648483. Localização: SAO PAULO, São Paulo (SP). Tipo de unidade: HOSPITAL GERAL. Natureza jurídica: HOSPITAL_PRIVADO. Porte: Médio.",entidade_hospital,"{""categoria"": ""entidade_hospital"", ""cnes"": ""5648483"", ""nome_oficial_tabela"": ""HOSPITAL GRANJA JULIETA"", ""uf"": ""SP"", ""municipio"": ""SAO PAULO"", ""desabilitado"": false}"
"Estabelecimento de saúde: HOSPITAL SAO JUDAS. Código CNES: 5648491. Localização: SAO PAULO, São Paulo (SP). Tipo de unidade: HOSPITAL GERAL. Natureza jurídica: HOSPITAL_PRIVADO. Porte: Pequeno.",entidade_hospital,"{""categoria"": ""entidade_hospital"", ""cnes"": ""5648491"", ""nome_oficial_tabela"": ""HOSPITAL SAO JUDAS"", ""uf"": ""SP"", ""municipio"": ""SAO PAULO"", ""desabilitado"": false}"
"Estabelecimento de saúde: HOSPITAL SANTO EXPEDITO. Código CNES: 5654688. Localização: SANTOS, São Paulo (SP). Tipo de unidade: HOSPITAL GERAL. Natureza jurídica: HOSPITAL_FILANTRÓPICO. Porte: Médio.",entidade_hospital,"{""categoria"": ""entidade_hospital"", ""cnes"": ""5654688"", ""nome_oficial_tabela"": ""HOSPITAL SANTO EXPEDITO"", ""uf"": ""SP"", ""municipio"": ""SANTOS"", ""desabilitado"": false}"
"Estabelecimento de saúde: MATERNIDADE MUNICIPAL PREFEITO MANOEL BEZERRA DE MELO. Código CNES: 5686555. Localização: MOGI DAS CRUZES, São Paulo (SP). Tipo de unidade: HOSPITAL GERAL. Natureza jurídica: HOSPITAL_PÚBLICO. Porte: Pequeno.",entidade_hospital,"{""categoria"": ""entidade_hospital"", ""cnes"": ""5686555"", ""nome_oficial_tabela"": ""MATERNIDADE MUNICIPAL PREFEITO MANOEL BEZERRA DE MELO"", ""uf"": ""SP"", ""municipio"": ""MOGI DAS CRUZES"", ""desabilitado"": false}"
"Estabelecimento de saúde: HOSPITAL INGLES. Código CNES: 5710979. Localização: SAO PAULO, São Paulo (SP). Tipo de unidade: HOSPITAL ESPECIALIZADO. Natureza jurídica: HOSPITAL_PRIVADO. Porte: Pequeno.",entidade_hospital,"{""categoria"": ""entidade_hospital"", ""cnes"": ""5710979"", ""nome_oficial_tabela"": ""HOSPITAL INGLES"", ""uf"": ""SP"", ""municipio"": ""SAO PAULO"", ""desabilitado"": false}"
"Estabelecimento de saúde: BARRAMED CASA DE APOIO. Código CNES: 5715792. Localização: SAO PAULO, São Paulo (SP). Tipo de unidade: HOSPITAL GERAL. Natureza jurídica: HOSPITAL_PRIVADO. Porte: Médio.",entidade_hospital,"{""categoria"": ""entidade_hospital"", ""cnes"": ""5715792"", ""nome_oficial_tabela"": ""BARRAMED CASA DE APOIO"", ""uf"": ""SP"", ""municipio"": ""SAO PAULO"", ""desabilitado"": false}"
"Estabelecimento de saúde: HOSP MUN M BOI MIRIM. Código CNES: 5718368. Localização: SAO PAULO, São Paulo (SP). Tipo de unidade: HOSPITAL GERAL. Natureza jurídica: HOSPITAL_PÚBLICO. Porte: Grande.",entidade_hospital,"{""categoria"": ""entidade_hospital"", ""cnes"": ""5718368"", ""nome_oficial_tabela"": ""HOSP MUN M BOI MIRIM"", ""uf"": ""SP"", ""municipio"": ""SAO PAULO"", ""desabilitado"": false}"
"Estabelecimento de saúde: HOSPITAL SANTA IGNES. Código CNES: 5764394. Localização: PAULINIA, São Paulo (SP). Tipo de unidade: HOSPITAL GERAL. Natureza jurídica: HOSPITAL_PRIVADO. Porte: Pequeno.",entidade_hospital,"{""categoria"": ""entidade_hospital"", ""cnes"": ""5764394"", ""nome_oficial_tabela"": ""HOSPITAL SANTA IGNES"", ""uf"": ""SP"", ""municipio"": ""PAULINIA"", ""desabilitado"": false}"
"Estabelecimento de saúde: QUARTEIRAO DA SAUDE ENGENHEIRO OSVALDO MISSO. Código CNES: 5851084. Localização: DIADEMA, São Paulo (SP). Tipo de unidade: HOSPITAL GERAL. Natureza jurídica: HOSPITAL_PÚBLICO. Porte: Pequeno. Também já foi registrado nos cadastros com o(s) nome(s): QUARTEIRAO DA SAUDE.",entidade_hospital,"{""categoria"": ""entidade_hospital"", ""cnes"": ""5851084"", ""nome_oficial_tabela"": ""QUARTEIRAO DA SAUDE ENGENHEIRO OSVALDO MISSO"", ""uf"": ""SP"", ""municipio"": ""DIADEMA"", ""desabilitado"": false}"
"Estabelecimento de saúde: HOSPITAL UNIVERSITARIO DE MARILIA. Código CNES: 5860490. Localização: MARILIA, São Paulo (SP). Tipo de unidade: HOSPITAL GERAL. Natureza jurídica: HOSPITAL_FILANTRÓPICO. Porte: Grande.",entidade_hospital,"{""categoria"": ""entidade_hospital"", ""cnes"": ""5860490"", ""nome_oficial_tabela"": ""HOSPITAL UNIVERSITARIO DE MARILIA"", ""uf"": ""SP"", ""municipio"": ""MARILIA"", ""desabilitado"": false}"
"Estabelecimento de saúde: HOSPITAL GACC VALE DO PARAIBA. Código CNES: 5869412. Localização: SAO JOSE DOS CAMPOS, São Paulo (SP). Tipo de unidade: HOSPITAL ESPECIALIZADO. Natureza jurídica: HOSPITAL_FILANTRÓPICO. Porte: Médio. Também já foi registrado nos cadastros com o(s) nome(s): CENTRO DE TRATAMENTO FABIANA MACEDO DE MORAIS.",entidade_hospital,"{""categoria"": ""entidade_hospital"", ""cnes"": ""5869412"", ""nome_oficial_tabela"": ""HOSPITAL GACC VALE DO PARAIBA"", ""uf"": ""SP"", ""municipio"": ""SAO JOSE DOS CAMPOS"", ""desabilitado"": false}"
"Estabelecimento de saúde: HOSPITAL ESTADUAL DE RIB PRETO DR CARLOS EDUARDO MARTINELLI. Código CNES: 5887623. Localização: RIBEIRAO PRETO, São Paulo (SP). Tipo de unidade: HOSPITAL GERAL. Natureza jurídica: HOSPITAL_PÚBLICO. Porte: Médio.",entidade_hospital,"{""categoria"": ""entidade_hospital"", ""cnes"": ""5887623"", ""nome_oficial_tabela"": ""HOSPITAL ESTADUAL DE RIB PRETO DR CARLOS EDUARDO MARTINELLI"", ""uf"": ""SP"", ""municipio"": ""RIBEIRAO PRETO"", ""desabilitado"": false}"
"Estabelecimento de saúde: HOSP SAO LUIZ ANALIA FRANCO. Código CNES: 5907594. Localização: SAO PAULO, São Paulo (SP). Tipo de unidade: HOSPITAL GERAL. Natureza jurídica: HOSPITAL_PRIVADO. Porte: Grande.",entidade_hospital,"{""categoria"": ""entidade_hospital"", ""cnes"": ""5907594"", ""nome_oficial_tabela"": ""HOSP SAO LUIZ ANALIA FRANCO"", ""uf"": ""SP"", ""municipio"": ""SAO PAULO"", ""desabilitado"": false}"
"Estabelecimento de saúde: CLINICA ESPECIALIZADA VAAD. Código CNES: 5922631. Localização: SAO BERNARDO DO CAMPO, São Paulo (SP). Tipo de unidade: HOSPITAL ESPECIALIZADO. Natureza jurídica: HOSPITAL_FILANTRÓPICO. Porte: Médio.",entidade_hospital,"{""categoria"": ""entidade_hospital"", ""cnes"": ""5922631"", ""nome_oficial_tabela"": ""CLINICA ESPECIALIZADA VAAD"", ""uf"": ""SP"", ""municipio"": ""SAO BERNARDO DO CAMPO"", ""desabilitado"": false}"
"Estabelecimento de saúde: PS FENELON GUEDES PEREIRA. Código CNES: 5932696. Localização: OSASCO, São Paulo (SP). Tipo de unidade: PRONTO SOCORRO GERAL. Natureza jurídica: HOSPITAL_PÚBLICO. Porte: Pequeno.",entidade_hospital,"{""categoria"": ""entidade_hospital"", ""cnes"": ""5932696"", ""nome_oficial_tabela"": ""PS FENELON GUEDES PEREIRA"", ""uf"": ""SP"", ""municipio"": ""OSASCO"", ""desabilitado"": false}"
"Estabelecimento de saúde: HOSPITAL MUNICIPAL DE EMERGENCIAS ALBERT SABIN. Código CNES: 5935857. Localização: SAO CAETANO DO SUL, São Paulo (SP). Tipo de unidade: HOSPITAL GERAL. Natureza jurídica: HOSPITAL_PÚBLICO. Porte: Médio.",entidade_hospital,"{""categoria"": ""entidade_hospital"", ""cnes"": ""5935857"", ""nome_oficial_tabela"": ""HOSPITAL MUNICIPAL DE EMERGENCIAS ALBERT SABIN"", ""uf"": ""SP"", ""municipio"": ""SAO CAETANO DO SUL"", ""desabilitado"": false}"
"Estabelecimento de saúde: INAPH INSTITUTO NEOS ASSISTENCIA PSIQUIATRICA. Código CNES: 5950473. Localização: ARACOIABA DA SERRA, São Paulo (SP). Tipo de unidade: HOSPITAL ESPECIALIZADO. Natureza jurídica: HOSPITAL_PRIVADO. Porte: Médio.",entidade_hospital,"{""categoria"": ""entidade_hospital"", ""cnes"": ""5950473"", ""nome_oficial_tabela"": ""INAPH INSTITUTO NEOS ASSISTENCIA PSIQUIATRICA"", ""uf"": ""SP"", ""municipio"": ""ARACOIABA DA SERRA"", ""desabilitado"": false}"
"Estabelecimento de saúde: HOSPITAL SAO PEDRO NA PROVIDENCIA DE DEUS. Código CNES: 5994799. Localização: MIRASSOL, São Paulo (SP). Tipo de unidade: HOSPITAL GERAL. Natureza jurídica: HOSPITAL_FILANTRÓPICO. Porte: Grande.",entidade_hospital,"{""categoria"": ""entidade_hospital"", ""cnes"": ""5994799"", ""nome_oficial_tabela"": ""HOSPITAL SAO PEDRO NA PROVIDENCIA DE DEUS"", ""uf"": ""SP"", ""municipio"": ""MIRASSOL"", ""desabilitado"": false}"
"Estabelecimento de saúde: PRONTO ATENDIMENTO UNIMED CONCHAL SP. Código CNES: 6017622. Localização: CONCHAL, São Paulo (SP). Tipo de unidade: PRONTO SOCORRO GERAL. Natureza jurídica: HOSPITAL_PRIVADO. Porte: Pequeno.",entidade_hospital,"{""categoria"": ""entidade_hospital"", ""cnes"": ""6017622"", ""nome_oficial_tabela"": ""PRONTO ATENDIMENTO UNIMED CONCHAL SP"", ""uf"": ""SP"", ""municipio"": ""CONCHAL"", ""desabilitado"": false}"
"Estabelecimento de saúde: HOSPITAL DA MULHER MARIA JOSE DOS SANTOS STEIN. Código CNES: 6020917. Localização: SANTO ANDRE, São Paulo (SP). Tipo de unidade: HOSPITAL ESPECIALIZADO. Natureza jurídica: HOSPITAL_PÚBLICO. Porte: Grande.",entidade_hospital,"{""categoria"": ""entidade_hospital"", ""cnes"": ""6020917"", ""nome_oficial_tabela"": ""HOSPITAL DA MULHER MARIA JOSE DOS SANTOS STEIN"", ""uf"": ""SP"", ""municipio"": ""SANTO ANDRE"", ""desabilitado"": false}"
"Estabelecimento de saúde: PSI RENE APRIGIO BRUNETTI DA SILVA. Código CNES: 6024688. Localização: TABOAO DA SERRA, São Paulo (SP). Tipo de unidade: PRONTO SOCORRO ESPECIALIZADO. Natureza jurídica: HOSPITAL_PÚBLICO. Porte: Pequeno. Também já foi registrado nos cadastros com o(s) nome(s): PSI PRONTO SOCORRO INFANTIL DE TABOAO DA SERRA.",entidade_hospital,"{""categoria"": ""entidade_hospital"", ""cnes"": ""6024688"", ""nome_oficial_tabela"": ""PSI RENE APRIGIO BRUNETTI DA SILVA"", ""uf"": ""SP"", ""municipio"": ""TABOAO DA SERRA"", ""desabilitado"": false}"
"Estabelecimento de saúde: HOSPITAL SAO LUCAS. Código CNES: 6025668. Localização: BAURU, São Paulo (SP). Tipo de unidade: HOSPITAL GERAL. Natureza jurídica: HOSPITAL_PRIVADO. Porte: Médio.",entidade_hospital,"{""categoria"": ""entidade_hospital"", ""cnes"": ""6025668"", ""nome_oficial_tabela"": ""HOSPITAL SAO LUCAS"", ""uf"": ""SP"", ""municipio"": ""BAURU"", ""desabilitado"": false}"
"Estabelecimento de saúde: COMPLEXO HOSPITALAR PREFEITO EDIVALDO ORSI. Código CNES: 6053858. Localização: CAMPINAS, São Paulo (SP). Tipo de unidade: HOSPITAL GERAL. Natureza jurídica: HOSPITAL_PÚBLICO. Porte: Grande.",entidade_hospital,"{""categoria"": ""entidade_hospital"", ""cnes"": ""6053858"", ""nome_oficial_tabela"": ""COMPLEXO HOSPITALAR PREFEITO EDIVALDO ORSI"", ""uf"": ""SP"", ""municipio"": ""CAMPINAS"", ""desabilitado"": false}"
"Estabelecimento de saúde: HOSPITAL MUNICIPAL DE BARUERI DR FRANCISCO MORAN. Código CNES: 6095666. Localização: BARUERI, São Paulo (SP). Tipo de unidade: HOSPITAL GERAL. Natureza jurídica: HOSPITAL_PÚBLICO. Porte: Grande.",entidade_hospital,"{""categoria"": ""entidade_hospital"", ""cnes"": ""6095666"", ""nome_oficial_tabela"": ""HOSPITAL MUNICIPAL DE BARUERI DR FRANCISCO MORAN"", ""uf"": ""SP"", ""municipio"": ""BARUERI"", ""desabilitado"": false}"
"Estabelecimento de saúde: HOSPITAL E MATERNIDADE POLICLIN TAUBATE. Código CNES: 6106056. Localização: TAUBATE, São Paulo (SP). Tipo de unidade: HOSPITAL GERAL. Natureza jurídica: HOSPITAL_PRIVADO. Porte: Médio.",entidade_hospital,"{""categoria"": ""entidade_hospital"", ""cnes"": ""6106056"", ""nome_oficial_tabela"": ""HOSPITAL E MATERNIDADE POLICLIN TAUBATE"", ""uf"": ""SP"", ""municipio"": ""TAUBATE"", ""desabilitado"": false}"
"Estabelecimento de saúde: INSTITUTO DO CANCER DO ESTADO DE SAO PAULO. Código CNES: 6123740. Localização: SAO PAULO, São Paulo (SP). Tipo de unidade: HOSPITAL ESPECIALIZADO. Natureza jurídica: HOSPITAL_PÚBLICO. Porte: Grande.",entidade_hospital,"{""categoria"": ""entidade_hospital"", ""cnes"": ""6123740"", ""nome_oficial_tabela"": ""INSTITUTO DO CANCER DO ESTADO DE SAO PAULO"", ""uf"": ""SP"", ""municipio"": ""SAO PAULO"", ""desabilitado"": false}"
"Estabelecimento de saúde: HOSPITAL VIVER RIBEIRAO PRETO. Código CNES: 6126642. Localização: RIBEIRAO PRETO, São Paulo (SP). Tipo de unidade: HOSPITAL GERAL. Natureza jurídica: HOSPITAL_PRIVADO. Porte: Pequeno.",entidade_hospital,"{""categoria"": ""entidade_hospital"", ""cnes"": ""6126642"", ""nome_oficial_tabela"": ""HOSPITAL VIVER RIBEIRAO PRETO"", ""uf"": ""SP"", ""municipio"": ""RIBEIRAO PRETO"", ""desabilitado"": false}"
"Estabelecimento de saúde: HOSPITAL MONTEMAGNO. Código CNES: 6148956. Localização: SAO PAULO, São Paulo (SP). Tipo de unidade: HOSPITAL GERAL. Natureza jurídica: HOSPITAL_PRIVADO. Porte: Grande.",entidade_hospital,"{""categoria"": ""entidade_hospital"", ""cnes"": ""6148956"", ""nome_oficial_tabela"": ""HOSPITAL MONTEMAGNO"", ""uf"": ""SP"", ""municipio"": ""SAO PAULO"", ""desabilitado"": false}"
"Estabelecimento de saúde: HOSPITAL ESTADUAL AMERICO BRASILIENSE. Código CNES: 6164366. Localização: AMERICO BRASILIENSE, São Paulo (SP). Tipo de unidade: HOSPITAL GERAL. Natureza jurídica: HOSPITAL_PÚBLICO. Porte: Médio.",entidade_hospital,"{""categoria"": ""entidade_hospital"", ""cnes"": ""6164366"", ""nome_oficial_tabela"": ""HOSPITAL ESTADUAL AMERICO BRASILIENSE"", ""uf"": ""SP"", ""municipio"": ""AMERICO BRASILIENSE"", ""desabilitado"": false}"
"Estabelecimento de saúde: HOSPITAL UNIMED UNIDADE ANCHIETA. Código CNES: 6194168. Localização: JUNDIAI, São Paulo (SP). Tipo de unidade: HOSPITAL GERAL. Natureza jurídica: HOSPITAL_PRIVADO. Porte: Médio.",entidade_hospital,"{""categoria"": ""entidade_hospital"", ""cnes"": ""6194168"", ""nome_oficial_tabela"": ""HOSPITAL UNIMED UNIDADE ANCHIETA"", ""uf"": ""SP"", ""municipio"": ""JUNDIAI"", ""desabilitado"": false}"
"Estabelecimento de saúde: GRUPAMENTO DE APOIO DE SAO JOSE DOS CAMPOS GAP SJ. Código CNES: 6209114. Localização: SAO JOSE DOS CAMPOS, São Paulo (SP). Tipo de unidade: HOSPITAL GERAL. Natureza jurídica: HOSPITAL_PÚBLICO. Porte: Pequeno.",entidade_hospital,"{""categoria"": ""entidade_hospital"", ""cnes"": ""6209114"", ""nome_oficial_tabela"": ""GRUPAMENTO DE APOIO DE SAO JOSE DOS CAMPOS GAP SJ"", ""uf"": ""SP"", ""municipio"": ""SAO JOSE DOS CAMPOS"", ""desabilitado"": false}"
"Estabelecimento de saúde: HOSPITAL 22 DE OUTUBRO. Código CNES: 6210937. Localização: MOGI MIRIM, São Paulo (SP). Tipo de unidade: HOSPITAL GERAL. Natureza jurídica: HOSPITAL_PRIVADO. Porte: Médio. Também já foi registrado nos cadastros com o(s) nome(s): HOSPITAL 22 DE OUTUBRO MOGI MIRIM.",entidade_hospital,"{""categoria"": ""entidade_hospital"", ""cnes"": ""6210937"", ""nome_oficial_tabela"": ""HOSPITAL 22 DE OUTUBRO"", ""uf"": ""SP"", ""municipio"": ""MOGI MIRIM"", ""desabilitado"": false}"
"Estabelecimento de saúde: HOSPITAL ESTADUAL JOAO PAULO II SAO JOSE DO RIO PRETO. Código CNES: 6236596. Localização: SAO JOSE DO RIO PRETO, São Paulo (SP). Tipo de unidade: HOSPITAL GERAL. Natureza jurídica: HOSPITAL_PÚBLICO. Porte: Médio.",entidade_hospital,"{""categoria"": ""entidade_hospital"", ""cnes"": ""6236596"", ""nome_oficial_tabela"": ""HOSPITAL ESTADUAL JOAO PAULO II SAO JOSE DO RIO PRETO"", ""uf"": ""SP"", ""municipio"": ""SAO JOSE DO RIO PRETO"", ""desabilitado"": false}"
"Estabelecimento de saúde: HOSPITAL E MATERNIDADE SANTA HELENA. Código CNES: 6273270. Localização: SAO BERNARDO DO CAMPO, São Paulo (SP). Tipo de unidade: HOSPITAL ESPECIALIZADO. Natureza jurídica: HOSPITAL_PRIVADO. Porte: Médio. Também já foi registrado nos cadastros com o(s) nome(s): SANTA HELENA ASSISTENCIA MEDICA SA.",entidade_hospital,"{""categoria"": ""entidade_hospital"", ""cnes"": ""6273270"", ""nome_oficial_tabela"": ""HOSPITAL E MATERNIDADE SANTA HELENA"", ""uf"": ""SP"", ""municipio"": ""SAO BERNARDO DO CAMPO"", ""desabilitado"": false}"
"Estabelecimento de saúde: HOSPITAL LEFORTE. Código CNES: 6283993. Localização: SAO PAULO, São Paulo (SP). Tipo de unidade: HOSPITAL GERAL. Natureza jurídica: HOSPITAL_PRIVADO. Porte: Grande.",entidade_hospital,"{""categoria"": ""entidade_hospital"", ""cnes"": ""6283993"", ""nome_oficial_tabela"": ""HOSPITAL LEFORTE"", ""uf"": ""SP"", ""municipio"": ""SAO PAULO"", ""desabilitado"": false}"
"Estabelecimento de saúde: HOSPITAL E MATERNIDADE NOSSA SENHORA DE FATIMA. Código CNES: 6403069. Localização: OSASCO, São Paulo (SP). Tipo de unidade: HOSPITAL GERAL. Natureza jurídica: HOSPITAL_PRIVADO. Porte: Médio.",entidade_hospital,"{""categoria"": ""entidade_hospital"", ""cnes"": ""6403069"", ""nome_oficial_tabela"": ""HOSPITAL E MATERNIDADE NOSSA SENHORA DE FATIMA"", ""uf"": ""SP"", ""municipio"": ""OSASCO"", ""desabilitado"": false}"
"Estabelecimento de saúde: HOSPITAL UNIMED VALE NOVO PAULISTA. Código CNES: 6426247. Localização: CACAPAVA, São Paulo (SP). Tipo de unidade: HOSPITAL GERAL. Natureza jurídica: HOSPITAL_PRIVADO. Porte: Médio. Também já foi registrado nos cadastros com o(s) nome(s): HOSPITAL UNIMED DE CACAPAVA.",entidade_hospital,"{""categoria"": ""entidade_hospital"", ""cnes"": ""6426247"", ""nome_oficial_tabela"": ""HOSPITAL UNIMED VALE NOVO PAULISTA"", ""uf"": ""SP"", ""municipio"": ""CACAPAVA"", ""desabilitado"": false}"
"Estabelecimento de saúde: BP MIRANTE. Código CNES: 6430120. Localização: SAO PAULO, São Paulo (SP). Tipo de unidade: HOSPITAL GERAL. Natureza jurídica: HOSPITAL_FILANTRÓPICO. Porte: Grande.",entidade_hospital,"{""categoria"": ""entidade_hospital"", ""cnes"": ""6430120"", ""nome_oficial_tabela"": ""BP MIRANTE"", ""uf"": ""SP"", ""municipio"": ""SAO PAULO"", ""desabilitado"": false}"
"Estabelecimento de saúde: HOSPITAL DALILA FERREIRA BARBOSA. Código CNES: 6451098. Localização: ARUJA, São Paulo (SP). Tipo de unidade: HOSPITAL GERAL. Natureza jurídica: HOSPITAL_PÚBLICO. Porte: Médio.",entidade_hospital,"{""categoria"": ""entidade_hospital"", ""cnes"": ""6451098"", ""nome_oficial_tabela"": ""HOSPITAL DALILA FERREIRA BARBOSA"", ""uf"": ""SP"", ""municipio"": ""ARUJA"", ""desabilitado"": false}"
"Estabelecimento de saúde: HOSPITAL SAINT HELEN PIRACICABA. Código CNES: 6471331. Localização: PIRACICABA, São Paulo (SP). Tipo de unidade: HOSPITAL GERAL. Natureza jurídica: HOSPITAL_PRIVADO. Porte: Pequeno. Também já foi registrado nos cadastros com o(s) nome(s): HOSPITAL SAINT HELEN LTDA PIRACICABA.",entidade_hospital,"{""categoria"": ""entidade_hospital"", ""cnes"": ""6471331"", ""nome_oficial_tabela"": ""HOSPITAL SAINT HELEN PIRACICABA"", ""uf"": ""SP"", ""municipio"": ""PIRACICABA"", ""desabilitado"": false}"
"Estabelecimento de saúde: HOSPITAL SANTOS DUMONT. Código CNES: 6492398. Localização: SAO JOSE DOS CAMPOS, São Paulo (SP). Tipo de unidade: HOSPITAL GERAL. Natureza jurídica: HOSPITAL_PRIVADO. Porte: Médio.",entidade_hospital,"{""categoria"": ""entidade_hospital"", ""cnes"": ""6492398"", ""nome_oficial_tabela"": ""HOSPITAL SANTOS DUMONT"", ""uf"": ""SP"", ""municipio"": ""SAO JOSE DOS CAMPOS"", ""desabilitado"": false}"
"Estabelecimento de saúde: UNIDADE AVANCADA EINSTEIN PERDIZES. Código CNES: 6569757. Localização: SAO PAULO, São Paulo (SP). Tipo de unidade: HOSPITAL GERAL. Natureza jurídica: HOSPITAL_FILANTRÓPICO. Porte: Pequeno.",entidade_hospital,"{""categoria"": ""entidade_hospital"", ""cnes"": ""6569757"", ""nome_oficial_tabela"": ""UNIDADE AVANCADA EINSTEIN PERDIZES"", ""uf"": ""SP"", ""municipio"": ""SAO PAULO"", ""desabilitado"": false}"
"Estabelecimento de saúde: PRONTO ATENDIMENTO INFANTIL. Código CNES: 6591620. Localização: BARUERI, São Paulo (SP). Tipo de unidade: PRONTO SOCORRO ESPECIALIZADO. Natureza jurídica: HOSPITAL_PÚBLICO. Porte: Médio.",entidade_hospital,"{""categoria"": ""entidade_hospital"", ""cnes"": ""6591620"", ""nome_oficial_tabela"": ""PRONTO ATENDIMENTO INFANTIL"", ""uf"": ""SP"", ""municipio"": ""BARUERI"", ""desabilitado"": false}"
"Estabelecimento de saúde: HOSPITAL MUNICIPAL LEONARDUS VAN MELLIS. Código CNES: 6603378. Localização: PARANAPANEMA, São Paulo (SP). Tipo de unidade: HOSPITAL GERAL. Natureza jurídica: HOSPITAL_PÚBLICO. Porte: Médio.",entidade_hospital,"{""categoria"": ""entidade_hospital"", ""cnes"": ""6603378"", ""nome_oficial_tabela"": ""HOSPITAL MUNICIPAL LEONARDUS VAN MELLIS"", ""uf"": ""SP"", ""municipio"": ""PARANAPANEMA"", ""desabilitado"": false}"
"Estabelecimento de saúde: HOSPITAL DO CORACAO DE CAMPINAS. Código CNES: 6605605. Localização: CAMPINAS, São Paulo (SP). Tipo de unidade: HOSPITAL ESPECIALIZADO. Natureza jurídica: HOSPITAL_PRIVADO. Porte: Médio.",entidade_hospital,"{""categoria"": ""entidade_hospital"", ""cnes"": ""6605605"", ""nome_oficial_tabela"": ""HOSPITAL DO CORACAO DE CAMPINAS"", ""uf"": ""SP"", ""municipio"": ""CAMPINAS"", ""desabilitado"": false}"
"Estabelecimento de saúde: HOSPITAL INFANTIL SABARA. Código CNES: 6614426. Localização: SAO PAULO, São Paulo (SP). Tipo de unidade: HOSPITAL ESPECIALIZADO. Natureza jurídica: HOSPITAL_FILANTRÓPICO. Porte: Grande.",entidade_hospital,"{""categoria"": ""entidade_hospital"", ""cnes"": ""6614426"", ""nome_oficial_tabela"": ""HOSPITAL INFANTIL SABARA"", ""uf"": ""SP"", ""municipio"": ""SAO PAULO"", ""desabilitado"": false}"
"Estabelecimento de saúde: HOSPITAL SANCTA MAGGIORE. Código CNES: 6618332. Localização: SAO PAULO, São Paulo (SP). Tipo de unidade: HOSPITAL ESPECIALIZADO. Natureza jurídica: HOSPITAL_PRIVADO. Porte: Pequeno.",entidade_hospital,"{""categoria"": ""entidade_hospital"", ""cnes"": ""6618332"", ""nome_oficial_tabela"": ""HOSPITAL SANCTA MAGGIORE"", ""uf"": ""SP"", ""municipio"": ""SAO PAULO"", ""desabilitado"": false}"
"Estabelecimento de saúde: UNIMED DE GUARULHOS COOPERATIVA DE TRABALHO MEDICO. Código CNES: 6625649. Localização: GUARULHOS, São Paulo (SP). Tipo de unidade: HOSPITAL GERAL. Natureza jurídica: HOSPITAL_PRIVADO. Porte: Grande. Também já foi registrado nos cadastros com o(s) nome(s): COMPLEXO HOSPITALAR UNIMED GUARULHOS.",entidade_hospital,"{""categoria"": ""entidade_hospital"", ""cnes"": ""6625649"", ""nome_oficial_tabela"": ""UNIMED DE GUARULHOS COOPERATIVA DE TRABALHO MEDICO"", ""uf"": ""SP"", ""municipio"": ""GUARULHOS"", ""desabilitado"": false}"
"Estabelecimento de saúde: HOSPITAL VITORIA ANALIA FRANCO. Código CNES: 6668143. Localização: SAO PAULO, São Paulo (SP). Tipo de unidade: HOSPITAL GERAL. Natureza jurídica: HOSPITAL_PRIVADO. Porte: Grande. Também já foi registrado nos cadastros com o(s) nome(s): HOSPITAL VITORIA; HOSPITAL E MATERNIDADE VITORIA.",entidade_hospital,"{""categoria"": ""entidade_hospital"", ""cnes"": ""6668143"", ""nome_oficial_tabela"": ""HOSPITAL VITORIA ANALIA FRANCO"", ""uf"": ""SP"", ""municipio"": ""SAO PAULO"", ""desabilitado"": false}"
"Estabelecimento de saúde: HOSPITAL MUNICIPAL SANTO ANTONIO. Código CNES: 6680968. Localização: MORUNGABA, São Paulo (SP). Tipo de unidade: HOSPITAL GERAL. Natureza jurídica: HOSPITAL_PÚBLICO. Porte: Pequeno.",entidade_hospital,"{""categoria"": ""entidade_hospital"", ""cnes"": ""6680968"", ""nome_oficial_tabela"": ""HOSPITAL MUNICIPAL SANTO ANTONIO"", ""uf"": ""SP"", ""municipio"": ""MORUNGABA"", ""desabilitado"": false}"
"Estabelecimento de saúde: INSTITUTO VALE PARAIBANO DE CIRURGIAS. Código CNES: 6783449. Localização: TAUBATE, São Paulo (SP). Tipo de unidade: HOSPITAL ESPECIALIZADO. Natureza jurídica: HOSPITAL_PRIVADO. Porte: Pequeno.",entidade_hospital,"{""categoria"": ""entidade_hospital"", ""cnes"": ""6783449"", ""nome_oficial_tabela"": ""INSTITUTO VALE PARAIBANO DE CIRURGIAS"", ""uf"": ""SP"", ""municipio"": ""TAUBATE"", ""desabilitado"": false}"
"Estabelecimento de saúde: UNIDADE DE PRONTO ATENDIMENTO MUNICIPAL IRIO TAINO. Código CNES: 6785018. Localização: BIRITIBA-MIRIM, São Paulo (SP). Tipo de unidade: PRONTO SOCORRO GERAL. Natureza jurídica: HOSPITAL_PÚBLICO. Porte: Pequeno.",entidade_hospital,"{""categoria"": ""entidade_hospital"", ""cnes"": ""6785018"", ""nome_oficial_tabela"": ""UNIDADE DE PRONTO ATENDIMENTO MUNICIPAL IRIO TAINO"", ""uf"": ""SP"", ""municipio"": ""BIRITIBA-MIRIM"", ""desabilitado"": false}"
"Estabelecimento de saúde: INDAIATUBA DAY HOSPITAL. Código CNES: 6788122. Localização: INDAIATUBA, São Paulo (SP). Tipo de unidade: HOSPITAL GERAL. Natureza jurídica: HOSPITAL_PRIVADO. Porte: Pequeno.",entidade_hospital,"{""categoria"": ""entidade_hospital"", ""cnes"": ""6788122"", ""nome_oficial_tabela"": ""INDAIATUBA DAY HOSPITAL"", ""uf"": ""SP"", ""municipio"": ""INDAIATUBA"", ""desabilitado"": false}"
"Estabelecimento de saúde: HOSPITAL DE CLINICAS CAIEIRAS. Código CNES: 6817203. Localização: CAIEIRAS, São Paulo (SP). Tipo de unidade: HOSPITAL GERAL. Natureza jurídica: HOSPITAL_PRIVADO. Porte: Médio.",entidade_hospital,"{""categoria"": ""entidade_hospital"", ""cnes"": ""6817203"", ""nome_oficial_tabela"": ""HOSPITAL DE CLINICAS CAIEIRAS"", ""uf"": ""SP"", ""municipio"": ""CAIEIRAS"", ""desabilitado"": false}"
"Estabelecimento de saúde: ASSOCIACAO HOSPITALAR CASA DE SAUDE DE SANTOS UNID II. Código CNES: 6817890. Localização: PRAIA GRANDE, São Paulo (SP). Tipo de unidade: HOSPITAL GERAL. Natureza jurídica: HOSPITAL_FILANTRÓPICO. Porte: Grande.",entidade_hospital,"{""categoria"": ""entidade_hospital"", ""cnes"": ""6817890"", ""nome_oficial_tabela"": ""ASSOCIACAO HOSPITALAR CASA DE SAUDE DE SANTOS UNID II"", ""uf"": ""SP"", ""municipio"": ""PRAIA GRANDE"", ""desabilitado"": false}"
"Estabelecimento de saúde: RESSURGIR CENTRO DE REEDUCACAO PSICOSSOCIAL. Código CNES: 6834183. Localização: ITANHAEM, São Paulo (SP). Tipo de unidade: HOSPITAL ESPECIALIZADO. Natureza jurídica: HOSPITAL_PRIVADO. Porte: Pequeno.",entidade_hospital,"{""categoria"": ""entidade_hospital"", ""cnes"": ""6834183"", ""nome_oficial_tabela"": ""RESSURGIR CENTRO DE REEDUCACAO PSICOSSOCIAL"", ""uf"": ""SP"", ""municipio"": ""ITANHAEM"", ""desabilitado"": false}"
"Estabelecimento de saúde: CLINICA SAINTE MARIE. Código CNES: 6866905. Localização: SAO PAULO, São Paulo (SP). Tipo de unidade: HOSPITAL GERAL. Natureza jurídica: HOSPITAL_PRIVADO. Porte: Médio. Também já foi registrado nos cadastros com o(s) nome(s): HOSPITAL E CASA DE REPOUSO SAINTE MARIE.",entidade_hospital,"{""categoria"": ""entidade_hospital"", ""cnes"": ""6866905"", ""nome_oficial_tabela"": ""CLINICA SAINTE MARIE"", ""uf"": ""SP"", ""municipio"": ""SAO PAULO"", ""desabilitado"": false}"
"Estabelecimento de saúde: HOSPITAL ESTADUAL DR ALBANO DA FRANCA ROCHA SOBRINHO. Código CNES: 6878687. Localização: FRANCO DA ROCHA, São Paulo (SP). Tipo de unidade: HOSPITAL GERAL. Natureza jurídica: HOSPITAL_PÚBLICO. Porte: Grande.",entidade_hospital,"{""categoria"": ""entidade_hospital"", ""cnes"": ""6878687"", ""nome_oficial_tabela"": ""HOSPITAL ESTADUAL DR ALBANO DA FRANCA ROCHA SOBRINHO"", ""uf"": ""SP"", ""municipio"": ""FRANCO DA ROCHA"", ""desabilitado"": false}"
"Estabelecimento de saúde: IBCC UNIDADE JACANA. Código CNES: 6891411. Localização: SAO PAULO, São Paulo (SP). Tipo de unidade: HOSPITAL ESPECIALIZADO. Natureza jurídica: HOSPITAL_FILANTRÓPICO. Porte: Grande.",entidade_hospital,"{""categoria"": ""entidade_hospital"", ""cnes"": ""6891411"", ""nome_oficial_tabela"": ""IBCC UNIDADE JACANA"", ""uf"": ""SP"", ""municipio"": ""SAO PAULO"", ""desabilitado"": false}"
"Estabelecimento de saúde: HOSPITAL INTERMEDICA ABC. Código CNES: 6938876. Localização: SAO BERNARDO DO CAMPO, São Paulo (SP). Tipo de unidade: HOSPITAL GERAL. Natureza jurídica: HOSPITAL_PRIVADO. Porte: Médio.",entidade_hospital,"{""categoria"": ""entidade_hospital"", ""cnes"": ""6938876"", ""nome_oficial_tabela"": ""HOSPITAL INTERMEDICA ABC"", ""uf"": ""SP"", ""municipio"": ""SAO BERNARDO DO CAMPO"", ""desabilitado"": false}"
"Estabelecimento de saúde: MATERNIDADE GOTA DE LEITE DE ARARAQUARA. Código CNES: 6943284. Localização: ARARAQUARA, São Paulo (SP). Tipo de unidade: HOSPITAL ESPECIALIZADO. Natureza jurídica: HOSPITAL_PÚBLICO. Porte: Médio.",entidade_hospital,"{""categoria"": ""entidade_hospital"", ""cnes"": ""6943284"", ""nome_oficial_tabela"": ""MATERNIDADE GOTA DE LEITE DE ARARAQUARA"", ""uf"": ""SP"", ""municipio"": ""ARARAQUARA"", ""desabilitado"": false}"
"Estabelecimento de saúde: HOSPITAL E MATERNIDADE MUNICIPAL DE SAO VICENTE. Código CNES: 6966594. Localização: SAO VICENTE, São Paulo (SP). Tipo de unidade: HOSPITAL ESPECIALIZADO. Natureza jurídica: HOSPITAL_PÚBLICO. Porte: Médio.",entidade_hospital,"{""categoria"": ""entidade_hospital"", ""cnes"": ""6966594"", ""nome_oficial_tabela"": ""HOSPITAL E MATERNIDADE MUNICIPAL DE SAO VICENTE"", ""uf"": ""SP"", ""municipio"": ""SAO VICENTE"", ""desabilitado"": false}"
"Estabelecimento de saúde: HOSPITAL VIVALLE. Código CNES: 6988938. Localização: SAO JOSE DOS CAMPOS, São Paulo (SP). Tipo de unidade: HOSPITAL GERAL. Natureza jurídica: HOSPITAL_PRIVADO. Porte: Grande.",entidade_hospital,"{""categoria"": ""entidade_hospital"", ""cnes"": ""6988938"", ""nome_oficial_tabela"": ""HOSPITAL VIVALLE"", ""uf"": ""SP"", ""municipio"": ""SAO JOSE DOS CAMPOS"", ""desabilitado"": false}"
"Estabelecimento de saúde: HOSP MUN SOROCABANA. Código CNES: 6998194. Localização: SAO PAULO, São Paulo (SP). Tipo de unidade: HOSPITAL GERAL. Natureza jurídica: HOSPITAL_PÚBLICO. Porte: Médio. Também já foi registrado nos cadastros com o(s) nome(s): HOSPITAL MUNICIPAL SOROCABANA.",entidade_hospital,"{""categoria"": ""entidade_hospital"", ""cnes"": ""6998194"", ""nome_oficial_tabela"": ""HOSP MUN SOROCABANA"", ""uf"": ""SP"", ""municipio"": ""SAO PAULO"", ""desabilitado"": false}"
"Estabelecimento de saúde: COMPLEXO HOSPITALAR DOS ESTIVADORES. Código CNES: 6998704. Localização: SANTOS, São Paulo (SP). Tipo de unidade: HOSPITAL GERAL. Natureza jurídica: HOSPITAL_PÚBLICO. Porte: Grande.",entidade_hospital,"{""categoria"": ""entidade_hospital"", ""cnes"": ""6998704"", ""nome_oficial_tabela"": ""COMPLEXO HOSPITALAR DOS ESTIVADORES"", ""uf"": ""SP"", ""municipio"": ""SANTOS"", ""desabilitado"": false}"
"Estabelecimento de saúde: HOSPITAL SAMARITANO. Código CNES: 7019661. Localização: HORTOLANDIA, São Paulo (SP). Tipo de unidade: HOSPITAL GERAL. Natureza jurídica: HOSPITAL_PRIVADO. Porte: Médio.",entidade_hospital,"{""categoria"": ""entidade_hospital"", ""cnes"": ""7019661"", ""nome_oficial_tabela"": ""HOSPITAL SAMARITANO"", ""uf"": ""SP"", ""municipio"": ""HORTOLANDIA"", ""desabilitado"": false}"
"Estabelecimento de saúde: ANGIOCORPORE. Código CNES: 7024274. Localização: SANTOS, São Paulo (SP). Tipo de unidade: HOSPITAL ESPECIALIZADO. Natureza jurídica: HOSPITAL_PRIVADO. Porte: Pequeno.",entidade_hospital,"{""categoria"": ""entidade_hospital"", ""cnes"": ""7024274"", ""nome_oficial_tabela"": ""ANGIOCORPORE"", ""uf"": ""SP"", ""municipio"": ""SANTOS"", ""desabilitado"": false}"
"Estabelecimento de saúde: HOSPITAL RENASCENCA CAMPINAS. Código CNES: 7044666. Localização: CAMPINAS, São Paulo (SP). Tipo de unidade: HOSPITAL GERAL. Natureza jurídica: HOSPITAL_PRIVADO. Porte: Médio.",entidade_hospital,"{""categoria"": ""entidade_hospital"", ""cnes"": ""7044666"", ""nome_oficial_tabela"": ""HOSPITAL RENASCENCA CAMPINAS"", ""uf"": ""SP"", ""municipio"": ""CAMPINAS"", ""desabilitado"": false}"
"Estabelecimento de saúde: HOSPITAL A C CAMARGO TAMANDARE. Código CNES: 7060165. Localização: SAO PAULO, São Paulo (SP). Tipo de unidade: HOSPITAL ESPECIALIZADO. Natureza jurídica: HOSPITAL_FILANTRÓPICO. Porte: Grande.",entidade_hospital,"{""categoria"": ""entidade_hospital"", ""cnes"": ""7060165"", ""nome_oficial_tabela"": ""HOSPITAL A C CAMARGO TAMANDARE"", ""uf"": ""SP"", ""municipio"": ""SAO PAULO"", ""desabilitado"": false}"
"Estabelecimento de saúde: PRONTO ATENDIMENTO DE PARANAPIACABA. Código CNES: 7060416. Localização: SANTO ANDRE, São Paulo (SP). Tipo de unidade: PRONTO SOCORRO GERAL. Natureza jurídica: HOSPITAL_PÚBLICO. Porte: Pequeno.",entidade_hospital,"{""categoria"": ""entidade_hospital"", ""cnes"": ""7060416"", ""nome_oficial_tabela"": ""PRONTO ATENDIMENTO DE PARANAPIACABA"", ""uf"": ""SP"", ""municipio"": ""SANTO ANDRE"", ""desabilitado"": false}"
"Estabelecimento de saúde: HOSPITAL DE AMOR JALES. Código CNES: 7066376. Localização: JALES, São Paulo (SP). Tipo de unidade: HOSPITAL ESPECIALIZADO. Natureza jurídica: HOSPITAL_FILANTRÓPICO. Porte: Médio.",entidade_hospital,"{""categoria"": ""entidade_hospital"", ""cnes"": ""7066376"", ""nome_oficial_tabela"": ""HOSPITAL DE AMOR JALES"", ""uf"": ""SP"", ""municipio"": ""JALES"", ""desabilitado"": false}"
"Estabelecimento de saúde: HOSPITAL DE OLHOS BRAGANCA. Código CNES: 7101090. Localização: BRAGANCA PAULISTA, São Paulo (SP). Tipo de unidade: HOSPITAL GERAL. Natureza jurídica: HOSPITAL_PRIVADO. Porte: Pequeno.",entidade_hospital,"{""categoria"": ""entidade_hospital"", ""cnes"": ""7101090"", ""nome_oficial_tabela"": ""HOSPITAL DE OLHOS BRAGANCA"", ""uf"": ""SP"", ""municipio"": ""BRAGANCA PAULISTA"", ""desabilitado"": false}"
"Estabelecimento de saúde: INSTITUTO PENIDO BURNIER. Código CNES: 7134290. Localização: CAMPINAS, São Paulo (SP). Tipo de unidade: HOSPITAL GERAL. Natureza jurídica: HOSPITAL_PRIVADO. Porte: Pequeno.",entidade_hospital,"{""categoria"": ""entidade_hospital"", ""cnes"": ""7134290"", ""nome_oficial_tabela"": ""INSTITUTO PENIDO BURNIER"", ""uf"": ""SP"", ""municipio"": ""CAMPINAS"", ""desabilitado"": false}"
"Estabelecimento de saúde: HOSPITAL GREEN HILL. Código CNES: 7159102. Localização: SAO PAULO, São Paulo (SP). Tipo de unidade: HOSPITAL GERAL. Natureza jurídica: HOSPITAL_PRIVADO. Porte: Pequeno.",entidade_hospital,"{""categoria"": ""entidade_hospital"", ""cnes"": ""7159102"", ""nome_oficial_tabela"": ""HOSPITAL GREEN HILL"", ""uf"": ""SP"", ""municipio"": ""SAO PAULO"", ""desabilitado"": false}"
"Estabelecimento de saúde: HOSPITAL E PRONTO ATENDIMENTO SANCTA MAGGIORE. Código CNES: 7174691. Localização: SAO PAULO, São Paulo (SP). Tipo de unidade: HOSPITAL GERAL. Natureza jurídica: HOSPITAL_PRIVADO. Porte: Médio.",entidade_hospital,"{""categoria"": ""entidade_hospital"", ""cnes"": ""7174691"", ""nome_oficial_tabela"": ""HOSPITAL E PRONTO ATENDIMENTO SANCTA MAGGIORE"", ""uf"": ""SP"", ""municipio"": ""SAO PAULO"", ""desabilitado"": false}"
"Estabelecimento de saúde: HOSPITAL SANCTA MAGGIORE. Código CNES: 7174705. Localização: SAO PAULO, São Paulo (SP). Tipo de unidade: HOSPITAL GERAL. Natureza jurídica: HOSPITAL_PRIVADO. Porte: Médio.",entidade_hospital,"{""categoria"": ""entidade_hospital"", ""cnes"": ""7174705"", ""nome_oficial_tabela"": ""HOSPITAL SANCTA MAGGIORE"", ""uf"": ""SP"", ""municipio"": ""SAO PAULO"", ""desabilitado"": false}"
"Estabelecimento de saúde: HOSPITAL E PRONTO ATENDIMENTO SANCTA MAGGIORE. Código CNES: 7174713. Localização: SAO PAULO, São Paulo (SP). Tipo de unidade: HOSPITAL GERAL. Natureza jurídica: HOSPITAL_PRIVADO. Porte: Grande.",entidade_hospital,"{""categoria"": ""entidade_hospital"", ""cnes"": ""7174713"", ""nome_oficial_tabela"": ""HOSPITAL E PRONTO ATENDIMENTO SANCTA MAGGIORE"", ""uf"": ""SP"", ""municipio"": ""SAO PAULO"", ""desabilitado"": false}"
"Estabelecimento de saúde: HOSPITAL E PRONTO ATENDIMENTO SANCTA MAGGIORE. Código CNES: 7174721. Localização: SAO PAULO, São Paulo (SP). Tipo de unidade: HOSPITAL GERAL. Natureza jurídica: HOSPITAL_PRIVADO. Porte: Grande.",entidade_hospital,"{""categoria"": ""entidade_hospital"", ""cnes"": ""7174721"", ""nome_oficial_tabela"": ""HOSPITAL E PRONTO ATENDIMENTO SANCTA MAGGIORE"", ""uf"": ""SP"", ""municipio"": ""SAO PAULO"", ""desabilitado"": false}"
"Estabelecimento de saúde: BENVISTA OFTALMOLOGIA. Código CNES: 7182031. Localização: SAO PAULO, São Paulo (SP). Tipo de unidade: HOSPITAL ESPECIALIZADO. Natureza jurídica: HOSPITAL_PRIVADO. Porte: Médio.",entidade_hospital,"{""categoria"": ""entidade_hospital"", ""cnes"": ""7182031"", ""nome_oficial_tabela"": ""BENVISTA OFTALMOLOGIA"", ""uf"": ""SP"", ""municipio"": ""SAO PAULO"", ""desabilitado"": false}"
"Estabelecimento de saúde: HOSPITAL MUNICIPAL DE CONCHAS. Código CNES: 7210094. Localização: CONCHAS, São Paulo (SP). Tipo de unidade: HOSPITAL GERAL. Natureza jurídica: HOSPITAL_PÚBLICO. Porte: Pequeno.",entidade_hospital,"{""categoria"": ""entidade_hospital"", ""cnes"": ""7210094"", ""nome_oficial_tabela"": ""HOSPITAL MUNICIPAL DE CONCHAS"", ""uf"": ""SP"", ""municipio"": ""CONCHAS"", ""desabilitado"": false}"
"Estabelecimento de saúde: PRONTO SOCORRO CENTRAL. Código CNES: 7228163. Localização: ITAPECERICA DA SERRA, São Paulo (SP). Tipo de unidade: PRONTO SOCORRO GERAL. Natureza jurídica: HOSPITAL_PÚBLICO. Porte: Pequeno.",entidade_hospital,"{""categoria"": ""entidade_hospital"", ""cnes"": ""7228163"", ""nome_oficial_tabela"": ""PRONTO SOCORRO CENTRAL"", ""uf"": ""SP"", ""municipio"": ""ITAPECERICA DA SERRA"", ""desabilitado"": false}"
"Estabelecimento de saúde: HOSPITAL PROFESSORA LYDIA STOROPOLI. Código CNES: 7252455. Localização: SAO PAULO, São Paulo (SP). Tipo de unidade: HOSPITAL GERAL. Natureza jurídica: HOSPITAL_FILANTRÓPICO. Porte: Grande.",entidade_hospital,"{""categoria"": ""entidade_hospital"", ""cnes"": ""7252455"", ""nome_oficial_tabela"": ""HOSPITAL PROFESSORA LYDIA STOROPOLI"", ""uf"": ""SP"", ""municipio"": ""SAO PAULO"", ""desabilitado"": false}"
"Estabelecimento de saúde: INNOVA HOSPITAIS ASSOCIADOS LTDA. Código CNES: 7261012. Localização: DIADEMA, São Paulo (SP). Tipo de unidade: HOSPITAL GERAL. Natureza jurídica: HOSPITAL_PRIVADO. Porte: Médio.",entidade_hospital,"{""categoria"": ""entidade_hospital"", ""cnes"": ""7261012"", ""nome_oficial_tabela"": ""INNOVA HOSPITAIS ASSOCIADOS LTDA"", ""uf"": ""SP"", ""municipio"": ""DIADEMA"", ""desabilitado"": false}"
"Estabelecimento de saúde: PRONTO ATENDIMENTO UNIMED DE OLIMPIA. Código CNES: 7264755. Localização: OLIMPIA, São Paulo (SP). Tipo de unidade: PRONTO SOCORRO GERAL. Natureza jurídica: HOSPITAL_PRIVADO. Porte: Pequeno.",entidade_hospital,"{""categoria"": ""entidade_hospital"", ""cnes"": ""7264755"", ""nome_oficial_tabela"": ""PRONTO ATENDIMENTO UNIMED DE OLIMPIA"", ""uf"": ""SP"", ""municipio"": ""OLIMPIA"", ""desabilitado"": false}"
"Estabelecimento de saúde: HOSPITAL SAO MIGUEL ARCANJO. Código CNES: 7320175. Localização: SAO MIGUEL ARCANJO, São Paulo (SP). Tipo de unidade: HOSPITAL GERAL. Natureza jurídica: HOSPITAL_FILANTRÓPICO. Porte: Médio.",entidade_hospital,"{""categoria"": ""entidade_hospital"", ""cnes"": ""7320175"", ""nome_oficial_tabela"": ""HOSPITAL SAO MIGUEL ARCANJO"", ""uf"": ""SP"", ""municipio"": ""SAO MIGUEL ARCANJO"", ""desabilitado"": false}"
"Estabelecimento de saúde: DUO DAY HOSPITAL. Código CNES: 7352980. Localização: ARARAQUARA, São Paulo (SP). Tipo de unidade: HOSPITAL ESPECIALIZADO. Natureza jurídica: HOSPITAL_PRIVADO. Porte: Pequeno.",entidade_hospital,"{""categoria"": ""entidade_hospital"", ""cnes"": ""7352980"", ""nome_oficial_tabela"": ""DUO DAY HOSPITAL"", ""uf"": ""SP"", ""municipio"": ""ARARAQUARA"", ""desabilitado"": false}"
"Estabelecimento de saúde: HOSPITAL SANCTA MAGGIORE. Código CNES: 7357079. Localização: SAO PAULO, São Paulo (SP). Tipo de unidade: HOSPITAL GERAL. Natureza jurídica: HOSPITAL_PRIVADO. Porte: Grande.",entidade_hospital,"{""categoria"": ""entidade_hospital"", ""cnes"": ""7357079"", ""nome_oficial_tabela"": ""HOSPITAL SANCTA MAGGIORE"", ""uf"": ""SP"", ""municipio"": ""SAO PAULO"", ""desabilitado"": false}"
"Estabelecimento de saúde: HOSPITAL UNIMED TATUI JOSE FCO M DE ALMEIDA DR KIKO. Código CNES: 7368704. Localização: TATUI, São Paulo (SP). Tipo de unidade: HOSPITAL GERAL. Natureza jurídica: HOSPITAL_PRIVADO. Porte: Médio.",entidade_hospital,"{""categoria"": ""entidade_hospital"", ""cnes"": ""7368704"", ""nome_oficial_tabela"": ""HOSPITAL UNIMED TATUI JOSE FCO M DE ALMEIDA DR KIKO"", ""uf"": ""SP"", ""municipio"": ""TATUI"", ""desabilitado"": false}"
"Estabelecimento de saúde: HOSPITAL DR OLAVO HORNEAUX DE MOURA SAO VICENTE. Código CNES: 7371349. Localização: SAO VICENTE, São Paulo (SP). Tipo de unidade: HOSPITAL GERAL. Natureza jurídica: HOSPITAL_PÚBLICO. Porte: Médio.",entidade_hospital,"{""categoria"": ""entidade_hospital"", ""cnes"": ""7371349"", ""nome_oficial_tabela"": ""HOSPITAL DR OLAVO HORNEAUX DE MOURA SAO VICENTE"", ""uf"": ""SP"", ""municipio"": ""SAO VICENTE"", ""desabilitado"": false}"
"Estabelecimento de saúde: HOSPITAL DE CLINICAS MUNICIPAL. Código CNES: 7373465. Localização: SAO BERNARDO DO CAMPO, São Paulo (SP). Tipo de unidade: HOSPITAL GERAL. Natureza jurídica: HOSPITAL_PÚBLICO. Porte: Grande.",entidade_hospital,"{""categoria"": ""entidade_hospital"", ""cnes"": ""7373465"", ""nome_oficial_tabela"": ""HOSPITAL DE CLINICAS MUNICIPAL"", ""uf"": ""SP"", ""municipio"": ""SAO BERNARDO DO CAMPO"", ""desabilitado"": false}"
"Estabelecimento de saúde: FUNDACAO HOSPITAL REGIONAL DO CANCER. Código CNES: 7400926. Localização: PRESIDENTE PRUDENTE, São Paulo (SP). Tipo de unidade: HOSPITAL ESPECIALIZADO. Natureza jurídica: HOSPITAL_FILANTRÓPICO. Porte: Grande.",entidade_hospital,"{""categoria"": ""entidade_hospital"", ""cnes"": ""7400926"", ""nome_oficial_tabela"": ""FUNDACAO HOSPITAL REGIONAL DO CANCER"", ""uf"": ""SP"", ""municipio"": ""PRESIDENTE PRUDENTE"", ""desabilitado"": false}"
"Estabelecimento de saúde: HOSPITAL MUNICIPAL FRANCISCO DE ASSIS RIBEIRAO PRETO. Código CNES: 7420595. Localização: RIBEIRAO PRETO, São Paulo (SP). Tipo de unidade: HOSPITAL GERAL. Natureza jurídica: HOSPITAL_PÚBLICO. Porte: Médio.",entidade_hospital,"{""categoria"": ""entidade_hospital"", ""cnes"": ""7420595"", ""nome_oficial_tabela"": ""HOSPITAL MUNICIPAL FRANCISCO DE ASSIS RIBEIRAO PRETO"", ""uf"": ""SP"", ""municipio"": ""RIBEIRAO PRETO"", ""desabilitado"": false}"
"Estabelecimento de saúde: HOSPITAL E PRONTO ATENDIMENTO SANCTA MAGGIORE. Código CNES: 7435568. Localização: SAO BERNARDO DO CAMPO, São Paulo (SP). Tipo de unidade: HOSPITAL GERAL. Natureza jurídica: HOSPITAL_PRIVADO. Porte: Pequeno.",entidade_hospital,"{""categoria"": ""entidade_hospital"", ""cnes"": ""7435568"", ""nome_oficial_tabela"": ""HOSPITAL E PRONTO ATENDIMENTO SANCTA MAGGIORE"", ""uf"": ""SP"", ""municipio"": ""SAO BERNARDO DO CAMPO"", ""desabilitado"": false}"
"Estabelecimento de saúde: HOSP MUN DE MOGI DAS CRUZES PREF WALDEMAR COSTA FILHO. Código CNES: 7473702. Localização: MOGI DAS CRUZES, São Paulo (SP). Tipo de unidade: HOSPITAL GERAL. Natureza jurídica: HOSPITAL_PÚBLICO. Porte: Médio.",entidade_hospital,"{""categoria"": ""entidade_hospital"", ""cnes"": ""7473702"", ""nome_oficial_tabela"": ""HOSP MUN DE MOGI DAS CRUZES PREF WALDEMAR COSTA FILHO"", ""uf"": ""SP"", ""municipio"": ""MOGI DAS CRUZES"", ""desabilitado"": false}"
"Estabelecimento de saúde: HOSPITAL E MATERNIDADE MARIA JOSE. Código CNES: 7482450. Localização: BAURU, São Paulo (SP). Tipo de unidade: HOSPITAL GERAL. Natureza jurídica: HOSPITAL_PRIVADO. Porte: Médio.",entidade_hospital,"{""categoria"": ""entidade_hospital"", ""cnes"": ""7482450"", ""nome_oficial_tabela"": ""HOSPITAL E MATERNIDADE MARIA JOSE"", ""uf"": ""SP"", ""municipio"": ""BAURU"", ""desabilitado"": false}"
"Estabelecimento de saúde: INST DE INFECT EMILIO RIBAS II BAIXADA SANTISTA. Código CNES: 7544529. Localização: GUARUJA, São Paulo (SP). Tipo de unidade: HOSPITAL GERAL. Natureza jurídica: HOSPITAL_PÚBLICO. Porte: Médio.",entidade_hospital,"{""categoria"": ""entidade_hospital"", ""cnes"": ""7544529"", ""nome_oficial_tabela"": ""INST DE INFECT EMILIO RIBAS II BAIXADA SANTISTA"", ""uf"": ""SP"", ""municipio"": ""GUARUJA"", ""desabilitado"": false}"
"Estabelecimento de saúde: HOSPITAL ARARAQUARA. Código CNES: 7564902. Localização: ARARAQUARA, São Paulo (SP). Tipo de unidade: HOSPITAL GERAL. Natureza jurídica: HOSPITAL_PRIVADO. Porte: Médio. Também já foi registrado nos cadastros com o(s) nome(s): HOSPITAL SAO FRANCISCO ARARAQUARA.",entidade_hospital,"{""categoria"": ""entidade_hospital"", ""cnes"": ""7564902"", ""nome_oficial_tabela"": ""HOSPITAL ARARAQUARA"", ""uf"": ""SP"", ""municipio"": ""ARARAQUARA"", ""desabilitado"": false}"
"Estabelecimento de saúde: HOSPITAL REGIONAL DE JUNDIAI. Código CNES: 7573162. Localização: JUNDIAI, São Paulo (SP). Tipo de unidade: HOSPITAL GERAL. Natureza jurídica: HOSPITAL_PÚBLICO. Porte: Grande.",entidade_hospital,"{""categoria"": ""entidade_hospital"", ""cnes"": ""7573162"", ""nome_oficial_tabela"": ""HOSPITAL REGIONAL DE JUNDIAI"", ""uf"": ""SP"", ""municipio"": ""JUNDIAI"", ""desabilitado"": false}"
"Estabelecimento de saúde: HOSPITAL ESTADUAL DE CAIEIRAS. Código CNES: 7580770. Localização: CAIEIRAS, São Paulo (SP). Tipo de unidade: HOSPITAL GERAL. Natureza jurídica: HOSPITAL_PÚBLICO. Porte: Médio.",entidade_hospital,"{""categoria"": ""entidade_hospital"", ""cnes"": ""7580770"", ""nome_oficial_tabela"": ""HOSPITAL ESTADUAL DE CAIEIRAS"", ""uf"": ""SP"", ""municipio"": ""CAIEIRAS"", ""desabilitado"": false}"
"Estabelecimento de saúde: COMPLEXO HOSPITALAR SANTO EXPEDITO. Código CNES: 7593643. Localização: SAO PAULO, São Paulo (SP). Tipo de unidade: HOSPITAL GERAL. Natureza jurídica: HOSPITAL_PRIVADO. Porte: Grande.",entidade_hospital,"{""categoria"": ""entidade_hospital"", ""cnes"": ""7593643"", ""nome_oficial_tabela"": ""COMPLEXO HOSPITALAR SANTO EXPEDITO"", ""uf"": ""SP"", ""municipio"": ""SAO PAULO"", ""desabilitado"": false}"
"Estabelecimento de saúde: HOSPITAL SAINT PETER. Código CNES: 7602227. Localização: SAO PAULO, São Paulo (SP). Tipo de unidade: HOSPITAL GERAL. Natureza jurídica: HOSPITAL_PRIVADO. Porte: Médio.",entidade_hospital,"{""categoria"": ""entidade_hospital"", ""cnes"": ""7602227"", ""nome_oficial_tabela"": ""HOSPITAL SAINT PETER"", ""uf"": ""SP"", ""municipio"": ""SAO PAULO"", ""desabilitado"": false}"
"Estabelecimento de saúde: HOSPITAL MUNICIPAL SAO JOSE. Código CNES: 7603274. Localização: ITABERA, São Paulo (SP). Tipo de unidade: HOSPITAL GERAL. Natureza jurídica: HOSPITAL_PÚBLICO. Porte: Pequeno.",entidade_hospital,"{""categoria"": ""entidade_hospital"", ""cnes"": ""7603274"", ""nome_oficial_tabela"": ""HOSPITAL MUNICIPAL SAO JOSE"", ""uf"": ""SP"", ""municipio"": ""ITABERA"", ""desabilitado"": false}"
"Estabelecimento de saúde: HOSPITAL UNIMED BOTUCATU. Código CNES: 7612990. Localização: BOTUCATU, São Paulo (SP). Tipo de unidade: HOSPITAL GERAL. Natureza jurídica: HOSPITAL_PRIVADO. Porte: Grande.",entidade_hospital,"{""categoria"": ""entidade_hospital"", ""cnes"": ""7612990"", ""nome_oficial_tabela"": ""HOSPITAL UNIMED BOTUCATU"", ""uf"": ""SP"", ""municipio"": ""BOTUCATU"", ""desabilitado"": false}"
"Estabelecimento de saúde: CANTINHO DO CEU RIBEIRAO PRETO. Código CNES: 7615280. Localização: RIBEIRAO PRETO, São Paulo (SP). Tipo de unidade: HOSPITAL GERAL. Natureza jurídica: HOSPITAL_FILANTRÓPICO. Porte: Médio.",entidade_hospital,"{""categoria"": ""entidade_hospital"", ""cnes"": ""7615280"", ""nome_oficial_tabela"": ""CANTINHO DO CEU RIBEIRAO PRETO"", ""uf"": ""SP"", ""municipio"": ""RIBEIRAO PRETO"", ""desabilitado"": false}"
"Estabelecimento de saúde: CLINICA SPATIIUM. Código CNES: 7622244. Localização: SAO PAULO, São Paulo (SP). Tipo de unidade: HOSPITAL ESPECIALIZADO. Natureza jurídica: HOSPITAL_PRIVADO. Porte: Pequeno.",entidade_hospital,"{""categoria"": ""entidade_hospital"", ""cnes"": ""7622244"", ""nome_oficial_tabela"": ""CLINICA SPATIIUM"", ""uf"": ""SP"", ""municipio"": ""SAO PAULO"", ""desabilitado"": false}"
"Estabelecimento de saúde: HOSPITAL MORIAH. Código CNES: 7644167. Localização: SAO PAULO, São Paulo (SP). Tipo de unidade: HOSPITAL GERAL. Natureza jurídica: HOSPITAL_PRIVADO. Porte: Médio.",entidade_hospital,"{""categoria"": ""entidade_hospital"", ""cnes"": ""7644167"", ""nome_oficial_tabela"": ""HOSPITAL MORIAH"", ""uf"": ""SP"", ""municipio"": ""SAO PAULO"", ""desabilitado"": false}"
"Estabelecimento de saúde: CENTRO TERAPEUTICO OLIVEIRAS. Código CNES: 7652941. Localização: MONGAGUA, São Paulo (SP). Tipo de unidade: HOSPITAL ESPECIALIZADO. Natureza jurídica: HOSPITAL_PRIVADO. Porte: Médio.",entidade_hospital,"{""categoria"": ""entidade_hospital"", ""cnes"": ""7652941"", ""nome_oficial_tabela"": ""CENTRO TERAPEUTICO OLIVEIRAS"", ""uf"": ""SP"", ""municipio"": ""MONGAGUA"", ""desabilitado"": false}"
"Estabelecimento de saúde: GABATA LIFE VARGEM GRANDE PAULISTA. Código CNES: 7658079. Localização: VARGEM GRANDE PAULISTA, São Paulo (SP). Tipo de unidade: HOSPITAL ESPECIALIZADO. Natureza jurídica: HOSPITAL_PRIVADO. Porte: Médio.",entidade_hospital,"{""categoria"": ""entidade_hospital"", ""cnes"": ""7658079"", ""nome_oficial_tabela"": ""GABATA LIFE VARGEM GRANDE PAULISTA"", ""uf"": ""SP"", ""municipio"": ""VARGEM GRANDE PAULISTA"", ""desabilitado"": false}"
"Estabelecimento de saúde: HOSPITAL DE CLINICAS UNIDADE AVANCADA CAIEIRAS. Código CNES: 7667965. Localização: CAIEIRAS, São Paulo (SP). Tipo de unidade: HOSPITAL GERAL. Natureza jurídica: HOSPITAL_PRIVADO. Porte: Pequeno.",entidade_hospital,"{""categoria"": ""entidade_hospital"", ""cnes"": ""7667965"", ""nome_oficial_tabela"": ""HOSPITAL DE CLINICAS UNIDADE AVANCADA CAIEIRAS"", ""uf"": ""SP"", ""municipio"": ""CAIEIRAS"", ""desabilitado"": false}"
"Estabelecimento de saúde: HOSPITAL SANTA CLARA. Código CNES: 7676484. Localização: SAO PAULO, São Paulo (SP). Tipo de unidade: HOSPITAL GERAL. Natureza jurídica: HOSPITAL_PRIVADO. Porte: Grande.",entidade_hospital,"{""categoria"": ""entidade_hospital"", ""cnes"": ""7676484"", ""nome_oficial_tabela"": ""HOSPITAL SANTA CLARA"", ""uf"": ""SP"", ""municipio"": ""SAO PAULO"", ""desabilitado"": false}"
"Estabelecimento de saúde: PS JOSE IBRAHIN. Código CNES: 7682581. Localização: OSASCO, São Paulo (SP). Tipo de unidade: PRONTO SOCORRO GERAL. Natureza jurídica: HOSPITAL_PÚBLICO. Porte: Médio.",entidade_hospital,"{""categoria"": ""entidade_hospital"", ""cnes"": ""7682581"", ""nome_oficial_tabela"": ""PS JOSE IBRAHIN"", ""uf"": ""SP"", ""municipio"": ""OSASCO"", ""desabilitado"": false}"
"Estabelecimento de saúde: DIU VITAE. Código CNES: 7696981. Localização: CEDRAL, São Paulo (SP). Tipo de unidade: UNIDADE MISTA. Natureza jurídica: HOSPITAL_PRIVADO. Porte: Médio.",entidade_hospital,"{""categoria"": ""entidade_hospital"", ""cnes"": ""7696981"", ""nome_oficial_tabela"": ""DIU VITAE"", ""uf"": ""SP"", ""municipio"": ""CEDRAL"", ""desabilitado"": false}"
"Estabelecimento de saúde: HOSPITAL INFANTIL UNIMED. Código CNES: 7701810. Localização: PRESIDENTE PRUDENTE, São Paulo (SP). Tipo de unidade: HOSPITAL ESPECIALIZADO. Natureza jurídica: HOSPITAL_PRIVADO. Porte: Pequeno. Também já foi registrado nos cadastros com o(s) nome(s): HOSPITAL UNIMED.",entidade_hospital,"{""categoria"": ""entidade_hospital"", ""cnes"": ""7701810"", ""nome_oficial_tabela"": ""HOSPITAL INFANTIL UNIMED"", ""uf"": ""SP"", ""municipio"": ""PRESIDENTE PRUDENTE"", ""desabilitado"": false}"
"Estabelecimento de saúde: HOSP MUN GILSON DE CASSIA MARQUES DE CARVALHO. Código CNES: 7711980. Localização: SAO PAULO, São Paulo (SP). Tipo de unidade: HOSPITAL GERAL. Natureza jurídica: HOSPITAL_PÚBLICO. Porte: Grande.",entidade_hospital,"{""categoria"": ""entidade_hospital"", ""cnes"": ""7711980"", ""nome_oficial_tabela"": ""HOSP MUN GILSON DE CASSIA MARQUES DE CARVALHO"", ""uf"": ""SP"", ""municipio"": ""SAO PAULO"", ""desabilitado"": false}"
"Estabelecimento de saúde: HOSPITAL DE TRANSICAO RIO PRETO. Código CNES: 7718136. Localização: SAO JOSE DO RIO PRETO, São Paulo (SP). Tipo de unidade: HOSPITAL ESPECIALIZADO. Natureza jurídica: HOSPITAL_PRIVADO. Porte: Pequeno.",entidade_hospital,"{""categoria"": ""entidade_hospital"", ""cnes"": ""7718136"", ""nome_oficial_tabela"": ""HOSPITAL DE TRANSICAO RIO PRETO"", ""uf"": ""SP"", ""municipio"": ""SAO JOSE DO RIO PRETO"", ""desabilitado"": false}"
"Estabelecimento de saúde: SANTOS DUMONT HOSPITAL UNIDADE CARAGUATATUBA. Código CNES: 7726155. Localização: CARAGUATATUBA, São Paulo (SP). Tipo de unidade: HOSPITAL GERAL. Natureza jurídica: HOSPITAL_PRIVADO. Porte: Pequeno.",entidade_hospital,"{""categoria"": ""entidade_hospital"", ""cnes"": ""7726155"", ""nome_oficial_tabela"": ""SANTOS DUMONT HOSPITAL UNIDADE CARAGUATATUBA"", ""uf"": ""SP"", ""municipio"": ""CARAGUATATUBA"", ""desabilitado"": false}"
"Estabelecimento de saúde: HOSPITAL 10 DE JULHO. Código CNES: 7755333. Localização: PINDAMONHANGABA, São Paulo (SP). Tipo de unidade: HOSPITAL GERAL. Natureza jurídica: HOSPITAL_PRIVADO. Porte: Grande.",entidade_hospital,"{""categoria"": ""entidade_hospital"", ""cnes"": ""7755333"", ""nome_oficial_tabela"": ""HOSPITAL 10 DE JULHO"", ""uf"": ""SP"", ""municipio"": ""PINDAMONHANGABA"", ""desabilitado"": false}"
"Estabelecimento de saúde: GRUPO CPR. Código CNES: 7778317. Localização: EMBU DAS ARTES, São Paulo (SP). Tipo de unidade: HOSPITAL ESPECIALIZADO. Natureza jurídica: HOSPITAL_PRIVADO. Porte: Pequeno.",entidade_hospital,"{""categoria"": ""entidade_hospital"", ""cnes"": ""7778317"", ""nome_oficial_tabela"": ""GRUPO CPR"", ""uf"": ""SP"", ""municipio"": ""EMBU DAS ARTES"", ""desabilitado"": false}"
"Estabelecimento de saúde: CENTRO DE SAUDE 24 HORAS. Código CNES: 7806116. Localização: ITAQUAQUECETUBA, São Paulo (SP). Tipo de unidade: PRONTO SOCORRO GERAL. Natureza jurídica: HOSPITAL_PÚBLICO. Porte: Pequeno.",entidade_hospital,"{""categoria"": ""entidade_hospital"", ""cnes"": ""7806116"", ""nome_oficial_tabela"": ""CENTRO DE SAUDE 24 HORAS"", ""uf"": ""SP"", ""municipio"": ""ITAQUAQUECETUBA"", ""desabilitado"": false}"
"Estabelecimento de saúde: HOSPITAL E MATERNIDADE HUMBERTO PIVA. Código CNES: 7822421. Localização: PEDREIRA, São Paulo (SP). Tipo de unidade: HOSPITAL GERAL. Natureza jurídica: HOSPITAL_PÚBLICO. Porte: Médio.",entidade_hospital,"{""categoria"": ""entidade_hospital"", ""cnes"": ""7822421"", ""nome_oficial_tabela"": ""HOSPITAL E MATERNIDADE HUMBERTO PIVA"", ""uf"": ""SP"", ""municipio"": ""PEDREIRA"", ""desabilitado"": false}"
"Estabelecimento de saúde: CENTRO MEDICO SEPACO MOGI DAS CRUZES. Código CNES: 7830475. Localização: MOGI DAS CRUZES, São Paulo (SP). Tipo de unidade: PRONTO SOCORRO ESPECIALIZADO. Natureza jurídica: HOSPITAL_FILANTRÓPICO. Porte: Pequeno. Também já foi registrado nos cadastros com o(s) nome(s): HOSPITAL SEPACO.",entidade_hospital,"{""categoria"": ""entidade_hospital"", ""cnes"": ""7830475"", ""nome_oficial_tabela"": ""CENTRO MEDICO SEPACO MOGI DAS CRUZES"", ""uf"": ""SP"", ""municipio"": ""MOGI DAS CRUZES"", ""desabilitado"": false}"
"Estabelecimento de saúde: HOSPITAL E MATERNIDADE IPIRANGA. Código CNES: 7838530. Localização: MOGI DAS CRUZES, São Paulo (SP). Tipo de unidade: HOSPITAL GERAL. Natureza jurídica: HOSPITAL_PRIVADO. Porte: Médio.",entidade_hospital,"{""categoria"": ""entidade_hospital"", ""cnes"": ""7838530"", ""nome_oficial_tabela"": ""HOSPITAL E MATERNIDADE IPIRANGA"", ""uf"": ""SP"", ""municipio"": ""MOGI DAS CRUZES"", ""desabilitado"": false}"
"Estabelecimento de saúde: HOSPITAL SANTA MARIA DE SUZANO. Código CNES: 7849184. Localização: SUZANO, São Paulo (SP). Tipo de unidade: HOSPITAL GERAL. Natureza jurídica: HOSPITAL_PRIVADO. Porte: Médio.",entidade_hospital,"{""categoria"": ""entidade_hospital"", ""cnes"": ""7849184"", ""nome_oficial_tabela"": ""HOSPITAL SANTA MARIA DE SUZANO"", ""uf"": ""SP"", ""municipio"": ""SUZANO"", ""desabilitado"": false}"
"Estabelecimento de saúde: CLINICA SAUDE MENTAL DE ITAPECERICA LTDA. Código CNES: 7853130. Localização: ITAPECERICA DA SERRA, São Paulo (SP). Tipo de unidade: HOSPITAL ESPECIALIZADO. Natureza jurídica: HOSPITAL_PRIVADO. Porte: Médio. Também já foi registrado nos cadastros com o(s) nome(s): CLINICA MAIA PRIME.",entidade_hospital,"{""categoria"": ""entidade_hospital"", ""cnes"": ""7853130"", ""nome_oficial_tabela"": ""CLINICA SAUDE MENTAL DE ITAPECERICA LTDA"", ""uf"": ""SP"", ""municipio"": ""ITAPECERICA DA SERRA"", ""desabilitado"": false}"
"Estabelecimento de saúde: SIQUEIRA CAMPOS. Código CNES: 7863594. Localização: SAO JOSE DO RIO PRETO, São Paulo (SP). Tipo de unidade: HOSPITAL ESPECIALIZADO. Natureza jurídica: HOSPITAL_PRIVADO. Porte: Pequeno.",entidade_hospital,"{""categoria"": ""entidade_hospital"", ""cnes"": ""7863594"", ""nome_oficial_tabela"": ""SIQUEIRA CAMPOS"", ""uf"": ""SP"", ""municipio"": ""SAO JOSE DO RIO PRETO"", ""desabilitado"": false}"
"Estabelecimento de saúde: HOSPITAL DO BAIRRO. Código CNES: 7864124. Localização: BOTUCATU, São Paulo (SP). Tipo de unidade: HOSPITAL GERAL. Natureza jurídica: HOSPITAL_PÚBLICO. Porte: Médio.",entidade_hospital,"{""categoria"": ""entidade_hospital"", ""cnes"": ""7864124"", ""nome_oficial_tabela"": ""HOSPITAL DO BAIRRO"", ""uf"": ""SP"", ""municipio"": ""BOTUCATU"", ""desabilitado"": false}"
"Estabelecimento de saúde: CENTRO CLINICO H B SAUDE. Código CNES: 7865317. Localização: OLIMPIA, São Paulo (SP). Tipo de unidade: PRONTO SOCORRO GERAL. Natureza jurídica: HOSPITAL_PRIVADO. Porte: Pequeno.",entidade_hospital,"{""categoria"": ""entidade_hospital"", ""cnes"": ""7865317"", ""nome_oficial_tabela"": ""CENTRO CLINICO H B SAUDE"", ""uf"": ""SP"", ""municipio"": ""OLIMPIA"", ""desabilitado"": false}"
"Estabelecimento de saúde: CLINICA MAIA. Código CNES: 7869088. Localização: TABOAO DA SERRA, São Paulo (SP). Tipo de unidade: HOSPITAL ESPECIALIZADO. Natureza jurídica: HOSPITAL_PRIVADO. Porte: Grande.",entidade_hospital,"{""categoria"": ""entidade_hospital"", ""cnes"": ""7869088"", ""nome_oficial_tabela"": ""CLINICA MAIA"", ""uf"": ""SP"", ""municipio"": ""TABOAO DA SERRA"", ""desabilitado"": false}"
"Estabelecimento de saúde: HOSPITAL GUARUJA. Código CNES: 7894260. Localização: GUARUJA, São Paulo (SP). Tipo de unidade: HOSPITAL GERAL. Natureza jurídica: HOSPITAL_FILANTRÓPICO. Porte: Médio.",entidade_hospital,"{""categoria"": ""entidade_hospital"", ""cnes"": ""7894260"", ""nome_oficial_tabela"": ""HOSPITAL GUARUJA"", ""uf"": ""SP"", ""municipio"": ""GUARUJA"", ""desabilitado"": false}"
"Estabelecimento de saúde: GRUPO DE SAUDE DE GUARATINGUETA. Código CNES: 7899599. Localização: GUARATINGUETA, São Paulo (SP). Tipo de unidade: HOSPITAL GERAL. Natureza jurídica: HOSPITAL_PÚBLICO. Porte: Pequeno.",entidade_hospital,"{""categoria"": ""entidade_hospital"", ""cnes"": ""7899599"", ""nome_oficial_tabela"": ""GRUPO DE SAUDE DE GUARATINGUETA"", ""uf"": ""SP"", ""municipio"": ""GUARATINGUETA"", ""desabilitado"": false}"
"Estabelecimento de saúde: HOSPITAL RUMO CERTO. Código CNES: 7940939. Localização: CABREUVA, São Paulo (SP). Tipo de unidade: HOSPITAL ESPECIALIZADO. Natureza jurídica: HOSPITAL_PRIVADO. Porte: Médio.",entidade_hospital,"{""categoria"": ""entidade_hospital"", ""cnes"": ""7940939"", ""nome_oficial_tabela"": ""HOSPITAL RUMO CERTO"", ""uf"": ""SP"", ""municipio"": ""CABREUVA"", ""desabilitado"": false}"
"Estabelecimento de saúde: COMPLEXO MUNICIPAL DE SAUDE. Código CNES: 7947984. Localização: CAMPOS DO JORDAO, São Paulo (SP). Tipo de unidade: HOSPITAL GERAL. Natureza jurídica: HOSPITAL_PÚBLICO. Porte: Médio.",entidade_hospital,"{""categoria"": ""entidade_hospital"", ""cnes"": ""7947984"", ""nome_oficial_tabela"": ""COMPLEXO MUNICIPAL DE SAUDE"", ""uf"": ""SP"", ""municipio"": ""CAMPOS DO JORDAO"", ""desabilitado"": false}"
"Estabelecimento de saúde: HOSPITAL UNIMED RIBEIRAO PRETO. Código CNES: 7965192. Localização: RIBEIRAO PRETO, São Paulo (SP). Tipo de unidade: HOSPITAL GERAL. Natureza jurídica: HOSPITAL_PRIVADO. Porte: Grande.",entidade_hospital,"{""categoria"": ""entidade_hospital"", ""cnes"": ""7965192"", ""nome_oficial_tabela"": ""HOSPITAL UNIMED RIBEIRAO PRETO"", ""uf"": ""SP"", ""municipio"": ""RIBEIRAO PRETO"", ""desabilitado"": false}"
"Estabelecimento de saúde: HOSPITAL IPIRANGA ARUJA. Código CNES: 7980051. Localização: ARUJA, São Paulo (SP). Tipo de unidade: HOSPITAL GERAL. Natureza jurídica: HOSPITAL_PRIVADO. Porte: Médio. Também já foi registrado nos cadastros com o(s) nome(s): HOSPITAL E MATERNIDADE IPIRANGA ARUJA.",entidade_hospital,"{""categoria"": ""entidade_hospital"", ""cnes"": ""7980051"", ""nome_oficial_tabela"": ""HOSPITAL IPIRANGA ARUJA"", ""uf"": ""SP"", ""municipio"": ""ARUJA"", ""desabilitado"": false}"
"Estabelecimento de saúde: HOSP MUN CAPELA DO SOCORRO. Código CNES: 7992890. Localização: SAO PAULO, São Paulo (SP). Tipo de unidade: HOSPITAL GERAL. Natureza jurídica: HOSPITAL_PÚBLICO. Porte: Grande. Também já foi registrado nos cadastros com o(s) nome(s): HOSPITAL MUNICIPAL CAPELA DO SOCORRO.",entidade_hospital,"{""categoria"": ""entidade_hospital"", ""cnes"": ""7992890"", ""nome_oficial_tabela"": ""HOSP MUN CAPELA DO SOCORRO"", ""uf"": ""SP"", ""municipio"": ""SAO PAULO"", ""desabilitado"": false}"
"Estabelecimento de saúde: PRONTO SOCORRO CENTRAL GUIOMAR FERREIRA ROEBBELEN. Código CNES: 8002428. Localização: CUBATAO, São Paulo (SP). Tipo de unidade: PRONTO SOCORRO ESPECIALIZADO. Natureza jurídica: HOSPITAL_PÚBLICO. Porte: Pequeno.",entidade_hospital,"{""categoria"": ""entidade_hospital"", ""cnes"": ""8002428"", ""nome_oficial_tabela"": ""PRONTO SOCORRO CENTRAL GUIOMAR FERREIRA ROEBBELEN"", ""uf"": ""SP"", ""municipio"": ""CUBATAO"", ""desabilitado"": false}"
"Estabelecimento de saúde: HOSPITAL SAO MARCOS JABOTICABAL. Código CNES: 8005877. Localização: JABOTICABAL, São Paulo (SP). Tipo de unidade: HOSPITAL GERAL. Natureza jurídica: HOSPITAL_PRIVADO. Porte: Grande.",entidade_hospital,"{""categoria"": ""entidade_hospital"", ""cnes"": ""8005877"", ""nome_oficial_tabela"": ""HOSPITAL SAO MARCOS JABOTICABAL"", ""uf"": ""SP"", ""municipio"": ""JABOTICABAL"", ""desabilitado"": false}"
"Estabelecimento de saúde: GRUPO ANJOS DA VIDA HOSPITALAR. Código CNES: 8021619. Localização: PINDAMONHANGABA, São Paulo (SP). Tipo de unidade: HOSPITAL ESPECIALIZADO. Natureza jurídica: HOSPITAL_PRIVADO. Porte: Médio.",entidade_hospital,"{""categoria"": ""entidade_hospital"", ""cnes"": ""8021619"", ""nome_oficial_tabela"": ""GRUPO ANJOS DA VIDA HOSPITALAR"", ""uf"": ""SP"", ""municipio"": ""PINDAMONHANGABA"", ""desabilitado"": false}"
"Estabelecimento de saúde: INAPH INSTITUTO NEOS ASSISTENCIA PSIQUIATRICA. Código CNES: 8076618. Localização: ARACOIABA DA SERRA, São Paulo (SP). Tipo de unidade: HOSPITAL ESPECIALIZADO. Natureza jurídica: HOSPITAL_PRIVADO. Porte: Pequeno.",entidade_hospital,"{""categoria"": ""entidade_hospital"", ""cnes"": ""8076618"", ""nome_oficial_tabela"": ""INAPH INSTITUTO NEOS ASSISTENCIA PSIQUIATRICA"", ""uf"": ""SP"", ""municipio"": ""ARACOIABA DA SERRA"", ""desabilitado"": false}"
"Estabelecimento de saúde: SOLARIUM RESIDENCIAL. Código CNES: 8092133. Localização: NOVA ODESSA, São Paulo (SP). Tipo de unidade: HOSPITAL ESPECIALIZADO. Natureza jurídica: HOSPITAL_PRIVADO. Porte: Pequeno.",entidade_hospital,"{""categoria"": ""entidade_hospital"", ""cnes"": ""8092133"", ""nome_oficial_tabela"": ""SOLARIUM RESIDENCIAL"", ""uf"": ""SP"", ""municipio"": ""NOVA ODESSA"", ""desabilitado"": false}"
"Estabelecimento de saúde: HOSPITAL SANTO ANTONIO. Código CNES: 9061819. Localização: VOTORANTIM, São Paulo (SP). Tipo de unidade: HOSPITAL GERAL. Natureza jurídica: HOSPITAL_PRIVADO. Porte: Médio.",entidade_hospital,"{""categoria"": ""entidade_hospital"", ""cnes"": ""9061819"", ""nome_oficial_tabela"": ""HOSPITAL SANTO ANTONIO"", ""uf"": ""SP"", ""municipio"": ""VOTORANTIM"", ""desabilitado"": false}"
"Estabelecimento de saúde: GRUPO ANA ROSA SAUDE. Código CNES: 9069712. Localização: SANTO ANDRE, São Paulo (SP). Tipo de unidade: PRONTO SOCORRO GERAL. Natureza jurídica: HOSPITAL_FILANTRÓPICO. Porte: Pequeno.",entidade_hospital,"{""categoria"": ""entidade_hospital"", ""cnes"": ""9069712"", ""nome_oficial_tabela"": ""GRUPO ANA ROSA SAUDE"", ""uf"": ""SP"", ""municipio"": ""SANTO ANDRE"", ""desabilitado"": false}"
"Estabelecimento de saúde: HOSPITAL SANCTA MAGGIORE. Código CNES: 9131434. Localização: SAO PAULO, São Paulo (SP). Tipo de unidade: HOSPITAL GERAL. Natureza jurídica: HOSPITAL_PRIVADO. Porte: Grande.",entidade_hospital,"{""categoria"": ""entidade_hospital"", ""cnes"": ""9131434"", ""nome_oficial_tabela"": ""HOSPITAL SANCTA MAGGIORE"", ""uf"": ""SP"", ""municipio"": ""SAO PAULO"", ""desabilitado"": false}"
"Estabelecimento de saúde: HOSPITAL NEUROCENTER. Código CNES: 9149511. Localização: GUARULHOS, São Paulo (SP). Tipo de unidade: HOSPITAL GERAL. Natureza jurídica: HOSPITAL_PRIVADO. Porte: Médio.",entidade_hospital,"{""categoria"": ""entidade_hospital"", ""cnes"": ""9149511"", ""nome_oficial_tabela"": ""HOSPITAL NEUROCENTER"", ""uf"": ""SP"", ""municipio"": ""GUARULHOS"", ""desabilitado"": false}"
"Estabelecimento de saúde: HOSPITAL SAO LUIZ SAO CAETANO. Código CNES: 9194258. Localização: SAO CAETANO DO SUL, São Paulo (SP). Tipo de unidade: HOSPITAL GERAL. Natureza jurídica: HOSPITAL_PRIVADO. Porte: Grande.",entidade_hospital,"{""categoria"": ""entidade_hospital"", ""cnes"": ""9194258"", ""nome_oficial_tabela"": ""HOSPITAL SAO LUIZ SAO CAETANO"", ""uf"": ""SP"", ""municipio"": ""SAO CAETANO DO SUL"", ""desabilitado"": false}"
"Estabelecimento de saúde: CLINICA TERAPEUTICA VIVER A VIDA. Código CNES: 9206884. Localização: SAO BERNARDO DO CAMPO, São Paulo (SP). Tipo de unidade: HOSPITAL ESPECIALIZADO. Natureza jurídica: HOSPITAL_PRIVADO. Porte: Pequeno.",entidade_hospital,"{""categoria"": ""entidade_hospital"", ""cnes"": ""9206884"", ""nome_oficial_tabela"": ""CLINICA TERAPEUTICA VIVER A VIDA"", ""uf"": ""SP"", ""municipio"": ""SAO BERNARDO DO CAMPO"", ""desabilitado"": false}"
"Estabelecimento de saúde: HOSPITAL MUNICIPAL DE SANTO ANTONIO DA ALEGRIA. Código CNES: 9208887. Localização: SANTO ANTONIO DA ALEGRIA, São Paulo (SP). Tipo de unidade: HOSPITAL GERAL. Natureza jurídica: HOSPITAL_PÚBLICO. Porte: Pequeno.",entidade_hospital,"{""categoria"": ""entidade_hospital"", ""cnes"": ""9208887"", ""nome_oficial_tabela"": ""HOSPITAL MUNICIPAL DE SANTO ANTONIO DA ALEGRIA"", ""uf"": ""SP"", ""municipio"": ""SANTO ANTONIO DA ALEGRIA"", ""desabilitado"": false}"
"Estabelecimento de saúde: HOSPITAL TERAPEUTICO MISSAO RESGATE PIRASSUNUNGA. Código CNES: 9241140. Localização: PIRASSUNUNGA, São Paulo (SP). Tipo de unidade: HOSPITAL ESPECIALIZADO. Natureza jurídica: HOSPITAL_PRIVADO. Porte: Médio.",entidade_hospital,"{""categoria"": ""entidade_hospital"", ""cnes"": ""9241140"", ""nome_oficial_tabela"": ""HOSPITAL TERAPEUTICO MISSAO RESGATE PIRASSUNUNGA"", ""uf"": ""SP"", ""municipio"": ""PIRASSUNUNGA"", ""desabilitado"": false}"
"Estabelecimento de saúde: HOSPITAL E MATERNIDADE GUARULHOS HAPVIDA. Código CNES: 9255826. Localização: GUARULHOS, São Paulo (SP). Tipo de unidade: HOSPITAL GERAL. Natureza jurídica: HOSPITAL_PRIVADO. Porte: Médio. Também já foi registrado nos cadastros com o(s) nome(s): HOSPITAL E MATERNIDADE GUARULHOS.",entidade_hospital,"{""categoria"": ""entidade_hospital"", ""cnes"": ""9255826"", ""nome_oficial_tabela"": ""HOSPITAL E MATERNIDADE GUARULHOS HAPVIDA"", ""uf"": ""SP"", ""municipio"": ""GUARULHOS"", ""desabilitado"": false}"
"Estabelecimento de saúde: OLHO CLINICA E CIRURGIA. Código CNES: 9266569. Localização: SAO JOSE DO RIO PRETO, São Paulo (SP). Tipo de unidade: HOSPITAL ESPECIALIZADO. Natureza jurídica: HOSPITAL_PRIVADO. Porte: Pequeno.",entidade_hospital,"{""categoria"": ""entidade_hospital"", ""cnes"": ""9266569"", ""nome_oficial_tabela"": ""OLHO CLINICA E CIRURGIA"", ""uf"": ""SP"", ""municipio"": ""SAO JOSE DO RIO PRETO"", ""desabilitado"": false}"
"Estabelecimento de saúde: UNIDADE DE RETAGUARDA DE URGENCIA E DIAGNOSTICO DO MELHADO. Código CNES: 9267263. Localização: ARARAQUARA, São Paulo (SP). Tipo de unidade: HOSPITAL GERAL. Natureza jurídica: HOSPITAL_PÚBLICO. Porte: Médio.",entidade_hospital,"{""categoria"": ""entidade_hospital"", ""cnes"": ""9267263"", ""nome_oficial_tabela"": ""UNIDADE DE RETAGUARDA DE URGENCIA E DIAGNOSTICO DO MELHADO"", ""uf"": ""SP"", ""municipio"": ""ARARAQUARA"", ""desabilitado"": false}"
"Estabelecimento de saúde: BLA SERVICOS HOSPITALARES. Código CNES: 9287671. Localização: SAO PAULO, São Paulo (SP). Tipo de unidade: HOSPITAL ESPECIALIZADO. Natureza jurídica: HOSPITAL_PRIVADO. Porte: Médio.",entidade_hospital,"{""categoria"": ""entidade_hospital"", ""cnes"": ""9287671"", ""nome_oficial_tabela"": ""BLA SERVICOS HOSPITALARES"", ""uf"": ""SP"", ""municipio"": ""SAO PAULO"", ""desabilitado"": false}"
"Estabelecimento de saúde: MATERNIDADE MUNICIPAL DE PERUIBE. Código CNES: 9297715. Localização: PERUIBE, São Paulo (SP). Tipo de unidade: HOSPITAL GERAL. Natureza jurídica: HOSPITAL_PÚBLICO. Porte: Pequeno.",entidade_hospital,"{""categoria"": ""entidade_hospital"", ""cnes"": ""9297715"", ""nome_oficial_tabela"": ""MATERNIDADE MUNICIPAL DE PERUIBE"", ""uf"": ""SP"", ""municipio"": ""PERUIBE"", ""desabilitado"": false}"
"Estabelecimento de saúde: HOSPITAL E MATERNIDADE PUBLICO DE DOURADO. Código CNES: 9329080. Localização: DOURADO, São Paulo (SP). Tipo de unidade: HOSPITAL GERAL. Natureza jurídica: HOSPITAL_PÚBLICO. Porte: Pequeno.",entidade_hospital,"{""categoria"": ""entidade_hospital"", ""cnes"": ""9329080"", ""nome_oficial_tabela"": ""HOSPITAL E MATERNIDADE PUBLICO DE DOURADO"", ""uf"": ""SP"", ""municipio"": ""DOURADO"", ""desabilitado"": false}"
"Estabelecimento de saúde: HOSPITAL ACACIAS. Código CNES: 9335951. Localização: SANTO ANDRE, São Paulo (SP). Tipo de unidade: HOSPITAL GERAL. Natureza jurídica: HOSPITAL_PRIVADO. Porte: Médio. Também já foi registrado nos cadastros com o(s) nome(s): HOSPITAL DAS ACACIAS.",entidade_hospital,"{""categoria"": ""entidade_hospital"", ""cnes"": ""9335951"", ""nome_oficial_tabela"": ""HOSPITAL ACACIAS"", ""uf"": ""SP"", ""municipio"": ""SANTO ANDRE"", ""desabilitado"": false}"
"Estabelecimento de saúde: HOSPITAL CASA DE SAUDE DO GUARUJA. Código CNES: 9373306. Localização: GUARUJA, São Paulo (SP). Tipo de unidade: HOSPITAL GERAL. Natureza jurídica: HOSPITAL_FILANTRÓPICO. Porte: Grande.",entidade_hospital,"{""categoria"": ""entidade_hospital"", ""cnes"": ""9373306"", ""nome_oficial_tabela"": ""HOSPITAL CASA DE SAUDE DO GUARUJA"", ""uf"": ""SP"", ""municipio"": ""GUARUJA"", ""desabilitado"": false}"
"Estabelecimento de saúde: CLINICA ACONCHEGO. Código CNES: 9377255. Localização: MARILIA, São Paulo (SP). Tipo de unidade: HOSPITAL GERAL. Natureza jurídica: HOSPITAL_FILANTRÓPICO. Porte: Médio.",entidade_hospital,"{""categoria"": ""entidade_hospital"", ""cnes"": ""9377255"", ""nome_oficial_tabela"": ""CLINICA ACONCHEGO"", ""uf"": ""SP"", ""municipio"": ""MARILIA"", ""desabilitado"": false}"
"Estabelecimento de saúde: HUMANA MAGNA. Código CNES: 9392645. Localização: SAO PAULO, São Paulo (SP). Tipo de unidade: HOSPITAL GERAL. Natureza jurídica: HOSPITAL_PRIVADO. Porte: Médio.",entidade_hospital,"{""categoria"": ""entidade_hospital"", ""cnes"": ""9392645"", ""nome_oficial_tabela"": ""HUMANA MAGNA"", ""uf"": ""SP"", ""municipio"": ""SAO PAULO"", ""desabilitado"": false}"
"Estabelecimento de saúde: CLINICA MEDICA ESPACO FIGUEIRA BRANCA. Código CNES: 9417192. Localização: SAO PAULO, São Paulo (SP). Tipo de unidade: UNIDADE MISTA. Natureza jurídica: HOSPITAL_PRIVADO. Porte: Médio.",entidade_hospital,"{""categoria"": ""entidade_hospital"", ""cnes"": ""9417192"", ""nome_oficial_tabela"": ""CLINICA MEDICA ESPACO FIGUEIRA BRANCA"", ""uf"": ""SP"", ""municipio"": ""SAO PAULO"", ""desabilitado"": false}"
"Estabelecimento de saúde: HOSPITAL REGIONAL DE PIRACICABA. Código CNES: 9425802. Localização: PIRACICABA, São Paulo (SP). Tipo de unidade: HOSPITAL GERAL. Natureza jurídica: HOSPITAL_PÚBLICO. Porte: Médio.",entidade_hospital,"{""categoria"": ""entidade_hospital"", ""cnes"": ""9425802"", ""nome_oficial_tabela"": ""HOSPITAL REGIONAL DE PIRACICABA"", ""uf"": ""SP"", ""municipio"": ""PIRACICABA"", ""desabilitado"": false}"
"Estabelecimento de saúde: PRONTO ATENDIMENTO MUNICIPAL. Código CNES: 9438890. Localização: MIRANTE DO PARANAPANEMA, São Paulo (SP). Tipo de unidade: PRONTO SOCORRO GERAL. Natureza jurídica: HOSPITAL_PÚBLICO. Porte: Médio.",entidade_hospital,"{""categoria"": ""entidade_hospital"", ""cnes"": ""9438890"", ""nome_oficial_tabela"": ""PRONTO ATENDIMENTO MUNICIPAL"", ""uf"": ""SP"", ""municipio"": ""MIRANTE DO PARANAPANEMA"", ""desabilitado"": false}"
"Estabelecimento de saúde: HOSPITAL JARINU. Código CNES: 9452354. Localização: JARINU, São Paulo (SP). Tipo de unidade: HOSPITAL GERAL. Natureza jurídica: HOSPITAL_PRIVADO. Porte: Pequeno.",entidade_hospital,"{""categoria"": ""entidade_hospital"", ""cnes"": ""9452354"", ""nome_oficial_tabela"": ""HOSPITAL JARINU"", ""uf"": ""SP"", ""municipio"": ""JARINU"", ""desabilitado"": false}"
"Estabelecimento de saúde: HOSP MUN JOSANIAS CASTANHA BRAGA. Código CNES: 9465464. Localização: SAO PAULO, São Paulo (SP). Tipo de unidade: HOSPITAL GERAL. Natureza jurídica: HOSPITAL_PÚBLICO. Porte: Grande.",entidade_hospital,"{""categoria"": ""entidade_hospital"", ""cnes"": ""9465464"", ""nome_oficial_tabela"": ""HOSP MUN JOSANIAS CASTANHA BRAGA"", ""uf"": ""SP"", ""municipio"": ""SAO PAULO"", ""desabilitado"": false}"
"Estabelecimento de saúde: HOSPITAL UNIMED. Código CNES: 9477373. Localização: CAMPINAS, São Paulo (SP). Tipo de unidade: HOSPITAL GERAL. Natureza jurídica: HOSPITAL_PRIVADO. Porte: Médio.",entidade_hospital,"{""categoria"": ""entidade_hospital"", ""cnes"": ""9477373"", ""nome_oficial_tabela"": ""HOSPITAL UNIMED"", ""uf"": ""SP"", ""municipio"": ""CAMPINAS"", ""desabilitado"": false}"
"Estabelecimento de saúde: MATERNIDADE SANTA MARIA. Código CNES: 9488227. Localização: SAO PAULO, São Paulo (SP). Tipo de unidade: HOSPITAL ESPECIALIZADO. Natureza jurídica: HOSPITAL_PRIVADO. Porte: Grande. Também já foi registrado nos cadastros com o(s) nome(s): HOSPITAL E MATERNIDADE SANTA MARIA.",entidade_hospital,"{""categoria"": ""entidade_hospital"", ""cnes"": ""9488227"", ""nome_oficial_tabela"": ""MATERNIDADE SANTA MARIA"", ""uf"": ""SP"", ""municipio"": ""SAO PAULO"", ""desabilitado"": false}"
"Estabelecimento de saúde: HOSPITAL SAGRADA FAMILIA. Código CNES: 9490604. Localização: SAO PAULO, São Paulo (SP). Tipo de unidade: HOSPITAL GERAL. Natureza jurídica: HOSPITAL_PRIVADO. Porte: Grande.",entidade_hospital,"{""categoria"": ""entidade_hospital"", ""cnes"": ""9490604"", ""nome_oficial_tabela"": ""HOSPITAL SAGRADA FAMILIA"", ""uf"": ""SP"", ""municipio"": ""SAO PAULO"", ""desabilitado"": false}"
"Estabelecimento de saúde: HOSPITAL REGIONAL DE SOROCABA. Código CNES: 9491112. Localização: SOROCABA, São Paulo (SP). Tipo de unidade: HOSPITAL GERAL. Natureza jurídica: HOSPITAL_PÚBLICO. Porte: Grande.",entidade_hospital,"{""categoria"": ""entidade_hospital"", ""cnes"": ""9491112"", ""nome_oficial_tabela"": ""HOSPITAL REGIONAL DE SOROCABA"", ""uf"": ""SP"", ""municipio"": ""SOROCABA"", ""desabilitado"": false}"
"Estabelecimento de saúde: DR RUBENS SAVASTANO HOSPITAL REGIONAL DE SAO JOSE DOS CAMPOS. Código CNES: 9491252. Localização: SAO JOSE DOS CAMPOS, São Paulo (SP). Tipo de unidade: HOSPITAL GERAL. Natureza jurídica: HOSPITAL_PÚBLICO. Porte: Grande.",entidade_hospital,"{""categoria"": ""entidade_hospital"", ""cnes"": ""9491252"", ""nome_oficial_tabela"": ""DR RUBENS SAVASTANO HOSPITAL REGIONAL DE SAO JOSE DOS CAMPOS"", ""uf"": ""SP"", ""municipio"": ""SAO JOSE DOS CAMPOS"", ""desabilitado"": false}"
"Estabelecimento de saúde: A C CAMARGO CANCER CENTER UNIDADE PIRES DA MOTA. Código CNES: 9500138. Localização: SAO PAULO, São Paulo (SP). Tipo de unidade: HOSPITAL ESPECIALIZADO. Natureza jurídica: HOSPITAL_FILANTRÓPICO. Porte: Pequeno.",entidade_hospital,"{""categoria"": ""entidade_hospital"", ""cnes"": ""9500138"", ""nome_oficial_tabela"": ""A C CAMARGO CANCER CENTER UNIDADE PIRES DA MOTA"", ""uf"": ""SP"", ""municipio"": ""SAO PAULO"", ""desabilitado"": false}"
"Estabelecimento de saúde: HABITARE IMPERIAL CENTRO DE HUMANIZACAO HOSPITALAR. Código CNES: 9502254. Localização: SAO JOSE DO RIO PRETO, São Paulo (SP). Tipo de unidade: HOSPITAL ESPECIALIZADO. Natureza jurídica: HOSPITAL_PRIVADO. Porte: Pequeno.",entidade_hospital,"{""categoria"": ""entidade_hospital"", ""cnes"": ""9502254"", ""nome_oficial_tabela"": ""HABITARE IMPERIAL CENTRO DE HUMANIZACAO HOSPITALAR"", ""uf"": ""SP"", ""municipio"": ""SAO JOSE DO RIO PRETO"", ""desabilitado"": false}"
"Estabelecimento de saúde: GABATA LIFE. Código CNES: 9514813. Localização: SAO ROQUE, São Paulo (SP). Tipo de unidade: HOSPITAL ESPECIALIZADO. Natureza jurídica: HOSPITAL_FILANTRÓPICO. Porte: Médio.",entidade_hospital,"{""categoria"": ""entidade_hospital"", ""cnes"": ""9514813"", ""nome_oficial_tabela"": ""GABATA LIFE"", ""uf"": ""SP"", ""municipio"": ""SAO ROQUE"", ""desabilitado"": false}"
"Estabelecimento de saúde: CENTRO DE SAUDE INFANTIL. Código CNES: 9536248. Localização: ITAQUAQUECETUBA, São Paulo (SP). Tipo de unidade: PRONTO SOCORRO GERAL. Natureza jurídica: HOSPITAL_PÚBLICO. Porte: Pequeno.",entidade_hospital,"{""categoria"": ""entidade_hospital"", ""cnes"": ""9536248"", ""nome_oficial_tabela"": ""CENTRO DE SAUDE INFANTIL"", ""uf"": ""SP"", ""municipio"": ""ITAQUAQUECETUBA"", ""desabilitado"": false}"
"Estabelecimento de saúde: HOSPITAL BRAGANTINO. Código CNES: 9549846. Localização: BRAGANCA PAULISTA, São Paulo (SP). Tipo de unidade: HOSPITAL GERAL. Natureza jurídica: HOSPITAL_PRIVADO. Porte: Médio.",entidade_hospital,"{""categoria"": ""entidade_hospital"", ""cnes"": ""9549846"", ""nome_oficial_tabela"": ""HOSPITAL BRAGANTINO"", ""uf"": ""SP"", ""municipio"": ""BRAGANCA PAULISTA"", ""desabilitado"": false}"
"Estabelecimento de saúde: HOSPITAL E MATERNIDADE SALVALUS. Código CNES: 9554157. Localização: SAO PAULO, São Paulo (SP). Tipo de unidade: HOSPITAL GERAL. Natureza jurídica: HOSPITAL_PRIVADO. Porte: Grande.",entidade_hospital,"{""categoria"": ""entidade_hospital"", ""cnes"": ""9554157"", ""nome_oficial_tabela"": ""HOSPITAL E MATERNIDADE SALVALUS"", ""uf"": ""SP"", ""municipio"": ""SAO PAULO"", ""desabilitado"": false}"
"Estabelecimento de saúde: HOSPITAL REGIONAL DE REGISTRO REGISTRO. Código CNES: 9556095. Localização: REGISTRO, São Paulo (SP). Tipo de unidade: HOSPITAL GERAL. Natureza jurídica: HOSPITAL_PÚBLICO. Porte: Grande.",entidade_hospital,"{""categoria"": ""entidade_hospital"", ""cnes"": ""9556095"", ""nome_oficial_tabela"": ""HOSPITAL REGIONAL DE REGISTRO REGISTRO"", ""uf"": ""SP"", ""municipio"": ""REGISTRO"", ""desabilitado"": false}"
"Estabelecimento de saúde: CLINICA MAIA ITAPECERICA. Código CNES: 9584633. Localização: ITAPECERICA DA SERRA, São Paulo (SP). Tipo de unidade: HOSPITAL ESPECIALIZADO. Natureza jurídica: HOSPITAL_PRIVADO. Porte: Médio.",entidade_hospital,"{""categoria"": ""entidade_hospital"", ""cnes"": ""9584633"", ""nome_oficial_tabela"": ""CLINICA MAIA ITAPECERICA"", ""uf"": ""SP"", ""municipio"": ""ITAPECERICA DA SERRA"", ""desabilitado"": false}"
"Estabelecimento de saúde: PRONTO SOCORRO MUNICIPAL INFANTIL DE SUZANO. Código CNES: 9609474. Localização: SUZANO, São Paulo (SP). Tipo de unidade: PRONTO SOCORRO GERAL. Natureza jurídica: HOSPITAL_PÚBLICO. Porte: Pequeno.",entidade_hospital,"{""categoria"": ""entidade_hospital"", ""cnes"": ""9609474"", ""nome_oficial_tabela"": ""PRONTO SOCORRO MUNICIPAL INFANTIL DE SUZANO"", ""uf"": ""SP"", ""municipio"": ""SUZANO"", ""desabilitado"": false}"
"Estabelecimento de saúde: VILA VIDA SERVICOS MEDICOS LTDA. Código CNES: 9616616. Localização: COTIA, São Paulo (SP). Tipo de unidade: HOSPITAL ESPECIALIZADO. Natureza jurídica: HOSPITAL_PRIVADO. Porte: Médio.",entidade_hospital,"{""categoria"": ""entidade_hospital"", ""cnes"": ""9616616"", ""nome_oficial_tabela"": ""VILA VIDA SERVICOS MEDICOS LTDA"", ""uf"": ""SP"", ""municipio"": ""COTIA"", ""desabilitado"": false}"
"Estabelecimento de saúde: CLINICA PSIQUIATRICA VILA ROMANA. Código CNES: 9621962. Localização: ROSEIRA, São Paulo (SP). Tipo de unidade: HOSPITAL ESPECIALIZADO. Natureza jurídica: HOSPITAL_PRIVADO. Porte: Médio.",entidade_hospital,"{""categoria"": ""entidade_hospital"", ""cnes"": ""9621962"", ""nome_oficial_tabela"": ""CLINICA PSIQUIATRICA VILA ROMANA"", ""uf"": ""SP"", ""municipio"": ""ROSEIRA"", ""desabilitado"": false}"
"Estabelecimento de saúde: SANTA CASA DE MISERICORDIA REGIONAL. Código CNES: 9639659. Localização: COSMOPOLIS, São Paulo (SP). Tipo de unidade: HOSPITAL GERAL. Natureza jurídica: HOSPITAL_FILANTRÓPICO. Porte: Médio. Também já foi registrado nos cadastros com o(s) nome(s): SANTA CASA DE MISERICORDIA DE COSMOPOLIS.",entidade_hospital,"{""categoria"": ""entidade_hospital"", ""cnes"": ""9639659"", ""nome_oficial_tabela"": ""SANTA CASA DE MISERICORDIA REGIONAL"", ""uf"": ""SP"", ""municipio"": ""COSMOPOLIS"", ""desabilitado"": false}"
"Estabelecimento de saúde: JML SERVICOS HOSPITALARES. Código CNES: 9652221. Localização: SAO PAULO, São Paulo (SP). Tipo de unidade: HOSPITAL ESPECIALIZADO. Natureza jurídica: HOSPITAL_PRIVADO. Porte: Médio.",entidade_hospital,"{""categoria"": ""entidade_hospital"", ""cnes"": ""9652221"", ""nome_oficial_tabela"": ""JML SERVICOS HOSPITALARES"", ""uf"": ""SP"", ""municipio"": ""SAO PAULO"", ""desabilitado"": false}"
"Estabelecimento de saúde: SANTA CASA DE GARCA HOSPITAL SAO LUCAS HSL. Código CNES: 9680500. Localização: GARCA, São Paulo (SP). Tipo de unidade: HOSPITAL GERAL. Natureza jurídica: HOSPITAL_FILANTRÓPICO. Porte: Médio.",entidade_hospital,"{""categoria"": ""entidade_hospital"", ""cnes"": ""9680500"", ""nome_oficial_tabela"": ""SANTA CASA DE GARCA HOSPITAL SAO LUCAS HSL"", ""uf"": ""SP"", ""municipio"": ""GARCA"", ""desabilitado"": false}"
"Estabelecimento de saúde: HOSPITAL SAMARITANO PAULISTA. Código CNES: 9684948. Localização: SAO PAULO, São Paulo (SP). Tipo de unidade: HOSPITAL GERAL. Natureza jurídica: HOSPITAL_PRIVADO. Porte: Grande.",entidade_hospital,"{""categoria"": ""entidade_hospital"", ""cnes"": ""9684948"", ""nome_oficial_tabela"": ""HOSPITAL SAMARITANO PAULISTA"", ""uf"": ""SP"", ""municipio"": ""SAO PAULO"", ""desabilitado"": false}"
"Estabelecimento de saúde: HOSPITAL SAO CAMILO GRANJA VIANA. Código CNES: 9727345. Localização: COTIA, São Paulo (SP). Tipo de unidade: HOSPITAL ESPECIALIZADO. Natureza jurídica: HOSPITAL_FILANTRÓPICO. Porte: Grande.",entidade_hospital,"{""categoria"": ""entidade_hospital"", ""cnes"": ""9727345"", ""nome_oficial_tabela"": ""HOSPITAL SAO CAMILO GRANJA VIANA"", ""uf"": ""SP"", ""municipio"": ""COTIA"", ""desabilitado"": false}"
"Estabelecimento de saúde: HOSPITAL VILA NOVA STAR. Código CNES: 9735372. Localização: SAO PAULO, São Paulo (SP). Tipo de unidade: HOSPITAL GERAL. Natureza jurídica: HOSPITAL_PRIVADO. Porte: Médio.",entidade_hospital,"{""categoria"": ""entidade_hospital"", ""cnes"": ""9735372"", ""nome_oficial_tabela"": ""HOSPITAL VILA NOVA STAR"", ""uf"": ""SP"", ""municipio"": ""SAO PAULO"", ""desabilitado"": false}"
"Estabelecimento de saúde: HOSPITAL E MATERNIDADE NOTRECARE ABC. Código CNES: 9738754. Localização: SAO BERNARDO DO CAMPO, São Paulo (SP). Tipo de unidade: HOSPITAL GERAL. Natureza jurídica: HOSPITAL_PRIVADO. Porte: Grande.",entidade_hospital,"{""categoria"": ""entidade_hospital"", ""cnes"": ""9738754"", ""nome_oficial_tabela"": ""HOSPITAL E MATERNIDADE NOTRECARE ABC"", ""uf"": ""SP"", ""municipio"": ""SAO BERNARDO DO CAMPO"", ""desabilitado"": false}"
"Estabelecimento de saúde: SANTA MARCELINA SAUDE SAO BERNARDO DO CAMPO. Código CNES: 9768688. Localização: SAO BERNARDO DO CAMPO, São Paulo (SP). Tipo de unidade: HOSPITAL GERAL. Natureza jurídica: HOSPITAL_FILANTRÓPICO. Porte: Médio. Também já foi registrado nos cadastros com o(s) nome(s): HOSPITAL NOVA NEOMATER.",entidade_hospital,"{""categoria"": ""entidade_hospital"", ""cnes"": ""9768688"", ""nome_oficial_tabela"": ""SANTA MARCELINA SAUDE SAO BERNARDO DO CAMPO"", ""uf"": ""SP"", ""municipio"": ""SAO BERNARDO DO CAMPO"", ""desabilitado"": false}"
"Estabelecimento de saúde: NOVA VIDA. Código CNES: 9769641. Localização: ITAPEVI, São Paulo (SP). Tipo de unidade: HOSPITAL GERAL. Natureza jurídica: HOSPITAL_PRIVADO. Porte: Médio.",entidade_hospital,"{""categoria"": ""entidade_hospital"", ""cnes"": ""9769641"", ""nome_oficial_tabela"": ""NOVA VIDA"", ""uf"": ""SP"", ""municipio"": ""ITAPEVI"", ""desabilitado"": false}"
"Estabelecimento de saúde: HOSPITAL ESTADUAL DE SERRANA. Código CNES: 9773657. Localização: SERRANA, São Paulo (SP). Tipo de unidade: HOSPITAL GERAL. Natureza jurídica: HOSPITAL_PÚBLICO. Porte: Médio.",entidade_hospital,"{""categoria"": ""entidade_hospital"", ""cnes"": ""9773657"", ""nome_oficial_tabela"": ""HOSPITAL ESTADUAL DE SERRANA"", ""uf"": ""SP"", ""municipio"": ""SERRANA"", ""desabilitado"": false}"
"Estabelecimento de saúde: CENTRO MEDICO. Código CNES: 9778004. Localização: CACAPAVA, São Paulo (SP). Tipo de unidade: UNIDADE MISTA. Natureza jurídica: HOSPITAL_PÚBLICO. Porte: Pequeno.",entidade_hospital,"{""categoria"": ""entidade_hospital"", ""cnes"": ""9778004"", ""nome_oficial_tabela"": ""CENTRO MEDICO"", ""uf"": ""SP"", ""municipio"": ""CACAPAVA"", ""desabilitado"": false}"
"Estabelecimento de saúde: R MATTOS. Código CNES: 9793291. Localização: CACAPAVA, São Paulo (SP). Tipo de unidade: HOSPITAL ESPECIALIZADO. Natureza jurídica: HOSPITAL_PRIVADO. Porte: Grande.",entidade_hospital,"{""categoria"": ""entidade_hospital"", ""cnes"": ""9793291"", ""nome_oficial_tabela"": ""R MATTOS"", ""uf"": ""SP"", ""municipio"": ""CACAPAVA"", ""desabilitado"": false}"
"Estabelecimento de saúde: NORDEN HOSPITAL. Código CNES: 9799176. Localização: SAO CARLOS, São Paulo (SP). Tipo de unidade: HOSPITAL GERAL. Natureza jurídica: HOSPITAL_PRIVADO. Porte: Pequeno.",entidade_hospital,"{""categoria"": ""entidade_hospital"", ""cnes"": ""9799176"", ""nome_oficial_tabela"": ""NORDEN HOSPITAL"", ""uf"": ""SP"", ""municipio"": ""SAO CARLOS"", ""desabilitado"": false}"
"Estabelecimento de saúde: HOSPITAL SAMARITANO UNIDADE II. Código CNES: 9806342. Localização: CAMPINAS, São Paulo (SP). Tipo de unidade: HOSPITAL GERAL. Natureza jurídica: HOSPITAL_FILANTRÓPICO. Porte: Pequeno. Também já foi registrado nos cadastros com o(s) nome(s): HOSPITAL SAMARITANO CAMPINAS UNIDADE 2.",entidade_hospital,"{""categoria"": ""entidade_hospital"", ""cnes"": ""9806342"", ""nome_oficial_tabela"": ""HOSPITAL SAMARITANO UNIDADE II"", ""uf"": ""SP"", ""municipio"": ""CAMPINAS"", ""desabilitado"": false}"
"Estabelecimento de saúde: HOSPITAL PSIQUIATRICO ESTRELA DO AMANHECER. Código CNES: 9866205. Localização: ATIBAIA, São Paulo (SP). Tipo de unidade: HOSPITAL ESPECIALIZADO. Natureza jurídica: HOSPITAL_PRIVADO. Porte: Médio.",entidade_hospital,"{""categoria"": ""entidade_hospital"", ""cnes"": ""9866205"", ""nome_oficial_tabela"": ""HOSPITAL PSIQUIATRICO ESTRELA DO AMANHECER"", ""uf"": ""SP"", ""municipio"": ""ATIBAIA"", ""desabilitado"": false}"
"Estabelecimento de saúde: INSTITUTO LEONARDO RUSSO. Código CNES: 9868682. Localização: IBIUNA, São Paulo (SP). Tipo de unidade: HOSPITAL ESPECIALIZADO. Natureza jurídica: HOSPITAL_PRIVADO. Porte: Médio.",entidade_hospital,"{""categoria"": ""entidade_hospital"", ""cnes"": ""9868682"", ""nome_oficial_tabela"": ""INSTITUTO LEONARDO RUSSO"", ""uf"": ""SP"", ""municipio"": ""IBIUNA"", ""desabilitado"": false}"
"Estabelecimento de saúde: HOSPITAL BAURU. Código CNES: 9915354. Localização: BAURU, São Paulo (SP). Tipo de unidade: HOSPITAL GERAL. Natureza jurídica: HOSPITAL_PRIVADO. Porte: Médio.",entidade_hospital,"{""categoria"": ""entidade_hospital"", ""cnes"": ""9915354"", ""nome_oficial_tabela"": ""HOSPITAL BAURU"", ""uf"": ""SP"", ""municipio"": ""BAURU"", ""desabilitado"": false}"
"Estabelecimento de saúde: PRIME HOUSE CENTRO TERAPEUTICO. Código CNES: 9917497. Localização: SAO PAULO, São Paulo (SP). Tipo de unidade: HOSPITAL ESPECIALIZADO. Natureza jurídica: HOSPITAL_PRIVADO. Porte: Médio.",entidade_hospital,"{""categoria"": ""entidade_hospital"", ""cnes"": ""9917497"", ""nome_oficial_tabela"": ""PRIME HOUSE CENTRO TERAPEUTICO"", ""uf"": ""SP"", ""municipio"": ""SAO PAULO"", ""desabilitado"": false}"
"Estabelecimento de saúde: CLINICA MAIA EMBU. Código CNES: 9929991. Localização: EMBU DAS ARTES, São Paulo (SP). Tipo de unidade: HOSPITAL ESPECIALIZADO. Natureza jurídica: HOSPITAL_PRIVADO. Porte: Grande.",entidade_hospital,"{""categoria"": ""entidade_hospital"", ""cnes"": ""9929991"", ""nome_oficial_tabela"": ""CLINICA MAIA EMBU"", ""uf"": ""SP"", ""municipio"": ""EMBU DAS ARTES"", ""desabilitado"": false}"
"Estabelecimento de saúde: HOSPITAL ROYAL CARE SAO JOSE DOS CAMPOS. Código CNES: 9941487. Localização: SAO JOSE DOS CAMPOS, São Paulo (SP). Tipo de unidade: HOSPITAL GERAL. Natureza jurídica: HOSPITAL_PRIVADO. Porte: Médio.",entidade_hospital,"{""categoria"": ""entidade_hospital"", ""cnes"": ""9941487"", ""nome_oficial_tabela"": ""HOSPITAL ROYAL CARE SAO JOSE DOS CAMPOS"", ""uf"": ""SP"", ""municipio"": ""SAO JOSE DOS CAMPOS"", ""desabilitado"": false}"
"Estabelecimento de saúde: HOSPITAL MUNICIPAL INTEGRADO SANTO AMARO. Código CNES: 9950931. Localização: SAO PAULO, São Paulo (SP). Tipo de unidade: HOSPITAL GERAL. Natureza jurídica: HOSPITAL_PÚBLICO. Porte: Médio.",entidade_hospital,"{""categoria"": ""entidade_hospital"", ""cnes"": ""9950931"", ""nome_oficial_tabela"": ""HOSPITAL MUNICIPAL INTEGRADO SANTO AMARO"", ""uf"": ""SP"", ""municipio"": ""SAO PAULO"", ""desabilitado"": false}"
"Estabelecimento de saúde: HOSPITAL SAO FRANCISCO. Código CNES: 9966900. Localização: SAO ROQUE, São Paulo (SP). Tipo de unidade: HOSPITAL GERAL. Natureza jurídica: HOSPITAL_PRIVADO. Porte: Médio.",entidade_hospital,"{""categoria"": ""entidade_hospital"", ""cnes"": ""9966900"", ""nome_oficial_tabela"": ""HOSPITAL SAO FRANCISCO"", ""uf"": ""SP"", ""municipio"": ""SAO ROQUE"", ""desabilitado"": false}"
"Estabelecimento de saúde: HOSPITAL OFTALMOLOGICO DE SAO JOSE DOS CAMPOS H O S. Código CNES: 9989757. Localização: SAO JOSE DOS CAMPOS, São Paulo (SP). Tipo de unidade: HOSPITAL ESPECIALIZADO. Natureza jurídica: HOSPITAL_FILANTRÓPICO. Porte: Pequeno.",entidade_hospital,"{""categoria"": ""entidade_hospital"", ""cnes"": ""9989757"", ""nome_oficial_tabela"": ""HOSPITAL OFTALMOLOGICO DE SAO JOSE DOS CAMPOS H O S"", ""uf"": ""SP"", ""municipio"": ""SAO JOSE DOS CAMPOS"", ""desabilitado"": false}"
"Estabelecimento de saúde: HOSPITAL YES. Código CNES: 9997032. Localização: ITAPEVI, São Paulo (SP). Tipo de unidade: HOSPITAL GERAL. Natureza jurídica: HOSPITAL_PRIVADO. Porte: Grande.",entidade_hospital,"{""categoria"": ""entidade_hospital"", ""cnes"": ""9997032"", ""nome_oficial_tabela"": ""HOSPITAL YES"", ""uf"": ""SP"", ""municipio"": ""ITAPEVI"", ""desabilitado"": false}"
